time,open,high,low,close,volume,ticker,RSI_14,MACD_12_26_9,MACDh_12_26_9,MACDs_12_26_9,BBL_5_2.0_2.0,BBM_5_2.0_2.0,BBU_5_2.0_2.0,BBB_5_2.0_2.0,BBP_5_2.0_2.0,target,sentiment_score
2021-02-25,32450,32540,31790,32500,1927500,FPT,70.17303845365447,1557.3593437334566,73.23449365887836,1484.1248500745783,31935.769057507,32465.8,32995.830942493,3.2651648349524627,0.5322622674056926,0,0.094619529607191
2021-02-26,31990,32580,31950,32500,1936000,FPT,70.17303845365447,1514.7101497844524,24.46823976789915,1490.2419100165532,31950.487158527943,32429.8,32909.11284147205,2.9560024512766288,0.5732298343858324,1,-0.1472125096561488
2021-03-01,32759,33260,32759,33220,2078100,FPT,72.51029472064423,1521.4697824479445,24.982297945112805,1496.4874845028316,31683.382089387538,32522.0,33360.61791061246,5.157234552687177,0.9161609185583901,0,-0.024730638702194906
2021-03-02,33650,33650,32800,33220,1821700,FPT,72.51029472064424,1509.4271039655177,10.351695570148877,1499.0754083953689,31773.69625119374,32722.0,33670.30374880626,5.79612339591871,0.7625740964468867,0,0.06342469901922759
2021-03-03,33260,33310,33030,33150,1599400,FPT,71.87523943739886,1477.2064629440683,-17.495156361040472,1494.7016193051088,32152.70267215938,32918.0,33683.29732784062,4.649719471660616,0.6515750751767396,-1,0.017658359070833442
2021-03-04,33150,33180,32040,32380,2901500,FPT,65.1191138546981,1373.70360786522,-96.7984091519113,1470.5020170171313,32058.82337197453,32894.0,33729.176628025474,5.077987645318128,0.1922806609092962,0,0.027033693030739415
2021-03-05,32220,32420,31790,32380,2507500,FPT,65.1191138546981,1276.9568854203644,-154.83610527741348,1431.792990697778,31973.562606759402,32870.0,33766.4373932406,5.45444109060298,0.22669591669493863,0,-0.09944871111011372
2021-03-08,32420,32640,32170,32330,1656600,FPT,64.6613810576145,1182.6173520470984,-199.3405109205437,1381.957862967642,31789.625354966127,32692.0,33594.37464503387,5.5204615504335806,0.299418123064389,-1,-0.08537166056837923
2021-03-09,31990,32299,31790,31990,2182400,FPT,61.49587512712866,1068.1049842811844,-251.0823029491662,1319.1872872303506,31594.1079880642,32446.0,33297.8920119358,5.251137347813603,0.23236044380566132,1,0.009964603669739572
2021-03-10,32380,33060,31990,32540,2602400,FPT,64.52160771383404,1010.0898245297576,-247.27797016047452,1257.3677946902321,31918.389349252226,32324.0,32729.610650747774,2.509656297164796,0.7662651974273696,1,-0.0136023248342202
2021-03-11,32640,32900,32450,32710,1477800,FPT,65.42597357591814,966.6866101999476,-232.5449475922278,1199.2315577921754,31852.784959257442,32390.0,32927.21504074256,3.3171660434860013,0.7978323164199614,0,-0.06666466803855135
2021-03-12,32850,32900,32540,32640,2062800,FPT,64.69469524906711,916.0808256372802,-226.52058572391616,1142.6014113611964,31861.0697115832,32442.0,33022.9302884168,3.5813469478873015,0.6704163166802737,0,-0.13888572924097958
2021-03-15,32680,33060,32450,32640,1760900,FPT,64.69469524906711,865.9927514000083,-221.28692796895052,1087.2796793689588,31916.70109824722,32504.0,33091.29890175278,3.6137023243464177,0.6157843132296955,1,0.19942630541416606
2021-03-16,32850,34760,32680,34540,5111000,FPT,73.88370952737117,968.4480464973058,-95.06530629732242,1063.5133527946282,31303.584845717276,33014.0,34724.415154282724,10.361756553478669,0.9460905284249367,0,0.03259343714107032
2021-03-17,34760,34760,34130,34470,1603200,FPT,73.12853908770215,1032.0987985365282,-25.13164340648018,1057.2304419430084,31381.138934943774,33400.0,35418.861065056226,12.088988413510334,0.7650009003889032,0,0.045277876285332
2021-03-18,34540,34540,34130,34540,1807500,FPT,73.42110111564845,1075.7898572733975,14.847532264311212,1060.9423250090863,31709.4203151835,33766.0,35822.579684816505,12.181364004125468,0.6881765160169463,-1,0.050207870504594826
2021-03-19,34130,34340,33870,34040,2247800,FPT,67.74728540923995,1057.8749903889038,-2.4538676961460624,1060.32885808505,32419.74048811393,34046.0,35672.25951188607,9.553307359960465,0.4981552759703642,-1,-0.05295747775128156
2021-03-22,33910,33960,33400,33570,2084800,FPT,62.832010369196524,994.2906930818099,-52.83053200259201,1047.1212250844019,33382.600211914374,34232.0,35081.399788085626,4.962606847894519,0.11031306501028618,0,0.13465794321147542
2021-03-23,33490,34130,33400,33620,2201700,FPT,63.13840900833982,937.1315918516702,-87.99170658618527,1025.1232984378555,33135.925441644205,34048.0,34960.074558355795,5.357580817409508,0.2653700587967503,-1,0.03686724154722503
2021-03-24,33220,33650,32640,32850,2480100,FPT,55.54451788013355,820.2447565078146,-163.90283354403277,984.1475900518474,32473.352167874607,33724.0,34974.64783212539,7.41696021898583,0.15058109183514326,-1,-0.033750940432946824
2021-03-25,33060,33060,32640,32680,2305400,FPT,54.00029582503959,705.7579794548401,-222.7116884776059,928.469667932446,32213.45707151642,33352.0,34490.54292848358,6.827434207745137,0.20488596293201156,-1,-0.007554462505479077
2021-03-26,32500,32759,31790,32450,2672600,FPT,51.89805144742457,589.6699577813779,-271.03976812085455,860.7097259022324,31970.552775169363,33034.0,34097.44722483064,6.438501088760908,0.22542125910714209,1,0.04564114731513778
2021-03-29,32640,33310,32450,33100,1997700,FPT,56.99359381629062,543.8497703416942,-253.4879644484306,797.3377347901248,32043.45106101229,32940.0,33836.54893898771,5.4435272555416585,0.589231046428238,-1,-0.13712733406657115
2021-03-30,33220,33260,32850,32900,1512500,FPT,55.06085993572008,485.7986289534347,-249.23128466935214,735.0299136227868,32306.7965658338,32796.0,33285.2034341662,2.983311587792415,0.6062952472699399,1,0.034588495545053916
2021-03-31,32900,33310,32680,33150,1373400,FPT,57.022770167794015,454.7238187039038,-224.2448759351064,678.9686946390102,32269.723614666258,32856.0,33442.276385333746,3.5687629981357665,0.7507349838358539,1,-0.055382643813036904
2021-04-01,33220,34000,33220,34000,2500900,FPT,62.945935181083215,493.00168738357024,-148.77360580435197,641.7752931879222,31991.726983394543,33120.0,34248.27301660546,6.813242853897699,0.8899765336264005,0,0.14155296592207017
2021-04-02,34300,34340,34040,34040,1950200,FPT,63.202947649399135,520.564100880365,-96.96895384604579,617.5330547264108,32358.703933111974,33438.0,34517.296066888026,6.455506112136049,0.77888547844697,0,0.12283790535362196
2021-04-05,34300,34340,33650,33960,1487000,FPT,62.272632189866904,529.8444635814885,-70.15087291593784,599.9953364974264,32525.93358137061,33610.0,34694.06641862939,6.450856403626235,0.6614292233323283,0,-0.05878935060791501
2021-04-06,33740,34130,33740,33870,1505800,FPT,61.18156698387242,523.8978022951269,-60.8780273618396,584.7758296569665,33062.02965018814,33804.0,34545.97034981186,4.389837592071125,0.5444761707908782,0,0.03463715567875891
2021-04-07,33780,34000,33740,33960,1503800,FPT,61.90044965774987,520.4478790389112,-51.46236049444428,571.9102395333555,33839.82551763559,33966.0,34092.17448236441,0.7429457832209341,0.47622340156438653,0,0.00581846322483239
2021-04-08,34230,34380,33910,33960,1609800,FPT,61.90044965774988,511.81391775226075,-48.077057424875875,559.8909751771366,33837.667128348374,33958.0,34078.332871651626,0.7087158940551634,0.5083102811914527,1,0.07699842096135755
2021-04-09,34080,35410,34080,35020,3970400,FPT,69.59237753489276,583.7751854877642,19.107368248502098,564.6678172392621,33182.65042337997,34154.0,35125.34957662003,5.68805748445294,0.9457715434506031,0,0.043552672632752476
2021-04-12,35150,35150,34760,35020,2022500,FPT,69.59237753489276,633.5023874402177,55.067656160764386,578.4347312794533,33169.70572182263,34366.0,35562.29427817737,6.962080417723141,0.7733441143747724,-1,-0.030814166871035595
2021-04-13,34980,35070,34340,34430,2038100,FPT,61.56841585588705,618.1775184577782,31.79422974265981,586.3832887151184,33416.642378837416,34478.0,35539.357621162584,6.156723830631615,0.477387452144819,0,0.08143207986942032
2021-04-14,34130,34540,33910,34540,2530600,FPT,62.43797969649559,607.9010254549285,17.21418939184798,590.6868360630805,33702.52930502462,34594.0,35485.47069497538,5.153903538043486,0.4697129696442286,-1,-0.10251178936773016
2021-04-15,34540,34720,34040,34130,2096200,FPT,57.239406507287214,560.215442327848,-24.37711498818601,584.592557316034,33851.93299258383,34628.0,35404.06700741617,4.482309156845143,0.17915141653938,0,-0.14557455398684935
2021-04-16,34040,34630,33620,34000,2194600,FPT,55.657066489140426,506.1003507915011,-62.79376521962638,568.8941160111275,33627.181325520105,34424.0,35220.818674479895,4.629436872413985,0.23394197853309837,1,0.014344854578767365
2021-04-19,34130,34760,33910,34760,2380800,FPT,62.23061053937971,518.5617423138247,-40.265898957842296,558.827641271667,33756.305270446544,34372.0,34987.694729553456,3.5825365387725796,0.8150912143436768,1,-0.039961770672778646
2021-04-20,34890,36220,34800,35370,4742800,FPT,66.52057832075297,571.0763739360045,9.798986131470087,561.2773878045344,33466.839444546276,34560.0,35653.160555453724,6.326160621838678,0.8704853765345586,-1,0.17981680580795595
2021-04-22,34980,35790,34130,34130,2271200,FPT,53.27394639896155,506.7949443073885,-43.585954797716795,550.3808991051053,33317.87931662267,34478.0,35638.12068337733,6.72962865234255,0.3500156039857398,1,0.07504202775714984
2021-04-23,34130,35410,34000,35410,3166400,FPT,61.74297525130512,552.7648220136616,1.907138326845029,550.8576836868166,33405.19602649605,34734.0,36062.80397350395,7.651315561144408,0.7543640798339285,-1,0.10628415511954999
2021-04-26,35190,35310,34340,34540,2551300,FPT,54.511063307458265,513.0800843531761,-30.22207946691242,543.3021638200885,33743.69221071693,34842.0,35940.30778928307,6.304504846352504,0.36251577064880275,0,0.09675911865943139
2021-04-27,34300,34720,34180,34430,1287100,FPT,53.65533363422909,467.3660581593067,-60.74888452862547,528.1149426879322,33615.172708797785,34776.0,35936.827291202215,6.67602536923289,0.35096835566225193,0,0.11803292086813717
2021-04-28,34180,34670,34180,34470,1366700,FPT,53.93850021871831,429.4149999372312,-78.95995420056079,508.374954137792,33633.544806237776,34596.0,35558.455193762224,5.563968052735713,0.434542407367834,0,-0.03396064020528677
2021-04-29,34470,34890,34470,34510,2095500,FPT,54.2396043378016,397.9785298209317,-88.31713945348827,486.29566927442,33842.73526543095,34672.0,35501.26473456905,4.783483701944216,0.4023231103127834,1,-0.031840999897753956
2021-05-04,34130,35610,34130,35370,2362100,FPT,60.25524142978438,437.4174375096409,-39.10258541182327,476.52002292146415,33870.325003543716,34664.0,35457.674996456284,4.5792464600524125,0.944766436609602,0,-0.12156503975282396
2021-05-05,36050,36050,35270,35370,2321300,FPT,60.25524142978438,463.33205250780156,-10.550376330930135,473.8824288387317,33842.47784834979,34830.0,35817.52215165021,5.670526279932319,0.773411588336335,0,0.03720237381900729
2021-05-06,35410,35610,35070,35270,1969000,FPT,59.205636581413266,470.3781804692335,-2.8033986955986165,473.1815791648321,34066.50657543928,34998.0,35929.49342456072,5.323123747418263,0.6460021041631459,0,-0.02508838504119932
2021-05-07,35270,35830,35110,35410,2705900,FPT,60.24959985628321,481.70630715731386,6.819782393985349,474.8865247633285,34423.163189142106,35186.0,35948.836810857894,4.336024616937954,0.646820392521493,1,0.04136706625105666
2021-05-10,35450,36680,35410,36610,4504300,FPT,67.84529440617773,580.8185852501701,84.74564838947327,496.07293686069687,34478.73782996154,35606.0,36733.26217003846,6.331866371052421,0.9453267512586461,-1,0.16783441855150114
2021-05-11,36680,36930,36350,36350,2078700,FPT,64.94943067989837,631.1108990237772,108.03036973046426,523.0805292933129,34546.42045254002,35802.0,37057.57954745998,7.014019035025864,0.7182259185045649,0,-0.023376518004941026
2021-05-12,36250,36430,35960,36430,1844500,FPT,65.43825785089494,669.703328344709,117.29823924111679,552.4050891035922,34765.192568888306,36014.0,37262.807431111694,6.935122069815596,0.6665589063758512,-1,0.09630001111142371
2021-05-13,36250,36430,35830,35830,2558300,FPT,58.813318691438226,644.4443675181537,73.6314227316492,570.8129447865045,35137.50619627648,36126.0,37114.49380372352,5.4724785679207155,0.3502772607754297,1,0.009255657789857393
2021-05-14,35960,36760,35880,36170,1858700,FPT,61.209854508855905,644.4329951609543,58.896040299559786,585.5369548613945,35685.64875285033,36278.0,36870.35124714967,3.265622400075376,0.40883787236062735,1,0.013402167323587172
2021-05-17,36610,36930,36350,36560,1744500,FPT,63.81105272765738,668.1912305487785,66.12342054990722,602.0678099988713,35702.59748850949,36268.0,36833.40251149051,3.1179139268253495,0.7582231189867129,1,-0.19022238729118757
2021-05-18,36850,37280,36760,37120,2133500,FPT,67.21111443312908,723.8628824275729,97.43605794296127,626.4268244846116,35462.68774635171,36422.0,37381.31225364829,5.267762636034767,0.8638022955223841,1,-0.01767712625416631
2021-05-19,37330,38850,37030,38730,2876300,FPT,74.5998439216383,887.6641722764543,208.9898782334742,678.6742940429801,34604.04477655952,36882.0,39159.95522344048,12.352666468415359,0.9056269370406895,1,-0.03856489357996901
2021-05-20,38730,40730,38560,40730,3523900,FPT,80.48336021176576,1165.4268446962233,389.40204052259446,776.0248041736288,34108.670811133175,37862.0,41615.329188866825,19.826365162256746,0.8820608126389633,-1,-0.032043796141891324
2021-05-21,40240,41210,39670,40010,3222700,FPT,73.85133582679599,1312.330057051353,429.0442023021792,883.2858547491737,35039.81894606976,38630.0,42220.18105393024,18.58752810732715,0.6921908643700975,0,0.027148412760240045
2021-05-24,40010,40060,39280,39880,2669500,FPT,72.68669905002744,1402.09946779054,415.05089043309306,987.048577357447,36472.20624424825,39294.0,42115.79375575175,14.362466309114625,0.603834661694452,0,0.024118942761697064
2021-05-25,39880,40600,39580,40010,2156300,FPT,73.14281712688823,1466.8236560586738,383.82006296098143,1083.0035930976924,38430.306551308655,39872.0,41313.693448691345,7.231608390305704,0.547860382567898,1,0.002132200988506005
2021-05-26,40200,40730,39970,40640,1992800,FPT,75.29586928888185,1551.0739613279075,374.4562945841719,1176.6176667437355,39457.43236319851,40254.0,41050.56763680149,3.9577067461692756,0.7422895320916695,-1,-0.06853185524340995
2021-05-27,40640,40690,39880,40010,1745800,FPT,69.31193517509588,1549.1495684610345,298.0255213738392,1251.1240470871953,39506.84164600039,40110.0,40713.15835399961,3.007521087008794,0.41710302996146176,1,0.12469712573939883
2021-05-28,40110,40510,39970,40420,1874300,FPT,70.93103353558013,1562.6942798221935,249.25618618799854,1313.438093634195,39546.80235586332,40192.0,40837.19764413668,3.210577448928537,0.676690043796642,1,0.007436979964556382
2021-05-31,40730,41800,40390,41750,3237700,FPT,75.45499874472806,1661.594617443363,278.5252190473343,1383.0693983960286,39135.29388063114,40566.0,41996.70611936886,7.053720452442227,0.9137816928197354,1,0.12302697427388604
2021-06-01,43540,43850,43100,43150,3495000,FPT,79.13587285392308,1831.8259974320972,359.00527922885476,1472.8207182032424,38655.70923651378,41194.0,43732.29076348622,12.323594520979853,0.8852986482355409,-1,-0.07973961760848208
2021-06-02,43150,43340,42120,42350,3053900,FPT,72.4497911669809,1880.5049874810284,326.1474154222285,1554.3575720587999,38911.59149521279,41536.0,44160.40850478721,12.636789795778153,0.6550825640358914,0,0.03346954416554437
2021-06-03,42120,42300,41750,42200,3190800,FPT,71.23451574948307,1885.2477291150208,264.7121256449766,1620.5356034700442,39963.895525103384,41974.0,43984.104474896616,9.577855219405423,0.5562159835029529,-1,0.0359977220411343
2021-06-04,42120,42170,41520,41950,3820600,FPT,69.15252381369432,1847.5362277842141,181.60049945133574,1665.9357283328784,41203.89591581512,42280.0,43356.10408418488,5.0903693670051124,0.3466691071756475,-1,-0.0710329150646991
2021-06-07,41900,41950,40130,40980,3711200,FPT,61.62639358393262,1719.5567184477186,42.89679209187216,1676.6599263558464,40561.22525582773,42126.0,43690.77474417227,7.429021241856657,0.13381310815883296,-1,0.28071018380080304
2021-06-08,40620,41120,39930,40040,3486000,FPT,55.340752783471686,1524.7060291561866,-121.5631177597279,1646.2691469159145,39550.30606286465,41504.0,43457.69393713535,9.414485047876594,0.12532514121771193,1,-0.09712675825167638
2021-06-09,39930,40670,39150,40450,3576100,FPT,57.38254257605666,1387.3762181254351,-207.11434303238366,1594.4905611578188,39255.813713785625,41124.0,42992.186286214375,9.08562535849808,0.31961113702269783,0,-0.08407330648373727
2021-06-10,40450,40880,40130,40570,2214900,FPT,57.987960765812794,1273.5437312138747,-256.75746395515534,1530.30119516903,39346.146012851335,40798.0,42249.853987148665,7.117280195836387,0.4214797073196819,1,-0.19074330371251022
2021-06-11,40370,41560,40290,41360,2359600,FPT,61.832080814243874,1232.865358491552,-237.94866934198262,1470.8140278335345,39666.58991518759,40680.0,41693.41008481241,4.982350466137695,0.835500904417127,0,-0.19418640199973436
2021-06-14,41360,41900,41120,41520,2547600,FPT,62.57890309758291,1199.7086236408213,-216.88432335417065,1416.592946994992,39529.3181498093,40788.0,42046.6818501907,6.171824312006946,0.7907803905685533,-1,-0.040315583479944246
2021-06-15,41520,41860,41210,41210,1778700,FPT,60.12422433678444,1135.3298869498976,-225.01044803607556,1360.3403349859732,40058.11203970614,41022.0,41985.88796029386,4.699370875597784,0.5975217077836953,0,0.0737554074376184
2021-06-16,41210,41900,40980,41170,2462000,FPT,59.79828376800634,1068.761590261005,-233.26299577997452,1302.0245860409796,40444.80654467788,41166.0,41887.19345532212,3.5038306142064894,0.502773181017161,-1,0.12763036010596118
2021-06-17,40670,41170,40670,40920,2236400,FPT,57.693158477670586,984.4843026527742,-254.03222671056437,1238.5165293633386,40787.758993398136,41236.0,41684.241006601864,2.17402758076372,0.14751105393545882,1,0.0014040417461998597
2021-06-18,41170,41710,40980,41520,1681700,FPT,61.22154128877665,955.0991422457155,-226.73390969409866,1181.8330519398141,40757.040118992256,41268.0,41778.959881007744,2.4763006736829705,0.7465947028003366,1,-0.0728037947308681
2021-06-21,41420,42750,41210,42400,3878300,FPT,65.73520626751717,991.3916901633202,-152.35308942119536,1143.7447795845155,40293.29586774035,41444.0,42594.70413225965,5.553055362704607,0.9153978304234875,0,0.03021334470023787
2021-06-22,42650,42910,42300,42300,1760300,FPT,64.81200530742615,1000.5509036011645,-114.5551007866809,1115.1060043878454,40333.66269343987,41662.0,42990.33730656013,6.37673326561439,0.7401498462962569,-1,-0.008224191927762518
2021-06-23,42260,42400,41660,42070,1599900,FPT,62.633214965627744,977.9770576781011,-109.70315736779548,1087.6802150458966,40606.33014117872,41842.0,43077.66985882128,5.906361353765509,0.5922576521440328,0,-0.024185827110998023
2021-06-24,41750,42070,41560,41950,1657800,FPT,61.47209763075928,939.5733087904882,-118.48552500432675,1058.058833794815,41357.86957754393,42048.0,42738.13042245607,3.2825838206624502,0.428998927730767,1,-0.11153236454542335
2021-06-25,41950,42300,41710,42200,1503400,FPT,63.01057948358076,918.7205333510137,-111.47064035504104,1030.1911737060548,41826.06145779004,42184.0,42541.93854220996,1.6970346207564884,0.5223502055705065,1,0.03133092299023982
2021-06-28,42650,42650,42300,42460,1858800,FPT,64.59405455845949,912.6538798488473,-94.02983508576608,1006.6837149346134,41799.86870863388,42196.0,42592.13129136612,1.8775774545744468,0.8332228553436883,1,-0.03867062197079188
2021-06-29,42910,44090,42750,43910,4897800,FPT,71.83536503349889,1013.1697053973039,5.188792370152441,1007.9809130271515,40916.28841547569,42518.0,44119.71158452431,7.53427529293151,0.9345351602153169,-1,0.006417458654161632
2021-06-30,44090,44120,43590,43590,1651100,FPT,68.50545289936785,1054.8482615347239,37.493878806057864,1017.354382728666,41075.036920825354,42822.0,44568.963079174646,8.159184901100582,0.7198100260833338,1,-0.1914431950892385
2021-07-01,43640,44050,43590,44050,1700100,FPT,70.61420012562787,1112.1764948442797,75.85768969249102,1036.3188051517886,41533.93676932049,43242.0,44950.06323067951,7.900019567455292,0.7365252016105277,1,-0.014643197478722364
2021-07-02,44220,45830,44050,45520,3873500,FPT,76.11739651567393,1261.6823586070968,180.29084276424646,1081.3915158428504,41711.34285137763,43906.0,46100.65714862237,9.997071692353524,0.8677111937536897,1,-0.04335714974907923
2021-07-05,47060,47060,45080,45930,2934200,FPT,77.38926825586006,1397.1449885226175,252.60277814381357,1144.542210378804,42499.04783490932,44600.0,46700.95216509068,9.421310157357322,0.8165231512880717,-1,-0.017456293619443692
2021-07-06,45830,46080,43100,43100,1967400,FPT,55.44173468633997,1261.599812661305,93.64608182600068,1167.9537308353042,41976.96769627068,44438.0,46899.03230372932,11.07625142323831,0.22816285304901027,1,0.08686920965482718
2021-07-07,43100,45080,42120,44830,4910200,FPT,62.45202294813127,1279.0319419704028,88.86256890807886,1190.169373062324,42409.22157424153,44686.0,46962.77842575847,10.190119615801242,0.5316236306464536,-1,-0.16289644225057548
2021-07-08,44780,44830,44090,44490,2375400,FPT,60.4394770368363,1250.9912234294316,48.65748029368592,1202.3337431357456,42587.92589329657,44774.0,46960.07410670343,9.764926549798687,0.4350433731571278,0,-0.159647727673298
2021-07-09,44380,45570,44010,44440,2947000,FPT,60.13258548454577,1210.7770852742033,6.754673710765928,1204.0224115634373,42532.98641979881,44558.0,46583.01358020119,9.089337852691711,0.4708643929221757,-1,-0.14299578980075422
2021-07-12,44010,44440,41420,42650,6764400,FPT,50.28802132204671,1022.6802296223905,-145.0737455528374,1167.7539751752279,41976.62211501241,43902.0,45827.37788498759,8.771253633035347,0.17486901928135773,1,-0.07476863185034702
2021-07-13,43050,43240,42120,43100,2207400,FPT,52.397897263592135,899.5538586174443,-214.56009324622687,1114.1139518636712,41976.62211501241,43902.0,45827.37788498759,8.771253633035347,0.2917291960572276,-1,0.08970342007012838
2021-07-14,43390,43390,41950,42200,2433500,FPT,48.009205604184835,721.0411308088151,-314.458256843885,1035.4993876527,41288.10153503593,43376.0,45463.89846496407,9.626975585411609,0.21837710987056128,0,0.030726139128734693
2021-07-15,41950,42910,41950,42300,2714600,FPT,48.52509774850321,580.9409465620556,-363.64675287251566,944.5876994345713,41116.769646640125,42938.0,44759.230353359875,8.483070256462225,0.3248436836057028,1,-0.038513222146454446
2021-07-16,42550,43590,42350,43000,2285700,FPT,52.1075640349761,520.3958911372611,-339.35344663784815,859.7493377751092,41843.77422517054,42650.0,43456.22577482946,3.780660139880224,0.7170607855312218,-1,-0.11967666458632005
2021-07-19,42200,42800,41860,41950,3288800,FPT,46.84142171356092,383.2691851362106,-381.184122111119,764.4533072473296,41489.21598758632,42510.0,43530.78401241368,4.8025594561923235,0.22570103313243461,1,-0.10298580687795791
2021-07-20,42010,43000,41560,43000,2553700,FPT,52.05915839687776,355.2266754757147,-327.38130541729186,682.6079808930066,41524.59852910855,42490.0,43455.40147089145,4.544134953595893,0.7641388144608213,0,-0.2080399182497104
2021-07-21,43000,43540,42650,42910,3368900,FPT,51.59171752767211,322.0283938274588,-288.4636696524383,610.4920634798971,41671.02133218299,42632.0,43592.97866781701,4.508250458890097,0.6446442097572846,1,0.1573434698490817
2021-07-22,42700,44380,42700,44280,4445600,FPT,57.80290742972046,401.6362541448907,-167.0846474680052,568.7209016128959,41371.171704732405,43028.0,44684.828295267595,7.7011634064683205,0.8778303411331436,1,-0.10340994145310933
2021-07-23,44280,46020,43960,44830,6693400,FPT,60.02068161833315,503.3046774232789,-52.332979351693666,555.6376567749726,41087.11465391119,43394.0,45700.88534608881,10.632277946669186,0.8112421695414236,1,0.16469994888384856
2021-07-26,44740,46510,44680,46420,5772500,FPT,65.64248507381782,704.0613660040908,118.73896738329461,585.3223986207962,41390.22844240626,44288.0,47185.77155759374,13.086034851850345,0.8678688878032843,-1,-0.07154804171584223
2021-07-27,46770,47020,45830,46160,5007000,FPT,64.05626731582174,832.585137786722,197.81019133274071,634.7749464539813,42048.51954560035,44920.0,47791.48045439965,12.784863999998446,0.7159164966803249,-1,0.07048275983317971
2021-07-28,45980,46420,45410,45570,3346700,FPT,60.48448387409795,876.7267237954948,193.56142187321075,683.165301922284,43659.60495425836,45452.0,47244.39504574164,7.886979872136069,0.5329168506352279,1,0.16447910969125104
2021-07-29,45570,46510,45410,46270,3712900,FPT,63.11253050473569,957.1598555824748,219.19564292815267,737.9642126543222,44539.9618326174,45850.0,47160.0381673826,5.714452202323218,0.6603006730861677,1,0.03838547952662764
2021-07-30,46310,46960,45980,46570,4525900,FPT,64.21108557138874,1033.201085836292,236.18949854557582,797.0115872907161,45430.74515316023,46198.0,46965.25484683977,3.321593345338641,0.7424227110015803,1,0.04406460880411989
2021-08-02,46570,47850,46570,47350,4228500,FPT,66.9657309703378,1143.2253991595207,276.97104949504376,866.254349664477,45082.6468580746,46384.0,47685.3531419254,5.611215686121937,0.8711521372940967,0,-0.20984398619739922
2021-08-03,47460,47560,46910,47460,3607200,FPT,67.34742674619422,1225.17350333972,287.1353229401943,938.0381803995256,45074.56698135948,46644.0,48213.43301864052,6.729410079069207,0.7599664943671308,0,0.075605040194373
2021-08-04,47520,47660,47020,47350,2818400,FPT,66.51969881598137,1266.640838485575,262.8821264688395,1003.7587120167354,45916.3026252689,47000.0,48083.6973747311,4.6114781903451005,0.6614841966775303,1,0.12115018840978556
2021-08-05,47160,48060,47020,47850,2485600,FPT,68.41966280134275,1324.5808778336286,256.6577326535146,1067.923145180114,46386.09677922966,47316.0,48245.90322077034,3.9306079160129435,0.7871266536519943,0,0.01009222950933722
2021-08-06,47940,48140,47460,47850,3413900,FPT,68.41966280134272,1354.880556777738,229.56592927809925,1125.3146274996388,47056.558441722984,47572.0,48087.441558277016,2.166995536353385,0.7696716975337418,1,-0.03253155330446005
2021-08-09,48060,48400,47520,48290,2934500,FPT,70.14857567944998,1398.279102311979,218.37157984987198,1179.907522462107,47014.88255959277,47760.0,48505.11744040723,3.1202572881374784,0.8556486342007634,0,-0.08862709065745232
2021-08-10,48710,48760,48340,48450,2680700,FPT,70.7751330999347,1429.1095399549085,199.36161399424122,1229.7479259606673,47094.70399051136,47958.0,48821.29600948864,3.600216895986641,0.7849544041628493,-1,-0.0031890356758994586
2021-08-11,48400,48450,47610,47610,4883200,FPT,63.26723048814203,1369.9697456300855,112.17745573553452,1257.792289894551,47314.874112121404,48010.0,48705.125887878596,2.8957545839558243,0.21228233117548606,-1,-0.1364757946238484
2021-08-12,47460,47560,46270,46460,8399400,FPT,54.710431778927735,1216.2850663655554,-33.205778823196624,1249.490845188752,46159.20630723574,47732.0,49304.79369276426,6.590101788168351,0.0956240141819235,1,-0.10548441056149055
2021-08-13,46120,47060,46080,47060,3618700,FPT,57.90902882522198,1129.8792912567078,-95.68924314563537,1225.5685344023432,45904.71272694031,47574.0,49243.28727305969,7.017645239247011,0.34604207786899555,1,0.14326665158193744
2021-08-16,47560,47670,47250,47360,1906800,FPT,59.45106817934143,1073.2379655588156,-121.86445507482199,1195.1024206336376,45922.844718127446,47388.0,48853.155281872554,6.183655279279793,0.4904446988157411,-1,0.09029255313515955
2021-08-17,47110,47360,46820,46960,2801700,FPT,56.47992200156743,984.7213945355834,-168.30482087844348,1153.0262154140269,46219.36804561338,47090.0,47960.63195438662,3.697736056006028,0.42534158702480196,0,-0.06805270122427337
2021-08-18,46960,47520,46960,47060,1951000,FPT,57.05771752601717,912.1261164457464,-192.7200791746243,1104.8461956203707,46325.782910648864,46980.0,47634.217089351136,2.7850876515586873,0.5611417840516406,1,0.018019038022615768
2021-08-19,47560,47560,46960,47300,2721600,FPT,58.48238284850437,864.0001735953556,-192.67681762001212,1056.6769912153677,46803.2102089692,47148.0,47492.7897910308,1.4625850132807414,0.7204241598128133,-1,0.06821341025079468
2021-08-20,47300,47410,45610,46450,4349300,FPT,51.91338064202116,748.6422391844171,-246.4278016247605,995.0700408091776,46302.17681717213,47026.0,47749.82318282787,3.078395708024808,0.1021127716926316,-1,-0.04751366391118511
2021-08-23,46300,46300,45550,45550,3436600,FPT,46.01922119655979,577.935683857504,-333.7074855613389,911.643169418843,45272.698451090095,46664.0,48055.301548909905,5.963061670280752,0.09965544461844845,1,-0.10996009320028646
2021-08-24,45820,46060,45020,46010,3081500,FPT,49.19430347435445,474.3002267340635,-349.8743541478236,824.1745808818871,45026.47797944242,46474.0,47921.52202055758,6.229384260264158,0.33972609970338546,0,-0.20413755187080662
2021-08-25,46250,46250,45550,46010,1344000,FPT,49.194303474354456,387.6992249794057,-349.1802847219851,736.8795097013908,44942.364649383526,46264.0,47585.635350616474,5.713450417674538,0.4039069286844052,-1,0.05443675482174755
2021-08-26,46060,46500,45660,45760,1758700,FPT,47.43568138068075,295.4881925507798,-353.1130537204889,648.6012462712687,45282.85811302583,45956.0,46629.14188697417,2.9295059925762397,0.3544140516340194,1,0.06857491975876005
2021-08-27,45550,46060,45360,46060,1896200,FPT,49.75681836521257,243.80731879557425,-323.8351419805555,567.6424607761297,45442.706995232926,45878.0,46313.293004767074,1.897611076189347,0.7090545885263977,0,0.04709953785827983
2021-08-30,46570,46570,46100,46140,1494800,FPT,50.38598762962181,206.9199411378504,-288.5780157106235,495.4979568484739,45711.535590979925,45996.0,46280.464409020075,1.2369093356816876,0.7531072349192162,0,-0.08981645560668323
2021-08-31,46200,46670,46060,46250,1952500,FPT,51.2892268147205,184.43644079475052,-248.84921284297877,433.2856536377293,45678.322546498785,46044.0,46409.677453501215,1.5883826492103879,0.7816689927525369,0,0.005594499565879344
2021-09-01,46100,46570,46100,46250,1353300,FPT,51.28922681472049,164.71932296703017,-214.85306453655932,379.5723875035895,45687.673399342646,46092.0,46496.326600657354,1.7544328762360235,0.6953866005144401,1,-0.1943715540826291
2021-09-06,46250,47520,46200,47520,3124600,FPT,60.83616365317056,248.70483665794018,-104.69404067651942,353.3988773344596,45230.360844402625,46444.0,47657.639155597375,5.226247332690445,0.9432948603534357,-1,0.08425629525782595
2021-09-07,47720,47720,46820,46820,2290600,FPT,54.49623294565814,255.83075380428636,-78.05449882413859,333.88525262842495,45433.5370973665,46596.0,47758.4629026335,4.989539456749517,0.5963471606244548,0,-0.11101432833518009
2021-09-08,46820,47160,46450,46610,1453800,FPT,52.72117035075061,241.74615038557386,-73.71128179428092,315.4574321798548,45641.477229622986,46690.0,47738.522770377014,4.4914233042493645,0.46185109076303865,0,-0.06541997497532123
2021-09-09,46610,47020,46450,46670,1393700,FPT,53.19030727799923,232.74258758872747,-66.17187567290182,298.9144632616293,45840.76905323543,46774.0,47707.23094676457,3.9903833187863693,0.44427960176387254,0,-0.06876196196457955
2021-09-10,46770,47250,46770,46820,1440100,FPT,54.408296412589266,235.00198895770882,-51.12997944313639,286.1319684008452,46157.602847760834,46888.0,47618.397152239166,3.115497151677042,0.4534499827994033,-1,-0.1704658786583897
2021-09-13,46860,47060,46500,46570,1600000,FPT,51.980664254590664,214.15106992819346,-57.58471877812144,271.7357887063149,46464.16244955292,46698.0,46931.83755044708,1.0014885024929647,0.2263057200281301,1,-0.22505492665052512
2021-09-14,46710,47410,46570,46960,2523200,FPT,55.32917006550362,226.48552288309293,-36.200212658577584,262.6857355416705,46402.704469565244,46726.0,47049.295530434756,1.3837928794878915,0.8618979818331006,0,-0.03715067293619266
2021-09-15,46960,47250,46710,47110,1690100,FPT,56.58318919989397,245.53404844168108,-13.721349679991533,259.2553981216726,46391.81110101814,46826.0,47260.18889898186,1.8544778498349708,0.8270465926995799,1,-0.017438900144649154
2021-09-16,47250,47560,47160,47410,1924700,FPT,59.058654979779234,281.59162204522727,17.868979138843713,263.72264290638356,46344.93720504303,46974.0,47603.06279495697,2.678344594699059,0.8465472791391401,1,-0.06310742702465999
2021-09-17,47810,48570,47760,47900,3325700,FPT,62.79041215377208,345.72115552897594,65.5988100980739,280.12234543090204,46191.90180843814,47190.0,48188.09819156186,4.230125838363472,0.8556764284328406,-1,-0.0166577697484473
2021-09-20,48060,48160,47110,47250,2526100,FPT,55.55628073633063,340.1733979389828,48.04084200646463,292.1325559325182,46602.867923544356,47326.0,48049.132076455644,3.0559611057585427,0.4474508167494754,-1,0.21244245173941698
2021-09-21,46770,47060,46300,46820,2697100,FPT,51.34215996242809,297.6482499931153,4.412555248477702,293.2356947446376,46497.325284526196,47298.0,48098.674715473804,3.3856599241989263,0.2015017517337608,0,0.019545467099036186
2021-09-22,46670,46770,46410,46670,2027200,FPT,49.91965791019304,248.97301157406037,-35.41014653646181,284.3831581105222,46229.489928660056,47210.0,48190.510071339944,4.153823644736049,0.22463311913663087,0,-0.023591670846868744
2021-09-23,46670,46960,46570,46610,1394200,FPT,49.33089233080764,203.2135169543035,-64.93571292497495,268.14922987927844,45976.03538233372,47050.0,48123.96461766628,4.565205601131899,0.29515153815955397,0,-0.018949088998115173
2021-09-24,46670,46670,46410,46410,1449000,FPT,47.327137962025354,149.09182154617156,-95.2459266664855,244.33774821265706,46122.333421564166,46752.0,47381.666578435834,2.69364552718957,0.2284277014911857,-1,0.018416164942876016
2021-09-27,46500,46820,46100,46100,1546100,FPT,44.32202056064393,80.26038700652134,-131.2618889649086,211.52227597142993,45966.05036199391,46522.0,47077.94963800609,2.390050462173115,0.12046921955601789,1,-0.1034176557337656
2021-09-28,45920,46570,45820,46570,1393500,FPT,49.55217480933414,62.91085411070526,-118.88913748857976,181.79999159928502,46013.65515166077,46472.0,46930.34484833923,1.9725634719367688,0.6069064050300711,0,0.13634812501787757
2021-09-29,46570,46770,46200,46670,1177400,FPT,50.61512236725582,56.578190399042796,-100.17744096019379,156.7556313592366,46013.65515166077,46472.0,46930.34484833923,1.9725634719367688,0.7159945734281029,0,-0.1019879337694894
2021-09-30,46820,47020,46570,46570,996900,FPT,49.49209608358847,42.99472805629921,-91.00872264234991,134.00345069864912,46016.42877661862,46464.0,46911.57122338138,1.9265290262628396,0.6184169071451625,0,-0.023208928852501923
2021-10-01,46500,46610,46300,46500,1055400,FPT,48.67790889102014,26.278400260060153,-86.18004035087117,112.45844061093132,46038.063067543255,46482.0,46925.936932456745,1.910145572293555,0.520273149949913,1,-0.038314747478056105
2021-10-04,46570,47670,46250,47360,2277800,FPT,57.85178204501065,81.48608189821971,-24.77788697016929,106.263968868389,46023.7042869346,46734.0,47444.2957130654,3.0397385760491424,0.9406615360934599,0,-0.1401872460679539
2021-10-05,47560,48060,47250,47250,1392800,FPT,56.46157247404476,115.03641843071091,7.0179596498575165,108.0184587808534,46062.90644904133,46870.0,47677.09355095867,3.443966507184428,0.735412610811122,0,-0.15144028322816885
2021-10-06,47300,47410,46910,47250,1571100,FPT,56.46157247404476,140.01133829598257,25.59430361210333,114.41703468387924,46156.228947239615,46986.0,47815.771052760385,3.5319927329859317,0.6590800252200627,0,0.05341470521344206
2021-10-07,47520,47560,47110,47210,1497000,FPT,55.89510628633867,154.792129206995,32.30007561849261,122.4920535885024,46418.50017972751,47114.0,47809.49982027249,2.9524125324637653,0.5690151148870091,1,-0.010969643874084292
2021-10-08,47560,49810,47250,49520,8305600,FPT,72.84116799156676,348.88201235144516,181.1119670103542,167.77004534109096,45700.20912877498,47718.0,49735.79087122502,8.45714770621158,0.9465279394652995,0,0.0606248852077334
2021-10-11,49570,49730,49200,49690,2295500,FPT,73.64374610288345,510.5321257853939,274.2096643554423,236.32246142995155,45586.63210153067,48184.0,50781.36789846933,10.781038927732578,0.7899088729185242,0,0.02492896931635995
2021-10-12,49690,49690,49310,49570,1125300,FPT,72.02573707068348,621.7903955608781,308.3743473047412,313.4160482561369,46055.99691358228,48648.0,51240.00308641772,10.65615477066978,0.6778547264915205,0,-0.022492957132802735
2021-10-13,49570,50820,49310,49760,3232500,FPT,73.0358923999745,717.0293203643378,322.8906176865607,394.1387026777771,46972.70810408918,49150.0,51327.29189591082,8.859783910115244,0.6400822740271167,-1,-0.14474731101634536
2021-10-14,49760,50070,49250,49470,1824200,FPT,68.94372553002698,760.341534152074,292.9622651794375,467.3792689726365,49361.41737386315,49602.0,49842.58262613685,0.9700521194179641,0.225665975719886,0,0.10272911970288644
2021-10-15,49760,50110,49250,49520,1702500,FPT,69.26348856598115,789.5993479840399,257.77606320912264,531.8232847749173,49361.41737386315,49602.0,49842.58262613685,0.9700521194179641,0.3295803788562928,0,0.22226985740788763
2021-10-18,49570,50070,49360,49570,2264100,FPT,69.60056554260842,807.5124574195142,220.55133811567748,586.9611193038368,49358.272896530936,49578.0,49797.727103469064,0.8863895416074221,0.48179560037497526,0,-0.21970366108792005
2021-10-19,49570,49810,49360,49360,1534300,FPT,66.31132095231065,795.5923869496546,166.90501411665423,628.6873728330004,49241.1780198172,49536.0,49830.8219801828,1.1903342223142837,0.20151479226400837,-1,0.15034019642744378
2021-10-20,49420,49810,48360,48850,2248600,FPT,59.016832187068125,736.5029598071778,86.25246957934189,650.2504902278359,48769.43178328024,49354.0,49938.56821671976,2.368878780726017,0.0689125874580207,-1,0.06985165641248443
2021-10-21,49250,49310,48410,48410,2283600,FPT,53.544308175901996,646.7149133587154,-2.8284614952964375,649.5433748540119,48144.66354724249,49142.0,50139.33645275751,4.058998220493714,0.1330225381935496,-1,0.14015987265475147
2021-10-22,48570,48780,48120,48160,2023200,FPT,50.66936504141245,549.0551628551257,-80.39056959910897,629.4457324542346,47667.41944136829,48870.0,50072.58055863171,4.9215492475208,0.2048014809054306,-1,0.03799303105927441
2021-10-25,48160,48160,47520,47520,2938500,FPT,44.13604399554081,415.2299433681983,-171.37263126882908,586.6025746370274,47067.8074845773,48460.0,49852.1925154227,5.745738817262481,0.1624030119445815,1,-0.04495173121696973
2021-10-26,47560,48520,47210,48520,1855700,FPT,54.09574292322068,385.42123928735236,-160.9450682797401,546.3663075670925,47296.67090869452,48292.0,49287.32909130548,4.12212826681637,0.6145349824453306,1,0.028999011487497853
2021-10-27,48450,49150,48310,49150,2326700,FPT,59.04913633019654,407.9309869244462,-110.74825651411709,518.6792434385633,47169.84941737569,48352.0,49534.15058262431,4.889769120716034,0.837520452863325,0,0.008262545197776116
2021-10-28,49150,49250,48670,49060,1644700,FPT,58.084864493553795,413.73855573499895,-83.95255016285148,497.69110589785043,47136.31058561086,48482.0,49827.68941438914,5.551294972934865,0.71475980780542,-1,-0.025355377800890685
2021-10-29,49060,49060,48520,48520,2382700,FPT,52.540912308609194,370.4967528858833,-101.75548240957369,472.252235295457,47256.80302189723,48554.0,49851.19697810277,5.343316629331354,0.4868948199178944,-1,0.06443951576778482
2021-11-01,48780,48780,47860,47960,2855800,FPT,47.47981735255233,287.7232976293308,-147.623150132901,435.3464477622318,47678.838538977514,48642.0,49605.161461022486,3.960205012221891,0.14595759506615164,0,-0.18307781157751501
2021-11-02,47810,48570,47810,48120,2109100,FPT,48.99165362075961,232.35693470604747,-162.3916104449475,394.74854515099497,47488.09125154929,48562.0,49635.90874845071,4.422835749972039,0.29420970327429713,0,0.05765065992980709
2021-11-03,48160,48410,47670,48120,2680100,FPT,48.99165362075961,186.33078786067927,-166.7342058322526,353.06499369293186,47466.77561886834,48356.0,49245.22438113166,3.677824390485807,0.36730008476619924,0,0.007285401956195011
2021-11-04,48120,48450,47900,48060,1761300,FPT,48.385897284584196,143.36066383241996,-167.7634638884095,311.12412772082945,47728.54239976461,48156.0,48583.45760023539,1.7753035976218678,0.3877081610583898,1,0.1452030494677142
2021-11-05,48160,48970,48060,48850,2169900,FPT,56.08513823642152,171.08081550450152,-112.03464977306237,283.1154652775639,47507.801148139406,48222.0,48936.198851860594,2.9621287041623905,0.9396534651126691,0,0.01994214337193722
2021-11-08,48850,49310,48730,48780,1687900,FPT,55.29801147897305,185.26519854667276,-78.28021338471291,263.5454119313857,47599.66673731872,48386.0,49172.33326268128,3.2502511581088624,0.7505299080548365,-1,-0.15963526886110935
2021-11-09,48820,48850,48060,48260,1845900,FPT,49.71608871846885,152.78555336835416,-88.60788685042525,241.3934402187794,47665.989304889976,48414.0,49162.010695110024,3.0900594667246013,0.3970602953896613,1,-0.0688814508102865
2021-11-10,48260,48570,48010,48570,1592400,FPT,52.77647167288702,150.3267367372755,-72.85336278520316,223.18009952247866,47828.04142138813,48504.0,49179.95857861187,2.7872281816422135,0.548819559428875,-1,0.054559661924361236
2021-11-11,48570,49060,47960,48060,2122200,FPT,47.6395009355715,106.00342756206373,-93.74133756833194,199.74476513039568,47828.04142138813,48504.0,49179.95857861187,2.7872281816422135,0.1715775092966595,1,-0.09947532895466331
2021-11-12,48160,49150,48010,49060,2240300,FPT,56.566509971980096,149.84125168335595,-39.922810757631794,189.76406244098774,47747.55150447949,48546.0,49344.44849552051,3.2894512236662616,0.8218742366499929,-1,-0.08061814531299755
2021-11-15,49310,49310,48730,48730,1908900,FPT,53.33494654420722,156.15474634608836,-26.887452875919507,183.04219922200787,47751.0668818307,48536.0,49320.9331181693,3.234436781643719,0.6235774077493805,1,-0.03119258022055335
2021-11-16,48730,49810,48450,49200,3506200,FPT,57.094488892587954,196.81455274741165,11.017882820323024,185.79666992708863,47827.27261667831,48724.0,49620.72738332169,3.6808446897696805,0.765409537420829,0,-0.08095258306497866
2021-11-17,49200,49250,49060,49200,1186200,FPT,57.094488892587954,226.4276255376535,32.50476448845191,193.9228610492016,47886.88006977378,48850.0,49813.11993022622,3.9431726928401947,0.6817011511317143,-1,0.06318350486153022
2021-11-18,49200,49420,48310,48310,2004700,FPT,48.511317268203406,176.05122814497008,-14.297306323385214,190.3485344683553,48136.717614510235,48900.0,49663.282385489765,3.1218093476064013,0.11351132214231392,-1,0.07135248620402405
2021-11-19,48820,48970,47620,47720,2481300,FPT,43.80947218145093,87.5107318612936,-82.27024208564936,169.78097394694296,47370.93695637412,48632.0,49893.06304362588,5.186145104564401,0.13840031447683773,0,-0.042391995218904896
2021-11-22,47810,48060,47560,47560,1670100,FPT,42.603538096253644,4.380591105007625,-132.32030627354828,136.7008973785559,46830.81143444734,48398.0,49965.18856555266,6.476253421846591,0.23264225555892634,1,-0.02358696611627769
2021-11-23,47560,48360,47520,48360,1150800,FPT,50.01271236011935,3.0178814970422536,-106.94641270521092,109.96429420225317,46936.477677038776,48230.0,49523.522322961224,5.363973970396947,0.5502503890703621,1,0.017700811842177377
2021-11-24,48410,49250,48260,49010,2445600,FPT,55.085842445941616,53.7676915592092,-44.95728211443519,98.72497367364439,47037.23595483796,48192.0,49346.76404516204,4.792347464981902,0.8541849105135657,1,-0.14597994639277045
2021-11-25,49310,50960,49200,50070,5487400,FPT,61.880144684130435,177.47460609156406,62.999705934335736,114.47490015722832,46488.05252985418,48544.0,50599.94747014582,8.470449366124821,0.871118431321538,-1,0.054708832228861616
2021-11-26,50110,50470,49470,49520,1996200,FPT,57.05718682960724,228.4988313680151,91.2191449686294,137.2796863993857,46941.21626254981,48904.0,50866.78373745019,8.027088734869093,0.6569199877313616,-1,0.08474237050212038
2021-11-29,48820,49520,48820,49100,1993000,FPT,53.62031905144664,232.36682745220605,76.06971284225628,156.29711460994977,47943.031915295374,49212.0,50480.968084704626,5.157149007171526,0.45586965450511313,-1,-0.04905860081537246
2021-11-30,49100,49310,48570,48620,2563100,FPT,49.91948829683967,194.45865541044623,30.52923264039714,163.9294227700491,48158.86652389907,49264.0,50369.13347610093,4.486576307652353,0.20863248018143193,1,0.11724136253443598
2021-12-01,48820,49360,48410,49150,1254900,FPT,53.717901352381126,204.82166984599462,32.71379766075643,172.1078721852382,48212.240767578754,49292.0,50371.759232421246,4.381072922264244,0.4342446002144478,-1,-0.06498326844108103
2021-12-02,48850,49200,48670,48670,952900,FPT,50.01784403725524,172.31609232574556,0.16657611240589176,172.14951621333967,48266.69469343165,49012.0,49757.30530656835,3.0413176633002075,0.2705638233177959,-1,-0.05776173304469802
2021-12-03,48970,48970,47810,47810,2009700,FPT,44.15019728907387,76.28105475487973,-76.69476916676794,152.97582392164767,47594.174735378016,48670.0,49745.825264621984,4.4208969164659315,0.10030683965105593,-1,-0.16855256393089424
2021-12-06,47810,48310,47160,47300,2393800,FPT,41.0730231748546,-40.51313200012373,-154.79116473741715,114.2780327372934,46826.288437734955,48310.0,49793.711562265045,6.142461445932707,0.15963734943935926,1,0.08947024991019081
2021-12-07,47560,48060,47300,48060,1451000,FPT,47.00110680068073,-70.93008023267612,-148.16649037597563,77.2364101432995,46747.11061758692,48198.0,49648.88938241308,6.0205377086728875,0.4524429630291724,0,-0.0628748279515394
2021-12-08,48310,48310,47560,47860,1064800,FPT,45.69823794642088,-109.90711853188259,-149.71482294014567,39.80770440826308,46949.94949623819,47940.0,48930.05050376181,4.13037339908975,0.45959802065852673,1,-0.012399868811987472
2021-12-09,47620,48570,47620,48570,993100,FPT,50.901480272360715,-82.55400473744521,-97.88936731656663,15.335362579121423,47002.28544742986,47920.0,48837.71455257014,3.8301942928636965,0.8541406193132804,-1,-0.055685986718327356
2021-12-10,48260,48570,47760,47960,1160000,FPT,46.756185903826584,-108.84368475904193,-99.34323787053069,-9.50044688851125,47040.49463992838,47950.0,48859.50536007162,3.7935572891412725,0.5054974937141726,0,-0.09161331819107224
2021-12-13,48310,48310,47860,48060,900200,FPT,47.51084257204784,-120.22342056218622,-88.57837893893998,-31.645041623246247,47553.110211427644,48102.0,48650.889788572356,2.2821911295678197,0.46174095339864074,0,-0.04881030715057316
2021-12-14,48060,48260,47760,47900,1144500,FPT,46.37818490471518,-140.53263327904278,-87.11007332463723,-53.42255995440556,47491.035406955656,48070.0,48648.964593044344,2.4088395799639857,0.35318618613091995,0,-0.005164843140751395
2021-12-15,47900,48210,47860,48010,808400,FPT,47.3082344262406,-146.06796935887542,-74.11632752357588,-71.95164183529954,47561.2978559547,48100.0,48638.7021440453,2.2399257548661233,0.41646589771839543,0,0.07794870790344538
2021-12-16,48820,48820,47810,47810,1245000,FPT,45.754349194377525,-164.6945948418288,-74.19436240522342,-90.50023243660539,47753.37214999129,47948.0,48142.62785000871,0.8118288562972655,0.1454772531427883,1,0.02220674180389533
2021-12-17,47860,48570,47810,48260,1152100,FPT,49.75339282532705,-141.51380745848292,-40.81086001750202,-100.70294744098089,47665.83045138556,48008.0,48350.16954861444,1.425468874414423,0.8682384961204679,-1,0.18336303077037686
2021-12-20,48310,48310,47810,47960,1019800,FPT,47.25242150154949,-145.671152870862,-35.97456434390486,-109.69658852695713,47649.35564378096,47988.0,48326.64435621904,1.411370993661081,0.45865869386896085,-1,0.12033022621692098
2021-12-21,47900,48010,47620,47670,1112300,FPT,44.90268199614074,-170.40216534071806,-48.564461451008725,-121.83770388970933,47497.612781463045,47942.0,48386.387218536955,1.8538534835299094,0.19396059488895845,0,-0.0016063949933901628
2021-12-22,47560,47760,47360,47560,1670500,FPT,44.008730691242235,-196.61133846849407,-59.81890766302777,-136.7924308054663,47305.84983749978,47852.0,48398.15016250022,2.2826638907473886,0.23267425330127747,-1,0.09573845765934358
2021-12-23,47560,47560,46570,46670,1930300,FPT,37.50308279437002,-285.90215686240845,-119.2877808455537,-166.61437601685475,46426.61952579849,47624.0,48821.38047420151,5.028475030243208,0.10163038376077321,1,-0.07553838409724521
2021-12-24,46820,47300,46450,46960,1186700,FPT,40.58513169534717,-329.4673033891231,-130.28234189781472,-199.1849614913084,46299.98872186473,47364.0,48428.01127813527,4.492911401635304,0.3101523882772991,1,-0.06300222677324227
2021-12-27,47160,47560,46710,47300,793700,FPT,44.067772224838265,-332.7224204298327,-106.82996715081941,-225.8924532790133,46399.00540217895,47232.0,48064.99459782105,3.5272467726162455,0.5408165912347297,0,-0.03800317374156436
2021-12-28,47300,47520,47110,47300,567300,FPT,44.06777222483827,-331.48101730868075,-84.47085122373394,-247.0101660849468,46465.69948721739,47158.0,47850.30051278261,2.9360893709767626,0.6025566191112943,-1,-0.03051273386675797
2021-12-29,47470,47470,46860,46860,912200,FPT,40.50441772281761,-361.8305616746293,-91.85631647174597,-269.9742452028833,46462.59024135412,47018.0,47573.40975864588,2.3625409785438816,0.3577626720268541,0,0.06214743197433788
2021-12-30,46910,47210,46820,46860,810800,FPT,40.50441772281762,-381.4852695206064,-89.20881945417841,-292.27645006642797,46603.09824465004,47056.0,47508.90175534996,1.9249479571147483,0.2836175310818232,-1,0.009799656947896909
2021-12-31,46960,47250,46570,46570,1607400,FPT,38.146609048725374,-415.6707498042524,-98.71543979025955,-316.95531001399286,46344.21770299331,46978.0,47611.78229700669,2.698208936126237,0.17812291229420998,1,0.10190924587789299
2022-01-04,46770,47160,46710,46820,1935000,FPT,41.31791677013014,-417.7742372082066,-80.655141755371,-337.1190954528356,46355.80611938271,46882.0,47408.19388061729,2.244758673338557,0.4410863540191058,0,0.04587771438938154
2022-01-05,46910,47160,46820,46860,1193800,FPT,41.831800841060826,-411.47042549098114,-59.48106403051645,-351.9893614604647,46541.175950512836,46794.0,47046.824049487164,1.0805831922347493,0.6305255574655108,0,-0.17158171599349065
2022-01-06,46860,47060,46820,46820,1192400,FPT,41.44098301472001,-405.03330319981615,-42.43515339148115,-362.598149808335,46541.214379509154,46786.0,47030.785620490846,1.0464054225231725,0.5694485238385796,0,0.13288977584113637
2022-01-07,46610,46910,46610,46770,1016800,FPT,40.926270567069274,-399.3628136189873,-29.4117310485218,-369.9510825704655,46537.60902795663,46768.0,46998.39097204337,0.9852504791454543,0.5043404478531899,-1,0.010343068061126386
2022-01-10,46670,46820,46010,46100,1640800,FPT,34.705764478482315,-443.8162726241062,-59.09215204291257,-384.72412058119363,46029.081400486,46674.0,47318.918599514,2.7635025903672266,0.054982597468457864,-1,-0.01685909431423416
2022-01-11,46060,46140,44610,44810,2509300,FPT,26.38912129845042,-576.4927288517792,-153.41488661646844,-423.0778422353108,44522.40576132661,46272.0,48021.59423867339,7.56221576190088,0.08218883907946942,0,0.03375421722325279
2022-01-12,44610,45360,44300,44870,1740700,FPT,27.26219889654263,-669.0854768495046,-196.806107691355,-472.2793691581496,43901.965517543074,45874.0,47846.034482456926,8.59761295050323,0.24544055671147982,1,-0.1886198829386483
2022-01-13,45500,46410,44970,46100,1811800,FPT,42.35613424702533,-635.8850887924564,-130.88457570744538,-505.000513085011,44014.94898035098,45730.0,47445.05101964902,7.500769821338383,0.6078685111291089,-1,0.0916410279776264
2022-01-14,45920,46100,45500,45720,686700,FPT,39.620692043968546,-632.9402253427179,-102.35176980616552,-530.5884555365524,44239.60943458678,45520.0,46800.39056541322,5.625617598476352,0.5781011690504977,-1,0.09304279762654484
2022-01-17,45310,45720,44560,44560,1568400,FPT,32.681982660760944,-715.9556146588075,-148.29372729780403,-567.6618873610034,43889.01851864843,45212.0,46534.98148135157,5.852346639615896,0.2535868758593994,-1,0.027236049685261766
2022-01-18,44190,44870,44060,44100,1209900,FPT,30.407795989534073,-809.532280195257,-193.4963142674028,-616.0359659278542,43419.42434284302,45070.0,46720.57565715698,7.324498145804216,0.2061631207893953,0,0.05127444949373966
2022-01-19,44100,44660,44060,44190,744900,FPT,31.413398524491946,-866.4424052714458,-200.3251514748731,-666.1172537965726,43099.24661057699,44934.0,46768.75338942301,8.166436949405828,0.2972479559680844,1,-0.02695785748152294
2022-01-20,44250,45550,44190,44460,1334600,FPT,34.472509570844245,-879.6176610402908,-170.80032579497447,-708.8173352453164,43304.64685807456,44606.0,45907.35314192544,5.834879352219177,0.44390454239654625,-1,-0.1736757973997574
2022-01-21,44560,44970,44150,44150,841200,FPT,32.67074670403033,-904.6453667162787,-156.66242517676983,-747.9829415395088,43882.75679602558,44292.0,44701.24320397442,1.8479328274831732,0.3265090310346674,-1,-0.18486563873975292
2022-01-24,44150,44300,42550,42710,2024200,FPT,25.89909266062184,-1028.8164139927103,-224.66677796256113,-804.1496360301492,42538.56948132576,43922.0,45305.43051867424,6.299487813279186,0.061958485214901174,1,0.04616240499441698
2022-01-25,42650,43820,42060,43300,1192600,FPT,32.10817458984626,-1067.311491898843,-210.52948469495504,-856.782007203888,42298.75702632841,43762.0,45225.24297367159,6.687276512369604,0.3421314818137339,-1,-0.11197240669559275
2022-01-26,43550,43550,42810,43060,913600,FPT,30.971313500639724,-1104.453658441831,-198.13732099035428,-906.3163374514768,42054.338770163944,43536.0,45017.661229836056,6.806602489140279,0.3393694893222424,0,-0.11476815596915009
2022-01-27,43060,43400,42760,43000,719600,FPT,30.678860752447083,-1125.7536047824397,-175.54981386477027,-950.2037909176694,42147.40527085011,43244.0,44340.59472914989,5.071661868235541,0.38874650154977686,1,-0.03539817907887597
2022-01-28,43060,44810,43000,44810,1552300,FPT,46.952165296094684,-985.225031632981,-28.01699257224925,-957.2080390607317,41718.616519932904,43376.0,45033.383480067096,7.641937846122721,0.9326095973702923,0,-0.0558775803070941
2022-02-07,45070,45110,44560,44810,518400,FPT,46.952165296094684,-863.8966619958373,74.64910165191554,-938.5457636477529,41931.13539365473,43796.0,45660.86460634527,8.516141229086076,0.7718696029057093,1,0.12238012418015937
2022-02-08,44810,45980,44810,45360,845100,FPT,51.005486249756665,-715.1192024568227,178.7412489527443,-893.860451409567,42010.483219631926,44208.0,46405.516780368074,9.941715437785351,0.7621140394220437,0,0.006007068354021397
2022-02-09,45920,45920,45360,45390,1142700,FPT,51.22440810958424,-588.0129968070833,244.67796368198697,-832.6909604890702,42718.87340563348,44674.0,46629.12659436652,8.752861146825985,0.683108347577869,1,0.03363247798339576
2022-02-10,45760,46060,45150,46060,974900,FPT,55.95756825000455,-428.2800664911192,323.52871519836094,-751.8087816894802,44252.30758927078,45286.0,46319.69241072922,4.565174273414396,0.8743860320373152,0,0.06748057200201332
2022-02-11,45980,46250,45760,45870,641600,FPT,54.34696911775873,-313.40919440321886,350.71966982900904,-664.1288642322279,44519.08223021585,45498.0,46476.91776978415,4.303124400123748,0.6900057448553748,-1,-0.05556845410009832
2022-02-14,45550,45870,45260,45550,774100,FPT,51.65056627856157,-245.3660986716277,335.01021244848016,-580.3763111201079,45031.085371779816,45646.0,46260.914628220184,2.694276073347867,0.4219403835961233,0,0.09683556106210349
2022-02-15,45550,45920,45310,45610,655400,FPT,52.130142385644405,-184.47346129021753,316.72227986391226,-501.1957411541298,45162.0337089299,45696.0,46229.9662910701,2.337037338367038,0.4194705719834385,0,-0.1588723321174873
2022-02-16,45920,46300,45720,45720,614200,FPT,53.04959968274059,-125.8883640678614,300.2459016690147,-426.1342657368761,45349.35002726384,45762.0,46174.64997273616,1.8034612680221966,0.44910941139592164,1,0.12947362277640245
2022-02-17,46010,46450,45550,46450,853700,FPT,58.71667466056967,-20.320115656402777,324.6513200643787,-344.97143572078147,45115.84532039132,45840.0,46564.15467960868,3.1594881309279095,0.9211807347082501,-1,0.05859614721204235
2022-02-18,46200,46300,45920,46140,618800,FPT,55.64503949417303,37.89227401817334,306.2909677911639,-268.39869377299055,45120.1007817557,45894.0,46667.8992182443,3.3725507397232906,0.6589354235026137,1,0.10337397515435945
2022-02-21,46140,47060,46060,46820,1386000,FPT,60.523459299461535,137.3134650849388,324.5697270863435,-187.25626200140468,45140.28972417707,46148.0,47155.71027582293,4.367297719610515,0.8334291691385315,-1,0.02755096165785072
2022-02-22,46570,46710,46060,46500,1158200,FPT,57.32802632469042,188.1156693100711,300.2975450491806,-112.18187573910953,45494.423184546904,46326.0,47157.576815453096,3.590108429189207,0.6046205213797319,0,0.022654824827811282
2022-02-23,46360,47020,46360,46570,973800,FPT,57.852245802461916,231.35824334047356,274.8320952636665,-43.47385192319291,46006.79656583472,46496.0,46985.20343416528,2.1042818055973993,0.5756331567114451,-1,-0.05750185640597466
2022-02-24,46570,46820,45070,46060,1349600,FPT,52.76617014713718,221.91743104701163,212.31302637616363,9.604404670847998,45788.015873216544,46418.0,47047.984126783456,2.714395823962499,0.21586585694796806,0,0.13535372144060526
2022-02-25,46250,46770,46100,46200,1059900,FPT,53.962677021487885,223.15990083366341,170.84439693025234,52.315503903411084,45824.69016198387,46430.0,47035.30983801613,2.6074083050447205,0.31001465236893244,1,-0.11653610875491471
2022-02-28,46200,46820,46200,46710,1504600,FPT,58.124197219765,262.2739737339216,167.9667758644084,94.3071978695132,45869.22360853587,46408.0,46946.77639146413,2.321911702569095,0.7802646930940224,0,-0.0553003202149695
2022-03-01,47060,47060,46300,46770,1101900,FPT,58.598357610773505,294.71635023716226,160.32732189411925,134.389028343043,45830.90571227501,46462.0,47093.09428772499,2.7166040537428042,0.7440205893086896,0,0.03671899933885438
2022-03-02,46570,46770,46410,46610,1088900,FPT,56.75290194894259,304.0120429364324,135.6984116747115,168.3136312617209,45831.09468620217,46470.0,47108.90531379783,2.749753879052436,0.6095624007005048,0,0.03270302233072135
2022-03-03,46670,47060,46670,46770,957600,FPT,58.17154987638327,320.5940011146449,121.82429588233924,198.76970523230568,46133.16808794829,46612.0,47090.83191205171,2.0545435169128625,0.6649848266409369,0,0.05841991131853173
2022-03-04,46710,46960,46570,46820,1343800,FPT,58.62827613302214,333.92067488828616,108.12077572478438,225.79989916350178,46575.00310562284,46736.0,46896.99689437716,0.688963087885827,0.7608745973795527,0,-0.05445368330987042
2022-03-07,46610,47020,46140,46960,1687800,FPT,59.94702382776266,351.72452841592167,100.73970340193591,250.98482501398576,46535.16140648001,46786.0,47036.83859351999,1.0722805690590829,0.8468365803648404,1,-0.13459705841869887
2022-03-08,46960,47760,46360,47470,2227500,FPT,64.39894793410117,402.3489204570433,121.091276354446,281.2576441025973,46268.33747255977,46926.0,47583.66252744023,2.802977144611653,0.913585978600125,1,0.09704228923869727
2022-03-09,47360,48310,47360,47810,2204000,FPT,67.02997693486478,464.5492399142604,146.63327664933047,317.9159632649299,46257.08856317072,47166.0,48074.91143682928,3.8540959031051156,0.8542699397900537,-1,0.013112684421398077
2022-03-10,48210,48210,47360,47360,778700,FPT,60.64211630628969,472.09023960393824,123.33942107120663,348.7508185327316,46485.676757197274,47284.0,48082.323242802726,3.376716194918898,0.5475997665639684,-1,-0.026485511749997
2022-03-11,47300,47360,46410,46670,1139000,FPT,52.39671689403609,417.5757494507852,55.059944734442865,362.51580471634236,46362.641486269946,47254.0,48145.358513730054,3.7726267140561824,0.1724101520295441,-1,0.21805259547915254
2022-03-14,46570,46570,45310,45980,1943000,FPT,45.70435232511365,315.06353352509177,-37.96181695300049,353.02535047809226,45595.44059949721,47058.0,48520.55940050279,6.2159862318959105,0.13146795965024996,-1,-0.024097954649086806
2022-03-15,45980,45980,44970,45550,1872000,FPT,42.095912311434304,196.85523291635764,-124.93609404938775,321.7913269657454,44801.536382196144,46674.0,48546.463617803856,8.023583227509347,0.19986065702085623,1,0.05609989521125935
2022-03-16,45610,46200,45310,45870,1139600,FPT,45.54172762656716,127.52559303297312,-155.41258714621785,282.93818017919097,44833.650179881195,46286.0,47738.349820118805,6.275546904544808,0.3567838153600038,1,-0.09392078853039339
2022-03-17,45980,46410,45820,46410,1046000,FPT,50.85641886688861,114.83113907268125,-134.4856328852078,249.31677195788905,45206.775618868254,46096.0,46985.224381131746,3.8581411885271857,0.6765583617941073,1,0.12320430420245719
2022-03-18,46570,48360,46570,47620,2815100,FPT,60.22372271418537,200.10094136506086,-39.372664474262564,239.47360583932343,44672.51929047815,46286.0,47899.48070952185,6.97178719060558,0.9133919891720699,0,-0.08584689875487996
2022-03-21,47670,48060,47560,47720,1560700,FPT,60.887260043715855,272.6046218919728,26.504812842119463,246.09980904985332,44643.8944751599,46634.0,48624.1055248401,8.53499817660978,0.772849853046676,1,-0.11229274083016239
2022-03-22,48060,48570,47760,48260,2079200,FPT,64.34607273220757,369.37981749690516,98.62400675764144,270.7558107392637,45185.894475159905,47176.0,49166.105524840095,8.436940498728571,0.772347367129464,0,-0.023357574621700645
2022-03-23,48310,48820,48060,48310,1975800,FPT,64.65772069019651,444.97998707346414,139.37934106736031,305.60064600610383,46130.989889139986,47664.0,49197.010110860014,6.432570119419326,0.71069658817762,-1,0.010369286238729854
2022-03-24,48060,48670,47720,48060,1823700,FPT,61.751304937605404,479.19687221665663,138.87698096844224,340.3198912482144,47369.56425470749,47994.0,48618.43574529251,2.602140872994585,0.5528477113118204,0,0.031696067291764905
2022-03-25,48120,48310,47860,47900,1228100,FPT,59.895649726366784,487.7805073320633,117.96849286707908,369.8120144649842,47556.84687976349,48050.0,48543.15312023651,2.052666473408981,0.3479174176895985,1,0.1563300995265845
2022-03-28,47810,49420,47670,49100,3501600,FPT,67.7284480414443,584.6733210853708,171.8890452963093,412.78427578906155,47400.84055428322,48326.0,49251.15944571678,3.8288269077381996,0.9183062733582814,1,-0.12342440029537945
2022-03-29,49360,52520,49360,52520,8154300,FPT,79.8233797897343,926.7440632443977,411.1678299642689,515.5762332801288,45329.40545133695,49178.0,53026.59454866305,15.651692011318278,0.9341844740648199,1,-0.009433388545882496
2022-03-30,52970,53710,52320,53080,2830700,FPT,81.07417171878566,1228.8593847280208,570.6265211583136,658.2328635697072,45158.74352159484,50132.0,55105.25647840516,19.84064660657926,0.7963852772123041,1,0.06875075231110148
2022-03-31,52810,55370,52370,53560,3472300,FPT,82.09855533789363,1489.8459256655842,665.2904496767015,824.5554759888827,46119.14561130489,51232.0,56344.85438869511,19.959612697904078,0.7276614805564752,1,-0.13311958692208234
2022-04-01,53530,55570,53120,55570,4317300,FPT,85.61079428641152,1837.6861394979787,810.5045308072768,1027.181608690702,48065.83830065404,52766.0,57466.16169934596,17.81511465468658,0.7982876100188407,-1,-0.008491969905873123
2022-04-04,56830,56830,54720,54720,2687800,FPT,78.58874490959064,2021.4619635604104,795.4242838957666,1226.0376796646437,51409.43554810631,53890.0,56370.56445189369,9.206028769321543,0.6673006317909557,0,-0.015375177176048428
2022-04-05,54620,55870,54570,54570,1863900,FPT,77.38250100630262,2130.443455762492,723.5246208782785,1406.9188348842133,52325.61401949907,54300.0,56274.38598050093,7.2721398913477975,0.5683756881041815,1,-0.08006740417474956
2022-04-06,54260,57080,54260,56570,4179000,FPT,81.46703953926064,2351.093417393604,755.3396660075125,1595.7537513860914,52733.782695941365,54998.0,57262.217304058635,8.233816880827066,0.8471398255772916,0,0.19418701212486822
2022-04-07,56940,58510,56130,56720,3915200,FPT,81.73348000321374,2509.1400435445466,730.7090337267641,1778.4310098177825,53623.261352343434,55630.0,57636.738647656566,7.2145915788479815,0.7715849423822286,-1,0.1336202875872228
2022-04-08,56720,57030,54310,54310,4069700,FPT,65.45215339511948,2412.120847012724,506.9518697559531,1905.1689772567709,53043.84490660999,55378.0,57712.15509339001,8.429900297555012,0.2712234283350701,1,0.1786545595498229
2022-04-12,54570,55820,53380,54970,3162100,FPT,67.36918509376959,2361.269671986229,364.88055578356625,1996.3891162026625,53154.39493315164,55428.0,57701.60506684836,8.20381419805282,0.39927890145079736,1,0.21936540772011073
2022-04-13,55080,57630,54970,57630,3322800,FPT,73.7026654438968,2506.7136838943916,408.25965415338305,2098.4540297410085,53318.01542987502,56040.0,58761.98457012498,9.714434582887149,0.7920663139407501,1,-0.048849571142632726
2022-04-14,57680,59520,57680,58370,3529400,FPT,75.14781832767765,2651.130346399157,442.1410533265189,2208.9892930726382,52949.02912211673,56400.0,59850.97087788327,12.237485382564794,0.7854269232791009,-1,0.0034604971779465445
2022-04-15,57630,59040,57080,57570,3121400,FPT,70.62896881588686,2670.247328744488,369.0064285374797,2301.2409002070085,52960.124655892054,56570.0,60179.875344107946,12.762507845529242,0.638508937937733,0,0.09456372591738409
2022-04-18,57570,59370,57080,57820,3356100,FPT,71.21156056552303,2674.737872419668,298.7975777701272,2375.9402946495406,54622.07924646822,57272.0,59921.92075353178,9.253809028955777,0.6033993185021918,-1,-0.008138969469942445
2022-04-19,58330,58560,56070,56070,4731000,FPT,61.948422990669386,2508.1736217672224,105.7866616941451,2402.3869600730773,55781.53807408689,57492.0,59202.46192591311,5.950260648135765,0.08432281407232008,0,0.22471243569671182
2022-04-20,56070,56570,54870,56070,3295000,FPT,61.94842299066938,2349.0913898114086,-42.63645620933494,2391.7278460207435,55072.3947238635,57180.0,59287.6052761365,7.37182677907135,0.2366679585195461,0,0.08401107037515043
2022-04-21,55660,58030,55660,56070,4068500,FPT,61.948422990669386,2197.684041244189,-155.23504382124383,2352.9190850654327,54931.145618000606,56720.0,58508.854381999394,6.307667073340599,0.3183194768280976,-1,-0.06569032324928922
2022-04-22,56320,57030,53080,55610,5691600,FPT,59.411249694564376,2017.3200611275024,-268.4792191503443,2285.7992802778467,54612.98396508999,56328.0,58043.01603491001,6.08939083549926,0.2906725111063833,-1,-0.12142713048682503
2022-04-25,55120,55530,51770,51770,4605900,FPT,43.423084618564815,1546.6950617639595,-591.2833748111098,2137.9784365750693,51353.68332894288,55118.0,58882.31667105712,13.659119238931444,0.05529777479377211,1,0.1157912426674611
2022-04-26,50150,52570,48570,52220,5431400,FPT,45.281447444516004,1196.243053011749,-753.3883068506564,1949.6313598624054,50023.91859466099,54348.0,58672.08140533901,15.912568651427883,0.2539361773609854,-1,-0.0940692426666198
2022-04-27,50870,52070,50310,51560,2529700,FPT,43.048075337063665,855.3904187698499,-875.3927528740446,1730.7831716438945,49037.22239163749,53446.0,57854.77760836251,16.498063871431004,0.2861085126608947,1,0.008469807093011997
2022-04-28,51520,53470,51320,52810,2530400,FPT,48.25367820358862,678.3076948621456,-841.9803814253992,1520.2880762875448,49502.96368904889,52794.0,56085.03631095111,12.467463389593927,0.5024308452548456,0,-0.10005442339871876
2022-04-29,52570,53610,52160,52570,3991500,FPT,47.35862748213484,512.6923676425868,-806.0765669159666,1318.7689345585534,51135.8000190446,52186.0,53236.1999809554,4.024834173745463,0.6828223228735263,0,-0.055675174342078894
2022-05-04,52520,53010,52110,52320,1598400,FPT,46.39327546285377,357.1511013863201,-769.2942665377866,1126.4453679241067,51354.02335485495,52296.0,53237.97664514505,3.602480668292216,0.5127391693433675,0,0.03411672131012429
2022-05-05,52370,52810,51010,52430,2194900,FPT,46.9060997573908,239.9931166968163,-709.1618009818324,949.1549176786486,51394.24155632984,52338.0,53281.75844367016,3.60639857721028,0.548741285769176,-1,0.011940223307097025
2022-05-06,51210,52070,50150,50150,2430900,FPT,38.65233793305614,-36.41263332142262,-788.454040800057,752.0414074786344,49893.79741929699,52056.0,54218.20258070301,8.307217537663314,0.059245739272891645,-1,-0.09550673851514853
2022-05-09,49200,49570,47060,47060,4499100,FPT,30.75404595488997,-499.0506125856118,-1000.873616051397,501.8230034657851,46167.42215427468,50906.0,55644.57784572532,18.61697185292625,0.09418203887169593,1,0.030962995705157415
2022-05-10,47060,49470,46060,49250,2816700,FPT,40.09685289384631,-681.1282246862102,-946.3609825215963,265.2327578353861,45744.9921058554,50242.0,54739.0078941446,17.9013888545225,0.3897044408915037,1,-0.07899278342045185
2022-05-11,49060,51010,48450,51010,1667700,FPT,46.36041795599426,-675.6206190706071,-752.6827015247945,77.06208245418748,45961.09467640766,49980.0,53998.90532359234,16.082054116015772,0.6281443474114144,-1,0.2733350572826099
2022-05-12,49730,51010,47560,47860,2591500,FPT,38.58426559370386,-914.8882144535746,-793.5602375262097,-121.32797692736497,45830.79985163222,49066.0,52301.20014836778,13.187136299546658,0.31361276819172235,-1,0.08348352280293082
2022-05-13,48120,49570,46610,46860,4103700,FPT,36.49167008830535,-1171.6945844607035,-840.2932860266708,-331.4012984340327,44944.897344865596,48408.0,51871.102655134404,14.307976595333018,0.27650099431720115,0,-0.03359558296175685
2022-05-16,48820,48820,46670,46670,1740900,FPT,36.09115934771907,-1374.7002067231515,-834.6391266312951,-540.0610800918564,44701.4741285201,48330.0,51958.5258714799,15.015625373390847,0.27125697062716997,1,0.06488761289256491
2022-05-17,46570,49910,46300,49910,2045800,FPT,46.81161662322371,-1259.6225579917518,-575.6491823199162,-683.9733756718356,44624.15164447591,48462.0,52299.84835552409,15.838588401320992,0.68864737033132,-1,-0.05841229729465469
2022-05-18,49910,50110,48820,48910,1934400,FPT,44.339425158639344,-1234.8794137379082,-440.7248304528581,-794.1545832850501,45293.27665997485,48042.0,50790.72334002515,11.443001290642144,0.6578914813580435,-1,-0.10051413906137885
2022-05-19,47620,48910,47620,48570,1228600,FPT,43.49829292343593,-1228.5435666588164,-347.511186699013,-881.0323799598034,45409.0549554993,48184.0,50958.9450445007,11.518118232196173,0.5695509269210507,1,0.0876069917136625
2022-05-20,48910,49520,48570,48820,1410400,FPT,44.334485335745654,-1189.6360674753814,-246.8829500124623,-942.7531174629191,46213.052687849566,48576.0,50938.947312150434,9.728867391923725,0.5516304360121226,-1,-0.10601026947536583
2022-05-23,49150,49150,48120,48310,1136900,FPT,42.93842056065692,-1186.2796385712645,-194.8212168866762,-991.4584216845883,47686.00164203766,48904.0,50121.99835796234,4.9811809175623125,0.25615730673326254,1,-0.02141094407878974
2022-05-24,48310,49150,48060,49150,1384700,FPT,45.95696399923014,-1103.1225545173656,-89.33130626622176,-1013.7912482511439,48106.647383209034,48752.0,49397.352616790966,2.6474918640915894,0.8083585544125212,1,0.0240058513353288
2022-05-25,49810,52570,49420,52570,3770800,FPT,56.13194342376238,-752.5792829136844,208.96957226996756,-961.548855183652,45978.35883182564,49484.0,52989.64116817436,14.16878654989234,0.9401477293249468,1,-0.021460272731312485
2022-05-26,52660,53610,52370,52860,1426400,FPT,56.87341657548399,-446.22681333343644,412.25763348017244,-858.4844468136089,45963.566490170386,50342.0,54720.433509829614,17.394753922488636,0.7875457620113532,1,-0.028007805245765533
2022-05-27,52860,56070,52810,55980,3878400,FPT,63.93598120952502,47.76702252952964,725.0011754745108,-677.2341529449811,45578.18528359678,51774.0,57969.81471640322,23.93407778577363,0.8394226742178676,0,-0.06950395869309359
2022-05-30,55610,56270,54660,55720,2496900,FPT,63.00994090069602,413.51413584063266,872.598631028491,-459.08449518785835,47690.20086600328,53256.0,58821.79913399672,20.902054731848878,0.7213518616715366,-1,0.08474031785410174
2022-05-31,55720,55720,53820,55030,2157000,FPT,60.50533913608818,640.312995148859,879.517992269374,-239.2049971205149,51214.69056508414,54432.0,57649.30943491586,11.82138975204239,0.5929347972424107,1,0.10031793180574955
2022-06-01,55030,56520,54970,55980,2036500,FPT,62.70348764373657,886.490870730544,900.5566942808471,-14.065823550303122,52476.819687621166,55114.0,57751.180312378834,9.569910775406735,0.6641905174126748,0,-0.07084703805212474
2022-06-02,56460,57470,55610,55820,2292800,FPT,62.076831583077,1056.4992818474711,856.4520843182194,200.04719752925175,54918.39603860919,55706.0,56493.60396139081,2.8277168039019385,0.5723713983095582,1,-0.1833416577483631
2022-06-03,55820,57080,55530,57080,1755900,FPT,65.0399237713508,1278.1696976017847,862.4980000580264,415.67169754375834,54445.75677674293,55926.0,57406.24322325707,5.293578025451747,0.889800804985542,-1,0.10677118429130239
2022-06-06,57080,58080,56070,56570,2558200,FPT,62.89772483484719,1396.5933031346285,784.737284472696,611.8560186619325,54540.7122452747,56096.0,57651.2877547253,5.545093249876287,0.6523833768252484,1,-0.013442550755537908
2022-06-07,56410,57880,54380,57880,3908000,FPT,65.99584047149399,1577.96116156481,772.8841143223019,805.0770472425081,54980.556438204345,56666.0,58351.443561795655,5.948694320388435,0.8601425842781162,-1,-0.04993299566613533
2022-06-08,58240,58880,57320,57570,2660400,FPT,64.62071005292701,1677.3466784367265,697.8157049553747,979.5309734813518,55346.404201276026,56984.0,58621.595798723974,5.747563522125419,0.6789208302978718,0,0.012295946751911974
2022-06-09,57820,58030,56720,57720,1706300,FPT,65.00072495037641,1748.063574237378,614.8260806048208,1133.237493632557,56293.243258252194,57364.0,58434.756741747806,3.733201107830018,0.6662375711120427,-1,0.0812570587313256
2022-06-10,56780,57410,55080,55080,2972500,FPT,54.005863198485756,1572.9493065685165,351.76945034876735,1221.1798562197491,54622.5218343964,56964.0,59305.4781656036,8.2209050123011,0.09769003450981745,-1,-0.0563466132796868
2022-06-13,53360,55060,52140,52260,3393300,FPT,45.20902543458268,1192.8689053285998,-22.64876071291951,1215.5176660415193,51229.66175230019,56102.0,60974.33824769981,17.36957059534351,0.1057334482254206,1,0.24465426077221877
2022-06-14,52140,54510,51840,54030,2308300,FPT,50.64328928828134,1022.6877487408783,-154.2639338405129,1176.9516825813912,50651.50002670671,55332.0,60012.49997329329,16.917877442685217,0.36091229490127663,1,0.070603846232151
2022-06-15,54920,54920,53360,54870,1762600,FPT,53.02447903677692,944.7089195198205,-185.79421044925652,1130.503129969077,50835.501548085915,54792.0,58748.498451914085,14.441883676135514,0.5098572008744582,1,-0.14024173852225905
2022-06-16,55170,56880,54690,55780,2517500,FPT,55.52761808533289,945.4410741811662,-148.04964463032866,1093.4907188114948,51701.38645011933,54404.0,57106.61354988067,9.935348687157814,0.7545683973316785,0,0.13089229924794749
2022-06-17,54760,56140,53970,55780,2321400,FPT,55.52761808533288,935.2404423724656,-126.60022115122342,1061.840663523689,51604.183679207395,54544.0,57483.816320792605,10.779613965945307,0.7102172151467547,0,-0.16043297835090997
2022-06-20,56690,57300,55360,55780,2483900,FPT,55.52761808533288,916.5904836349,-116.20014391103132,1032.7906275459313,53674.63418112681,55248.0,56821.36581887319,5.695648055579182,0.6690643058398859,-1,-0.05523059592547234
2022-06-21,56030,56690,53970,54030,2460200,FPT,49.22720204213227,751.932077403093,-224.6868401142708,976.6189175173638,53674.63418112681,55248.0,56821.36581887319,5.695648055579182,0.11293172084026135,-1,-0.015031707519834625
2022-06-22,54450,54810,51170,51230,2971400,FPT,41.17680196136609,390.99535368981014,-468.49885106204306,859.4942047518532,50541.68377325299,54520.0,58498.31622674701,14.593970017413831,0.08650848594178158,1,-0.08602782705154274
2022-06-23,50930,52620,50740,51840,2022500,FPT,43.35033451236603,152.41535244789702,-565.663081843165,718.078434291062,49452.1542083857,53732.0,58011.8457916143,15.93034240904601,0.2789639986904338,0,0.13969034808973943
2022-06-24,52200,53230,51840,51840,902400,FPT,43.35033451236602,-36.243228040184476,-603.4573298649972,567.2141018248127,49123.30372837638,52944.0,56764.69627162362,14.432971712086822,0.3555237158997135,1,0.010063582904533444
2022-06-27,52390,53300,52090,52450,1254800,FPT,45.67821621051528,-134.97866029677243,-561.7542096972682,426.77554940049566,50137.654233541056,52278.0,54418.345766458944,8.188323066907472,0.5401804238117476,1,0.23384291560067708
2022-06-28,54260,54690,52860,54390,2296600,FPT,52.380258555770524,-56.03942733203439,-386.25198138602406,330.21255405398966,49911.51686493453,52350.0,54788.48313506547,9.316076924796452,0.9182928252946945,0,0.07903913485418443
2022-06-29,53910,54570,53480,54570,1182600,FPT,52.96016032833943,20.805150373475044,-247.52592294441172,268.33107331788676,50299.713775188735,53018.0,55736.286224811265,10.254201308277434,0.7854739846440854,-1,-0.255573339218335
2022-06-30,54260,54510,52260,52260,1506500,FPT,45.330847843128545,-103.49958390709799,-297.4645257799878,193.96494187288982,50544.52468242631,53102.0,55659.47531757369,9.63231259678992,0.3353845305535899,1,-0.03422398907289292
2022-07-01,52740,53840,51420,53360,1696500,FPT,49.091730919768985,-111.960562800341,-244.74040373858466,132.77984093824367,51272.336483885374,53406.0,55539.663516114626,7.990351331740351,0.48922041839011116,-1,-0.060359130792962956
2022-07-04,53660,53660,52140,52570,1005500,FPT,46.61167598176517,-180.3335740380644,-250.49073198104645,70.15715794298205,51348.02977927189,53430.0,55511.97022072811,7.793263038473172,0.29346486529013843,-1,0.0032361718592678196
2022-07-05,53230,53230,51770,51770,1395600,FPT,44.17776720009309,-295.6647529389811,-292.65752870557054,-3.007224233410575,50716.08675970972,52906.0,55095.91324029028,8.278506181870801,0.24062899408530497,-1,-0.2974149257177558
2022-07-06,50990,52090,50630,50630,2232400,FPT,40.90031910187868,-473.5947107338434,-376.4699892003463,-97.12472153349714,50092.591399248355,52118.0,54143.408600751645,7.77239572029489,0.1326667124234114,0,0.11094261088286035
2022-07-07,50870,51290,50380,50380,1286300,FPT,40.19605534862853,-627.5444530433888,-424.3357852079133,-203.20866783547547,49212.992289454465,51742.0,54271.007710545535,9.775454023986452,0.23072442714968994,1,-0.08348414737005533
2022-07-08,50870,50930,50380,50690,910400,FPT,41.54027965032469,-716.2794995475342,-410.456665369647,-305.8228341778872,49348.193558458624,51208.0,53067.806441541376,7.263733953840711,0.3607381960752081,-1,-0.029225689010052527
2022-07-11,51290,51290,50210,50210,998100,FPT,40.03957376995621,-815.9291285801519,-408.08503552181173,-407.84409305834015,49517.016817179654,50736.0,51954.983182820346,4.805200184564593,0.28424640823058756,1,-0.04698902221310969
2022-07-12,50210,50630,50140,50630,602800,FPT,42.01356541802246,-851.1995886076475,-354.6843964394458,-496.5151921682017,50098.02439097084,50508.0,50917.97560902916,1.6234086046929714,0.6487893393083803,-1,-0.22114157985234162
2022-07-13,50930,50930,50020,50020,1140700,FPT,39.95611633443848,-917.793828360147,-337.0229089535562,-580.7709194065908,49823.04351855686,50386.0,50948.95648144314,2.2345750067206893,0.17493046792732878,0,0.11055266927022578
2022-07-14,50210,50630,49830,50210,891300,FPT,40.926493915586235,-944.3529184413346,-290.865599227795,-653.4873192135396,49767.12394475509,50352.0,50936.87605524491,2.3231492502578224,0.3786067588794182,-1,-0.048781153478066296
2022-07-15,50930,50930,49830,49830,1382300,FPT,39.54981973626118,-984.712856044076,-264.980429464429,-719.732426579647,49586.367116814734,50180.0,50773.632883185266,2.3660138827631174,0.20520500976799078,1,-0.0477051441016677
2022-07-18,50210,51230,49890,50320,1264900,FPT,42.24752437098051,-966.0237717608252,-197.03307614494247,-768.9906956158827,49594.80974974984,50202.0,50809.19025025016,2.4189882883158504,0.5971688856593005,0,-0.20761804285978927
2022-07-19,50260,50320,49830,50320,1185400,FPT,42.247524370980514,-940.372508897759,-137.1054506255009,-803.267058272258,49715.50029446552,50140.0,50564.49970553448,1.6932577005763034,0.7120142813448663,1,0.10499730732460813
2022-07-20,51530,52090,50930,51480,2848900,FPT,48.55132240109493,-817.023257265464,-11.004959194564776,-806.0182980708993,49193.016545712235,50432.0,51670.983454287765,4.913481338387394,0.9229273588655174,0,0.08778732958342977
2022-07-21,52090,52090,51230,51530,1804200,FPT,48.81068520904696,-707.0826953624928,79.14848216672522,-786.231177529218,49165.340011629356,50696.0,52226.659988370644,6.038582879795818,0.7724315022070237,0,-0.05320053928943924
2022-07-22,52390,52450,51590,51590,1307200,FPT,49.14201354106842,-608.1026802491906,142.50279782402208,-750.6054780732127,49716.5797057282,51048.0,52379.4202942718,5.2163465533294024,0.7035420379018783,0,-0.010270930336691311
2022-07-25,52740,52740,51590,51770,2245900,FPT,50.183746156789596,-509.26531592682295,193.0721297171118,-702.3374456439348,50178.91415330926,51338.0,52497.08584669074,4.515508382448625,0.6863537550878509,-1,-0.024654859279071774
2022-07-26,52140,52140,51420,51420,1128800,FPT,48.11978736486752,-453.94526905399835,198.71374127194917,-652.6590103259475,51289.895542747305,51558.0,51826.104457252695,1.040011083644421,0.24263762450258056,0,0.06972161538897868
2022-07-27,51290,51650,51170,51650,771100,FPT,49.58710473755204,-387.08260818151757,212.46112171554398,-599.5437298970616,51330.31316426163,51592.0,51853.68683573837,1.0144473396587528,0.6108194835944805,0,0.0837480724135693
2022-07-28,51650,52020,50380,51480,1664800,FPT,48.49534239400255,-343.847388316397,204.5570732645317,-548.4044615809287,51305.08846178109,51582.0,51858.91153821891,1.0736750735485714,0.31582565924110384,-1,0.14009308605337684
2022-07-29,51590,51650,50630,50630,1941800,FPT,43.35541065965637,-373.8614196093404,139.63443357727067,-513.495853186611,50496.35577549073,51390.0,52283.64422450927,3.4778915139492876,0.07477484934379676,1,0.020445867104754285
2022-08-01,50930,51060,50380,50930,1815100,FPT,45.548975075010965,-369.18453336182574,115.44905585982826,-484.633589221654,50370.71861291416,51222.0,52073.28138708584,3.323889684455262,0.3284938420892804,0,0.17478585696727209
2022-08-02,50930,51480,50630,51110,1314800,FPT,46.87820656741299,-346.9541007364314,110.14359078817813,-457.09769152460956,50336.10680303889,51160.0,51983.89319696111,3.2208490889800925,0.46965626116077747,1,0.05262136450047372
2022-08-03,51530,51650,51060,51420,2249500,FPT,49.179172393307965,-300.85385750301066,124.99506721727914,-425.8489247202898,50409.92614023897,51114.0,51818.07385976103,2.754915912513333,0.7173067468403518,1,-0.04961510038863501
2022-08-04,51590,52500,51480,52200,3046800,FPT,54.51743551202247,-199.08467710642435,181.4113980910924,-380.49607519751675,50059.0504597779,51258.0,52456.9495402221,4.678097234469156,0.8928438889202538,0,0.003722622531662647
2022-08-05,52200,52860,51910,52020,1773100,FPT,53.13047365936463,-131.44119187142496,199.24390666087345,-330.6850985322984,50423.65113386188,51536.0,52648.34886613812,4.316783864242936,0.7175576452378484,0,-0.007687492361307531
2022-08-08,52090,52390,51710,52140,1586800,FPT,53.97119528592912,-67.3736043867757,210.64919531641817,-278.02279970319387,50807.391943162045,51778.0,52748.608056837955,3.7491137426627326,0.6864810401323697,0,0.02158301439140359
2022-08-09,52140,53050,51960,52260,2320800,FPT,54.843496830921254,-6.837761150803999,216.94803084191193,-223.78579199271593,51327.05947396359,52008.0,52688.94052603641,2.6185991618074427,0.6850381864234399,0,-0.007125322864603366
2022-08-10,52330,52570,52140,52140,1121400,FPT,53.746583064210405,31.0958796882187,203.90533734474772,-172.80945765652902,51974.01123631329,52152.0,52329.98876368671,0.6825769431151762,0.4662900068761594,0,0.10732687918548348
2022-08-11,52260,52620,51960,52140,1852800,FPT,53.74658306421041,60.461599665359245,186.6168458575106,-126.15524619215137,51970.29437251898,52140.0,52309.70562748102,0.6509613635635465,0.5,1,-0.0006645926401459932
2022-08-12,51960,52450,51960,52450,1243100,FPT,56.361551581682,107.50925378232932,186.93159997958455,-79.42234619725522,51954.85428272104,52226.0,52497.14571727896,1.0383552915366279,0.9130620285061422,1,-0.23753372935649741
2022-08-15,52500,54030,52500,53910,3085000,FPT,66.08621799753521,259.6120112382705,271.22748594842056,-11.615474710150075,51071.557094219774,52580.0,54088.442905780226,5.737705993838822,0.9408519523356011,0,-0.0208665394308472
2022-08-16,53910,54190,53410,53780,1382800,FPT,64.70357870807644,365.451926495909,301.65392096484726,63.79800553106175,51108.91690335391,52884.0,54659.08309664609,6.7131196454356425,0.7523825509050633,0,-0.0563449805766885
2022-08-17,53970,54030,53360,53540,1506200,FPT,62.11965547831368,425.06494356105395,289.01355042399376,136.0513931370602,51540.50993227594,53164.0,54787.49006772406,6.107478999789551,0.6157999077035031,0,-0.12977392201740737
2022-08-18,53300,54390,53300,53540,2552900,FPT,62.119655478313696,466.92625387065345,264.69988858687464,202.22636528377885,52287.920417964815,53444.0,54600.079582035185,4.326321315901448,0.5415196330303662,-1,-0.1242717480199713
2022-08-19,53360,53660,52260,52680,1957600,FPT,53.27761225554193,425.798491248599,178.85770077185612,246.9407904767429,52530.00000000071,53490.0,54449.99999999929,3.589455973076414,0.07812499999968665,0,0.23696550742160058
2022-08-22,52500,52930,52090,52620,1634000,FPT,52.713863077328014,383.9371559606734,109.59709238714436,274.34006357352905,52150.66748869802,53232.0,54313.33251130198,4.0627160779305,0.21701581446805873,0,0.16994324526482135
2022-08-23,52200,52740,52200,52740,1085700,FPT,53.767529046231914,356.3371108666033,65.59763783445942,290.7394730321439,52078.10359975383,53024.0,53969.89640024617,3.5678047685809164,0.34987785135555644,0,0.07056165198501012
2022-08-24,53060,53240,52800,52860,1008000,FPT,54.85096263734702,340.22497170895076,39.58839894144546,300.6365727675053,52137.74670943829,52888.0,53638.25329056171,2.8371399582578722,0.4813396353256668,0,0.11318001178979711
2022-08-25,52860,53170,52740,52930,1143900,FPT,55.505988177876226,329.30833878817793,22.937412816538085,306.37092597163985,52510.81379347879,52766.0,53021.18620652121,0.9672372608164792,0.8213339824195551,1,0.04273348124508685
2022-08-26,53000,53860,52930,53480,1936600,FPT,60.370883122969204,360.87726355066843,43.605070063222854,317.2721934874456,52263.03695427371,52926.0,53588.96304572629,2.5052452319324723,0.9178211768900943,-1,-0.05715236761637852
2022-08-29,53360,53360,51960,53060,2228000,FPT,55.39033462307747,347.9939167001867,24.577378570192877,323.4165381299938,52443.807050202595,53014.0,53584.192949797405,2.1511032927053426,0.5403372227035991,0,0.050531804882774256
2022-08-30,53060,53360,52740,53000,1153200,FPT,54.69612149915851,329.1480590059364,4.585216700754017,324.56284230518236,52579.461204014864,53066.0,53552.538795985136,1.8337119661747106,0.43217395966711736,0,0.03392911154031935
2022-08-31,52620,53360,52620,53120,1173700,FPT,55.886926974104455,320.2044604249022,-3.486705504224119,323.6911659291263,52689.42095245024,53118.0,53546.57904754976,1.613686688315687,0.5023332918529665,0,-0.018217654196065438
2022-09-05,53060,53170,52680,52860,1020900,FPT,52.657380945464,288.80757309874025,-27.90687426430884,316.7144473630491,52641.48513537545,53104.0,53566.51486462455,1.741921002653475,0.23622469388300793,0,-0.0484679369003627
2022-09-06,52740,53000,52620,52620,1171600,FPT,49.79679364802879,241.77231866259535,-59.95370296036299,301.72602162295834,52533.402458614364,52932.0,53330.597541385636,1.5060739869479176,0.10862779168757379,-1,-0.04369293601934415
2022-09-07,52440,52680,51520,51520,2236400,FPT,39.26757469915723,114.41680799423193,-149.84737090298114,264.26417889721307,51334.84523815071,52624.0,53913.15476184929,4.899493622108891,0.07181246477486034,0,0.007675037472962451
2022-09-08,51580,52130,51390,51700,1135600,FPT,41.44925788237634,27.691928604566783,-189.25780023411704,216.94972883868382,50937.00315347275,52364.0,53790.99684652725,5.4502973284212315,0.26734356434777107,0,-0.08789596840782649
2022-09-09,51900,52130,51700,51700,1145400,FPT,41.44925788237634,-40.570491756050615,-206.01617647578757,165.44568471973696,50854.275724316954,52080.0,53305.724275683046,4.707082471901097,0.3449896083732854,0,-0.07640732444843668
2022-09-12,51700,51700,51700,51700,1145400,FPT,41.449257882376344,-93.59010324364499,-207.22863037070556,113.63852712706058,50970.91391528611,51848.0,52725.08608471389,3.3832976574367004,0.4156297183484114,0,-0.09795389287159144
2022-09-13,52130,52320,51700,51900,1046400,FPT,44.22952756195591,-118.10871505594696,-185.39779374640602,67.28907869045908,51435.07621897877,51704.0,51972.92378102123,1.0402436214653756,0.8644155218547364,-1,0.003449449152950343
2022-09-14,51210,51830,51210,51520,1309200,FPT,40.31269804179237,-166.285875705973,-186.85996351714567,20.574087811172667,51435.07621897877,51704.0,51972.92378102123,1.0402436214653756,0.15789563254453318,0,-0.02271366411710772
2022-09-15,51830,51830,51330,51330,780500,FPT,38.47789939429736,-217.2932138140386,-190.29384130016902,-26.99937251386959,51200.11629479735,51630.0,52059.88370520265,1.6652477443449551,0.15106842109940186,-1,-0.04210422099740434
2022-09-16,51330,51460,50600,50600,1360100,FPT,32.38003452735959,-313.01357029398787,-228.81135822409462,-84.20221206989325,50410.6001801087,51410.0,52409.3998198913,3.8879588402696097,0.09475678108082045,1,-0.2211914136898069
2022-09-19,50600,51260,50230,50970,1783700,FPT,37.76365080155608,-354.9253758518462,-216.57853102556234,-138.34684482628384,50263.14036948292,51264.0,52264.85963051708,3.904727022928681,0.35312625715151025,0,-0.10573763686153047
2022-09-20,50970,51390,50470,51160,575000,FPT,40.38827658356108,-368.5608317635415,-184.17118954980612,-184.38964221373539,50409.94051242208,51116.0,51822.05948757792,2.7625772266136654,0.5311588476425254,-1,0.018402436978259253
2022-09-21,51100,51100,50470,50470,775400,FPT,34.67008885023826,-430.086492870847,-196.5574805256893,-233.5290123451577,50176.534442212105,50906.0,51635.465557787895,2.8659315514394956,0.2011510719421966,1,-0.06690112794886774
2022-09-22,50290,50910,50230,50850,1172400,FPT,39.73086615713175,-443.075697523338,-167.63734814254428,-275.43834938079374,50253.762640594134,50810.0,51366.237359405866,2.1894798638294284,0.5359558732649,-1,0.07906609260861175
2022-09-23,50970,50970,50350,50540,840600,FPT,37.19922672054898,-472.93247384624556,-157.99529957236143,-314.9371742738841,50217.06971158424,50798.0,51378.93028841576,2.2872171676670683,0.27794237523439713,-1,0.07075684496746197
2022-09-26,49990,50290,49240,49990,1863600,FPT,33.16185850089949,-534.8096350810447,-175.89796864572844,-358.91166643531625,49725.256023688315,50602.0,51478.743976311685,3.4652542441472094,0.1509813488684683,-1,0.0923578154949597
2022-09-27,50290,50290,49370,49370,932900,FPT,29.301183105267203,-626.6528852213451,-214.192975028823,-412.45991019252205,49088.872301432064,50244.0,51399.127698567936,4.598072201926343,0.12168684852612517,-1,0.195716110679402
2022-09-28,49120,49300,47840,47840,2048400,FPT,22.377704125181744,-813.5197862119312,-320.8479008155273,-492.6718853964039,47334.91796196629,49718.0,52101.08203803371,9.586395422316706,0.10597244030475239,-1,-0.04279786187733413
2022-09-29,48940,49120,47220,47220,1303900,FPT,20.285911226473107,-1000.1132865753607,-405.95312094316546,-594.1601656321952,46163.16985310201,48992.0,51820.83014689799,11.548130906670442,0.18679632427858547,1,0.05627313742323986
2022-09-30,47220,49570,47160,49370,2109900,FPT,40.912599129197865,-963.3975015429969,-295.3898687286413,-668.0076328143556,46418.11111374943,48758.0,51097.88888625057,9.59796909738123,0.6307754405767247,-1,0.01610105389743167
2022-10-03,48830,49240,46860,47220,1245600,FPT,31.99639272517576,-1095.1626557023483,-341.72401831039406,-753.4386373919542,46015.82267628993,48204.0,50392.17732371007,9.078820528213724,0.2751553337707521,1,-0.02445046348443558
2022-10-04,47840,48450,47350,47550,2040000,FPT,34.360927166293045,-1159.5921906624862,-324.92284261642556,-834.6693480460607,46052.879410896116,47840.0,49627.120589103884,7.471239921002861,0.4188638971068498,1,-0.11739464904643948
2022-10-05,48450,48780,48090,48090,971900,FPT,38.15069841573112,-1153.7795221479246,-255.2881392814911,-898.4913828664335,46088.94475376267,47890.0,49691.05524623733,7.5216339370947205,0.5555230053097564,-1,0.08585657139437486
2022-10-06,48390,48390,46920,46920,1266700,FPT,33.62128784826481,-1229.4102858798433,-264.73512241072785,-964.6751634691154,45901.840255580726,47830.0,49758.159744419274,8.062553813168613,0.2640237011912944,-1,0.14292722715199987
2022-10-07,46740,46740,45380,45380,2061000,FPT,28.778199825181453,-1397.50378697033,-346.2628988009717,-1051.2408881693584,44991.24523766351,47032.0,49072.75476233649,8.678154287874163,0.0952477900606238,0,0.02406207671139345
2022-10-10,45080,46300,44220,45380,1625600,FPT,28.778199825181453,-1513.2750053521013,-369.62729374619425,-1143.647711605907,44177.773944308545,46664.0,49150.226055691455,10.655863430873715,0.24177730197528216,-1,-0.0824094576644413
2022-10-11,45380,45380,43540,43540,1593600,FPT,23.989701585078667,-1733.5142789520396,-471.8932538769059,-1261.6210250751337,42406.615795602585,45862.0,49317.384204397415,15.068615430628471,0.1640026314519583,1,0.1242150192794067
2022-10-12,43540,44970,43540,44400,1463100,FPT,29.863825378136017,-1817.7072793058178,-444.8690033845471,-1372.8382759212707,42596.17089185222,45124.0,47651.82910814778,11.203923003934847,0.35679411680434014,1,0.20533557176545988
2022-10-13,44280,44770,43870,44770,829200,FPT,32.288325268534,-1833.440173835923,-368.4815183317219,-1464.958655504201,43156.105335206856,44694.0,46231.894664793144,6.881884211720339,0.5247091045114661,1,-0.020759283754209327
2022-10-14,45630,45700,45140,45380,844200,FPT,36.20382780718908,-1776.2116419283266,-249.00238913930025,-1527.2092527890263,43156.105335206856,44694.0,46231.894664793144,6.881884211720339,0.7230321801956023,0,-0.015705719570217467
2022-10-17,45080,45330,44530,45270,706800,FPT,35.801781455871456,-1719.907673716647,-154.1587367420966,-1565.7489369745504,43180.73208309197,44672.0,46163.26791690803,6.676521834294544,0.7005005248285243,1,0.12916788072741858
2022-10-18,45380,46180,45380,45950,879000,FPT,40.22124363042757,-1601.9497764144253,-28.96067155189985,-1572.9891048625254,43964.83222378035,45154.0,46343.16777621965,5.267164708418517,0.8346878446918884,1,0.021811639228118455
2022-10-19,45950,46740,45820,46300,1023700,FPT,42.41846345613269,-1463.3565545803212,87.70604022576345,-1551.0625948060847,44335.2840202954,45534.0,46732.7159797046,5.265146834034335,0.8195085462149122,1,0.04592998459295122
2022-10-20,46500,48140,46180,47720,1730300,FPT,50.38618644855944,-1224.8193402706383,260.99460362835725,-1485.8139438989956,44151.35710276819,46124.0,48096.64289723181,8.553650582047567,0.9045334313269905,-1,-0.05841523560621549
2022-10-21,47660,47660,45330,45330,1564900,FPT,40.28283901242883,-1214.6284248967204,216.94841520182035,-1431.5768400985407,44122.08634725319,46114.0,48105.91365274681,8.639084237961605,0.30320432090043653,-1,-0.21620039940684477
2022-10-24,45330,45700,43540,43610,1426100,FPT,34.864647988165615,-1330.0101473257455,81.25335421823638,-1411.2635015439819,42786.289733635924,45782.0,48777.710266364076,13.086847522450203,0.13748163091950505,1,0.005629579845417182
2022-10-25,43800,45700,43610,44900,1564600,FPT,41.2473908227284,-1302.3461390028897,87.13389003287375,-1389.4800290357634,42489.22851965976,45572.0,48654.77148034024,13.529234970333722,0.39100716607028035,1,0.0015972350223779322
2022-10-26,45700,45700,44600,45270,625100,FPT,42.97348354803846,-1236.3148374507582,122.5321532680041,-1358.8469907187623,42390.68152965113,45366.0,48341.31847034887,13.116953094162469,0.4838672732084469,1,-0.019710708700284407
2022-10-27,45440,46740,45200,46500,935900,FPT,48.40060617249746,-1072.3721956369773,229.17983606542816,-1301.5520317024054,43048.48125159207,45122.0,47195.51874840793,9.190721813784535,0.8322853967580578,-1,0.014594456057649266
2022-10-28,46810,46810,45820,46000,875800,FPT,46.46478044586773,-971.5923800206292,263.96772134542107,-1235.5601013660503,43033.99189920487,45256.0,47478.00810079513,9.81972821634758,0.6674161313214305,1,0.0228605267657168
2022-10-31,46000,46610,45200,46370,1084700,FPT,48.118435502977334,-852.0458876714038,306.8113709557174,-1158.8572586271212,44413.19535418069,45808.0,47202.80464581931,6.089786263619075,0.7014619042474867,0,0.11407337163508842
2022-11-01,46810,47100,46000,46300,561500,FPT,47.81750015542957,-754.258226854523,323.67922541807866,-1077.9374522726016,45102.56608542271,46088.0,47073.43391457729,4.2763145051956695,0.6075668275994637,-1,0.11248543209465883
2022-11-02,46120,46610,45380,45380,978200,FPT,43.928955819171655,-742.4387407233007,268.3989692394407,-1010.8377099627414,45215.125707152605,46110.0,47004.874292847395,3.881476004543027,0.09212148240552445,0,0.10532517885084457
2022-11-03,45700,46440,45200,45440,622400,FPT,44.24738549289371,-719.931294429909,232.725132426266,-952.656426856175,44963.71952819342,45898.0,46832.28047180658,4.0711162656611695,0.2548915910045817,-1,-0.028077877473057775
2022-11-04,45380,45380,43870,44710,1646800,FPT,41.18296214996089,-752.3265283091168,160.26391883764654,-912.5904471467634,44246.80223945086,45640.0,47033.19776054914,6.105161089172397,0.16623546694712157,0,0.10923483798761989
2022-11-07,44530,45380,44530,44530,1572400,FPT,40.439260606974884,-783.4928622223379,103.2780679395405,-886.7709301618784,43870.900431803944,45272.0,46673.099568196056,6.189695918872839,0.2352079692111603,1,-0.08616829975747997
2022-11-08,43870,45330,43800,44970,945000,FPT,43.1421982193289,-763.8825214167737,98.31072699608376,-862.1932484128574,44203.67836873284,45006.0,45808.32163126716,3.565398530272219,0.4775651069365144,1,0.042028171612949417
2022-11-09,44970,45570,44970,45380,697700,FPT,45.61871497402628,-707.1065276640802,124.0693765990219,-831.1759042631021,44203.67836873284,45006.0,45808.32163126716,3.565398530272219,0.733073611270656,-1,-0.010542289346074317
2022-11-10,45080,45200,42380,44770,1595200,FPT,42.64275476626218,-703.2266860895907,102.35937453880922,-805.5860606283999,44222.939139988244,44872.0,45521.060860011756,2.892943751166677,0.4214249338666388,0,-0.0473801373007272
2022-11-11,44830,45140,44150,44650,1002900,FPT,42.061449309410804,-701.7455944162502,83.07237296971982,-784.8179673859701,44193.96696778673,44860.0,45526.03303221327,2.969384896180438,0.34235016144608027,-1,-0.07697349256761439
2022-11-14,44150,44400,42930,43430,1639000,FPT,36.598953875695464,-789.910031487947,-4.073651281581533,-785.8363802063654,43177.9466494005,44640.0,46102.0533505995,6.550418237452944,0.08619841078170841,-1,0.016273474293570914
2022-11-15,42930,42930,40410,40410,3114900,FPT,27.186675665647243,-1090.8945900884137,-244.04656790563854,-846.8480221827751,39757.750637554454,43728.0,47698.249362445546,18.158842674924742,0.08214211538135995,1,-0.09719821188754417
2022-11-16,37590,42930,37590,42500,3050400,FPT,38.897989309715804,-1147.5532090478882,-240.56414949209034,-906.9890595557979,39562.727093128844,43152.0,46741.272906871156,16.635488074115482,0.4091738052640358,1,0.06039647981374219
2022-11-17,42500,44150,39560,43540,1546300,FPT,43.7465789413877,-1095.9033725170084,-151.13145036896844,-944.77192214804,39725.91824004487,42906.0,46086.08175995513,14.823482776092527,0.5996829716744367,1,-0.013688334864344226
2022-11-18,43000,44150,42440,43870,1261700,FPT,45.23167541282525,-1016.6232627276695,-57.481072463703526,-959.142190263966,39943.044353752746,42750.0,45556.955646247254,13.131956239753235,0.6995043992763795,-1,0.00033271976504669807
2022-11-21,42630,44040,42630,43000,840500,FPT,42.07777152687032,-1012.3254757106333,-42.546628357333816,-969.7788473532995,39935.975073427784,42664.0,45392.024926572216,12.788416119314721,0.5615830150097247,1,-0.06673645600949712
2022-11-22,42930,44150,42380,43230,1176300,FPT,43.20524740329239,-979.0742126549958,-7.436292241357023,-971.6379204136388,42183.26079809394,43228.0,44272.73920190606,4.833622660803448,0.5009571766792856,0,0.0024176848085885293
2022-11-23,42930,43540,42750,43230,465900,FPT,43.20524740329239,-941.8651123959644,23.81824641413948,-965.6833588101039,42699.52242439107,43374.0,44048.47757560893,3.110054759113429,0.3932507134355101,0,-0.04135116979432352
2022-11-24,42820,43540,42560,43230,788400,FPT,43.20524740329239,-901.9791778637227,50.963344757105006,-952.9425226208277,42657.11069637739,43312.0,43966.88930362261,3.0240547821509387,0.4373939996069518,1,-0.09441928970312638
2022-11-25,43300,44150,43230,44150,1267400,FPT,48.238860871770044,-787.0602356761956,132.7058295557058,-919.7660652319014,42471.294920277964,43368.0,44264.705079722036,4.135330565034294,0.9360407996363793,1,-0.049214891306122534
2022-11-28,44400,45700,44340,45570,1146800,FPT,54.88511183784778,-574.778326718144,275.99019081100596,-850.7685175291499,41833.46881888528,43882.0,45930.53118111472,9.336544282916542,0.9120025156467149,0,0.10306832278344612
2022-11-29,45950,45950,44770,45570,1143800,FPT,54.88511183784778,-401.91041141804453,359.08648488888434,-760.9968963069289,41999.34051806749,44350.0,46700.65948193251,10.600493717846724,0.7595016439805693,0,-0.05249654247408099
2022-11-30,45700,45950,45080,45760,911500,FPT,55.76648333654619,-246.73571525508305,411.4089448414767,-658.1446600965597,42624.605816983654,44856.0,47087.394183016346,9.94914474325105,0.7025639411630074,0,-0.06898968246830234
2022-12-01,46060,46500,45440,45820,1776500,FPT,56.058425661884115,-117.56197079402045,432.46615144203145,-550.0281222360519,43987.30609001151,45374.0,46760.69390998849,6.112284171501262,0.660814148236831,1,0.03776667474689286
2022-12-02,45820,47660,45380,47480,2901400,FPT,63.27941504741863,117.40391983267182,533.945633654979,-416.54171382230714,44414.51545685629,46040.0,47665.48454314371,7.061183940676426,0.9429448456073956,1,0.026236311578985608
2022-12-05,47840,48450,47480,48020,1216400,FPT,65.27832015331404,343.2329917500829,607.819764457912,-264.58677270782914,44262.57855703906,46530.0,48797.42144296094,9.746062510040584,0.8285670611931464,-1,0.07653122907069743
2022-12-06,48020,48390,46610,46610,1537700,FPT,56.6125815961875,403.77448123808426,534.6890031567307,-130.91452191864647,44735.58146233134,46738.0,48740.41853766866,8.568695869179932,0.4680386498646218,1,-0.0672087769624707
2022-12-07,46560,46980,45890,46920,1029400,FPT,57.93475170252944,471.3351982872264,481.7997761646983,-10.464577877471896,45291.54833254006,46970.0,48648.45166745994,7.14690937815603,0.4851053202873376,1,0.17291320552002526
2022-12-08,47160,48320,46370,47220,1267300,FPT,59.229582229272054,542.8276666500897,442.63379562204926,100.19387102804042,46170.555698519354,47250.0,48329.444301480646,4.569076408383685,0.48610396110348175,1,-0.14896105943175939
2022-12-09,46810,47840,46740,47840,987500,FPT,61.84361942484698,642.1129034967744,433.53522597498716,208.57767752178722,46124.30220840187,47322.0,48519.69779159813,5.0619068999540735,0.7162482070325992,-1,-0.11948908966065999
2022-12-12,47600,47960,46860,47220,1213500,FPT,57.84924321414889,663.1242667983388,363.6372714212413,299.4869953770975,46251.13228183284,47162.0,48072.86771816716,3.862718791260588,0.5318377733907989,0,-0.046912312401629755
2022-12-13,46740,47410,46120,47350,899700,FPT,58.455152465057395,682.3995597918911,306.33005153183484,376.06950826005624,46638.58358673693,47310.0,47981.41641326307,2.838369956724027,0.5297877734367565,-1,0.0725154496752266
2022-12-14,47350,47550,46670,46810,1158000,FPT,54.92336596095214,646.647728834796,216.46257645979182,430.1851523750042,46548.89243002183,47288.0,48027.10756997817,3.1259836321188135,0.17663705567640406,1,0.07457125994829981
2022-12-15,46860,47890,46860,47660,1170500,FPT,59.111168483829026,679.0740979842594,199.11115648740417,479.96294149685525,46575.17542495311,47376.0,48176.82457504689,3.380718401920349,0.6773172357899796,0,0.0989107868537295
2022-12-16,47220,47840,46860,47780,910900,FPT,59.68067018231125,706.3132863721912,181.08027590026882,525.2330104719224,46596.84942807879,47364.0,48131.15057192121,3.239382534926135,0.7711332137563254,-1,0.02483491205270494
2022-12-19,48020,48020,46980,46980,1026200,FPT,54.255339281200605,655.787712757352,104.44376182834367,551.3439509290083,46477.11979401166,47316.0,48154.88020598834,3.5458627356003816,0.2997330264789494,0,0.039623340600018715
2022-12-20,47350,47350,46240,46980,785800,FPT,54.255339281200605,608.7287851359579,45.907867365559696,562.8209177703982,46354.261299706355,47242.0,48129.738700293645,3.758260447456267,0.35243405524996485,1,-0.0944285755892502
2022-12-21,47350,47480,46440,47350,544100,FPT,56.38219229842309,594.4378442914312,25.293541216826384,569.1443030746049,46605.15102201921,47350.0,48094.84897798079,3.1461414064658637,0.5,0,-0.026744149678327295
2022-12-22,47350,47550,46610,47350,657800,FPT,56.38219229842309,576.4670177688968,5.858171755433432,570.6088460134633,46625.067122553846,47288.0,47950.932877446154,2.8038101736007177,0.5467618986094379,1,0.043778664172531595
2022-12-23,46860,47840,46740,47840,1221000,FPT,59.289351467763034,594.9062047638508,19.437887000309956,575.4683177635409,46591.90396131666,47300.0,48008.09603868334,2.9940635885130633,0.8813042091042456,-1,0.03878408995602836
2022-12-26,47660,47890,46860,46860,832500,FPT,51.84650378218653,524.3966651756928,-40.85732207027854,565.2539872459713,46508.067711318865,47276.0,48043.932288681135,3.248719386924169,0.2291427863292165,0,0.18340441431494736
2022-12-27,46860,46980,46810,46860,123900,FPT,51.84650378218653,463.178118031974,-81.66069537119779,544.8388134031718,46432.07317399719,47252.0,48071.92682600281,3.4704428426428984,0.26095427813295136,0,-0.03540038673365338
2022-12-28,47220,47220,46610,47040,589200,FPT,53.10064122095917,424.29546009279875,-96.43468264829846,520.7301427410972,46360.30125949291,47190.0,48019.69874050709,3.516417633003138,0.4096057444245824,-1,0.1004541638034226
2022-12-29,46920,47220,46740,46740,655300,FPT,50.72921883305947,365.06493937016785,-124.53216269674351,489.59710206691136,46178.685657374706,47068.0,47957.314342625294,3.7788490805867836,0.3155882659939285,1,-0.0913954581477906
2022-12-30,46740,47160,46610,47160,628600,FPT,53.83743893151691,348.0032500362504,-113.27508162452881,461.2783316607792,46599.01351378913,46932.0,47264.98648621087,1.419016816717265,0.8423562358257571,1,0.01867235767421399
2023-01-03,47160,49060,47100,49060,1535200,FPT,64.68955635909792,482.2369321816295,16.766880416680237,465.4700517649493,45457.298978952844,47372.0,49286.701021047156,8.083682432859732,0.9407998902817807,0,-0.018047045827978583
2023-01-04,49570,49700,48640,49060,794300,FPT,64.68955635909792,581.9101938945969,93.15211370371804,488.75808019087884,45513.026315940304,47812.0,50110.973684059696,9.61672251342632,0.7714254644699087,1,-0.06668150764154178
2023-01-05,49180,49990,49180,49430,1012600,FPT,66.46979525090187,682.8859950213373,155.3023318643668,527.5836631569705,45807.09847154605,48290.0,50772.90152845395,10.283294795833296,0.7295701192608017,0,-0.05492117620986536
2023-01-06,49300,49740,49180,49240,719400,FPT,64.66680622551574,739.0592181830725,169.18044402088162,569.8787741621909,46942.08225291304,48790.0,50637.91774708696,7.5749856408565766,0.6217586661282342,0,0.04155798777935988
2023-01-09,49370,49630,49010,49240,518900,FPT,64.66680622551574,774.6472509373343,163.81478142011474,610.8324695172196,48897.58469558254,49206.0,49514.41530441746,1.2535678755333088,0.5551204812358773,0,-0.03609512125996247
2023-01-10,49500,49860,49180,49300,752700,FPT,65.01436283045369,798.488048668587,150.1244633210939,648.3635853474931,48987.31666718951,49254.0,49520.68333281049,1.0828900507998995,0.5862446098809786,1,-0.13502101479338346
2023-01-11,49300,50060,49300,49630,1076900,FPT,66.94049619766736,834.3919437723598,148.82268673989336,685.5692570324665,49036.51847713801,49368.0,49699.48152286199,1.342900351895932,0.8951954813920057,0,-0.06800324523997628
2023-01-12,49700,49990,49180,49500,542500,FPT,65.41267485891035,842.64266564828,125.65872689265075,716.9839387556292,49032.02857259641,49382.0,49731.97142740359,1.4174048333546103,0.6685851911903689,-1,-0.14813326022998483
2023-01-13,49370,49800,49060,49060,628300,FPT,60.38885084935344,804.4044259140501,69.93638972673659,734.4680361873135,48899.32338319663,49346.0,49792.67661680337,1.8103863202827863,0.1798578778907763,1,-0.22783878589079115
2023-01-16,49120,49700,48880,49570,574500,FPT,63.854094673586644,805.9624497585683,57.195530857003746,748.7669189015645,48946.5110097984,49412.0,49877.4889902016,1.8841131312296617,0.6697140032587787,1,0.009976726943383647
2023-01-17,49800,50290,49700,50290,978200,FPT,68.09727199567459,855.4342638845337,85.33387598637535,770.1003878981584,48727.39023345598,49610.0,50492.60976654402,3.55819297135262,0.8852212074780429,1,-0.019139584923916864
2023-01-18,50350,51160,50160,51160,954600,FPT,72.32486577326144,953.8474029987847,146.99761208050109,806.8497909182836,48268.90558862011,49916.0,51563.09441137989,6.599464746293335,0.8776346976242275,1,0.12804271707360262
2023-01-19,50910,51650,50850,51460,1327200,FPT,73.62288010507093,1044.0132823276217,189.7307931274704,854.2824892001513,48269.500551876736,50308.0,52346.499448123264,8.104076680143374,0.7825607828985639,0,-0.04669123431894719
2023-01-27,51580,52440,51520,51520,1140700,FPT,73.88667513112416,1107.5448028008905,202.60985088059124,904.9349519202992,49109.85207747996,50800.0,52490.14792252004,6.654125679212749,0.7129991080681471,0,0.020252465359069206
2023-01-30,51650,51770,51330,51330,891000,FPT,71.44983253099012,1129.5419222280907,179.68557624623315,949.8563459818575,50149.463217633,51152.0,52154.536782367,3.9198341506373247,0.5887747976586654,0,-0.12249162202801363
2023-01-31,51210,51330,50110,51210,1529100,FPT,69.88221417683188,1124.3312104148936,139.57989154642883,984.7513188684648,51025.96774361564,51336.0,51646.03225638436,1.2078551362956145,0.29679533757320853,-1,-0.052902831722329596
2023-02-01,51520,51520,50160,50290,1048300,FPT,59.16472111821198,1034.0455392174918,39.43537627922149,994.6101629382703,50158.0677313689,51162.0,52165.9322686311,3.9245231563703484,0.06570775377655391,0,-0.0647079525117371
2023-02-02,50350,50540,49860,50230,1325200,FPT,58.53422196085341,946.7385827042235,-38.29726418723749,985.035846891461,49697.34500370335,50916.0,52134.65499629665,4.78692354582706,0.21854216243125735,-1,0.004511439204073495
2023-02-03,50290,50290,49120,49120,1729000,FPT,48.28306405623028,778.9996443225609,-164.8289620551202,943.8286063776811,48648.84583765171,50436.0,52223.15416234829,7.086819582632611,0.13181687743412207,1,0.02360885189681404
2023-02-06,49060,50060,48880,49370,943400,FPT,50.39038481229061,658.6457792734218,-228.1462616834075,886.7920409568293,48381.85680520634,50044.0,51706.14319479366,6.6427271792568865,0.2972497188836754,0,-0.11172123148940845
2023-02-07,49370,50230,49370,49500,750800,FPT,51.49714415280965,567.2158761235478,-255.66093186662522,822.876807990173,48646.40538084031,49702.0,50757.59461915969,4.247694737272901,0.4043193303880219,1,-0.10567272124354109
2023-02-08,49570,50110,49430,49800,669700,FPT,54.04504358444679,513.0503864634011,-247.8611372214176,760.9115236848187,48749.52940366629,49604.0,50458.47059633371,3.4451681168200587,0.6146908979905101,-1,-0.1035901048819195
2023-02-09,49700,50060,49500,49500,743000,FPT,51.151323428716864,440.8346850320813,-256.06147092219,696.8961559542713,48965.577417253335,49458.0,49950.422582746665,1.9912757602275275,0.5426462975821801,0,0.10835275871973044
2023-02-10,49740,49800,49370,49500,725000,FPT,51.15132342871686,379.23167467954045,-254.13158501978467,633.3632596993251,49216.00628937211,49534.0,49851.99371062789,1.2839411742556164,0.4465398231731283,0,0.01117443471171633
2023-02-13,49500,49800,49060,49500,613200,FPT,51.151323428716864,326.6454793927478,-245.37422424526187,572.0197036380097,49291.67184270209,49560.0,49828.32815729791,1.0828416355847876,0.38819660112415033,0,0.057709842225871014
2023-02-14,49500,49700,49180,49570,619700,FPT,51.9018394387805,287.30705881884205,-227.7701158553341,515.0771746741761,49314.15389169955,49574.0,49833.84610830045,1.0483160862567125,0.49230313660234826,1,0.07096497976341103
2023-02-15,49370,50230,49240,50060,645200,FPT,56.89440242309513,292.30052351087215,-178.22132093064323,470.5218444415154,49137.00102249709,49626.0,50114.99897750291,1.9707370229432548,0.9437637090942766,0,0.10102304800108211
2023-02-16,50060,50290,49500,50060,424200,FPT,56.89440242309514,292.88172207572643,-142.1120978926312,434.9938199683576,49147.33935292854,49738.0,50328.66064707146,2.375088049666096,0.7725761413059254,0,0.0016032842147917878
2023-02-17,49800,50060,49700,50060,467600,FPT,56.89440242309514,289.99939363422163,-115.9955410673088,405.99493470153044,49272.7652124145,49850.0,50427.2347875855,2.315886810774313,0.681901718777557,1,-0.014046104462094845
2023-02-20,50060,50910,49930,50790,1275100,FPT,63.87218740050107,342.6699409392095,-50.6599950098568,393.3299359490663,49235.3717859255,50108.0,50980.6282140745,3.482989598764678,0.8907735213004314,0,-0.0037107322993775935
2023-02-21,50790,51330,50670,50790,840000,FPT,63.87218740050107,380.0309687030749,-10.639173796793159,390.67014249986806,49552.32506604318,50352.0,51151.67493395682,3.1763383140960424,0.7738612787528306,-1,-0.03660009709620674
2023-02-22,50470,50600,50160,50160,747200,FPT,54.96647166645301,354.71518169523915,-28.76396864370315,383.4791503389423,49604.484527844004,50372.0,51139.515472155996,3.047389312141649,0.36189203495502204,0,-0.06688973851284184
2023-02-23,50110,50110,49430,49930,1160500,FPT,52.10987428076327,312.49095903444686,-56.79055304359639,369.28151207804325,49519.12636999428,50346.0,51172.87363000572,3.284763953464906,0.24845007453126672,-1,0.013346562210425145
2023-02-24,49740,49860,49300,49570,559200,FPT,47.91266299455262,247.13020385536947,-97.72104657813907,344.85125043350854,49172.78839292033,50248.0,51323.21160707967,4.27961951552169,0.18471322503600787,-1,0.01694196681655713
2023-02-27,49060,49370,49010,49240,1015400,FPT,44.38359967025683,166.78055003865302,-142.45656031588442,309.23711035453744,48755.680246295924,49938.0,51120.319753704076,4.735150601562241,0.20481758516964477,0,-0.00441772297026581
2023-02-28,49060,49500,48780,49370,524300,FPT,46.068844346841274,112.2982793840929,-157.55106477635564,269.84934416044854,48885.0266584602,49654.0,50422.9733415398,3.0973268680863595,0.3153382018215902,0,0.09167878152650849
2023-03-01,48780,49370,48270,49370,1376400,FPT,46.068844346841274,68.33298722586187,-161.21308554766935,229.54607277353122,48956.444627495104,49496.0,50035.555372504896,2.1801978846973324,0.3832371926767751,-1,0.06544420463435761
2023-03-02,49060,49370,48940,49060,430800,FPT,42.506747893839844,8.379177275950497,-176.9335163980646,185.3126936740151,48945.861727553674,49322.0,49698.138272446326,1.5252352801846056,0.15172382180626534,-1,-0.04196766967513185
2023-03-03,48640,49060,48140,48140,740800,FPT,34.08390780115736,-112.07898353695782,-237.91334176877834,125.83435823182052,48002.5010885352,49036.0,50069.4989114648,4.215265973834725,0.0665210722234424,0,0.11022985504334384
2023-03-06,47890,48940,47890,47960,817200,FPT,32.717893119908524,-219.53675644123723,-276.2968917384462,56.76013529720897,47417.42890093803,48780.0,50142.57109906197,5.586597372127798,0.19909827070142994,1,-0.07443109131444363
2023-03-07,48520,49010,48320,48320,792000,FPT,38.064296685549934,-272.5075271617752,-263.41412996718736,-9.093397194587865,47345.418438813096,48570.0,49794.581561186904,5.042542973798246,0.39792431638538966,1,-0.05288676074297982
2023-03-08,48140,48780,48140,48780,510600,FPT,44.16916490182439,-274.2081876731827,-212.09183238287585,-62.116355290306835,47538.720196216425,48452.0,49365.279803783575,3.769833252635906,0.6795725683635768,1,-0.08317104843059746
2023-03-09,48780,49500,48580,49430,640300,FPT,51.451216914151864,-220.56388251632598,-126.75802178081531,-93.80586073551066,47345.52551912421,48526.0,49706.47448087579,4.86532778665371,0.8828968836875346,-1,-0.09027045669741413
2023-03-10,49180,49300,48450,48780,640900,FPT,45.11429301122772,-227.87317183769483,-107.25384888174733,-120.6193229559475,47546.245514566086,48654.0,49761.754485433914,4.553600877354026,0.5568718076328281,-1,-0.0262811055186991
2023-03-13,47890,48710,47890,48390,886500,FPT,41.78863944859993,-262.11408886341087,-113.19581272597068,-148.9182761374402,47857.84355129096,48740.0,49622.15644870904,3.619845911813884,0.3016224896886525,0,-0.031041420681887383
2023-03-14,48450,48520,48140,48270,427400,FPT,40.79222152692712,-295.5266125859707,-117.28666915882442,-178.2399434271463,47823.24755307805,48730.0,49636.75244692195,3.7215368229917902,0.24634752761819936,1,0.05988976903288628
2023-03-15,48520,49370,48520,49370,691800,FPT,52.073433042764336,-230.58740339325595,-41.87796797288772,-188.70943542036824,47771.11560509081,48848.0,49924.88439490919,4.409123791799827,0.7423658483991769,-1,-0.01817907635900212
2023-03-16,49060,49060,48090,48580,850000,FPT,45.38521447240716,-240.10127193578955,-41.113469212337066,-198.9878027234525,47812.9682086773,48678.0,49543.0317913227,3.5540975032774447,0.4433546830399431,0,-0.12057943394486025
2023-03-17,48830,49060,48200,48450,429400,FPT,44.375181995031355,-255.18933108523197,-44.96122268942358,-210.2281083958084,47735.59826563444,48612.0,49488.40173436556,3.6057012028534428,0.40757663201267247,-1,0.09379535854863477
2023-03-20,48520,48640,47600,47600,769800,FPT,38.36345899862378,-331.9085873295553,-97.3443831469975,-234.5642041825578,47181.94654200424,48454.0,49726.05345799576,5.2505611837856945,0.16432228353611913,1,0.04282733651826327
2023-03-21,48200,48270,47280,47890,536200,FPT,41.28602323982834,-365.099929545715,-104.4285802905257,-260.6713492551893,47009.24874429319,48378.0,49746.75125570681,5.65856900122705,0.32173532335939264,1,0.1528621498909487
2023-03-22,47960,48200,47600,48200,548000,FPT,44.32504667223961,-362.21451470599277,-81.23453236064279,-280.97998234535,47339.438007361154,48144.0,48948.561992638846,3.3423146919194346,0.5348015445126411,-1,-0.05678999147687347
2023-03-23,48090,48140,47600,47840,313700,FPT,41.63024382845952,-384.5440100343476,-82.8512221511981,-301.6927878831495,47332.584594692744,47996.0,48659.415405307256,2.7644612272158353,0.38242660725691946,1,0.010377640916060896
2023-03-24,48020,48320,47840,48140,281800,FPT,44.65017790102384,-373.7247370291152,-57.625559316772524,-316.0991777123427,47448.695971581736,47934.0,48419.304028418264,2.0248843343691925,0.7122380898747215,1,0.03638001515235358
2023-03-27,48390,48580,48140,48520,718500,FPT,48.29902246049463,-330.6757369591578,-11.661247397452087,-319.0144895617057,47572.03296802922,48118.0,48663.96703197078,2.2692839767686945,0.8681540976466091,0,0.10589816242198072
2023-03-28,48580,48580,47550,48450,928000,FPT,47.67552633846742,-298.76354901876766,16.20075243435042,-314.9643014531181,47688.15131263518,48230.0,48771.84868736482,2.246936294276681,0.7030087043948822,0,-0.0689565726591571
2023-03-29,48580,48640,48200,48390,369400,FPT,47.114110953625136,-275.1427345467382,31.857253525103886,-306.9999880718421,47710.254538343004,48268.0,48825.745461656996,2.3110361384643894,0.6093688863353118,0,-0.03197504121737329
2023-03-30,48450,48640,48320,48520,337000,FPT,48.528384436312635,-243.130498313134,51.09559180696647,-294.2260901201005,48089.4844995887,48404.0,48718.5155004113,1.2995434278625595,0.6844106249903503,0,-0.010055378136668371
2023-03-31,48520,48780,48450,48580,564900,FPT,49.203564190328635,-210.49264373337792,66.98675710937806,-277.479400842756,48345.43943231905,48492.0,48638.56056768095,0.6044731818895902,0.8002171777594658,1,-0.11801567921876106
2023-04-03,48710,49370,48520,49370,1075300,FPT,57.16994043397627,-119.50295545883273,126.38115630713861,-245.88411176597134,47857.58717066487,48662.0,49466.41282933513,3.3061231734623786,0.9400725437119027,-1,0.09748845884131639
2023-04-04,49630,49700,49060,49060,528100,FPT,53.61652854630239,-71.58222583678435,139.4415087433496,-211.02373458013395,47955.67639174116,48784.0,49612.32360825884,3.3958822903363437,0.6666015535764818,0,0.041363640298487006
2023-04-05,49370,49370,48880,49300,373700,FPT,55.901775539218,-14.07644364474254,157.55783274831313,-171.63427639305567,48171.31767353305,48966.0,49760.68232646695,3.245853557435572,0.71014686553111,0,0.12976447940436023
2023-04-06,49500,49990,49240,49370,571400,FPT,56.57381238220326,36.72240500878979,166.68534512147636,-129.96294011268657,48464.196457289094,49136.0,49807.803542710906,2.734465738810266,0.6741580574700066,-1,-0.05002781082587582
2023-04-07,49180,49500,49060,49120,237400,FPT,53.44141685560407,56.16056386829587,148.89880318478595,-92.73823931649008,48953.96551929312,49244.0,49534.03448070688,1.1779485042112061,0.286232313313606,0,0.12411751216863397
2023-04-10,49700,49700,49120,49240,726000,FPT,54.73689883431905,80.32253375687287,138.44861845869036,-58.12608470181749,48963.284472403204,49218.0,49472.715527596796,1.0350502970327773,0.5431854316216345,0,-0.06831540181400902
2023-04-11,49180,49370,49120,49120,512800,FPT,53.14441890834437,88.76484596294176,117.51274453180741,-28.747898568865644,49009.09277965871,49230.0,49450.90722034129,0.8974496052865611,0.25102669838030356,0,0.1464052201172756
2023-04-12,49240,49370,49010,49060,549900,FPT,52.32471810058679,89.58130315045128,94.66336137545353,-5.08205822500226,48934.452024853934,49182.0,49429.547975146066,1.0066608724576722,0.2535831187307962,0,-0.06672142940530222
2023-04-13,49240,49300,48640,48830,488300,FPT,49.192460207578335,70.85252968596615,60.747670328774724,10.104859357191422,48771.47727358276,49074.0,49376.52272641724,1.232924670567888,0.09672451241981649,0,-0.07560154720526896
2023-04-14,49010,49120,48640,48710,347000,FPT,47.59172265477805,45.79890341395367,28.555235245409797,17.24366816854387,48558.08756643889,48992.0,49425.91243356111,1.7713603590835738,0.17504964344345864,0,0.19248528803963594
2023-04-17,48830,48880,48450,48520,400700,FPT,45.08989246806386,10.491373959652265,-5.401835367113286,15.89320932676555,48352.13711572761,48848.0,49343.86288427239,2.0302279899786764,0.1692634088944838,1,0.05665760249111293
2023-04-18,48830,49060,48580,48830,260800,FPT,49.73293544938307,7.438564569994924,-6.763715805416503,14.202280375411426,48395.7919331128,48790.0,49184.2080668872,1.6159379663340865,0.5507346289433566,0,-0.10736128062968352
2023-04-19,48940,48940,48640,48640,372400,FPT,47.10397210127912,-10.194702781678643,-19.517586525672055,9.322883743993412,48441.95454936896,48706.0,48970.04545063104,1.084241985098516,0.3750215164808431,0,0.09648520436601082
2023-04-20,48940,48940,48580,48710,330600,FPT,48.19059331354294,-18.309716202144045,-22.106079956909966,3.7963637547659204,48455.10795518805,48682.0,48908.89204481195,0.9321393731233449,0.5617033532912232,0,0.05639330851714078
2023-04-21,49060,49060,48640,48710,248000,FPT,48.19059331354294,-24.458974965156813,-22.604270975938185,-1.8547039892186263,48455.10795518805,48682.0,48908.89204481195,0.9321393731233449,0.5617033532912232,0,0.02267653882816416
2023-04-24,48780,49430,48450,48580,781900,FPT,46.148717012676805,-39.36840590523934,-30.010961532816573,-9.35744437242277,48507.13106197404,48694.0,48880.86893802596,0.7675234650098995,0.19497338293814545,-1,-0.15242641311185576
2023-04-25,48520,48640,48020,48200,480500,FPT,40.71776445923802,-80.91433150324883,-57.24550970466085,-23.668821798587985,48142.465042565294,48568.0,48993.534957434706,1.7523264595400494,0.06760309162559669,-1,-0.0673466155183809
2023-04-26,47890,48090,47600,47780,706100,FPT,35.714925707173414,-146.04673097174236,-97.9023273385235,-48.14440363321886,47590.444291188396,48396.0,49201.555708811604,3.3290177238267784,0.11765524515445736,1,0.028137438974885732
2023-04-27,47890,48320,47890,48020,206900,FPT,40.23384447744982,-176.2667393191732,-102.49786854876348,-73.76887077040973,47485.67882328724,48258.0,49030.32117671276,3.200800599746188,0.34591902489777443,0,-0.17415585887663268
2023-04-28,48320,48320,47960,48020,540200,FPT,40.233844477449814,-197.9346462658068,-99.33262039631765,-98.60202586948915,47525.357250108114,48120.0,48714.642749891886,2.47149937610925,0.4159159007503401,0,-0.046166035116611694
2023-05-04,47720,48270,47600,47960,461000,FPT,39.43020222095329,-217.44158593891189,-95.07164805553819,-122.3699378833737,47694.802390449404,47996.0,48297.197609550596,1.2550946310134015,0.44023856953294876,0,0.06615131764493357
2023-05-05,48200,48200,47960,48020,297500,FPT,40.705668818742836,-225.46050920485868,-82.47245705718797,-142.98805214767071,47752.15390309415,47960.0,48167.84609690585,0.8667476935189765,0.6443375672990833,0,0.007439716874739374
2023-05-08,48140,48390,48090,48200,308400,FPT,44.482672889122775,-214.81481650206115,-57.461411483512336,-157.3534050185488,47862.01098934554,48044.0,48225.98901065446,0.7575930840665333,0.9285973077137959,0,-0.09248936420381204
2023-05-09,48200,48940,48200,48390,573800,FPT,48.231260358752294,-188.86944681750902,-25.21283343916815,-163.65661337834086,47764.61635578456,48118.0,48471.38364421544,1.4688209992744605,0.8848508617367893,0,0.09745841715976519
2023-05-10,48450,48830,48450,48520,518900,FPT,50.684806752350475,-156.01914923767617,6.109971312531769,-162.12912055020794,47741.68077930974,48218.0,48694.31922069026,1.9756904918920752,0.8170142909227505,0,-0.1929725251329364
2023-05-11,48520,48830,48450,48450,442500,FPT,49.32908940772352,-134.08778618523502,22.433067491978335,-156.52085367721335,47908.42178664829,48316.0,48723.57821335171,1.6871355797322345,0.6643856266237258,1,0.04472100312192148
2023-05-12,48640,49430,48320,49370,869300,FPT,63.24431726581141,-41.98671500528144,91.62731093754553,-133.61402594282697,47677.74893338959,48586.0,49494.25106661041,3.7387357123879865,0.9315987224357921,1,-0.09942304888760596
2023-05-15,49930,50160,49630,49630,899900,FPT,66.07939762473686,51.391465719811094,148.00439333011047,-96.61292761029937,47707.14807808076,48872.0,50036.85192191924,4.766950081515954,0.8253632439182058,1,0.06421836124499378
2023-05-16,49700,50110,49570,49990,766500,FPT,69.57834602221475,152.68330001189315,199.43698209775403,-46.753682085860866,47827.272921057505,49192.0,50556.727078942495,5.548573259645856,0.7923661486289103,0,0.12876346501302002
2023-05-17,50230,50730,49740,49860,946100,FPT,66.89490201112083,219.93264824629296,213.34906426572306,6.583583980569898,48236.07189753691,49460.0,50683.92810246309,4.949163374294747,0.6634082913837099,1,-0.0747731674648275
2023-05-18,50160,50910,49930,50850,1373800,FPT,74.84982493002346,349.08888805106835,274.00424325639875,75.08464479466959,48818.394008575706,49940.0,51061.605991424294,4.491814142668379,0.9056683037349051,0,0.06717182848135542
2023-05-19,50910,51100,50160,50790,979100,FPT,73.69404740075538,441.5151284901294,293.14438695636784,148.37074153376156,49104.928956679316,50224.0,51343.071043320684,4.456319860308554,0.7528883234796584,0,-0.08716147977903323
2023-05-22,50790,50790,50290,50600,530200,FPT,70.00753839697741,493.7406430393603,276.295921204479,217.4447218348813,49494.59326404946,50418.0,51341.40673595054,3.6630042284523086,0.5985481223572902,-1,0.09038176766328454
2023-05-23,50600,50600,49930,49990,599900,FPT,59.68454409065396,480.3704263125255,210.34056358211535,270.0298627304102,49494.59326404946,50418.0,51341.40673595054,3.6630042284523086,0.2682494705004385,0,-0.03528973026096615
2023-05-24,50290,50350,49740,49860,464300,FPT,57.73080444063234,454.0505080642906,147.21651626710434,306.8339917971863,49494.59326404946,50418.0,51341.40673595054,3.6630042284523086,0.1978579545309455,1,0.1898324552920999
2023-05-25,49800,51160,49700,51040,1341300,FPT,67.97749194262825,522.3861788605282,172.4417496506735,349.94442920985466,49433.39548211499,50456.0,51478.60451788501,4.053450602049353,0.7855453842546338,0,-0.08968492130009385
2023-05-26,50970,51160,50470,50970,864400,FPT,66.94079670897915,564.38835764549,171.55514274850827,392.83321489698176,49400.267432015135,50492.0,51583.732567984865,4.32437838859568,0.71891808214639,0,0.061833105270947014
2023-05-29,51210,51330,50850,50970,879600,FPT,66.94079670897915,590.8642714212183,158.42484521938917,432.4394262018291,49390.70429252939,50566.0,51741.29570747061,4.648561118026367,0.6718716393806381,1,0.12584066644162323
2023-05-30,50910,52080,50850,51520,1659100,FPT,70.97446527133675,648.7486566139269,173.04738432967815,475.7012722842487,49650.738357271955,50872.0,52093.261642728045,4.801311694952211,0.7652994155095638,0,0.02714064644678779
2023-05-31,51650,51650,50970,51580,839400,FPT,71.38465060181662,691.4928483562107,172.63326085756967,518.8595874986411,50602.06189237124,51216.0,51829.93810762876,2.397446530883946,0.7964468205157459,-1,0.07060114774046519
2023-06-01,51520,51520,50970,51210,537300,FPT,65.25998964026975,687.5859575747309,134.98109606087178,552.6048615138591,50666.73333714434,51250.0,51833.26666285566,2.276162586753802,0.4657103666750292,0,0.037160291946010164
2023-06-02,51210,51700,50970,51390,735900,FPT,66.75439007081548,691.0482402094785,110.75470295649552,580.293537252983,50837.89517236901,51334.0,51830.10482763099,1.9328508498499568,0.5564396845999389,1,0.06549281328495718
2023-06-05,51460,52260,51390,52130,1425500,FPT,72.07307286989796,744.9170002200699,131.6987703736695,613.2182298464004,50874.53778122101,51566.0,52257.46221877899,2.6818532318930552,0.907831393156907,0,0.01996852616452999
2023-06-06,52320,52320,51960,52320,514000,FPT,73.2561166566305,793.789481707332,144.45700148874528,649.3324802185867,50768.64948947695,51726.0,52683.35051052305,3.701622048962033,0.8102312024022773,0,-0.17174698631756802
2023-06-07,52130,52380,51700,52130,705800,FPT,70.05993059456706,807.8771582947084,126.83574246089734,681.041415833811,50837.04054136379,51836.0,52834.95945863621,3.8543076573663373,0.6471531189070339,-1,0.05577541013694124
2023-06-08,51960,52080,51210,51260,1244500,FPT,57.655443473015076,740.3062250421426,47.411847366665256,692.8943776754774,50877.84711951121,51846.0,52814.15288048879,3.734725458044181,0.19736184655870406,1,-0.028439939517304037
2023-06-09,51700,51960,51330,51900,680200,FPT,62.8643392746086,729.9836280489108,29.671400298746676,700.3122277501641,51123.209117412945,51948.0,52772.790882587055,3.175448073408233,0.47090171520237817,0,0.0617470411107295
2023-06-12,51830,52080,51260,52080,519700,FPT,64.19825825148094,727.9361958969748,22.099174517448546,705.8370213795263,51123.088961911344,51938.0,52752.911038088656,3.1380147024862564,0.5871260747265468,-1,0.029854541137207924
2023-06-13,51770,52080,51700,51770,466800,FPT,60.18843509495352,693.3071684742536,-10.02388232421822,703.3310507984718,51130.949069293536,51828.0,52525.050930706464,2.6898623551225747,0.4583961533906735,0,0.06938205079184746
2023-06-14,51700,52010,51580,51650,658600,FPT,58.6610243134648,648.7025781177144,-43.702778144605986,692.4053562623204,51115.33153153518,51732.0,52348.66846846482,2.3840890298647675,0.4335137077754788,0,0.10664686965743041
2023-06-15,51650,51770,51260,51580,798600,FPT,57.74052179382781,600.7792941846201,-73.30084966216032,674.0801438467804,51395.85002811602,51796.0,52196.14997188398,1.5450998991581466,0.2301011930813917,0,-0.2263554449350934
2023-06-16,51580,52860,51160,51830,2231500,FPT,60.14585625963444,576.3290940184161,-78.20083986269151,654.5299338811076,51395.37356531304,51782.0,52168.62643468696,1.4932850592366362,0.5620754243548615,0,0.029193476495296074
2023-06-19,51960,52440,51830,51960,663200,FPT,61.3769357539343,560.9754717341348,-74.84356971757825,635.819041451713,51458.86792215018,51758.0,52057.13207784982,1.155887313458091,0.8376434942250076,1,-0.0847523189780131
2023-06-20,52130,52620,51960,52440,944500,FPT,65.60195718146508,580.8439959076059,-43.9800364352858,624.8240323428917,51210.32559091694,51892.0,52573.67440908306,2.627281311504901,0.9019514248284085,0,-0.04232653727316696
2023-06-21,52440,53000,52380,52620,705800,FPT,67.05727440477456,604.1501730132222,-16.53908746373554,620.6892604769578,51221.176318548845,52086.0,52950.823681451155,3.3207529142232257,0.808733451368931,0,-0.0011748209420232272
2023-06-22,52800,53060,51960,52440,1019700,FPT,64.135111174874,601.1661217653382,-15.618510969295698,616.7846327346339,51572.95985519189,52258.0,52943.04014480811,2.621761815638219,0.6328389302286663,0,0.0038427033686843242
2023-06-23,52500,52500,52010,52190,822000,FPT,60.210615725936904,572.0342739584084,-35.80028702098036,607.8345609793888,51815.412786790504,52330.0,52844.587213209496,1.9667006046607893,0.36396863699078735,1,0.10581953301958276
2023-06-26,52190,52620,51900,52620,859400,FPT,64.26139605084623,576.9932618708408,-24.67303928683839,601.6663011576792,52108.61635578496,52462.0,52815.38364421504,1.3471985216539297,0.7235530740973587,1,0.19834184742294658
2023-06-27,52740,53550,52740,53550,1540400,FPT,71.11148061947519,648.4911212111183,37.4598560427512,611.0312651683671,51653.60201863616,52684.0,53714.39798136384,3.9116163592887534,0.920225978535864,0,0.08690800783579249
2023-06-28,53600,53860,53360,53360,964900,FPT,68.2339865911402,681.9610552103404,56.743832033578656,625.2172231767618,51646.6392954047,52832.0,54017.3607045953,4.487283103404388,0.722717016834241,-1,-0.1254361576075542
2023-06-29,53360,53420,53060,53060,562400,FPT,63.841313717057616,676.4806780848303,41.01076392645473,635.4699141583756,51848.51636581001,52956.0,54063.48363418999,4.182655918838257,0.5469532897775347,-1,-0.12317595242533007
2023-06-30,53060,53120,52740,52740,733500,FPT,59.44529992834876,638.9506882789865,2.7846192964886995,636.1660689824978,52274.848939835974,53066.0,53857.151060164026,2.9817625604493485,0.2939710780818445,0,-0.05530462688490715
2023-07-03,53060,53240,52740,53000,1039600,FPT,61.74991144925851,623.0061015276369,-10.527973963888712,633.5340754915256,52507.586885382516,53142.0,53776.413114617484,2.387614747723022,0.38808554179588634,1,-0.07260825865575546
2023-07-04,53000,53360,52860,53360,1328100,FPT,64.73789755564128,632.1320680155768,-1.1216059807591137,633.2536739963359,52578.33851196929,53104.0,53629.66148803071,1.9797434770665476,0.7435027159389734,0,0.022664859512128155
2023-07-05,53590,54590,53380,53380,1787300,FPT,64.90193443100553,633.6736991042417,0.33602008632465186,633.337679017917,52572.38820028059,53108.0,53643.61179971941,2.017066354294678,0.7539152424783143,0,0.05877067850171709
2023-07-06,53380,53660,52800,53230,1517000,FPT,62.551662630313814,615.6943650671019,-14.114651160652102,629.809016227754,52600.07749631644,53142.0,53683.92250368356,2.039526189016459,0.5811924208736906,1,0.00269513798304697
2023-07-07,52940,53870,52940,53720,896300,FPT,66.78328265605819,633.6798513335307,3.096668084621342,630.5831832489093,52814.47349637421,53338.0,53861.52650362579,1.9630526214923376,0.864833487277511,0,0.16664810798766444
2023-07-10,53720,54150,53440,53720,1154300,FPT,66.78328265605819,640.5496214701052,7.973150576956641,632.5764708931486,53032.466908894756,53482.0,53931.533091105244,1.6810631281748785,0.7647191104606353,0,-0.050705791218863684
2023-07-11,53720,53800,53520,53520,1091300,FPT,63.39238637276868,622.6777932697514,-7.918942098717707,630.5967353684691,53085.60765646591,53514.0,53942.39234353409,1.6010477390368547,0.5070029262783994,0,0.018511690191716182
2023-07-12,53520,54020,53440,53720,904900,FPT,65.29032421132158,617.5340213946038,-10.450171179092308,627.9841925736961,53152.02325644446,53582.0,54011.97674355554,1.6049298031262007,0.6604737954649104,1,0.03589759189679051
2023-07-13,54090,54090,53800,54090,1252400,FPT,68.53990274947121,635.9822454651367,6.398442313152486,629.5838031519842,53340.33346763532,53754.0,54167.66653236468,1.5391097680718875,0.9061242253262445,1,0.06893074900952527
2023-07-14,54870,55870,54300,55870,2822800,FPT,78.81535002255785,785.1826233498577,124.47905615829882,660.7035671915589,52254.51302155247,54184.0,56113.48697844753,7.121980578944081,0.9369037000074909,1,0.01251206364424701
2023-07-17,56370,56500,56020,56370,1153300,FPT,80.72026828702455,933.0155960703632,217.84962310304343,715.1659729673198,52090.69673884269,54714.0,57337.30326115731,9.589148156440059,0.8156325889804735,0,0.09024344176904592
2023-07-18,56370,56370,55730,56150,718300,FPT,77.42148409298915,1020.6566362807862,244.3925306507731,776.2641056300131,52763.14715818672,55240.0,57716.85284181328,8.967606233936557,0.6837008611568943,0,-0.15965386638457368
2023-07-19,56020,56290,55870,56020,708600,FPT,75.45908119735407,1067.3194838954369,232.844302612339,834.4751812830979,53862.937126824865,55700.0,57537.062873175135,6.5962760257635,0.5870955492794103,1,0.057136945774562124
2023-07-20,56080,58020,56020,57300,2294300,FPT,80.6576823232418,1193.8237720961406,287.47887265043414,906.3448994457065,55209.79860448839,56342.0,57474.20139551161,4.019031612337555,0.9230696074911233,1,-0.099981361879284
2023-07-21,56880,57790,56800,57790,1273600,FPT,82.21118988339694,1318.4203081839223,329.6603269905727,988.7599811933496,55170.84084415825,56726.0,58281.15915584175,5.483055938517609,0.842087173522795,0,-0.09510728721335016
2023-07-24,57790,58020,57510,57790,1172700,FPT,82.21118988339694,1401.01394405686,329.80317029080834,1071.2107737660517,55272.012658274405,57010.0,58747.987341725595,6.097131526839484,0.7243974916484609,0,-0.06534635134278101
2023-07-25,57790,58650,57790,58020,1056900,FPT,82.95638121402835,1468.1056651076651,317.5159130732907,1150.5897520343744,55771.01518916067,57384.0,58996.98481083933,5.6217231661763805,0.6971500276152797,1,0.03558727159369681
2023-07-26,57940,59010,57870,59010,1270800,FPT,85.72780909964092,1582.91421390693,345.85956949804427,1237.0546444088857,56718.243694378405,57982.0,59245.756305621595,4.359133198653358,0.9067239844529855,1,0.03894263786772283
2023-07-27,59080,60210,59080,59720,1417700,FPT,87.32024014745151,1711.4631998447294,379.5268443486748,1331.9363554960546,56739.350064431615,58466.0,60192.649935568385,5.906509545952809,0.8631309318026887,1,0.0970277573945681
2023-07-28,59580,60210,59290,60210,898400,FPT,88.29120726698466,1831.7626822763996,399.86106142427593,1431.9016208521236,56853.66987332665,58950.0,61046.33012667335,7.112231133751814,0.8005251854104406,1,0.18080761315296456
2023-07-31,60430,61210,60210,61080,1471500,FPT,89.7866493370405,1974.5413345259876,434.11177093909123,1540.4295635868964,57279.67871632839,59608.0,61936.32128367161,7.81211006466116,0.8161075772323722,-1,0.03501357768188192
2023-08-01,61080,61580,60290,60290,1287300,FPT,79.81770371031747,2000.8831123907512,368.3628390430838,1632.5202733476674,58534.29584015811,60062.0,61589.70415984189,5.087090539249067,0.5746217775644459,-1,-0.004672222455710375
2023-08-02,60290,60510,59580,59580,996300,FPT,72.07265869484657,1942.0809940524268,247.6485765638074,1694.4324174886194,58995.10203658479,60176.0,61356.89796341521,3.924813757694805,0.247649662178966,0,-0.04630580335600124
2023-08-03,59790,60080,59160,59720,907900,FPT,72.63649217139128,1885.047072345158,152.49172388523084,1732.5553484599272,58995.10203658479,60176.0,61356.89796341521,3.924813757694805,0.30692658717048404,0,-0.07989316879110679
2023-08-04,59940,60290,59440,59440,1618900,FPT,69.60954568302793,1796.5441755962165,51.191061709031146,1745.3531138871854,58674.23147388054,60022.0,61369.76852611946,4.49091508486707,0.2840875533442989,1,0.01712372371062223
2023-08-07,59650,60290,59440,60290,752500,FPT,73.25342241808274,1774.5371291336996,23.34721219721132,1751.1899169364883,59061.42913085621,59864.0,60666.57086914379,2.681313875263231,0.7653971234057318,0,-0.057743033461854915
2023-08-08,59940,60360,59790,60080,636000,FPT,70.98877185408564,1720.3203590660996,-24.695646296310997,1745.0160053624106,59114.55388897937,59822.0,60529.44611102063,2.365170375516138,0.6823460444413099,-1,-0.15260923546837787
2023-08-09,59940,60430,59220,59290,982700,FPT,63.08730479594275,1595.2180992232024,-119.83832491136673,1715.0564241345692,58922.50133690051,59764.0,60605.49866309949,2.816072093900977,0.218359623856016,-1,0.12241573615426363
2023-08-10,59290,59440,58650,58650,1343300,FPT,57.50326925612148,1427.9702534862008,-229.66893651869486,1657.6391900048957,58239.19871834124,59550.0,60860.80128165876,4.402355270054603,0.156698535242088,0,0.12687415214447062
2023-08-11,58500,59220,58160,58500,1142900,FPT,56.24666381402478,1268.6966392650647,-311.15404059186494,1579.8506798569297,57739.69300069369,59362.0,60984.30699930631,5.46580977496146,0.2343289524212784,1,0.1761946736831449
2023-08-14,58570,59360,58500,58950,1014100,FPT,59.1319956566922,1165.3489741144294,-331.6013645940002,1496.9503387084296,57836.494532815756,59094.0,60351.505467184244,4.255949731560715,0.4427437876980213,1,0.17768415866337314
2023-08-15,58950,60160,58160,59940,1675600,FPT,64.65439027501189,1150.0726099751628,-277.50218298661343,1427.5747929617762,57916.68716182309,59066.0,60215.31283817691,3.891622382341492,0.8802271979256643,1,-0.16069688789556708
2023-08-16,59360,60800,59360,60730,2595400,FPT,68.3318147571986,1188.0176510629099,-191.64571351909308,1379.663364582003,57450.07773267965,59354.0,61257.92226732035,6.415480902113918,0.8613592906649058,1,0.12443810813197563
2023-08-17,60650,62210,60650,61360,3693800,FPT,70.92934846533406,1254.4644194243883,-100.1591561260916,1354.62357555048,57511.77685608117,59896.0,62280.22314391883,7.961209910240526,0.8070182427626497,-1,-0.08748774423920531
2023-08-18,61080,62720,60160,61020,4243700,FPT,67.70188150751888,1265.105455383673,-71.61449613344553,1336.7199515171185,58468.93811595843,60400.0,62331.06188404157,6.394244649144271,0.6605334363242636,0,-0.034778257758237396
2023-08-21,61290,61870,61020,61290,2452800,FPT,68.91165205889175,1280.5637547206134,-44.924957437204284,1325.4887121578176,59717.573991949874,60868.0,62018.426008050126,3.7800683710656706,0.6834103180243873,1,-0.06202650569026158
2023-08-22,61580,61730,59220,61730,2330300,FPT,70.82920617208454,1313.1813538624338,-9.845886636307114,1323.0272404987409,60474.65454017601,61226.0,61977.34545982399,2.4543346285042023,0.8353983133923948,0,0.2519545312029173
2023-08-23,61650,61950,60430,61730,1418500,FPT,70.82920617208454,1323.7714232315266,0.5953461862286531,1323.176077045298,60815.65583479637,61426.0,62036.34416520363,1.9872502367193932,0.749039818295451,1,0.06189502021930613
2023-08-24,61730,65030,61420,64980,5251600,FPT,80.9139685709441,1576.2420311619353,202.45276329331,1373.7892678686253,58928.478620279224,62150.0,65371.521379720776,10.36692318494216,0.9392334655629833,1,0.32623014031109615
2023-08-25,64599,65700,64319,65400,2791400,FPT,81.79011219638168,1789.5880398691006,332.63901760038016,1456.9490222687205,59047.693827770665,63026.0,67004.30617222934,12.62433336156296,0.7983681870153391,1,-0.008831892879629974
2023-08-28,66420,68070,65700,67860,2950700,FPT,85.87893013039131,2132.584621735179,540.5084795731668,1592.0761421620123,59091.40018671666,64340.0,69588.59981328333,16.315199916951624,0.8353275278381357,0,0.004484811882779111
2023-08-29,67860,67860,66990,67580,1547400,FPT,83.57858435717364,2354.6749964537885,610.0790834334207,1744.5959130203678,60571.49820289616,65510.0,70448.50179710385,15.07709295406455,0.7095777307617804,1,0.1607793753787318
2023-08-30,67270,70890,67190,69730,2360700,FPT,86.55634040319748,2673.3534952053596,743.0060657479935,1930.3474294573662,63222.9960123512,67110.0,70997.0039876488,11.583978505882286,0.83702049294588,0,-5.139775221821641e-05
2023-08-31,69730,70390,69360,69800,1403700,FPT,86.64127561508468,2898.148860378751,774.2411447371078,2123.9077156416433,64446.119075824354,68074.0,71701.88092417565,10.658638905237389,0.7378799133811412,0,0.0137853541719994
2023-09-05,70090,71250,69880,69880,1439600,FPT,86.74434933452319,3047.6250141712517,738.9738388236865,2308.651175347565,66676.7926391193,68970.0,71263.2073608807,6.649869105062192,0.698412061535185,1,-0.11712093858865885
2023-09-06,70090,71480,69520,71480,2491000,FPT,88.63334259231851,3257.640519117842,759.1914750162214,2498.4490441016205,66918.04610989352,69694.0,72469.95389010648,7.966120154120816,0.8216912223155645,-1,-0.005012995793377641
2023-09-07,71480,72770,70460,70670,3249600,FPT,82.24362967828938,3320.4430883025707,657.59523536076,2662.8478529418107,68802.07284944033,70312.0,71821.92715055967,4.294934436681277,0.6185487657028035,0,0.008587100197224818
2023-09-08,70390,71100,70020,70460,2115600,FPT,80.620883004074,3315.055436372626,521.7660667446521,2793.289369627974,69095.47293604963,70458.0,71820.52706395037,3.8676291235924163,0.5007339303757392,0,0.09748250042393714
2023-09-11,71250,71820,68790,70320,5149800,FPT,79.49477392034939,3261.887840856325,374.87877698268085,2887.009063873644,69383.66218765703,70562.0,71740.33781234297,3.339865118174009,0.3973129787294128,1,-0.2223484198102003
2023-09-12,70320,71400,70320,71400,2680700,FPT,81.62682465126287,3269.2136524505986,305.76367086156324,2963.4499815890354,69787.33415739758,70866.0,71944.66584260242,3.044240799826214,0.7475280012166026,-1,-0.05496837282136805
2023-09-13,71400,71480,70320,70750,2889300,FPT,76.47315847054381,3185.8454005378444,177.91633515904732,3007.929065378797,69887.29356913904,70720.0,71552.70643086096,2.354939001303606,0.5180135512878064,-1,-0.008394393323583708
2023-09-14,70750,70750,68950,69230,2319700,FPT,65.9819932256802,2962.968902309469,-35.96813045546287,2998.9370327649317,68852.03797514079,70432.0,72011.96202485921,4.486489166456187,0.1196111105559296,1,-0.10007902229734099
2023-09-15,69310,70600,68790,70390,2134800,FPT,69.42886656749937,2847.120148400514,-121.45350749153386,2968.573655892048,68838.03797514077,70418.0,71997.96202485923,4.487381137945484,0.4911390275337489,-1,-0.021580269513388678
2023-09-18,69960,69960,69090,69960,2026900,FPT,66.72969344119684,2689.6076472080313,-223.1728069472133,2912.7804541552446,68711.82742649461,70346.0,71980.17257350539,4.646099489680696,0.3818974182230924,1,-0.01797237289693827
2023-09-19,69880,71030,69230,71030,3583600,FPT,69.86880681577257,2620.9057428867673,-233.49976901478203,2854.4055119015493,68857.75815363946,70272.0,71686.24184636054,4.025050792237428,0.7679881103612732,0,0.05039069068791233
2023-09-20,71330,71960,71100,71100,2444800,FPT,70.06777705211162,2542.7956384426216,-249.28789876714245,2792.083537209764,68782.29489966942,70342.0,71901.70510033058,4.434633932303837,0.7429946532326337,-1,-0.07167822149898757
2023-09-21,71100,71400,69520,69880,3419000,FPT,62.34110062765063,2355.2985977705102,-349.4279515514031,2704.7265493219134,69320.87880742416,70472.0,71623.12119257584,3.2668895237139286,0.24285939490207195,0,0.009980798207385703
2023-09-22,68650,70020,66850,69800,6861000,FPT,61.85938050082769,2175.1764308875718,-423.64009474747354,2598.8165256350453,69050.03681033656,70354.0,71657.96318966344,3.7068629776940565,0.2875706904951085,-1,-0.08062288701598784
2023-09-25,70020,70460,68070,68070,2097100,FPT,52.42525447799067,1871.2610416671669,-582.0443871743028,2453.3054288414696,67516.87007256686,69976.0,72435.12992743314,7.028495276761002,0.11246455936765025,-1,-0.18934655817569876
2023-09-26,67990,68950,67190,67500,2154100,FPT,49.733951985523746,1566.355696361541,-709.5597859839431,2275.915482345484,66341.72405671915,69270.0,72198.27594328085,8.454672854860265,0.1977743842650149,1,0.11565656007813906
2023-09-27,67780,68070,65250,68070,4510400,FPT,52.36732063665406,1355.0896201664,-736.6606897432675,2091.7503099096675,66466.33760554595,68664.0,70861.66239445405,6.401207021012606,0.36485640344508785,0,-0.001837439072021438
2023-09-28,67930,68070,65980,67860,1764400,FPT,51.3009902381512,1157.3730120913824,-747.5018382546282,1904.8748503460106,66476.35205267476,68260.0,70043.64794732524,5.226041451289892,0.38787024911506773,-1,0.15160486465170975
2023-09-29,67860,68510,66990,66990,1635300,FPT,47.0285349442354,919.8756922367029,-787.9993264874463,1707.8750187241492,66779.58832760161,67698.0,68616.41167239839,2.7132608715128654,0.11455193717699025,0,-0.09839945408728878
2023-10-02,67420,67730,66420,67270,1137500,FPT,48.51467154003769,745.6555619546998,-769.7755654155596,1515.4311273702594,66666.05963506807,67538.0,68409.94036493193,2.5820733955163857,0.346319765216442,-1,-0.03153913656374814
2023-10-03,66560,67500,66040,66560,2006900,FPT,45.06231793032481,544.0226329650468,-777.1267955241701,1321.149428489217,66109.59683973409,67350.0,68590.40316026591,3.6834540765134633,0.18155514863786487,0,-0.09994915114330039
2023-10-04,65900,67420,65900,66790,1591700,FPT,46.39313019987667,398.1960061729769,-738.362737852992,1136.558744025969,66090.94466752942,67094.0,68097.05533247058,2.990000096791318,0.34846299592903296,-1,0.16153949960801176
2023-10-05,66990,67350,66120,66120,1369100,FPT,43.11654077776829,225.95923582393152,-728.47960656163,954.4388423855615,65872.77608828107,66746.0,67619.22391171893,2.6165580310997845,0.1415581435649613,1,0.42948594320403066
2023-10-06,66040,66990,65700,66930,1147700,FPT,47.9066512039198,153.05624782027735,-641.1060756522274,794.1623234725048,65876.02564141012,66734.0,67591.97435858988,2.571326036472812,0.6142225277700223,1,-0.02601178747713813
2023-10-09,66710,69010,66560,69010,3657000,FPT,57.74644100255222,260.12021735792223,-427.23368489166614,687.3539022495884,64840.68788429686,67082.0,69323.31211570314,6.682305583325309,0.9301052018797369,1,0.07579546884822395
2023-10-10,69670,70160,68870,69520,3255500,FPT,59.75377755085765,381.72167249587073,-244.50578380297407,626.2274562988448,64683.595345108355,67674.0,70664.40465489164,8.837676670188378,0.8086538801664108,1,-0.00851885785961677
2023-10-11,69230,70750,69230,70020,2358200,FPT,61.67603622522581,512.5294031880476,-90.95844248863784,603.4878456766854,64917.32458203879,68320.0,71722.67541796122,9.960993612298637,0.7498034327674116,-1,0.10755984670597912
2023-10-12,70020,70600,69310,69590,1881200,FPT,59.063346191345914,574.8713072552782,-22.893230737125805,597.764537992404,66576.18950695559,69014.0,71451.81049304441,7.064683957007012,0.6181387974256921,0,-0.005316704309622014
2023-10-13,69310,69520,68790,69360,2362100,FPT,57.65644575506931,598.8158610714163,0.8410584632097198,597.9748026082066,68766.10627472545,69500.0,70233.89372527455,2.1119243892792885,0.40461834242578826,1,0.010472461457687121
2023-10-16,69880,71400,69520,69880,4974600,FPT,59.977623411716145,652.2332082370995,43.40672450311422,608.8264837339852,69134.07407915776,69674.0,70213.92592084224,1.5498634234929658,0.6907669108371897,-1,0.031625076699987216
2023-10-17,70600,70600,67190,67190,2420100,FPT,45.94613662310007,472.06465449811367,-109.4094633886973,581.474117886811,66894.50048627681,69208.0,71521.49951372319,6.685641872971879,0.0638641832363371,0,0.055121165928993146
2023-10-18,68510,68510,65700,67140,6142800,FPT,45.731977378470724,321.538697528842,-207.94833628637514,529.4870338152172,65928.17308246304,68632.0,71335.82691753696,7.879201881154459,0.22409476540030732,-1,0.07072391450269395
2023-10-19,67860,68070,66420,66420,3029400,FPT,42.64917532139605,142.5050993617042,-309.5855475628104,452.0906469245146,64952.33422713562,67998.0,71043.66577286438,8.958103982071169,0.24094334085188732,1,-0.14251351755297145
2023-10-20,66790,67140,65030,67060,2863200,FPT,46.125655970142624,51.66675208703964,-320.33911586998,372.00586795701963,64846.74007201132,67538.0,70229.25992798868,7.969616891198076,0.41119401083691776,-1,0.2034315336224918
2023-10-23,67730,67730,65560,65700,1971700,FPT,40.50652955220154,-128.5817165992339,-400.47006764500287,271.88835104576896,65420.71939061042,66702.0,67983.28060938958,3.841805671163017,0.1089849512054317,1,0.057434482467894434
2023-10-24,66710,66710,65560,66420,1612400,FPT,44.37029933671201,-210.9008106799447,-386.2313293805709,175.33051870062621,65379.89041610055,66548.0,67716.10958389945,3.5105775797903815,0.44521061989205546,-1,-0.11628190942346968
2023-10-25,66270,66930,65630,65630,1836500,FPT,41.208001511015055,-336.012342387854,-409.0742888707842,73.06194648293017,65062.479826957824,66246.0,67429.52017304218,3.5731068231808094,0.23975939995318948,-1,-0.15063905602761668
2023-10-26,63750,64910,62080,62660,5909500,FPT,31.980078250183748,-667.1280741545779,-592.1520165100064,-74.97605764457144,62117.2678519021,65494.0,68870.7321480979,10.31157708522277,0.0803635177879921,0,0.05491472421458217
2023-10-27,63160,63530,62290,62810,2034800,FPT,32.79858140098574,-906.9808204201981,-665.6038102205014,-241.3770101996968,61102.6273847563,64644.0,68185.3726152437,10.956539246468973,0.24106085418608336,-1,-0.030155900375844504
2023-10-30,62810,62880,61350,61350,1869500,FPT,29.124949117182144,-1201.0309114212432,-767.7231209772372,-433.3077904440061,59473.75349543795,63774.0,68074.24650456205,13.485892384238243,0.21815569207155622,-1,-0.04134420421924683
2023-10-31,61420,61580,59910,59910,3087200,FPT,26.02837169732377,-1532.5968697676872,-879.4312634589448,-653.1656063087423,58235.81303528771,62472.0,66708.18696471228,13.56187400663428,0.19760541480562296,1,-6.010128952273401e-05
2023-11-01,60860,61650,59640,61650,2175200,FPT,35.0187191135197,-1636.1018585602942,-786.3490018012415,-849.7528567590527,59335.077105071934,61676.0,64016.922894928066,7.59103344875824,0.4944466346891791,1,-0.049807288411216115
2023-11-02,62370,64250,62030,64250,2204000,FPT,45.64864946415901,-1491.1430679156329,-513.1121689252641,-978.0308989903688,58733.39882843695,61994.0,65254.60117156305,10.519086271455471,0.8459484741150555,-1,-0.0006529160473963426
2023-11-03,64250,64400,62810,62810,4842300,FPT,41.5906525441941,-1475.4500773203472,-397.93534266398274,-1077.5147346563645,58733.39882843695,61994.0,65254.60117156305,10.519086271455471,0.6251302991479988,1,-0.026414993631401196
2023-11-06,63670,64180,63380,63890,1210100,FPT,45.503545564870606,-1360.1869071693873,-226.13773801041816,-1134.049169158969,58963.45792733812,62502.0,66040.54207266189,11.32297229740452,0.696125971021148,0,-0.11505013957522942
2023-11-07,63890,64099,63450,63750,1340200,FPT,45.08193918668923,-1265.5483903027416,-105.19937691501787,-1160.3490133877237,61169.71430514842,63270.0,65370.28569485158,6.639120261898456,0.614270168381526,1,0.060906036143914044
2023-11-08,63750,66850,63750,66850,2943200,FPT,55.01996396855324,-929.6857529821282,184.5306083244766,-1114.2163613066048,61277.64118218209,64310.0,67342.3588178179,9.43044259934041,0.9188158711751323,0,-0.1648325861789246
2023-11-09,66420,67350,66270,66790,2110200,FPT,54.81321450397405,-660.7371254177415,362.78338871109077,-1023.5205141288322,61069.44294427869,64818.0,68566.5570557213,11.566407651335453,0.7630345451178604,-1,-0.08906262540714081
2023-11-10,66040,66930,65900,66040,2406500,FPT,52.17401022171693,-502.3216807400386,416.959066711035,-919.2807474510736,62393.76873835245,65464.0,68534.23126164754,9.379907312866743,0.5938040087069714,0,0.0199732897475383
2023-11-13,66120,66420,65330,65980,1532100,FPT,51.95847472768184,-377.268877294664,433.60949612512775,-810.8783734197917,63363.7704632028,65882.0,68400.2295367972,7.64466633313256,0.5194581150304196,1,0.025127468146006995
2023-11-14,66420,67420,65900,66850,1997800,FPT,54.869760917370414,-205.5919643127272,484.22912728565166,-689.8210915983789,65601.40019986803,66502.0,67402.59980013197,2.708489369137673,0.6932045731905595,0,-0.13325971969704528
2023-11-15,67650,67730,66420,66710,2417600,FPT,54.29952104849826,-79.91242320934543,487.92693471122675,-567.8393579205722,65619.99765808415,66474.0,67328.00234191585,2.569432686210709,0.6381729231974715,1,-0.10012165223058395
2023-11-16,66560,67140,66120,67140,1906300,FPT,55.81829143377691,53.76713091105921,497.2851910653051,-443.5180601542459,65520.02734411619,66544.0,67567.97265588382,3.0775807161691873,0.7910233962671476,-1,-0.10552625910336735
2023-11-17,67420,67500,65400,65700,3567900,FPT,49.8442877877629,43.01729860185878,389.2282870048838,-346.210988403025,65257.91954288817,66476.0,67694.08045711182,3.66472247762147,0.18146603310590806,0,0.1631808511597963
2023-11-20,65030,66850,64319,65480,1656500,FPT,48.981769549279534,16.554982136221952,290.2127764313976,-273.6577942951756,64899.6125169869,66376.0,67852.3874830131,4.448558162628356,0.19655662544246633,1,0.1397967708205846
2023-11-21,66420,66420,65480,66350,1460700,FPT,52.48346904870111,65.03544664735091,270.95459275402123,-205.91914610667033,64895.521821976974,66276.0,67656.47817802303,4.165846393937552,0.5268023070476836,1,0.1403178459412805
2023-11-22,66350,67190,66350,67140,3271700,FPT,55.47213823333335,165.2975148922851,296.97332879916434,-131.67581390687923,64804.155335087045,66362.0,67919.84466491296,4.694990099493561,0.7497039716226989,-1,0.026277804633514007
2023-11-23,67350,67650,65560,65560,2165700,FPT,48.853837711123944,115.92679896004847,198.08209029354217,-82.1552913334937,64644.029957524835,66046.0,67447.97004247516,4.245435128471564,0.3266724732783977,0,0.040770431861478953
2023-11-24,65560,66420,65110,65830,2248500,FPT,49.952700794679856,97.46339703068952,143.69495069134655,-46.23155366065704,64697.5619330076,66072.0,67446.4380669924,4.160425193705048,0.4119640215839066,-1,-0.025579531049496854
2023-11-27,65980,65980,65030,65480,1659500,FPT,48.49809870301138,53.966846834970056,80.15872039650168,-26.191873561531622,64697.5619330076,66072.0,67446.4380669924,4.160425193705048,0.2846392594118707,0,-0.08366143930200173
2023-11-28,65560,66350,64910,65770,1090700,FPT,49.802414337150864,42.407249424257316,54.87929838863115,-12.472048964373835,64601.11255080069,65956.0,67310.88744919932,4.108458515371811,0.43135961215452906,1,0.057176497977014934
2023-11-29,66120,66420,65770,66190,801500,FPT,51.70986719551052,66.37158479279606,63.074907005735916,3.2966777870601423,65210.91442101434,65766.0,66321.08557898566,1.688062460802414,0.8819230908275454,0,-0.005409330620388501
2023-11-30,65980,67650,65900,66350,1982400,FPT,52.45112050707965,97.15422264799417,75.08603588874723,22.06818675924695,65229.79541920424,65924.0,66618.20458079576,2.1060754225949943,0.8068259788142561,1,0.10431801430428103
2023-12-01,66560,67060,65900,66710,1190800,FPT,54.15624325273873,148.88245204853592,101.45141223143118,47.43103981710475,65132.52907020531,66100.0,67067.47092979468,2.9272947951427732,0.8152549504146114,1,0.024294085050192177
2023-12-04,66850,67860,66850,67580,3462300,FPT,58.06957000629503,257.1153103874385,167.747416456267,89.36789393117151,65156.181830302245,66520.0,67883.81816969776,4.100475555314959,0.8886148548068228,1,0.08876665313647933
2023-12-05,67730,69160,67650,68440,3590200,FPT,61.56246347675064,407.5870334690553,254.57531163030706,153.01172183874826,65167.70203838374,67054.0,68940.29796161626,5.626205630137688,0.8673862847236538,0,-0.006984162530052089
2023-12-06,68580,68870,67930,68580,1220700,FPT,62.11572349880727,532.0012092911929,303.19158996195574,228.8096193292372,65532.53007024421,67532.0,69531.46992975578,5.921548094994329,0.7620694576106993,-1,-0.005157471412389835
2023-12-07,68650,68790,66990,68070,3761200,FPT,58.795663997626,582.730250641398,283.1365050497286,299.5937455916694,66359.91293126102,67876.0,69392.08706873898,4.467225731448475,0.5639804942605839,0,-0.05001873071780735
2023-12-08,68070,68650,67500,67990,1745800,FPT,58.26953724872858,609.4526590993482,247.88713080614303,361.5655282932052,67341.8860841641,68132.0,68922.1139158359,2.3193621670753832,0.4101395399106651,1,0.05381852234102942
2023-12-11,68950,69090,68290,68580,1564500,FPT,61.038561588514014,670.5092166193936,247.15495066095065,423.3542659584429,67766.06714179374,68332.0,68897.93285820626,1.656421173699757,0.719107263700895,1,-0.020695178509550636
2023-12-12,68870,69880,68790,69880,4084900,FPT,66.33862903838087,814.4081238887302,312.84308634422973,501.56503754450046,67106.65932454141,68620.0,70133.34067545859,4.41078599667324,0.9162975397519734,-1,0.11607720925580585
2023-12-13,70320,70320,68720,68720,2148100,FPT,58.66931139328977,825.3328162064281,259.01422292954203,566.3185932768861,67133.1798786663,68648.0,70162.8201213337,4.413297172047843,0.5237651979221826,1,-0.11643743441354892
2023-12-14,69160,69590,68720,69440,1712300,FPT,61.63410685354025,881.9224433361815,252.48308004743626,629.4393632887452,67434.55924487815,68922.0,70409.44075512185,4.316301776274184,0.6741245821779192,0,0.0018744040167599679
2023-12-15,69440,69520,68580,69440,1474300,FPT,61.63410685354024,916.2086475736141,229.4154274278951,686.793220145719,68120.35903338259,69212.0,70303.64096661741,3.1544846749621884,0.6044299394087812,-1,-0.08723016723085253
2023-12-18,69230,69440,67650,67860,2266500,FPT,52.119028572141936,806.5900480721903,95.83746234117689,710.7525857310134,67481.6582965838,69068.0,70654.3417034162,4.593564902461915,0.11924975010158156,1,0.10354764831906725
2023-12-19,67780,68290,67580,68290,1250400,FPT,54.19170467976641,745.8166148665478,28.051223308427552,717.7653915581202,67351.14332399725,68750.0,70148.85667600275,4.069401239280716,0.3355800104859717,0,0.10294134807988345
2023-12-20,68070,68580,67930,68370,1349500,FPT,54.585588726902536,696.0845334106416,-17.344686517982836,713.4292199286244,67239.23631361786,68680.0,70120.76368638214,4.19558440996546,0.39241816582064465,0,0.07812929531105332
2023-12-21,68290,68650,67860,68650,1756800,FPT,56.01125717772489,671.524246988949,-33.52397835174031,705.0482253406893,67349.70310927757,68522.0,69694.29689072243,3.4216657153102,0.5545936788764833,-1,-0.0064971169087113
2023-12-22,68580,68650,68140,68290,1275400,FPT,53.67806323213585,615.9112106529938,-71.30961175015648,687.2208224031502,67725.53729160913,68292.0,68858.46270839087,1.658943092575619,0.49823465872477174,1,0.04101003243063714
2023-12-25,68510,69440,68440,69310,2017000,FPT,58.901793509791695,646.688333630198,-32.425991018361856,679.1143246485599,67715.9284094271,68582.0,69448.0715905729,2.5256527677026077,0.9202885811774708,1,-0.17381549176160882
2023-12-26,69670,71170,69590,70160,3359900,FPT,62.67884217819133,731.2380643544457,41.69899176470858,689.5390725897371,67388.9901085196,68956.0,70523.0098914804,4.544955889205861,0.8841711550597006,0,-0.0277919730184916
2023-12-27,70320,70600,69960,69960,1355900,FPT,61.25241796687687,773.1931176072976,66.92323601404837,706.2698815932492,67657.05225811178,69274.0,70890.94774188822,4.668267291879251,0.712128067663743,0,0.08862481967161057
2023-12-28,70020,70020,69520,69730,1196600,FPT,59.573372537649185,778.9049898981903,58.10808664395279,720.7969032542375,68006.82772410035,69490.0,70973.17227589965,4.26873586386429,0.5809076612001877,-1,-0.15859639969044628
2023-12-29,69730,70020,69360,69360,1866600,FPT,56.87252368112361,744.9880238594487,19.352896484168923,725.6351273752798,68963.91892336223,69704.0,70444.08107663777,2.123496719378426,0.267593030777917,0,-0.10333312248721982
2024-01-02,69960,69960,69090,69230,1714500,FPT,55.913365925094034,699.5546399389568,-20.864389949058477,720.4190298880153,68903.21977598991,69688.0,70472.78022401009,2.2522678912010283,0.20819855929874098,0,0.019093029703030357
2024-01-03,69010,69670,68870,69520,1436900,FPT,57.63002889676569,679.1204543609201,-33.03886042167619,712.1593147825963,68977.4195334571,69560.0,70142.5804665429,1.6750444696460676,0.46566997840026764,1,0.026595185359080106
2024-01-04,69520,71030,69440,70160,2973900,FPT,61.21895309134502,706.4256314224476,-4.586946688119042,711.0125781105667,68871.02812125752,69600.0,70328.97187874248,2.0947467779956295,0.8841026082967934,0,0.13710032255489818
2024-01-05,70240,70390,69670,70320,1138600,FPT,62.08363720411631,732.5316746311,17.21527721642667,715.3163974146734,68736.5317121795,69718.0,70699.4682878205,2.8155377028041704,0.8066833679042393,0,0.0076637054250288175
2024-01-08,70320,70950,70090,70240,1443000,FPT,61.347113428044665,738.2554215936398,18.351219343173057,719.9042022504667,68917.92623229732,69894.0,70870.07376770268,2.7930116110186205,0.6772407022137057,-1,0.11475144862724851
2024-01-09,70240,70240,69730,69730,1211700,FPT,56.72688520331725,693.6429108481098,-21.009033121885636,714.6519439699954,69294.9148835819,69994.0,70693.0851164181,1.9975572661030747,0.3111817904573205,-1,-0.019661618961213812
2024-01-10,69800,69960,68210,68370,3302500,FPT,46.63953833878801,542.2952980321279,-137.885316750294,680.1806147824219,68140.14040015852,69764.0,71387.85959984148,4.655293847375386,0.07077570002478063,0,0.13944704316033632
2024-01-11,68370,68870,68370,68580,1370900,FPT,48.17209568813135,434.2902418596932,-196.71229833818302,631.0025401978762,67608.79364942446,69448.0,71287.20635057554,5.296643101530745,0.26402865297621986,0,-0.15268070058669073
2024-01-12,68440,69010,67930,68370,2597000,FPT,46.726828492957814,327.9695825581148,-242.42636611180922,570.395948669924,67319.06929407828,69058.0,70796.93070592172,5.036145575955644,0.30217728122889065,1,0.014988183126577452
2024-01-15,68580,69230,68510,68870,1312200,FPT,50.53231010143739,280.818415497808,-231.66202653769278,512.4804420355008,67649.66318934919,68784.0,69918.33681065081,3.2982577653256957,0.5379076122684665,0,-0.045507471704026366
2024-01-16,68370,69090,68370,69090,810000,FPT,52.15189304734634,258.2262656300736,-203.40334112434175,461.62960675441536,68020.76775900663,68656.0,69291.23224099337,1.8504784461470796,0.8416073460954339,0,0.2290422321593153
2024-01-17,69010,69310,68580,69090,1414000,FPT,52.151893047346334,237.5831138461799,-179.2371943265884,416.8203081727683,68162.50490198164,68800.0,69437.49509801836,1.8531834244719882,0.7274527293632979,0,0.11343826051890205
2024-01-18,69090,69310,68720,69010,1136900,FPT,51.44160783581725,212.3204380742245,-163.59989607883506,375.92033415305957,68281.74839677711,68886.0,69490.25160322289,1.7543524176839667,0.6026062647898845,1,-0.15056781204298142
2024-01-19,69310,69960,69090,69520,1493200,FPT,55.59374521272015,230.79189793295518,-116.10274897608349,346.89464690903867,68629.87244472525,69116.0,69602.12755527475,1.4067004898279813,0.915528800637174,0,0.12523315094374102
2024-01-22,69880,69880,69160,69590,1108000,FPT,56.14799989367817,248.2177779028134,-78.94149520498024,327.15927310779364,68715.20646112735,69260.0,69804.79353887265,1.5731837680411416,0.8028670280147557,-1,0.08022776779620208
2024-01-23,69360,69590,68870,69010,1480400,FPT,50.52129271270575,212.7740339714801,-91.50819130905086,304.28222528053095,68670.31018834445,69244.0,69817.68981165555,1.6570094496434435,0.29605703705568415,-1,-0.08229799044006174
2024-01-24,69160,69160,68510,68580,1722100,FPT,46.77853442397312,148.2779493076523,-124.80342077830295,273.08137008595526,68308.76533917665,69142.0,69975.23466082335,2.4102127818788848,0.16276006842738186,0,0.21304734964408711
2024-01-25,68650,69090,68440,68650,845100,FPT,47.46089552316247,101.64109722849389,-137.1522182859691,238.793315514463,68125.01322760717,69070.0,70014.98677239283,2.736316121015876,0.2777746671858147,1,-0.16662746097650183
2024-01-26,68950,69440,68790,69230,925400,FPT,52.854535859014184,110.21175617241533,-102.86524747363814,213.07700364605347,68175.77036646778,69012.0,69848.22963353222,2.42343254370897,0.6303469712494955,0,0.11056492567042003
2024-01-29,69230,69360,68790,69230,1060700,FPT,52.85453585901419,115.67068547409144,-77.92505453756965,193.5957400116611,68318.06752778342,68940.0,69561.93247221658,1.804271749975563,0.7331442825025969,0,0.09563959969445791
2024-01-30,69230,69230,68870,69010,949000,FPT,50.57071283750375,101.07958238595165,-74.01292610056754,175.0925084865192,68318.06752778342,68940.0,69561.93247221658,1.804271749975563,0.5562762061213165,0,-0.1513864799706948
2024-01-31,69010,69310,68950,69090,1381500,FPT,51.393200139492855,94.8776687711943,-64.17187177225992,159.0495405434542,68564.84174533242,69042.0,69519.15825466758,1.3822260498466967,0.5502977780751589,1,0.10273589948675753
2024-02-01,69230,72120,69090,72120,7793700,FPT,71.0450920808452,330.6467943576863,137.27780305138566,193.36899130630064,67063.93712648873,69736.0,72408.06287351127,7.663367194881466,0.946097287536364,1,-0.21997228357907794
2024-02-02,72340,73770,72260,73640,2876100,FPT,76.23569786430782,632.8517013629753,351.5861680453397,281.2655333176356,66347.69790295848,70618.0,74888.30209704152,12.094089600502771,0.8538391349517929,1,0.054799217825245786
2024-02-05,73640,75140,73560,74720,2694400,FPT,79.10225228405291,948.5637886022887,533.8386042277225,414.7251843745662,66509.53094698556,71716.0,76922.46905301444,14.519686131447497,0.7884872616558378,1,-0.2379054527793942
2024-02-06,74790,75800,74290,75140,1884300,FPT,80.1071951382776,1218.610993264403,643.1086471118695,575.5023461525336,68043.70641957867,72942.0,77840.29358042133,13.430653342165924,0.7243638487478058,1,0.0649559516730116
2024-02-07,75580,75800,75010,75730,2125400,FPT,81.45624201201461,1463.3646608114796,710.2898517271567,753.0748090843229,71422.12359818816,74270.0,77117.87640181184,7.668981827957016,0.7563313490485645,-1,0.1897457640473847
2024-02-15,75930,76160,74930,75080,2248400,FPT,75.39037416347084,1586.5948600485135,666.8160407713525,919.778819277161,73315.49426124677,74862.0,76408.50573875323,4.131617479504231,0.5704814714026695,1,0.04357561039540053
2024-02-16,75080,75870,74930,75870,2066000,FPT,77.57601954124934,1728.0818268576113,646.6424060643601,1081.4394207932512,74348.8962517034,75308.0,76267.1037482966,2.547149700686795,0.7929818598864447,0,0.013589909683861104
2024-02-19,76160,77250,75800,75800,2031800,FPT,76.9241018684672,1813.656153253818,585.7733859684533,1227.8827672853647,74760.50802231027,75524.0,76287.49197768973,2.021852597028043,0.6807484610612122,-1,0.02621231495437599
2024-02-20,75930,75930,75080,75300,1844300,FPT,72.2534196842581,1820.1470795955393,473.81144984813955,1346.3356297473997,74862.80450088264,75556.0,76249.19549911736,1.8349184687314184,0.3153479066684908,1,0.012904644253470342
2024-02-21,75080,77170,74720,76450,3137500,FPT,75.88080151522949,1896.228038073008,439.9139266604866,1456.3141114125215,74629.57952187164,75700.0,76770.42047812836,2.8280593873932958,0.8503296206138452,-1,0.20616139340967773
2024-02-22,76450,76520,75510,75510,1718700,FPT,68.04966982732297,1859.2404353066522,322.34105911530446,1536.8993761913478,74913.92202183719,75786.0,76658.07797816281,2.3014223686770854,0.3417572700428438,-1,0.13955149147855245
2024-02-23,76160,77030,74560,75010,4103500,FPT,64.25126594963908,1769.1875791756756,185.83056238746212,1583.3570167882135,74515.03685230279,75614.0,76712.96314769721,2.9067716235015038,0.2251955166714953,1,0.2867311279012459
2024-02-26,75010,77960,74720,77960,4466700,FPT,73.61054242813883,1913.7993006778852,264.35382711173725,1649.445473566148,73649.39406660241,76046.0,78442.60593339759,6.303042719926324,0.8993147086318416,0,0.026286433358785773
2024-02-27,78320,79050,77530,77900,2800800,FPT,73.19082964405877,2000.5030790550954,280.846084391158,1719.6569946639374,73869.23897981367,76566.0,79262.76102018633,7.044278191851025,0.747333744075667,1,-0.024214716828381982
2024-02-28,77960,78320,76730,78320,3461700,FPT,74.29567405407028,2079.139907367091,287.5863301625227,1791.5535772045682,73835.77706986171,76940.0,80044.22293013829,8.069204393393008,0.7222778503763134,0,0.16428558337857002
2024-02-29,78100,78980,77750,78700,2824800,FPT,75.28797866224299,2147.3694462740095,284.652695255553,1862.7167510184565,74636.28621378688,77578.0,80519.71378621312,7.5838866333577055,0.69070516058674,1,0.057529351069482884
2024-03-01,78840,80410,78770,79990,4019400,FPT,78.34431725873557,2279.2601739501115,333.2347383453239,1946.0254356047876,76866.15925801141,78574.0,80281.84074198859,4.347088711249501,0.9145585607564394,1,-0.08132090535455155
2024-03-04,80130,80710,79990,80410,3087100,FPT,79.24438076638282,2390.123163736789,355.2781825056011,2034.844981231188,76893.71891221526,79064.0,81234.28108778474,5.489934958476011,0.8100980807453604,-1,-0.15356071724849432
2024-03-05,80410,80410,79330,79910,3383000,FPT,75.23544441104869,2409.8577208205243,300.0101916714689,2109.8475291490554,77659.64455325203,79466.0,81272.35544674797,4.546234733717489,0.6228993996722365,-1,0.024013217337592357
2024-03-06,79410,79690,78250,78770,3702600,FPT,66.92254263584387,2306.916331403845,157.6550418038314,2149.2612896000137,78008.89948613671,79556.0,81103.10051386329,3.889337105594273,0.24597642720793023,1,-0.08553315911354287
2024-03-07,78770,82230,78100,80340,4037600,FPT,71.5798602078171,2325.216766118363,140.76438121467936,2184.4523849036837,78565.84978094453,79884.0,81202.15021905547,3.3001607807708044,0.6729696636270897,-1,0.10286732011565305
2024-03-08,80340,81280,79050,79410,3115600,FPT,65.68045949774795,2238.868482591366,43.532878150145734,2195.3356044412203,78395.52777806034,79768.0,81140.47222193966,3.441159918613139,0.36957841686076104,0,0.017645882959137826
2024-03-11,79410,81930,79410,79410,3381500,FPT,65.68045949774795,2145.7025227614795,-39.70646534379284,2185.4089881052723,78384.91927579051,79568.0,80751.08072420949,2.9737601151455078,0.4332251820324549,1,-0.006010456514740942
2024-03-12,79410,81930,79410,80790,2907800,FPT,69.94351291883962,2158.3422690741136,-21.653375224927004,2179.9956442990406,78125.01266218787,79744.0,81362.98733781213,4.060461822361874,0.8230414394140808,1,0.10637581345101972
2024-03-13,81430,84460,80870,84460,5114200,FPT,77.83044294392374,2436.4122438880004,205.13327967116766,2231.2789642168327,76706.13122811602,80882.0,85057.86877188398,10.325829657733436,0.9284138457715176,0,-0.025331931800155173
2024-03-14,85550,85550,83530,84460,3463000,FPT,77.83044294392376,2626.507953569686,316.1831914822824,2310.3247620874035,76553.202701445,81706.0,86858.797298555,12.613020582466405,0.7672334889606762,-1,0.0425534887029951
2024-03-15,84320,84320,82660,83750,3838400,FPT,73.50295169409436,2688.873447439153,302.83894828139955,2386.0344991577535,77916.69176454944,82574.0,87231.30823545056,11.280326096472402,0.6262531853752461,-1,-0.07971175879834373
2024-03-18,83600,83600,80210,81580,5884600,FPT,62.1321929061757,2533.987456055518,118.36236551821139,2415.6250905373067,79583.69277079354,83008.0,86432.30722920646,8.250547487486653,0.2914906717743722,-1,0.14750988446117305
2024-03-19,81580,81580,80210,80870,3315400,FPT,58.920497359227845,2327.122506042084,-70.8020675961784,2397.9245736382622,79651.14957343265,83024.0,86396.85042656735,8.125001027576014,0.1806855140931662,1,0.06142936816795924
2024-03-20,81060,83010,80210,82660,3475700,FPT,63.976251591288,2281.3209354498686,-93.28291055071486,2374.6038460005834,79697.77006960087,82664.0,85630.22993039913,7.1765942378765395,0.49932574343630504,1,0.004057828868523736
2024-03-21,83150,83870,82730,83870,3757800,FPT,66.93836778438923,2315.962771191582,-46.91285984720116,2362.875631038783,79908.25095962569,82546.0,85183.74904037431,6.390979672847416,0.7509715632030172,-1,-0.012596296564602392
2024-03-22,83940,83940,82660,82950,2414800,FPT,62.71579392951652,2243.320759066817,-95.64389757757272,2338.96465664439,80031.57438002479,82386.0,84740.42561997521,5.715596387675607,0.6197744356871927,-1,-0.05184263599801941
2024-03-25,82370,83080,82150,82300,2794400,FPT,59.84349713514575,2108.9907409170264,-183.979132581891,2292.9698734989174,80339.70321645772,82530.0,84720.29678354228,5.307880246073609,0.4474956997316065,1,0.1698589153376119
2024-03-26,82300,83380,82000,83010,1693300,FPT,61.89630882948856,2036.3505188233976,-205.29548374041588,2241.6460025638135,81793.40565002419,82958.0,84122.59434997581,2.8076721955105333,0.5223253702034016,0,-0.02642698141416925
2024-03-27,82810,83230,82370,83150,1320200,FPT,62.30549937767726,1967.4004813560314,-219.39641696622584,2186.796898322257,81935.1431848824,83056.0,84176.8568151176,2.6990387572664236,0.5419322070099282,1,-0.0031863433218639286
2024-03-28,83670,84760,83230,84540,2803200,FPT,66.18791435104339,2001.842469307754,-147.96354321160288,2149.806012519357,81544.94680937193,83190.0,84835.05319062807,3.954930137343591,0.9103210788839545,-1,0.20494880833392382
2024-03-29,84020,84610,83750,84090,1343500,FPT,63.893544958388595,1970.1164773120108,-143.7516281658768,2113.8681054778876,81629.51460727365,83418.0,85206.48539272635,4.288008326083931,0.6878684619770953,0,-0.14286416578652342
2024-04-01,83750,84890,83150,84320,1974600,FPT,64.56956738716822,1941.1560393972468,-138.1696528645125,2079.3256922617593,82426.90860514608,83822.0,85217.09139485392,3.328699851718937,0.678482930163921,0,0.11538813569734208
2024-04-02,83300,84460,83300,84460,2285800,FPT,64.99914319228138,1907.5128924338642,-137.45023986231604,2044.9631322961802,82983.51428897152,84112.0,85240.48571102848,2.683293016521969,0.6541889261862429,-1,-0.05118467917153499
2024-04-03,83830,84460,83080,83080,2549000,FPT,57.587306260644574,1749.3307927624555,-236.50587162698002,1985.8366643894356,82909.69027606628,84098.0,85286.30972393372,2.8260118526807347,0.07166049410499528,-1,-0.07840040150134399
2024-04-04,83010,83600,82300,82300,2359500,FPT,53.84963430550626,1543.24133241862,-354.07626557665253,1897.3175979952725,81793.65951399117,83650.0,85506.34048600883,4.438351430983464,0.13638136156192857,0,0.10577601871779047
2024-04-05,81650,82810,81280,82070,2759000,FPT,52.76217006728907,1345.8408568510058,-441.1813929154134,1787.0222497664192,81025.02724015004,83246.0,85466.97275984996,5.335926674795088,0.23525114281918386,-1,-0.05973321450244121
2024-04-08,82070,82070,81280,81280,1952000,FPT,49.094824174642085,1112.8252038353385,-539.3576367448647,1652.1828405802032,80230.49506750336,82638.0,85045.50493249664,5.8266292323062965,0.21796527149962627,0,0.14288933653660368
2024-04-09,81280,81710,81210,81580,1432500,FPT,50.501834151764314,941.5129377537232,-568.5359222611842,1510.0488600149074,80670.28163768825,82062.0,83453.71836231175,3.3918704450579935,0.3268327798738809,1,-0.003676491494588938
2024-04-10,81930,83460,81790,82150,1791100,FPT,53.151373550663244,842.0345191683737,-534.411472677227,1376.4459918456007,81018.49198254726,81876.0,82733.50801745274,2.094650489649566,0.6597652700752161,1,0.16728236362345006
2024-04-11,81930,83300,81790,82950,1549400,FPT,56.65800398663234,818.3174160696799,-446.50286062073656,1264.8202766904164,80731.4334069984,82006.0,83280.5665930016,3.108471558182564,0.8703219608858905,1,-0.08252203999613199
2024-04-12,83670,83670,82510,83380,1367300,FPT,58.45788935167858,824.7120798405667,-352.08655747987996,1176.7986373204467,80488.93282870048,82268.0,84047.06717129952,4.325052684639288,0.8125233318727748,-1,-0.12927520512346324
2024-04-15,83380,83460,80480,80560,3701900,FPT,45.20081860062551,595.3664508309739,-465.14574919157826,1060.5122000225522,79887.36860435258,82124.0,84360.63139564742,5.446961657121959,0.15036706471982564,1,0.0043166845816690665
2024-04-16,80870,81710,80480,81580,3642700,FPT,49.64867816236758,490.2624229649664,-456.1998216460687,946.4622446110351,79887.36860435258,82124.0,84360.63139564742,5.446961657121959,0.37838854425037416,-1,0.06806179925835674
2024-04-17,81650,81650,80560,80710,1943300,FPT,46.20391376376806,332.9272168253374,-490.8280222285582,823.7552390538956,79269.57836667555,81836.0,84402.42163332445,6.272109177683306,0.28062840778398945,-1,-0.05746099922383489
2024-04-19,79770,80270,78700,78700,5361100,FPT,39.40199376270908,45.522970227888436,-622.5858150608058,668.1087852886942,77584.89429743857,80986.0,84387.10570256143,8.399243579288836,0.16393282068852255,1,-0.15201925082598508
2024-04-22,79410,80410,78620,79630,2397300,FPT,43.54332196529333,-105.98204314876057,-619.2726627499638,513.2906196012033,78030.88775795972,80236.0,82441.11224204028,5.496565736178979,0.3625920285492366,1,-0.18647197680395008
2024-04-23,80070,81790,79330,81060,4037600,FPT,49.28282324041066,-109.40070555897546,-498.153060128143,388.75235456916755,78015.11223881983,80336.0,82656.88776118017,5.7779520045314,0.6559747981160118,1,0.0018623074731137915
2024-04-24,82000,86710,81710,86710,10158700,FPT,64.59705759224097,339.87983763027296,-39.098013551115685,378.97785118138864,75100.7317578628,81362.0,87623.2682421372,15.391136506322857,0.9270700274433963,1,0.10707708098351994
2024-04-25,88430,92400,88000,88940,5707700,FPT,68.62402855852343,865.8987265947217,389.5367003306664,476.36202626405526,73916.36208376095,83008.0,92099.63791623905,21.90544987528684,0.8262338455760839,0,0.00678098847825644
2024-04-26,88800,90530,88220,88940,3396500,FPT,68.62402855852343,1268.1539959931542,633.4335757832791,634.7204202098751,76206.3604593184,85056.0,93905.6395406816,20.808971831926264,0.7194439661720309,1,0.03697889428413486
2024-05-02,89380,93130,89150,91890,3469300,FPT,73.2859540498091,1804.1869962797355,935.5732608558883,868.6137354238472,79413.76254363668,87508.0,95602.23745636332,18.499422810173517,0.7706864002707922,-1,0.08855645213418323
2024-05-03,92470,92690,90670,90890,3191200,FPT,69.5153450701611,2123.8232558059244,1004.1676163056618,1119.6556395002626,85467.49029702976,89474.0,93480.50970297024,8.95569596300656,0.6767124136689651,1,0.08397013905315462
2024-05-06,91320,92120,89860,92120,2704600,FPT,71.46038556640337,2448.167068758834,1062.809143406857,1385.357925351977,87464.0556279269,90556.0,93647.9443720731,6.828800680403522,0.7529152875656944,1,0.009996611468459649
2024-05-07,92400,94990,91820,94770,3122800,FPT,75.14052861247254,2885.779263308752,1200.33707036542,1685.442192943332,87490.13516283962,91722.0,95953.86483716038,9.227589536120838,0.8601249233240206,0,0.2803990662057006
2024-05-08,93920,94580,93350,94580,3017800,FPT,74.39976342670855,3180.5947517645836,1196.1220470570013,1984.4727047075824,89389.4509106221,92850.0,96310.5490893779,7.454063735870557,0.749960332207135,-1,-0.03404475513829927
2024-05-09,94280,95870,93840,94060,2203300,FPT,72.29901933890557,3333.8479720446194,1079.5002138696295,2254.34775817499,89881.63023761463,93284.0,96686.36976238537,7.294648090530779,0.6140381637203293,1,-0.12715973364521518
2024-05-10,94770,95440,93280,94580,3789700,FPT,73.1164901368326,3457.407070873189,962.4474501585591,2494.9596207146296,91830.81767075532,94022.0,96213.18232924468,4.660999190071853,0.6273285186158716,-1,-0.027042957372223116
2024-05-13,94770,94920,92980,93620,1852200,FPT,69.06435750281767,3438.2307856719417,754.6169319658493,2683.6138537060924,93375.80763055598,94322.0,95268.19236944402,2.006302600547103,0.12903949415038415,1,-0.15396636797431773
2024-05-14,93840,95070,93550,94210,2304600,FPT,70.15893884582306,3431.090040449635,597.9809493948342,2833.109091054801,93407.2547103881,94210.0,95012.7452896119,1.704161531922103,0.5,1,0.10037472105386724
2024-05-15,94920,97100,94770,96810,3653100,FPT,74.44933275046071,3593.802105697687,608.5544117143086,2985.247693983378,92151.4201949241,94656.0,97160.5798050759,5.291962062787153,0.9300122510839139,1,-0.061044228024543026
2024-05-16,97890,99110,96880,97750,3119000,FPT,75.80380221647118,3755.3138137330825,616.0528957997635,3139.260917933319,91820.86132371076,95394.0,98967.13867628924,7.491327916408236,0.8296821385122877,-1,0.055804525655648876
2024-05-17,97750,98180,96520,97100,2306400,FPT,72.92498872028962,3787.206874857875,518.3567655396446,3268.8501093182304,92190.56422847355,95898.0,99605.43577152645,7.732039816318273,0.6621066518847749,-1,-0.003828389440912345
2024-05-20,97600,98250,96010,96010,2013500,FPT,68.24453209038785,3682.083696253554,330.5868695482586,3351.4968267052955,93650.94587209835,96376.0,99101.05412790165,5.655047165065259,0.43284537061988043,1,-0.04787508006233911
2024-05-21,96750,98180,96360,98180,3471900,FPT,72.08564731582192,3730.8665768769133,303.4958001372943,3427.370776739619,95485.77911187585,97170.0,98854.22088812415,3.466544999740976,0.7998419052755351,1,0.01931177041574445
2024-05-22,99550,100850,98250,99620,4511800,FPT,74.3066401626485,3841.4415793382213,331.25664207888167,3510.1849372593397,95061.74158554015,97732.0,100402.25841445985,5.464450567797346,0.8535238368272141,0,-0.016392501686591912
2024-05-23,99260,99480,97460,99260,3621500,FPT,72.7482828711283,3855.579355291222,276.3155344255056,3579.2638208657163,95032.54701852692,98034.0,101035.45298147308,6.123289841224632,0.7042344170586163,-1,0.019919171335099874
2024-05-24,99620,99620,94280,95220,13375600,FPT,58.03815201665068,3500.4385318322893,-63.06023122674196,3563.4987630590313,93740.3374315807,97658.0,101575.6625684193,8.023229163856108,0.18884507567688683,1,0.06556203834175998
2024-05-27,96010,96360,94280,95870,5157800,FPT,59.45854903507867,3234.15511138062,-263.47492134272943,3497.6300327233494,93651.91000604641,97630.0,101608.08999395359,8.149318844522357,0.278788312648146,1,0.003756375259743536
2024-05-28,96750,98900,96090,98900,4625300,FPT,65.34710287701715,3230.38143311927,-213.7988796832642,3444.180312802534,93647.0253211349,97774.0,101900.9746788651,8.441865278837104,0.6364195430815736,-1,-0.09366923737609092
2024-05-29,98970,99760,97310,97960,5837600,FPT,62.32279372274877,3115.625628975831,-262.8437470613626,3378.469376037194,93821.54698967192,97442.0,101062.45301032808,7.4309907644097715,0.5715380089898002,-1,-0.06543297700270981
2024-05-30,96590,97460,95220,97460,7261300,FPT,60.71322334518589,2950.3254903565976,-342.51510854447724,3292.840598901075,94056.29677595543,97082.0,100107.70322404457,6.233293966017531,0.5624648175994461,0,0.18448568713119556
2024-05-31,97460,98750,96590,97160,2633500,FPT,59.71668349188789,2763.2632679015805,-423.6618647995956,3186.925132701176,95247.11898654164,97470.0,99692.88101345836,4.561159358691622,0.4302706716816791,1,0.029876508103422347
2024-06-03,97460,99340,97230,98830,7773600,FPT,63.32542950440977,2718.433740133085,-374.7931140544729,3093.226854187558,96487.68109965179,98062.0,99636.31890034821,3.210864351834984,0.7439150034437534,1,0.055804849906874
2024-06-04,100340,100560,99480,100420,7009800,FPT,66.41072695083353,2779.16919569757,-251.24612679199026,3030.4153224895604,95744.10755369456,98366.0,100987.89244630544,5.330891662374078,0.8917018035759494,1,0.0615974069943602
2024-06-05,101060,104610,100850,101130,6321600,FPT,67.71676248257491,2851.7206871432863,-142.9557082770193,2994.6763954203057,95487.25178813035,99000.0,102512.74821186965,7.096461034080101,0.8031814225686152,0,-0.04692485827815592
2024-06-06,101280,102290,100190,100770,5211800,FPT,66.30891647237728,2847.3468335791695,-117.86364947290895,2965.2104830520784,96359.04980358569,99662.0,102964.95019641431,6.628304060553296,0.6677288384794366,1,-0.03750793984322984
2024-06-07,101790,102520,101430,102520,3756900,FPT,69.61585566787825,2951.0727678684925,-11.310172146868808,2962.3829400153613,98074.72942332052,100734.0,103393.27057667948,5.279787513013447,0.8358063702998778,1,-0.016313251343202967
2024-06-10,103590,104690,103230,103950,3775400,FPT,72.0316540511688,3112.7831406835467,120.32016053454845,2992.462980148998,98834.59787234238,101758.0,104681.40212765762,5.745793210671641,0.8749056585924325,1,-0.00600669298337365
2024-06-11,104170,105740,103310,105740,6327300,FPT,74.73912464663047,3346.798012368483,283.46802577558765,3063.3299865928952,98704.73391678496,102822.0,106939.26608321504,8.008531410038792,0.8543613578796717,1,0.11946711789331857
2024-06-12,106900,110920,106820,110350,11215500,FPT,80.08588340083637,3859.752136766998,637.1377201392816,3222.6144166277163,97334.0070922025,104666.0,111997.9929077975,14.010266768191192,0.887616305108201,-1,-0.07073997061254678
2024-06-13,111750,111840,108660,108660,8136200,FPT,73.90977990736127,4082.838677116073,688.1794083906852,3394.659268725388,99757.01919225958,106244.0,112730.98080774042,12.211476992094454,0.6862191419710363,1,-0.15853261398054108
2024-06-14,108740,110830,107820,109500,6406200,FPT,74.94407919806848,4278.102050015019,706.7542250317047,3571.3478249833142,102248.32122618638,107640.0,113031.67877381362,10.017983600545557,0.6724880207101427,-1,-0.0698894866059936
2024-06-17,109500,109830,107420,107670,4867600,FPT,68.56675402939211,4236.349968382972,532.0017147197264,3704.348253663246,104822.07355494358,108384.0,111945.92644505642,6.572790162858766,0.39977333740412346,-1,0.05864058562824748
2024-06-18,107670,108420,106990,106990,6680000,FPT,66.30880094220004,4101.115716752363,317.41397047129385,3783.7017462810695,105927.09771140659,108634.0,111340.90228859341,4.983526867451093,0.1963318537710733,1,-0.05232210390428689
2024-06-19,106990,111000,105810,109920,9669200,FPT,70.7746535317659,4182.158787791035,318.7656332079723,3863.393154583063,106098.61640407382,108548.0,110997.38359592618,4.512996270638202,0.7800704639081266,1,-0.03751391067931917
2024-06-20,111180,113430,110170,111430,10465700,FPT,72.77733794657354,4318.449982618578,364.04546242841207,3954.4045201901663,105530.12654199619,109102.0,112673.87345800381,6.547768983160372,0.8258794057756222,1,-0.23681497753575634
2024-06-21,111920,113760,111430,113760,7653300,FPT,75.56032929802741,4561.886673920861,485.9857229845552,4075.9009509363054,104416.1917693015,109954.0,115491.8082306985,10.072954564087713,0.8436377571637161,-1,-0.045406230588790196
2024-06-24,112840,113270,110350,110420,13186900,FPT,65.26097389819823,4434.187367403603,286.62913317383754,4147.558234229766,105589.19379832817,110504.0,115418.80620167183,8.895254835430087,0.49145439346403663,-1,0.020130324271713556
2024-06-25,109500,109580,107500,108660,13706800,FPT,60.575394132293724,4143.2071430108335,-3.4808729751457577,4146.688015985979,107010.50996082394,110838.0,114665.49003917606,6.906458144636424,0.21547933793331886,1,-0.00831751649155689
2024-06-26,109500,110170,108160,110170,7147400,FPT,63.0280208097436,3988.470988366811,-126.57362209533494,4115.044610462146,107114.31744843423,110888.0,114661.68255156577,6.806295634452365,0.40486746166525206,1,-0.00072389505628545
2024-06-27,109750,112100,109330,111000,6403700,FPT,64.34117855976731,3887.9971237497957,-181.63798936988042,4069.635113119676,107070.7160386816,110802.0,114533.2839613184,6.735048034003726,0.5265324218221707,-1,0.21588556747901913
2024-06-28,111000,111000,109000,109090,6633000,FPT,59.13599479591485,3612.6059520555427,-365.6233288513067,3978.2292809068495,107933.60603805946,109868.0,111802.39396194054,3.521305497397864,0.2989034252310406,-1,0.2597501852132318
2024-07-01,109000,109000,107420,107500,6376000,FPT,55.13710483735602,3228.8367326135485,-599.5140386346411,3828.3507712481896,106574.88206236935,109284.0,111993.11793763065,4.9579406640142265,0.17074154003788874,0,-0.12060324033263557
2024-07-02,107500,110420,106580,106990,6720600,FPT,53.87858104269829,2850.6832218528725,-782.1340395162542,3632.8172613691268,105536.11658078484,108950.0,112363.88341921516,6.266880989839661,0.2129368875093866,1,0.1579102658773459
2024-07-03,109090,111000,108740,109500,7634100,FPT,58.856081950154916,2722.1506054807833,-728.5333247106751,3450.6839301914583,105594.3668737747,108816.0,112037.6331262253,5.921248945422168,0.6061573390265926,1,-0.05338971503102472
2024-07-04,110420,113520,110420,113520,8117900,FPT,65.31283916738805,2911.110514528511,-431.65873253035807,3342.769247058869,104175.43004712813,109320.0,114464.56995287187,9.411946492630568,0.9081973846672472,1,0.10492395334751808
2024-07-05,113760,116770,113760,115940,7789400,FPT,68.51595959890503,3219.029411765019,-98.99186823507989,3318.021280000099,102889.12825384291,110690.0,118490.87174615709,14.094989151968727,0.8365008534197658,1,-0.08778860233207286
2024-07-08,115770,116680,114940,116680,5865700,FPT,69.44511053284887,3482.6236541951657,131.68189935605324,3350.9417548391125,104177.16055969504,112526.0,120874.83944030496,14.838951780575085,0.7487770922953733,-1,-0.024427743760476253
2024-07-09,116270,116440,113670,114940,9676100,FPT,64.61630062609645,3510.651922148172,127.76813384724755,3382.8837883009246,108437.73265863684,114116.0,119794.26734136316,9.951746190478385,0.5725573445615706,-1,-0.05555368363068245
2024-07-10,113670,114510,112010,112010,6294700,FPT,57.38080733135791,3258.8717682977003,-99.20961600257942,3358.0813843002798,110861.60811416175,114618.0,118374.39188583825,6.554628218671157,0.15285837057732662,-1,-0.09038905760415322
2024-07-11,112100,113180,110740,111180,6842100,FPT,55.48541107585762,2958.2591489755723,-319.8577882597665,3278.116937235339,109288.97130228678,114150.0,119011.02869771322,8.516914056440157,0.1945091065398173,1,-0.15279782332824904
2024-07-12,110500,113670,110500,111840,3553400,FPT,56.70994830930505,2741.673659204942,-429.1546224243175,3170.8282816292594,108597.17843142258,113330.0,118062.82156857742,8.352283717598905,0.34258861459171164,-1,-0.07690223241399158
2024-07-15,111580,112680,110590,110920,3067200,FPT,54.46097841292716,2467.349715262666,-562.7828530932752,3030.132568355941,108960.90814554639,112178.0,115395.09185445361,5.735691230818183,0.30448180267864033,1,0.13512288629215194
2024-07-16,111660,112430,110590,112010,4002300,FPT,56.65425891229782,2311.2571698347892,-575.1003188169216,2886.357488651711,110575.98818904905,111592.0,112608.01181095095,1.8209402303945614,0.7057062700918642,-1,-0.05813157503307778
2024-07-17,112010,112100,108580,110260,6970100,FPT,52.29912846679165,2023.0221878632874,-690.6682406307386,2713.690428494026,109820.98627733864,111242.0,112663.01372266136,2.5548151285689915,0.15447202080467873,-1,0.09293964041000974
2024-07-18,109830,109830,106820,106900,10800200,FPT,45.126388385501585,1506.1084875965753,-966.0655527179606,2472.174040314536,106238.14272183915,110386.0,114533.85727816085,7.515187212437905,0.07978303420004824,-1,0.052644491044650056
2024-07-19,107500,108070,105330,105330,6551700,FPT,42.21310332924731,958.7133265603043,-1210.7685710033857,2169.48189756369,103411.45912310963,109084.0,114756.54087689037,10.40031696103988,0.16910771720538897,-1,-0.002467846961580025
2024-07-22,105330,105330,102980,103730,6216900,FPT,39.420077862400696,391.2816382662277,-1422.56020743797,1813.8418457041976,100780.65805658652,107646.0,114511.34194341348,12.755405576451489,0.2147993477763364,1,-0.20253542542666528
2024-07-23,104400,106580,104320,104900,5311600,FPT,42.42026167907386,35.5869350356661,-1422.6039285348252,1458.1908635704913,101172.41411040131,106224.0,111275.58588959869,9.511195002256908,0.3689520450670609,0,-0.04746753020199611
2024-07-24,104900,105810,103650,105330,4151700,FPT,43.527205822616956,-209.19480607131845,-1333.908535713448,1124.7137296421295,102964.79081473072,105238.0,107511.20918526928,4.320129963072812,0.5202357091894958,-1,-0.023367723355682973
2024-07-25,103810,104900,103730,104490,2563400,FPT,41.835231715045204,-465.5999330802588,-1272.2509301779105,806.6509970976518,103413.19696157899,104756.0,106098.80303842101,2.5636775715396047,0.400953456170018,1,-0.26525978066056866
2024-07-26,105240,106990,103980,106990,3951100,FPT,48.27907029338177,-461.7509592772258,-1014.7215650999021,552.9706058226764,102656.2763314898,105088.0,107519.7236685102,4.6279759221037535,0.8910806200207088,1,0.074176789441492
2024-07-29,108660,109170,107820,107820,4859800,FPT,50.249691689372405,-387.2624361064518,-752.1864335433025,364.92399743685075,103044.65066795531,105906.0,108767.34933204469,5.403564164532107,0.8344575893905757,-1,0.09717813908688941
2024-07-30,107820,108250,106160,106990,2373800,FPT,48.26911838519151,-390.70006113099225,-604.4992468542744,213.79918572328216,103589.64084290441,106324.0,109058.35915709559,5.143446742213594,0.6217835627539542,0,0.11855783259933608
2024-07-31,106410,107500,105810,107500,2869200,FPT,49.58404726910193,-348.25717405753676,-449.64508782465515,101.38791376711839,104125.53347599776,106758.0,109390.46652400224,4.93165200547452,0.6409324664216257,-1,0.028426815073012493
2024-08-01,108340,108420,103730,104320,6870300,FPT,42.35474926103408,-564.710670805609,-532.8788676581819,-31.83180314742708,103944.76989078046,106724.0,109503.23010921954,5.208257016640196,0.06750612480319464,-1,-0.0627366816223367
2024-08-02,102050,104320,101140,102980,9944700,FPT,39.72632817547168,-834.7558814110089,-642.3392626108655,-192.41661880014345,101626.08566193498,105922.0,110217.91433806502,8.111467566822794,0.1575816265781099,-1,0.25915271079964214
2024-08-05,101230,102730,98130,99130,10415200,FPT,33.32705833503102,-1343.9393839490222,-921.2182121191029,-422.72117182991923,97410.48392635016,104184.0,110957.51607364984,13.002987164343539,0.1269293565522827,1,0.10296953330963032
2024-08-06,100310,101900,100130,100970,6728100,FPT,38.43154452765016,-1580.776152217266,-926.4439843098774,-654.3321679073886,96569.96099855914,102980.0,109390.03900144086,12.449094972695402,0.34321468250441317,1,0.04273107165420341
2024-08-07,101140,101970,100480,101970,2822800,FPT,41.07207058807606,-1668.545401974814,-811.3705872539404,-857.1748147208737,97929.11470382306,101874.0,105818.88529617694,7.744636111622091,0.5121676541638657,0,-0.036774290281723396
2024-08-08,101650,102310,101050,101480,2654900,FPT,40.16311973295019,-1757.384040366349,-720.16738051638,-1037.216659849969,98456.20702506424,101306.0,104155.79297493576,5.626108966765556,0.5305285333935393,1,0.043423759484074974
2024-08-09,102310,106070,101970,106070,5496400,FPT,51.083761221943455,-1440.8059474780603,-322.87143010247314,-1117.9345173755871,96814.68302020778,101924.0,107033.31697979222,10.02573874610929,0.9057293779577371,1,0.07883500074566208
2024-08-12,106070,108830,105500,108660,6183500,FPT,55.96721543177189,-969.7455505145335,118.55117348884278,-1088.2967240033763,97084.02342132787,103830.0,110575.97657867213,12.994272519834587,0.8579911628562706,0,-0.08597628206889185
2024-08-13,108420,108830,106990,108420,4097900,FPT,55.41513969970985,-608.7752047395334,383.6172154110744,-992.3924201506078,98442.7767231249,105320.0,112197.2232768751,13.05967200318097,0.7253816602424308,0,-0.020073604972218512
2024-08-14,109250,109920,108250,108250,2862200,FPT,55.00127339938445,-332.58732466238143,527.8440763905811,-860.4314010529625,100512.0969664751,106576.0,112639.9030335249,11.379490755000933,0.638029911654682,-1,0.03979332220579612
2024-08-15,107910,108250,107160,107590,2257600,FPT,53.335828103017256,-165.0602126399608,556.2969507304015,-721.3571633703623,105709.10555556478,107798.0,109886.89444443522,3.875571799913215,0.4502128983697314,1,-0.002451126986266813
2024-08-16,107910,109500,107910,109170,5093600,FPT,56.71487441802904,94.11413680941041,652.3770401438181,-558.2629033344077,107261.33237272229,108418.0,109574.66762727771,2.133718805507778,0.8250717761375749,0,-0.17187693417377867
2024-08-19,109580,109830,108660,109090,2498400,FPT,56.49181851559167,289.71667114368756,678.3836595824762,-388.6669884387887,107202.4931809659,108504.0,109805.5068190341,2.3990024681746243,0.7251236764302531,1,0.15126214917613642
2024-08-20,109250,110740,109250,109920,3741400,FPT,58.323220523000415,505.8757317059644,715.6341761158026,-209.7584444098381,107003.46674565777,108804.0,110604.53325434223,3.309682096875531,0.8099081889514167,1,0.0017224479546650434
2024-08-21,109170,111840,109170,111580,6119700,FPT,61.78764601613427,801.8878078535345,809.317001810698,-7.429193957163562,106567.69057473326,109470.0,112372.30942526674,5.302474514052683,0.8635036260487768,0,-0.03101910392402319
2024-08-22,112010,112430,111580,111840,3020500,FPT,62.31602282675849,1045.4085192756756,842.2701705862713,203.1383486894043,107694.47148177895,110320.0,112945.52851822105,4.759841403591461,0.7894655284547983,-1,-0.1005399793833035
2024-08-23,111750,111750,110670,111270,3055000,FPT,60.34598516143885,1178.8175265804748,780.5433423128563,398.27418426761847,108375.38586657528,110740.0,113104.61413342472,4.27056914109576,0.6120690248164062,-1,-0.23103386850177512
2024-08-26,111430,111580,109920,109920,2590300,FPT,55.84312834236702,1162.2141274422902,611.1519545397373,551.0621729025529,109061.13686144692,110906.0,112750.86313855308,3.3268950977459744,0.23277150499811086,1,-0.11383665614923051
2024-08-27,109920,110830,109000,110740,2338500,FPT,57.898101724118106,1201.374266266299,520.2496746909968,681.1245915753021,109545.40169225074,111070.0,112594.59830774926,2.745292712252195,0.39177477164881075,1,0.01618450645593465
2024-08-28,111180,112430,111090,111430,2711500,FPT,59.60178929400236,1273.4071469259507,473.8260442805188,799.5811026454319,109560.3378764083,111040.0,112519.6621235917,2.665097484855363,0.6317868430170136,0,0.020868541097111244
2024-08-29,111000,111840,110500,111750,2092700,FPT,60.402077198026234,1340.8584677057224,433.0218920482323,907.8365756574901,109589.56151964843,111022.0,112454.43848035157,2.5804587925844813,0.7541121346521363,1,-0.07874743133401059
2024-08-30,111580,112760,111180,112680,3315800,FPT,62.71387089535206,1452.6125399097655,435.82077140182014,1016.7917685079453,109220.3205620845,111304.0,113387.6794379155,3.74412319038939,0.8301851462757965,-1,0.03091063082229141
2024-09-04,111180,111180,109920,111180,4535200,FPT,56.93975787095589,1403.9570404695114,309.73221756925295,1094.2248229002585,110098.56389505685,111556.0,113013.43610494315,2.6129228458229883,0.37100635193380654,-1,0.0966673668821832
2024-09-05,111180,111180,108420,109170,8055600,FPT,50.26172510860687,1189.4952441505593,76.21633700024063,1113.2789071503187,108661.63568463833,111242.0,113822.36431536167,4.639190800887564,0.09850630632566669,1,0.017748995777204714
2024-09-06,109090,111090,108920,110420,3821400,FPT,53.88401386819205,1107.629218611226,-4.519750831274223,1112.1489694425002,108376.43096579197,111040.0,113703.56903420803,4.797494658155681,0.38361480554147787,-1,0.0024907075061583114
2024-09-09,109330,110260,108740,109750,2885200,FPT,51.710220724712855,977.4193214665866,-107.78371838073099,1085.2030398473175,107909.68866244306,110640.0,113370.31133755694,4.935486871939511,0.33701492431328994,-1,-0.04208874423717337
2024-09-10,109500,109500,108340,108660,4195100,FPT,48.29662976407168,777.3127716072195,-246.31221459207848,1023.624986199298,107840.67546499522,109836.0,111831.32453500478,3.633279680623439,0.2053110961728382,0,-0.08689153328047972
2024-09-11,108660,109750,108510,109170,3190400,FPT,49.96108208597766,652.3596311577712,-297.01228403322136,949.3719151909926,108088.44435269583,109434.0,110779.55564730417,2.459118093653097,0.40189926350168914,1,0.04897806806716576
2024-09-12,109500,110740,109500,110590,4118000,FPT,54.36605620468738,660.3039270317677,-231.25439052737988,891.5583175591476,108082.79970646037,109718.0,111353.20029353963,2.980732958201262,0.7666340030163609,1,-0.11963428495510431
2024-09-13,110500,111510,110350,111180,3186800,FPT,56.09544783871672,706.0687864540378,-148.39162488408783,854.4604113381256,107819.87805240955,109870.0,111920.12194759045,3.7319048832082475,0.8194931895489606,-1,0.07228735172226228
2024-09-16,110170,111180,109580,109580,1915700,FPT,50.50562834921664,606.2427499734331,-198.57412909175412,804.8168790651872,107770.34756069854,109836.0,111901.65243930146,3.761339523109828,0.43803410604579446,1,0.09876287234994575
2024-09-17,109660,111090,109660,111090,2651400,FPT,55.057300442035796,641.57855899891,-130.5906560530218,772.1692150519318,108512.17127882443,110322.0,112131.82872117557,3.2809933126222637,0.7121747740584945,1,0.006974261276345738
2024-09-18,111510,113010,111090,112510,5379600,FPT,58.88640065172005,775.2282263664529,2.4472090516168237,772.781017314836,108867.59570298402,110990.0,113112.40429701598,3.8244964357437228,0.8580844616025946,0,0.23742526891356597
2024-09-19,112680,113520,112260,113010,5154300,FPT,60.17310959360038,910.991034402381,110.56801367003595,800.4230207323451,108780.72689836477,111474.0,114167.27310163523,4.832109911970924,0.7851548918428306,0,-0.19902820612054237
2024-09-20,113930,114510,112840,113090,3719700,FPT,60.386728748935504,1013.3580089672469,170.34799058792146,843.0100183793254,108847.82447320776,111856.0,114864.17552679224,5.378657428823204,0.7051077121347158,-1,0.18004829401380484
2024-09-23,113610,113610,111510,112010,2441200,FPT,56.01842209621183,995.8579689942271,122.27836049192138,873.5796085023057,110695.28205208307,112342.0,113988.71794791693,2.931615865690353,0.399193422765576,0,0.038608912384856676
2024-09-24,112010,112600,111750,112430,2011400,FPT,57.31169663270147,1004.3025762063189,104.57837416321047,899.7242020431084,111719.60682842258,112610.0,113500.39317157742,1.5813749606205902,0.39892105771593495,0,-0.03444830472647644
2024-09-25,112260,112680,111660,112680,4479900,FPT,58.101455049786644,1019.4166977974674,95.75399660348705,923.6627011939803,111759.73759551156,112644.0,113528.26240448844,1.5700124365051726,0.5203559485381641,0,-0.0014939221616558328
2024-09-26,112840,112840,111920,112260,2815600,FPT,56.21968001098324,986.1366882430157,49.97918963922825,936.1574986037874,111667.61026144336,112494.0,113320.38973855664,1.469215671158707,0.35842031363512483,0,0.09147243168744396
2024-09-27,112260,112340,111580,112170,3352800,FPT,55.80260604797539,941.6450945665274,4.390076770191968,937.2550177963354,111796.7749031938,112310.0,112823.2250968062,0.9139437214962156,0.36360760524843766,0,-0.03419501658349496
2024-09-30,112170,112430,111180,112430,3030500,FPT,56.79967960565645,916.7967508647998,-16.366613545228574,933.1633644100284,112003.46190967881,112394.0,112784.53809032119,0.6949447307172834,0.5460902545644042,1,0.022532532940519615
2024-10-01,112600,113850,112600,113610,4725900,FPT,61.089958930034406,981.011903225386,38.27883105228602,942.7330721731,111467.50268817872,112630.0,113792.49731182128,2.0642765015027615,0.9215063510403468,0,0.12448291343473489
2024-10-02,112510,113610,112510,113180,1719800,FPT,58.79837861608406,985.8413029013318,34.48658458258535,951.3547183187464,111464.53565834841,112730.0,113995.46434165159,2.245124353147503,0.6778003477414043,-1,0.021972132389923658
2024-10-03,113180,113760,112010,112010,2300800,FPT,52.97544362713089,885.0570285403082,-53.038151822750706,938.095180363059,111306.53722293187,112680.0,114053.46277706813,2.437811105907216,0.25609095084825617,0,-0.07305134873962249
2024-10-04,112260,112680,111580,112100,1468400,FPT,53.35808707036547,803.1883574193926,-107.9254583549332,911.1138157743258,111265.38584899635,112666.0,114066.61415100365,2.486312021379394,0.2979457798586374,0,0.038223267854134026
2024-10-07,112170,112760,111660,112100,1330500,FPT,53.35808707036547,729.8930924965098,-144.97657862225287,874.8696711187627,111115.21045262579,112600.0,114084.78954737421,2.6372816116771047,0.33162596986076925,0,0.1725014003624718
2024-10-08,112100,112920,111660,111840,2108600,FPT,51.942004810433026,643.4094166452996,-185.16820357877043,828.5776202240701,111180.39219222467,112246.0,113311.60780777533,1.8987007247925693,0.3094983928244646,1,-0.0411142318740395
2024-10-09,112260,113520,112260,113180,2619900,FPT,58.11211347807464,675.2138368001033,-122.69102673917348,797.9048635392768,111180.39219222467,112246.0,113311.60780777533,1.8987007247925693,0.9382475396599754,1,-0.03588093634493358
2024-10-10,113520,118700,113520,118450,9952200,FPT,72.86655116070672,1112.835945618819,251.94486566363378,860.8910799551853,107941.61946931438,113534.0,119126.38053068562,9.851463932717287,0.9395265999001413,-1,-0.11864287816224893
2024-10-11,118700,119370,116680,116680,3813600,FPT,64.63218143766085,1301.8237978771504,352.74617433757203,949.0776235395783,108540.6514741478,114450.0,120359.3485258522,10.32651555413228,0.6886840816922715,-1,-0.11599936253663608
2024-10-14,117950,118100,114600,115030,5605300,FPT,58.046870032658596,1303.4316730325081,283.4832395943438,1019.9484334381643,109742.86104471162,115036.0,120329.13895528838,9.202578245572479,0.4994332285576968,0,-0.022478693057687935
2024-10-15,115030,115850,114190,114510,2860800,FPT,56.10667185197419,1248.3560005983018,182.72605372810995,1065.6299468701918,111489.09323801789,115570.0,119650.90676198211,7.062225079141844,0.37012690293796946,-1,-0.045240735009929735
2024-10-16,114010,114600,113670,113930,2756000,FPT,53.94098580464093,1144.7114595105668,63.26521011229988,1081.446249398267,112043.20791994009,115720.0,119396.79208005991,6.354635465018855,0.25658128593841595,1,0.060854204793533366
2024-10-17,114100,114600,113270,114510,2579200,FPT,55.77918436946347,1096.7311329089425,12.22790680854041,1084.5032261004021,112828.36505068217,114932.0,117035.63494931783,3.660660128280771,0.399697426082209,0,-0.07472688108546367
2024-10-18,114850,115180,114190,114510,2169400,FPT,55.77918436946348,1046.6413484443037,-30.28950212487871,1076.9308505691824,113719.4885999605,114498.0,115276.5114000395,1.3598689934138535,0.5077070162359801,-1,0.0085938343349254
2024-10-21,114510,115100,113270,113270,2681300,FPT,50.75653554940797,896.5522996649524,-144.30284072338418,1040.8551403883366,113045.30930775648,114146.0,115246.69069224352,1.9285663838303848,0.10206804410489428,-1,0.17282193570779414
2024-10-22,113430,113430,111180,111270,6009200,FPT,43.89161918570442,609.199884813177,-345.3242044601277,954.5240892733048,110805.25418949511,113498.0,116190.74581050489,4.745010150848273,0.08629589333902762,1,0.009085942410990337
2024-10-23,111090,112680,110830,112170,3015100,FPT,47.34302765975713,448.91864941859967,-404.48435188376413,853.4030013023638,110280.9834206428,113146.0,116011.0165793572,5.064282571822591,0.3296693975469107,0,0.13952369811386908
2024-10-24,112170,112260,111840,112260,2277200,FPT,47.68955834334457,325.4057880761975,-422.39777058093307,747.8035586571306,110222.07194930983,112696.0,115169.92805069017,4.390445181177984,0.4118810266373014,0,-0.0680639130959859
2024-10-25,112260,112510,111660,112010,1839000,FPT,46.768844582203236,204.9851042543596,-434.25476352221676,639.2398677765764,110764.1061491885,112196.0,113627.8938508115,2.5524864537265057,0.43505105148171824,1,0.069124179080523
2024-10-28,112100,112840,111660,112760,1506000,FPT,49.894171954140326,168.13146189531835,-376.8867247050064,545.0181866003247,111015.61231461419,112094.0,113172.38768538581,1.9240774446193536,0.8087943274137671,0,0.1678852063542839
2024-10-29,113180,113270,112680,113180,2459200,FPT,51.607651909927434,170.84577102260664,-299.3379324621745,470.1837034847811,111509.7081186351,112476.0,113442.2918813649,1.718218786878803,0.8642791653209327,0,0.1848026154931108
2024-10-30,113180,113610,113010,113610,1709800,FPT,53.365970533836716,205.32740044116508,-211.88504243489285,417.21244287605793,111455.82569968996,112764.0,114072.17430031004,2.320198468145936,0.8233514065363824,0,0.013195050335615714
2024-10-31,113610,113670,113090,113610,1241700,FPT,53.36597053383671,230.00300867005717,-149.76754736480063,379.7705560348578,111689.1877454486,113034.0,114378.8122545514,2.379482730066007,0.7141562876344173,-1,-0.10960654299256992
2024-11-01,112840,112840,111660,112510,2667500,FPT,48.17297504713414,158.96534550271463,-176.64416842571455,335.6095139284292,112141.7701879143,113134.0,114126.2298120857,1.7540789012776024,0.18555671659958972,-1,0.05015864524120235
2024-11-04,112510,112510,110920,111000,3182900,FPT,42.114612150873576,-18.95835464836273,-283.6542948614335,264.6959402130708,110595.88929832187,112782.0,114968.11070167813,3.8767014269619824,0.09242686140457634,0,0.04366920098283389
2024-11-05,111180,112010,110590,110830,1657100,FPT,41.482099520100846,-171.70246895877062,-349.11872733747316,177.41625837870254,109605.2528747606,112312.0,115018.7471252394,4.820049727971014,0.22623966491348502,1,0.1377006987986664
2024-11-06,111270,112510,111180,112510,1801500,FPT,49.546510452614164,-155.3999662793649,-266.252979726454,110.85301344708907,109759.8593524421,112092.0,114424.1406475579,4.16111880876048,0.5896172365156683,0,0.0008966266595924091
2024-11-07,113090,115030,112170,112920,3570500,FPT,51.3100394094209,-108.1498577267921,-175.20229693910494,67.05243921231283,110023.99481866193,111954.0,113884.00518133807,3.4478539066725093,0.7502583955060351,1,-0.038322956667735386
2024-11-08,113760,114350,112920,113520,2106300,FPT,53.85215274900071,-22.03481703485886,-71.26980499773737,49.2349879628785,109776.0588242581,112156.0,114535.9411757419,4.243983693680053,0.7865617045292725,1,-0.1625438357671794
2024-11-11,114100,116600,113670,115610,5292000,FPT,61.41017279662135,212.40898768996703,130.53919978167082,81.86978790829622,109612.81890805233,113078.0,116543.18109194767,6.1288333574128835,0.8653488710710991,-1,-0.016586654224699147
2024-11-12,115850,116110,113610,114350,2914700,FPT,55.50788704687239,293.1565955206461,169.02944608987988,124.1271494307662,111313.42146165216,113782.0,116250.57853834784,4.3391371892704225,0.6150459649503697,1,-0.021531576801257064
2024-11-13,114260,115430,113760,115180,3455400,FPT,58.347830970391705,419.2904011370556,236.1306013650315,183.1597997720241,112078.92154809191,114316.0,116553.07845190809,3.9138501205572127,0.6931090077022244,-1,-0.1731510080617077
2024-11-14,115260,116940,113670,113670,4736300,FPT,51.862080884665744,392.87910466971516,167.77544391815286,225.1036607515623,112632.82788587884,114466.0,116299.17211412116,3.202998469626195,0.2828899987436232,-1,0.13112323371628934
2024-11-15,113090,113430,110830,111920,6563600,FPT,45.54365162619716,228.10809912215336,2.4035506964728484,225.7045484256805,111241.568902523,114146.0,117050.431097477,5.088975693369903,0.11679242418013264,0,0.012819877922474937
2024-11-18,112010,112510,110740,112010,3903400,FPT,45.908637665520814,103.59397113903833,-97.68846182931378,201.2824329683521,110551.47047327887,113426.0,116300.52952672113,5.068554875815304,0.2536988250012555,-1,-0.05345797803502597
2024-11-19,111580,111660,108580,108660,7642800,FPT,36.18650826878213,-262.3768581484619,-370.9274328934512,108.55057474498932,107425.00915073945,112288.0,117150.99084926055,8.661639443681509,0.1269785290104274,1,0.028701308817200673
2024-11-20,108660,110670,105900,110670,8460300,FPT,43.86750020094971,-385.77421034638246,-395.4598280730974,9.685617726714966,107666.46777134654,111386.0,115105.53222865346,6.678635068416973,0.4037513380736044,0,-0.031212624590781574
2024-11-21,110670,111180,109500,111180,3176700,FPT,45.65490912297547,-437.37299955732306,-357.64689382723043,-79.72610573009266,108163.90749055911,110888.0,113612.09250944089,4.913232287426752,0.5535958303523129,1,0.07060219698585235
2024-11-22,111090,112340,110740,111920,2915900,FPT,48.230798631400965,-413.78375464216515,-267.246119129658,-146.53763551250717,108163.90749055911,110888.0,113612.09250944089,4.913232287426752,0.6894208798752974,0,-0.15413390685113598
2024-11-25,112010,112010,111350,111920,1849700,FPT,48.23079863140096,-390.58666811727744,-195.23922608381622,-195.34744203346122,108182.02678584924,110870.0,113557.97321415076,4.848873841707866,0.6953144463033162,1,-0.0329902201265143
2024-11-26,111510,113610,111430,113010,4176100,FPT,52.10862502123682,-281.00961550527427,-68.52973877745043,-212.47987672782384,109969.06804196439,111740.0,113510.93195803561,3.169736814096312,0.8585682652112553,1,0.021999261167448006
2024-11-27,113010,116770,113010,116110,9814300,FPT,61.04564608431263,55.33718771500571,214.25365155426366,-158.91646383925794,108933.19833624462,112828.0,116722.80166375538,6.903962959115434,0.921330825461788,0,0.18031146590364885
2024-11-28,116520,117030,115610,116520,4742700,FPT,62.054215643554215,350.93269237232744,407.8793249692683,-56.94663259694087,109381.43246811042,113896.0,118410.56753188958,7.927526044618917,0.7906147689080775,1,0.0672725662926384
2024-11-29,116520,121550,116190,120620,11586700,FPT,70.32765970390922,905.5909060796694,770.0300309412883,135.56087513838116,108813.17653753291,115636.0,122458.82346246709,11.800517939857981,0.8652446840679224,-1,0.03977108252047713
2024-12-02,121470,122890,119190,119690,6616800,FPT,66.77137209612344,1255.6440261514654,896.0665208104674,359.577505340998,111098.80964014494,117190.0,123281.19035985506,10.395409778744018,0.7052144041070069,1,-0.09251229751666618
2024-12-03,119270,122800,119270,122050,5103700,FPT,70.80579239797011,1703.8549432886066,1075.4219503580869,628.4329929305197,113810.95074247498,118998.0,124185.04925752502,8.717876363510353,0.7941942372700975,-1,-0.02914746945088144
2024-12-04,122050,123140,120190,120790,5609100,FPT,66.18544679019807,1935.08737189135,1045.323503168664,889.7638687226859,115763.18233436288,119934.0,124104.81766563712,6.955188129533113,0.602617768100064,1,-0.02406154957258153
2024-12-05,121210,124990,120870,124990,4849200,FPT,72.603031551301,2429.2428373562725,1231.5831749068693,1197.6596624494032,117510.32104214151,121628.0,125745.67895785849,6.770939188112091,0.9082396945473017,1,-0.30984297848857345
2024-12-06,127860,127860,124570,125840,4541200,FPT,73.6912654198565,2856.524266568318,1327.0916832951318,1529.4325832731863,117358.76369808472,122672.0,127985.23630191528,8.662508644051265,0.7981233865749598,-1,0.03264384026031821
2024-12-09,125580,125840,122980,123730,4539000,FPT,66.61741727126926,2990.4168476709892,1168.7874115182422,1821.629436152747,119333.53162317735,123480.0,127626.46837682265,6.716016159414728,0.5301461360946842,1,-0.016377458533829953
2024-12-10,123810,125840,123730,125840,3597200,FPT,69.74508323727002,3229.558706396201,1126.3434161947634,2103.2152902014377,120013.65626398724,124238.0,128462.34373601276,6.800405248012295,0.6896152515173971,1,-0.04155845200808896
2024-12-11,126260,127680,126000,126680,4816600,FPT,70.91343697160669,3447.1250207091653,1075.127784406182,2371.9972363029833,123184.11290608373,125416.0,127647.88709391627,3.5591744178035873,0.7831684459857846,0,-0.006515241535233732
2024-12-12,127860,127860,125580,126430,4147900,FPT,70.04645521940589,3558.356463310949,949.0873816063722,2609.269081704577,123377.3457497965,125704.0,128030.6542502035,3.701798272455134,0.6560180245811127,0,0.01222011559875834
2024-12-13,125840,127010,125750,125840,3379800,FPT,67.93551949868343,3557.8870070780395,758.8943402987697,2798.9926667792697,123377.3457497965,125704.0,128030.6542502035,3.701798272455134,0.5292265170014205,0,0.17730540062784858
2024-12-16,125920,126750,125840,126170,3291100,FPT,68.50719140737523,3543.298264934565,595.4444785242363,2947.8537864103287,125455.060382399,126192.0,126928.939617601,1.167965667555796,0.4850734039298785,-1,0.12794053997083832
2024-12-17,126350,126680,124330,124570,5947500,FPT,62.67283801209159,3363.853543711797,332.7998058411745,3031.0537378706226,124286.49159857119,125938.0,127589.50840142881,2.6227324579218583,0.08583316959923895,0,0.08462350378856309
2024-12-18,124570,126090,124570,125170,2923400,FPT,63.91395247399933,3232.7916847057786,161.39035746812488,3071.4013272376537,124115.89474049,125636.0,127156.10525951,2.4198561869368724,0.3467211408273754,0,-0.0012887444934405001
2024-12-19,123980,125420,123890,124650,4805200,FPT,61.990210794172185,3051.7854796759348,-15.69267804937499,3067.4781577253098,123859.1551808906,125280.0,126700.8448191094,2.2682707840188483,0.2783009124124873,1,-0.003325483326940334
2024-12-20,124990,126750,124820,125840,3538900,FPT,64.61502334315219,2970.1220942004,-77.88485081992803,3048.006945020328,123859.1551808906,125280.0,126700.8448191094,2.2682707840188483,0.6970658556333447,0,-0.02409466753153752
2024-12-23,125840,126170,125170,126090,2514800,FPT,65.15935889634898,2892.236283993625,-124.61652882136286,3016.852812814988,123892.31490494718,125264.0,126635.68509505282,2.190070722718126,0.8010895149984096,0,0.0036402661798111014
2024-12-24,126260,126930,125750,126590,2300900,FPT,66.27671682748358,2838.140720053925,-142.9696742088504,2981.1103942627756,124137.6144276719,125668.0,127198.3855723281,2.435601063640865,0.8012312768335257,0,-0.11097956991765506
2024-12-25,126750,127280,126590,126930,2513100,FPT,67.05055104600784,2790.537178846993,-152.45857233262632,2942.995751179619,124268.6576576837,126020.0,127771.3423423163,2.779467294582295,0.7598007191433643,-1,-0.050173747728497524
2024-12-26,127100,127440,125510,126090,2233300,FPT,63.192494132899654,2654.431416603984,-230.8514676605082,2885.282884264492,125424.55220867903,126308.0,127191.44779132097,1.3988786004385634,0.3766197605893401,0,-0.005861038498656931
2024-12-27,125840,126170,125170,125920,2561700,FPT,62.40983326605345,2503.984663660289,-305.03857648336316,2809.023240143652,125480.95788955124,126324.0,127167.04211044876,1.3347299174325724,0.26039156585846823,1,-0.10073103143159906
2024-12-30,125750,126930,124990,126680,1982400,FPT,64.5251621341482,2418.204618890595,-312.6548970024455,2730.8595158930407,125597.55935673969,126442.0,127286.44064326031,1.3356964351407186,0.6409216869767792,1,-0.0860856408446969
2024-12-31,126840,129539,126520,128370,3603200,FPT,68.73802952108302,2458.254958528123,-218.08364589193434,2676.3386044200574,124855.14642857733,126798.0,128740.85357142267,3.064486145558565,0.9045595672063147,0,-0.1409389627966204
2025-01-02,128370,128520,126350,127940,3172800,FPT,66.57175346307287,2427.3171339304245,-199.21717639170674,2626.534310322131,124796.04900236193,127000.0,129203.95099763807,3.47078897265837,0.7132533801811795,-1,0.11269270958048094
2025-01-03,127360,127360,125420,125420,4336100,FPT,55.527388726425066,2174.39072281908,-361.7148700024409,2536.105592821521,124329.08849188825,126866.0,129402.91150811175,3.9993560262193952,0.21500779680796323,0,-0.09581884396039987
2025-01-06,125510,126430,124910,125660,3467100,FPT,56.27145421872853,1970.5949224005453,-452.4085363367808,2423.003458737326,124171.66769690301,126814.0,129456.33230309699,4.167256459219,0.28163231046915743,1,0.00912042315581149
2025-01-07,125840,127360,125840,126350,3453300,FPT,58.42509059037808,1843.5116608487006,-463.59343831090064,2307.105099159601,124072.65329349824,126748.0,129423.34670650176,4.221520981004452,0.42561711739402586,-1,0.03601181104354283
2025-01-08,126260,126260,124650,124820,3879900,FPT,52.27693964720377,1600.8850409907172,-564.9760465351073,2165.8610875258246,123645.66223120774,126038.0,128430.33776879226,3.7962166470306764,0.2454372840054918,0,0.04538335239625192
2025-01-09,124820,125580,124570,125250,1714400,FPT,53.749993528834686,1426.8512500365468,-591.2078699914223,2018.0591200279691,124368.8943462302,125500.0,126631.1056537698,1.8025588107885295,0.3894886613081686,-1,-0.11051084071748432
2025-01-10,125250,125510,123890,123980,2524700,FPT,48.94473984832113,1172.9290349011135,-676.1040681014847,1849.0331030025982,123431.921350055,125212.0,126992.078649945,2.843303597011475,0.15394787470821503,0,-0.03524842467870701
2025-01-13,122980,124990,121800,124240,3488800,FPT,49.931600700380955,981.3611565482715,-694.1375571634612,1675.4987137117328,123054.63938335673,124928.0,126801.36061664327,2.99910447080442,0.3163727811165442,-1,0.06172666290243557
2025-01-14,124240,124570,122130,122130,2897200,FPT,42.71561190065957,651.7696717242507,-818.9832335899857,1470.7529053142364,121685.14193834021,124084.0,126482.85806165979,3.866506659456159,0.09272288110118301,0,0.13893562058474923
2025-01-15,122890,123310,121870,122470,2840900,FPT,44.11707175497668,413.2376574407681,-846.0121982987746,1259.2498557395427,121022.99247396109,123614.0,126205.00752603891,4.192093979709277,0.2792364575357048,1,-0.12239405999766194
2025-01-16,123060,123730,122220,123310,3568000,FPT,47.53231276369804,288.65288662107196,-776.4775752947767,1065.1304619158486,121388.46904788238,123226.0,125063.53095211762,2.982375394993953,0.5228567578421457,1,-0.06880096535963778
2025-01-17,123400,126350,122890,125420,3537000,FPT,54.97579428252293,356.0733324276225,-567.2457035905809,923.3190360182034,120829.42927081622,123514.0,126198.57072918378,4.346990186025511,0.8549915782214287,1,-0.19275988226695245
2025-01-20,125420,126590,124730,126260,2217700,FPT,57.55727545814046,471.84635028257617,-361.1781485885018,833.024498871078,120256.81439968004,123918.0,127579.18560031996,5.909045659742676,0.819841747410364,0,-0.07166728908278319
2025-01-21,126680,127440,125420,126170,2480300,FPT,57.17900069311879,549.9950525873573,-226.42355702697648,776.4186096143338,121259.80323697714,124726.0,128192.19676302286,5.558098172029666,0.7082974653090224,0,0.15498878997088666
2025-01-22,125920,126750,125580,126000,2785600,FPT,56.42466059665165,591.3936649049283,-148.0199557675245,739.4136206724528,122971.13023506118,125432.0,127892.86976493882,3.9238308644346254,0.6154063510577775,1,0.06889627037480359
2025-01-23,126350,131300,126260,129870,7057800,FPT,67.07388260951096,925.8068948984146,149.11461938076945,776.6922755176452,123188.42409728187,126744.0,130299.57590271813,5.6106417703688285,0.9395912343778492,-1,0.01618705221379101
2025-01-24,129699,130050,129120,129120,3655700,FPT,63.81880924618946,1117.4319965184113,272.59177680061293,844.8402197177984,123769.63329758763,127484.0,131198.36670241237,5.82718882748011,0.7202259673146254,-1,0.027291748726098193
2025-02-03,124570,125580,122310,122470,12747700,FPT,43.61007115756018,724.3470248928352,-96.39455585997052,820.7415807528057,120846.73814157,126726.0,132605.26185843,9.27869870181336,0.13804980093738192,0,-0.06373399451453886
2025-02-04,122890,123730,122310,123060,5467700,FPT,45.266077964404424,455.1853288911225,-292.4450014893466,747.6303303804691,119339.25905891512,126104.0,132868.7409410849,10.728828492490143,0.27500986168497454,0,-0.10704860453656753
2025-02-05,123650,124150,122720,123140,5204100,FPT,45.499790175420216,245.49812742094218,-401.70576236762156,647.2038897885637,118258.74213299225,125532.0,132805.25786700775,11.587894508185562,0.3355619968562946,0,0.14242308680786878
2025-02-06,123730,123980,122560,123310,3426600,FPT,46.02719421042296,91.97683706769021,-444.1816421766988,536.158479244389,118705.23799244336,124220.0,129734.76200755664,8.879024323871578,0.4174941730256839,0,-0.04981700195778063
2025-02-07,123310,123490,122720,122980,3865900,FPT,45.11452919111297,-55.67633158022363,-473.4678486596901,417.7915170794665,122359.32314726208,122992.0,123624.67685273792,1.0288097644365768,0.49051648566873446,-1,-0.11505110184335121
2025-02-10,122470,122470,119520,119520,7749600,FPT,36.86144769274772,-446.7359214715252,-691.6219508407934,244.88602936926816,119170.5792598316,122402.0,125633.4207401684,5.280012973919374,0.054066116464640115,1,0.06334702455851307
2025-02-11,119690,122390,117930,122390,5361400,FPT,45.72995217511893,-519.0847634493693,-611.17663425491,92.09187080554067,119118.47940156117,122268.0,125417.52059843883,5.15183138423599,0.5193680270039309,0,-0.11370342363082908
2025-02-12,122560,122640,121470,122050,1887400,FPT,44.92489897097199,-596.9753403442737,-551.2537689198515,-45.72157142442222,119055.17112342115,122050.0,125044.82887657885,4.90754424674944,0.5,-1,-0.052046158213280395
2025-02-13,122050,122050,120110,120450,2850800,FPT,41.24511670986145,-778.8329109560145,-586.4890716252738,-192.3438393307407,118596.07703087149,121478.0,124359.92296912851,4.744765256471978,0.3216468637413192,1,-0.060181121215188094
2025-02-14,121210,122050,120870,121960,3251700,FPT,45.76047808101746,-791.9824843873648,-479.7109160452993,-312.2715683420655,118809.50816597203,121274.0,123738.49183402797,4.06433668226985,0.6391767646636509,-1,-0.10999008966903046
2025-02-17,122050,122050,120700,120870,2466300,FPT,43.18075543966545,-880.2109822679049,-454.35153114067145,-425.85945112723346,119871.89952455286,121544.0,123216.10047544714,2.75143236267876,0.29845708738891247,0,-0.06865103324552985
2025-02-18,121030,121550,120450,121120,1664400,FPT,43.96107138212317,-919.3619594419288,-394.8020066517562,-524.5599527901726,119898.0948308198,121290.0,122681.9051691802,2.295168883139915,0.43893262135806066,0,-0.025001857998395622
2025-02-19,121120,121960,120450,121210,3029800,FPT,44.25785905190342,-932.3792554108222,-326.2554420965197,-606.1238133143025,120015.16667921923,121122.0,122228.83332078077,1.8276338250371917,0.5397530496904104,-1,0.11700743963411152
2025-02-20,121380,121710,120370,120370,3385400,FPT,42.020974304862584,-998.9611339572875,-314.2698565143879,-684.6912774428996,119949.40153899869,121106.0,122262.59846100131,1.9100597179352157,0.18182561847660728,-1,-0.19960000481994
2025-02-21,120190,120280,119100,119520,5312600,FPT,39.827365840805456,-1107.5485187562736,-338.2857930506991,-769.2627257055744,119227.64752670747,120618.0,122008.35247329253,2.3053814079035115,0.1051360999848483,-1,-0.0463077081401066
2025-02-24,119520,119520,117420,118260,7497900,FPT,36.76365365366458,-1280.515290108684,-409.0020515224876,-871.5132385861964,117632.80695032023,120096.0,122559.19304967977,4.102040117372389,0.12731301141039483,-1,-0.24404235781091874
2025-02-25,118170,118170,116330,117000,6810400,FPT,33.951075491441465,-1501.9506204832724,-504.3499055176608,-997.6007149656116,115924.00358423268,119272.0,122619.99641576732,5.61405261212577,0.16069258776681178,1,0.004227516445940756
2025-02-26,117080,119360,116920,119360,3323400,FPT,42.780918071750875,-1470.0614847883262,-377.9686158581717,-1092.0928689301545,116298.8326984247,118902.0,121505.1673015753,4.378677064431724,0.5879697589399732,0,-0.06875938909342498
2025-02-27,119520,119690,118430,118940,3421700,FPT,41.712178107225284,-1461.828555286178,-295.78854908481867,-1166.0400062013593,116563.21652384113,118616.0,120668.78347615887,3.461225258243196,0.5789172369523994,-1,-0.15023541634275295
2025-02-28,117930,118760,117000,118090,4694400,FPT,39.558334024375206,-1506.5255073253647,-272.38840089920427,-1234.1371064261605,116523.2349350314,118330.0,120136.7650649686,3.0537734555372205,0.4335829531317146,0,-0.1482638022502589
2025-03-03,118260,119010,118090,118260,2533900,FPT,40.223146443609075,-1510.8148514321365,-221.34219600478082,-1289.4726554273557,116523.2349350314,118330.0,120136.7650649686,3.0537734555372205,0.4806283613300834,0,-0.046334958740095154
2025-03-04,117420,118350,117250,117840,3471300,FPT,39.07948729838805,-1530.4624589068844,-192.791842783623,-1337.6706161232614,117235.27279272562,118498.0,119760.72720727438,2.131221129933636,0.2394528302671544,-1,-0.14399675441819812
2025-03-05,117840,117930,117080,117080,2851100,FPT,37.02786135965357,-1589.041496570484,-201.09670435777798,-1387.944792212706,116692.00740743107,118042.0,119391.99259256893,2.2873089113517753,0.14370174870019525,1,-0.020891680397602624
2025-03-06,117420,120790,117420,119190,6417100,FPT,45.57126815567782,-1448.5089306765003,-48.451310771035196,-1400.0576199054651,116568.35962248601,118092.0,119615.64037751399,2.5804294575652738,0.8603212464714027,0,0.0031922581291983845
2025-03-07,119270,120110,118760,119010,2954500,FPT,45.01026035356926,-1336.2568185865966,51.040641055094966,-1387.2974596416916,116545.41628344914,118276.0,120006.58371655086,2.9263480614002106,0.7120671750751534,-1,-0.10653904024024437
2025-03-10,119100,119100,117170,117250,5323000,FPT,39.845165852224966,-1373.4808695864049,11.053272044229288,-1384.5341416306342,116113.56127359436,118074.0,120034.43872640564,3.3206950326162277,0.28984295991980347,-1,0.09752621357226306
2025-03-11,116150,116580,115310,115740,5784400,FPT,36.02549717963131,-1507.4486489214614,-98.33160583266181,-1409.1170430887996,114763.65054016109,117654.0,120544.34945983891,4.913304196778533,0.1688981684403872,-1,0.024590360151884733
2025-03-12,115900,116740,114380,114380,6185000,FPT,32.96075562027704,-1703.720286304524,-235.68259457257955,-1468.0376917319445,112956.39010969149,117114.0,121271.60989030851,7.100107400154563,0.17120532323474813,0,0.14927039565503578
2025-03-13,114560,116150,114560,114900,3610200,FPT,35.229624548909065,-1796.5972638974636,-262.847657732415,-1533.7496061650486,112488.11995944785,116256.0,120023.88004055215,6.482039706427448,0.32005796556605726,-1,-0.12946594863890812
2025-03-14,114140,114720,110090,110610,16094000,FPT,27.0853359376918,-2191.112306012743,-525.8901598781554,-1665.2221461345875,109638.62012804448,114576.0,119513.37987195552,8.618523725658985,0.09836997528516991,-1,0.07065085085085103
2025-03-17,110760,111200,109090,109430,6707000,FPT,25.349442910425495,-2569.366401048799,-723.315403931369,-1846.0509971174301,107401.44922489853,113012.0,118622.55077510147,9.929123942769735,0.18078000328450644,0,-0.05141612393264181
2025-03-18,109500,111280,109430,109430,5508500,FPT,25.349442910425495,-2836.4387957232248,-792.3102388846355,-2044.1285568385892,106373.77455829912,111750.0,117126.22544170088,9.621879985146991,0.28423523853698185,-1,-0.10946447329760856
2025-03-19,109500,109930,103950,104880,18128400,FPT,19.702546211308903,-3376.322423508318,-1065.755093335783,-2310.567330172535,102699.20983387205,109850.0,117000.79016612795,13.019190106741824,0.15248595717840888,0,-0.052678935947284004
2025-03-20,104880,106720,104790,105210,8203400,FPT,21.075762806670433,-3734.5067766333086,-1139.1515571686186,-2595.35521946469,102584.55408286556,107912.0,113239.44591713444,9.873685812763057,0.24640756170703923,1,0.09040580872164183
2025-03-21,105210,108580,105210,107740,6424800,FPT,30.840890494151743,-3770.753699718305,-940.318784202892,-2830.434915515413,102923.8545560899,107338.0,111752.1454439101,8.22475813581417,0.5455354275372385,1,-0.13292200869676649
2025-03-24,108160,108830,107150,108580,5090200,FPT,33.77084059782861,-3689.1721870388283,-686.9898172187322,-3002.182369820096,103105.20785665911,107168.0,111230.79214334089,7.5820994015767615,0.6737721190480215,-1,0.07211622571260116
2025-03-25,109260,109340,106480,106480,5629200,FPT,30.313289614806813,-3750.7345667111513,-598.8417575128442,-3151.892809198307,103396.41548910098,106578.0,109759.58451089902,5.970433881099322,0.48459886894968757,-1,-0.13304661394634934
2025-03-26,106480,106480,103280,103530,9734600,FPT,26.247847186080875,-3991.5514218195603,-671.7268900970025,-3319.824531722558,102287.41795258541,106308.0,110328.58204741459,7.564025374223177,0.15452763216380858,1,0.012033245924741455
2025-03-27,102700,106480,101930,106230,6464400,FPT,34.85890023079533,-3919.3532151743566,-479.62294676143847,-3439.730268412918,102670.45343644093,106512.0,110353.54656355907,7.213359177480596,0.46329603255690643,-1,0.036310135133388696
2025-03-28,106140,106390,104370,104370,2944800,FPT,32.08013642962628,-3966.4987431283953,-421.41477977238173,-3545.0839633560136,101892.5874740412,105838.0,109783.4125259588,7.455568937354832,0.31396115230773614,-1,0.0743940877997961
2025-03-31,103860,103860,101850,101850,5406300,FPT,28.737706329394754,-4159.259498726256,-491.34042829619375,-3667.9190704300627,100632.81873968159,104492.0,108351.18126031841,7.386558320863622,0.15769941578462973,0,-0.04458873358714329
2025-04-01,102700,102850,100000,101430,7824300,FPT,28.210154629488315,-4296.388187599485,-502.7752937355376,-3793.612893863947,99581.16931923559,103482.0,107382.83068076441,7.539148220491315,0.2369790990777011,1,0.12623754623748548
2025-04-02,102010,102930,101690,102700,3920200,FPT,32.2596373982917,-4253.552964493327,-367.9520565035036,-3885.600907989823,99355.2021005872,103316.0,107276.7978994128,7.667346586032766,0.42223789049028193,-1,0.171265296939104
2025-04-03,96550,98990,95530,95530,11484900,FPT,24.02139056631346,-4743.484878418778,-686.3071763431635,-4057.1777020756144,94473.7376953753,101176.0,107878.2623046247,13.24871966597751,0.07879893807616715,0,-0.0789384548732116
2025-04-04,88880,95870,88880,95120,21574500,FPT,23.649473439256887,-5105.984413506609,-839.0453691447956,-4266.939044361813,91958.4142353147,99326.0,106693.5857646853,14.83516051121619,0.21456049957637258,-1,-0.032622059972862015
2025-04-08,89220,90900,88470,88470,16276400,FPT,18.61518711979335,-5862.290494689296,-1276.2811602619859,-4586.00933442731,85250.06140367441,96650.0,108049.93859632559,23.59014712121178,0.14122613771636616,0,0.015385869256068866
2025-04-09,82320,90900,82320,88630,16893300,FPT,19.06161774219995,-6375.267732143664,-1431.4067181730825,-4943.861013970582,82314.49151841017,94090.0,105865.50848158983,25.03030817640521,0.26816287769923813,1,0.057336303990640713
2025-04-10,94770,94770,94770,94770,1005400,FPT,34.01919597176099,-6214.719781634762,-1016.6870141313439,-5198.032767503418,85264.11602302949,92504.0,99743.88397697051,15.653126301501574,0.6564942205709349,1,-0.07570849953516237
2025-04-11,98480,99750,96210,99750,19224000,FPT,43.18945082936061,-5620.846375604888,-338.25088648117617,-5282.595489123712,83745.80858345376,93348.0,102950.19141654624,20.572891581064912,0.8333614027402249,0,-0.03147715991482091
2025-04-14,101000,101000,95960,99750,9217400,FPT,43.18945082936062,-5091.50571417858,152.87181995610536,-5244.377534134685,83059.70911738089,94274.0,105488.29088261911,23.79084558334029,0.744152753719238,-1,-0.0030792199089687148
2025-04-15,97720,98480,95700,97650,7762200,FPT,40.440662000690224,-4786.278635121751,366.4791192103485,-5152.7577543320995,86803.18529248628,96110.0,105416.81470751372,19.367005946340075,0.5827350736206611,-1,0.16959150302647188
2025-04-16,96370,97560,90820,90820,18032200,FPT,33.06892455397673,-5037.439429192644,92.2546601115655,-5129.694089304209,88952.5223981639,96548.0,104143.4776018361,15.734096204656959,0.1229335204269883,1,-0.29118429960952885
2025-04-17,88380,93690,88290,92080,8580100,FPT,35.408107228194034,-5076.298291451123,42.71663828246892,-5119.014929733592,87463.31643267437,96010.0,104556.68356732563,17.80373620940658,0.27008625807649095,1,0.038005966076712916
2025-04-18,93010,96800,93010,93940,7485500,FPT,38.807946939181306,-4900.517647449044,174.79782582763892,-5075.3154732766825,87325.24252683937,94848.0,102370.75747316063,15.86276457734613,0.4396497891072839,0,0.037038736123322084
2025-04-21,94280,94700,92580,94020,4332300,FPT,38.95677322378581,-4700.569648331191,299.79665995639334,-5000.366308287585,88536.60746893383,93702.0,98867.39253106617,11.025148942533079,0.5307817845485562,-1,0.03753714004618128
2025-04-22,93420,93600,87540,92920,9127300,FPT,37.60255289838215,-4578.096775537095,337.8156262003922,-4915.912401737487,90066.85143586408,92756.0,95445.14856413592,5.7983280092628355,0.5304929229621601,0,-0.013790139524790674
2025-04-23,94020,94020,90650,92920,5710800,FPT,37.60255289838215,-4429.970202544151,388.75375935466855,-4818.72396189882,91554.79057491198,93176.0,94797.20942508802,3.4798862906499917,0.4210465976701001,1,0.30399711918264827
2025-04-24,93850,95700,93100,94280,7740100,FPT,40.56508838830466,-4154.942600312686,531.0250892689073,-4685.967689581594,92320.65448624926,93616.0,94911.34551375074,2.767359241477399,0.756302273390114,0,0.1478765109291579
2025-04-25,94280,94610,92760,94610,5384100,FPT,41.293443317172546,-3865.790574629209,656.1416919619078,-4521.932266591117,92177.99491095157,93750.0,95322.00508904843,3.3536108566366445,0.7735360101539426,-1,0.022715761775546506
2025-04-28,94280,94610,91910,92170,3853700,FPT,37.62225367363399,-3789.8362459640484,585.6768165016547,-4375.513062465703,91328.12281069401,93380.0,95431.87718930599,4.39468235019488,0.2051480453347062,0,-0.04792587264954177
2025-04-29,92260,93010,91830,92080,2945500,FPT,37.48985706158863,-3694.3183389362093,544.9557788235952,-4239.2741177598045,90856.69110306223,93212.0,95567.30889693777,5.053660251765376,0.2596918176058017,-1,0.017902144523089053
2025-05-05,91330,91750,91240,91410,7167600,FPT,36.46117837548594,-3630.8291714478837,486.75595704953685,-4117.585128497421,90037.1268736691,92910.0,95782.8731263309,6.184206493016687,0.23893730526211415,1,0.05827665386598087
2025-05-06,91410,93420,91410,92340,5686200,FPT,38.96463644565306,-3465.521941404906,521.6505496740119,-3987.172491078918,90083.0084050997,92522.0,94960.9915949003,5.272241401829412,0.4626894983196038,0,-0.005540888192413104
2025-05-07,92260,93600,91670,92340,3926800,FPT,38.96463644565307,-3296.5146022953995,552.5263110268147,-3849.0409133222142,91298.92263068377,92068.0,92837.07736931623,1.67067247972419,0.6768352644687933,1,0.0012634232481330276
2025-05-08,92920,96460,91750,96210,12644900,FPT,48.71628473175035,-2817.8163781805924,824.9796281132976,-3642.79600629389,89071.6708870033,92876.0,96680.3291129967,8.192275965796753,0.9381850125177242,1,0.016978363200338558
2025-05-09,96210,97980,95530,97650,8496900,FPT,51.8020392094306,-2295.784249564371,1077.609405383616,-3373.3936549479868,88474.07759300458,93990.0,99505.92240699542,11.73725376528444,0.8317668134125946,1,-0.013419028770299872
2025-05-12,98480,99910,98230,99580,8715200,FPT,55.65346129267251,-1706.6618211663153,1333.3854670253372,-3040.0472881916526,89168.97714953743,95624.0,102079.02285046257,13.50084257187018,0.8064280399655371,1,0.019211216953589433
2025-05-13,101000,101260,99830,100580,8565900,FPT,57.54639081319985,-1145.8774476787512,1515.3358724103214,-2661.2133200890726,90801.67697869777,97272.0,103742.32302130223,13.303567360190462,0.7556286594277501,1,-0.006850277269063135
2025-05-14,101000,106320,101000,106320,12080300,FPT,66.40952681277642,-235.5663009557029,1940.5176153066955,-2176.0839162623984,92301.48984420973,100068.0,107834.51015579027,15.522465035356491,0.9024973813585285,-1,-0.08127964116641834
2025-05-15,106480,106810,104040,105210,7806300,FPT,63.6424851676664,391.77794563309,2054.289489516391,-1662.5115438833006,94406.45324346265,101868.0,109329.54675653735,14.649441937678867,0.7239482046448307,-1,0.04781388604270076
2025-05-16,104790,104950,101760,101850,8012200,FPT,56.03184460177312,610.7880767709285,1818.6396965233832,-1207.8516197524548,96846.64520780451,102708.0,108569.35479219549,11.413628523962084,0.42680873019814086,-1,0.007784257148464495
2025-05-19,100000,101430,98140,99490,9916700,FPT,51.383923444217,587.1545547077258,1436.0049395681444,-848.8503848604187,96780.26227316364,102690.0,108599.73772683636,11.509860213918323,0.22926040478339102,1,0.12765496710031385
2025-05-20,98310,100420,98310,100330,7911300,FPT,52.88209574872258,628.9555895048543,1182.2447794922184,-553.2891899873641,96637.50052061702,102640.0,108642.49947938298,11.696218782897473,0.30758015823789353,-1,0.1058108933739445
2025-05-21,101000,101000,98480,99580,6024400,FPT,51.3602329443267,594.7090430980024,918.3985864682933,-323.68954337029083,96520.66056541842,101292.0,106063.33943458158,9.420960065121779,0.3205954508715293,-1,0.08334836356151328
2025-05-22,98570,98990,97300,98310,6350700,FPT,48.79924749775944,459.78985097755503,626.7835154782767,-166.9936645007217,97307.14299816797,99912.0,102516.85700183203,5.214302589943213,0.1924975154349564,0,-0.08634384442860094
2025-05-23,98230,99150,97650,98570,4440500,FPT,49.35600032791559,369.58490158429777,429.2628528680156,-59.67795128371783,97619.32043454028,99256.0,100892.67956545972,3.2978954732403536,0.29042935022919064,0,0.03192215898912467
2025-05-26,98230,99150,96800,98740,4023400,FPT,49.74082393922509,308.26096799602965,294.351135423798,13.909832572231664,97439.35066675876,99106.0,100772.64933324124,3.3633671689730904,0.3901988580620564,1,-0.15222647493256705
2025-05-27,98820,100510,98820,100160,5498200,FPT,52.95639710134018,369.9785588542727,284.8549810256328,85.12357782863987,97527.7590861548,99072.0,100616.2409138452,3.117411405533765,0.8522766396892204,0,-0.12562822113281988
2025-05-28,100330,100510,98900,99670,3933600,FPT,51.726555971514,375.02819774486125,231.9236959329771,143.10450181188415,97514.37314062197,99090.0,100665.62685937803,3.1801934794187625,0.6840537296466732,-1,0.16430922667811043
2025-05-29,100160,100160,98570,98570,2933000,FPT,48.97675129734311,286.96135416634206,115.08548188356633,171.87587228277573,97682.17809305606,99142.0,100601.82190694394,2.9449111515683293,0.30408569111096123,-1,-0.003767000011961048
2025-05-30,99320,99490,98060,98060,4038000,FPT,47.71037354121355,174.00913934933487,1.7066136532473024,172.30252569608757,97330.4386527552,99040.0,100749.5613472448,3.452264433046854,0.21337676721007778,0,0.05077286707887185
2025-06-02,98060,98570,97300,97720,2916400,FPT,46.84083005515696,56.40829709272657,-92.7153828826888,149.12367997541537,96746.28231571979,98836.0,100925.71768428021,4.228656935287172,0.232978284962833,1,0.11022368639614642
2025-06-03,98230,99320,97890,98820,3398600,FPT,50.01490696308864,51.37734322110191,-78.19706940345077,129.57441262455268,97066.30762138395,98568.0,100069.69237861605,3.047018055791023,0.5839053336050896,0,0.03168745394722075
2025-06-04,99320,99490,98060,98570,2873300,FPT,49.29451336456627,26.9071959630528,-82.13377332919991,109.04096929225271,97454.31101607239,98348.0,99241.68898392761,1.8174014396380442,0.6242042835888765,0,0.0985872746968715
2025-06-05,98570,98740,98060,98310,2302800,FPT,48.51191875061911,-13.311947284280905,-97.8823332612269,84.570385976946,97437.32660458497,98296.0,99154.67339541503,1.7471176760295961,0.5081521100308654,-1,0.21021366937636732
2025-06-06,98310,98310,96800,96800,5383000,FPT,44.13003523996747,-165.12680940360588,-199.7577563044415,34.630946900835625,96430.89120019956,98044.0,99657.10879980044,3.2905813712219754,0.11440914582020151,1,0.07401008611798567
2025-06-09,97210,98390,96800,97800,3054700,FPT,47.511349374149766,-202.41621067198867,-189.63772605825943,-12.778484613729233,96461.43814633478,98060.0,99658.56185366522,3.260374981980865,0.4186769034292085,0,0.19940932043427534
2025-06-10,98480,98820,97390,97390,3359000,FPT,46.274775731920755,-262.0313688090682,-199.4023073562712,-62.62906145279704,96353.53528731136,97774.0,99194.46471268864,2.9056082653642914,0.36483296748950256,1,-0.09829247797395983
2025-06-11,97720,99490,97720,99230,5744300,FPT,52.27769720031987,-158.97166229186405,-77.07408067125361,-81.89758162061044,96057.50872331146,97906.0,99754.49127668854,3.776053105404243,0.8581299021253339,0,0.04258161749565791
2025-06-12,99830,99920,98900,99320,4153100,FPT,52.55693009456754,-69.23574792890577,10.129466953363746,-79.36521488226951,95860.98420121407,98108.0,100355.01579878593,4.580698411517771,0.7696910276854415,-1,-0.07024849000548397
2025-06-13,98470,98900,97540,97970,6161700,FPT,48.018270206956224,-105.83312843737076,-21.174330844081,-84.65879759328976,96586.01594540454,98342.0,100097.98405459546,3.571178244484482,0.3940764869058849,1,0.1776015629052574
2025-06-16,97710,101700,97630,101020,8069100,FPT,57.04382671327905,110.00462903818698,155.73074130518137,-45.726112266994406,96177.49149903486,98986.0,101794.50850096514,5.674557010011795,0.8621139119395617,0,-0.06934576548373661
2025-06-17,101020,101280,100340,100850,4600300,FPT,56.45544004425963,264.2934176126437,248.01562390371046,16.27779370893321,97144.09392439392,99678.0,102211.90607560608,5.084183221184372,0.7312635048478804,-1,-0.0038249451979121257
2025-06-18,100850,101440,98820,99320,6556700,FPT,51.32440169384987,260.11177427224175,195.06718445064683,65.04458982159493,97176.76995889748,99696.0,102215.23004110252,5.053823706272109,0.4253740242325297,-1,-0.08115808573913197
2025-06-19,99320,99410,98220,98470,5404900,FPT,48.677487886329644,186.06505342978926,96.81637088655546,89.2486825432338,96775.77819076471,99526.0,102276.22180923529,5.526639891556548,0.30801548506852494,0,0.023911786946875416
2025-06-20,98560,99230,98310,98560,4339400,FPT,48.97753235856155,133.11032851414348,35.08931677672774,98.02101173741573,97193.26133584313,99644.0,102094.73866415687,4.918988928900633,0.2788421883055148,0,0.04318810420836884
2025-06-23,98050,98730,97200,98380,4587300,FPT,48.36847970416027,75.74568274246121,-17.820263195963634,93.56594593842485,97038.37635747148,99116.0,101193.62364252852,4.19230728142483,0.3228745608843114,1,-0.10461598297612494
2025-06-24,98730,99320,98730,98900,4271900,FPT,50.29158633700197,71.42015477042878,-17.71663293439687,89.13678770482565,97954.04145189427,98726.0,99497.95854810573,1.5638404232030656,0.6127003518692616,1,-0.004019198457586448
2025-06-25,99320,101360,99320,99410,6000700,FPT,52.17312010915759,107.90106413967442,15.011421147879005,92.88964299179541,97901.78862511036,98744.0,99586.21137488964,1.7058482032116122,0.8953876781154091,0,0.1439147498727031
2025-06-26,100170,100430,98990,99320,4132300,FPT,51.80049421244827,128.07384425359487,28.147361009439564,99.9264832441553,98007.62259516607,98914.0,99820.37740483393,1.832657469789768,0.7239685134661928,0,-0.1270235051107609
2025-06-27,99320,100430,99230,99580,5263200,FPT,52.848201604494456,163.15993871033425,50.58676437294315,112.5731743373911,98152.76427749827,99118.0,100083.23572250173,1.9476497154941244,0.7393197792154705,1,0.05709707419553417
2025-06-30,100080,101440,99830,100340,6859100,FPT,55.86798704899136,249.41645215979952,109.47462225792674,139.94182990187278,98455.485893886,99510.0,100564.514106114,2.1194133375821567,0.8935461816905604,1,0.0690311536683239
2025-07-01,101020,101440,100340,100850,4609400,FPT,57.820184617741795,354.8377495671011,171.91673573218267,182.92101383491845,98567.70874055507,99900.0,101232.29125944493,2.667249768658518,0.8565286468950478,0,0.1510641845283234
2025-07-02,100590,100770,99830,100680,3661700,FPT,56.916387838529346,419.8277945492591,189.5254245714725,230.3023699777866,98804.65942031179,100154.0,101503.34057968821,2.694531580742086,0.6949100204640478,-1,0.08466576074830878
2025-07-03,100590,101700,100000,100170,6304300,FPT,54.18024828494205,425.2777979449893,155.98034237376214,269.29745557122715,99333.58594517582,100324.0,101314.41405482418,1.974430953359485,0.4222547381825384,1,0.03673958072407121
2025-07-04,100590,104750,100520,103990,12825000,FPT,66.98327765889911,729.4306177229009,368.10652972133903,361.3240880015619,98047.3103982833,101206.0,104364.6896017167,6.242099483660459,0.9406890753822307,1,-0.011892886412835847
2025-07-07,104680,105850,104420,105090,6382800,FPT,69.61607756998204,1047.1636746118893,548.6716692882619,498.4920053236274,97706.24495056267,102156.0,106605.75504943733,8.711686145576037,0.8296810686659039,1,-0.0851235011969955
2025-07-08,105350,106700,105270,105690,8064200,FPT,70.97561201889641,1332.0295889880217,666.8300669315154,665.1995220565063,98034.92149795339,103124.0,108213.07850204661,9.869823711350634,0.7521085103096821,-1,0.03408750200093911
2025-07-09,105940,106030,103820,104240,12198400,FPT,63.57245751258095,1424.3657943939616,607.3330178699641,817.0327765239974,99519.01957382329,103836.0,108152.98042617671,8.314997546470806,0.5467919656932285,1,0.24356252820705407
2025-07-10,105090,106370,104840,105180,5180200,FPT,66.04506460403469,1555.462641428312,590.7438919234517,964.7187495048604,103429.7812669927,104838.0,106246.2187330073,2.68646622981611,0.6214299994680675,1,-0.03542953040010272
2025-07-11,106120,108650,105770,107480,10736000,FPT,71.19677076070724,1823.9235598577652,687.3638482823239,1136.5597115754413,103125.99585062751,105536.0,107946.00414937249,4.567169779738641,0.9033188076680649,0,-0.0741143645719912
2025-07-14,107980,108570,106120,107890,5978400,FPT,72.01196533864164,2046.1772872898437,727.6940605715217,1318.483226718322,103000.4354311382,106096.0,109191.5645688618,5.835402972518842,0.7897694362517584,-1,-0.046126128712807635
2025-07-15,107480,108500,106970,106970,5600000,FPT,67.40216016555638,2123.5991274455737,644.0927205818014,1479.5064068637723,103212.91096016814,106352.0,109491.08903983186,5.903206408590076,0.5984362011013715,0,-0.20984294025998876
2025-07-16,107560,107810,106200,107220,5063000,FPT,68.00159652510165,2179.9997244058322,560.3946540336478,1619.6050703721844,104857.38286623485,106948.0,109038.61713376515,3.909595567500368,0.5650525616591822,1,0.07439019391231909
2025-07-17,107560,109590,106970,107810,8334200,FPT,69.43030007089335,2246.4104516606603,501.44430503078047,1744.9661466298799,106696.49115761147,107474.0,108251.50884238853,1.44687802145362,0.7160747130333576,-1,0.08226766655465781
2025-07-18,108650,108650,106970,106970,6494600,FPT,64.98176255889469,2205.8329821120424,368.69346838572983,1837.1395137263125,106473.95768474288,107372.0,108270.04231525712,1.6727681616382606,0.2761798118138207,1,0.06810923288100904
2025-07-21,109730,109730,107680,107680,7563700,FPT,66.91154541775212,2205.5419962023007,294.72198598079035,1910.8200102215103,106539.93671140067,107330.0,108120.06328859933,1.472213339419222,0.7215012424007843,1,-0.08015751390043412
2025-07-22,107680,109530,106120,109440,6889600,FPT,71.15503533937286,2320.57849446444,327.8067873943437,1992.7717070700965,105893.58035650475,107824.0,109754.41964349525,3.5806863842841046,0.9185618410601247,0,0.07163207179932354
2025-07-23,109630,110120,108650,109150,4795100,FPT,69.57178406872971,2361.1275629665324,294.6846847171487,2066.4428782493837,106118.34993366666,108210.0,110301.65006633334,3.8659090034809034,0.7247029785550644,-1,0.05588627018777675
2025-07-24,109340,109440,108170,108470,6420800,FPT,65.87067471777227,2311.7443253203965,196.24115765681017,2115.5031676635863,106293.71291074902,108342.0,110390.28708925098,3.781150595800302,0.5312456199796697,0,0.16676040008175927
2025-07-25,108470,108850,107870,108070,5137000,FPT,63.72318060033771,2214.8002579301683,79.43767221326561,2135.3625857169027,107097.39083711995,108562.0,110026.60916288005,2.69819856465439,0.33203710161401795,1,-0.03898764432886542
2025-07-28,108170,108950,107870,108650,7611000,FPT,65.48052444851787,2159.8748460668285,19.609808279940808,2140.2650377868877,107666.63321145163,108756.0,109845.36678854837,2.0033226461958398,0.45134788341525933,-1,0.008354196681719332
2025-07-29,108650,108950,103480,103480,16059500,FPT,44.6958908428665,1679.8065051930753,-368.3668260750501,2048.1733312681254,102932.50779985625,107564.0,112195.49220014375,8.611602766992213,0.059105378621468765,0,-0.14226314580476082
2025-07-30,104460,105440,102800,103580,7488200,FPT,45.0591526320441,1292.5186996060365,-604.5237053296712,1897.0424049357077,101101.86013645936,106450.0,111798.13986354064,10.048172594721724,0.2316824098444604,-1,0.24400842250032523
2025-07-31,103580,104360,101330,101530,8944200,FPT,39.3525946633521,810.8257613300666,-868.973314884513,1679.7990762145796,98809.33017023986,105062.0,111314.66982976014,11.902818963583675,0.21756065039696076,1,-0.07999258319825038
2025-08-01,101240,104850,99090,104460,10891500,FPT,49.2462693501151,657.9230232354603,-817.5008423832955,1475.4238656187558,99067.06912618867,104340.0,109612.93087381133,10.107208882137881,0.5113788709611191,0,-0.04633706893895967
2025-08-04,103970,104070,102310,104070,4617800,FPT,48.1209867710623,499.5186213295965,-780.7241954313274,1280.242816760924,101164.5044810859,103424.0,105683.4955189141,4.369383351860503,0.6429522640324736,-1,0.22344721428411085
2025-08-05,104460,106120,102510,103290,11395000,FPT,45.86377286913077,307.497866316975,-778.1959603551591,1085.693826672134,101124.82331517573,103386.0,105647.17668482427,4.374241550740467,0.4787721143941786,-1,0.3295194751826433
2025-08-06,103480,103680,102010,102410,11814200,FPT,43.39085790982996,83.35057545162272,-801.874600976409,885.2251764280318,100753.23365039591,103152.0,105550.76634960409,4.650935221040971,0.3453371667227063,1,0.13264924239935547
2025-08-07,103090,104850,102410,103680,9565800,FPT,47.76791766947203,8.097278329747496,-701.7023184786275,709.799596808375,102007.99872935475,103582.0,105156.00127064525,3.0391405275921577,0.5311308516160935,-1,-0.13938948559012768
2025-08-08,103970,104850,102310,103090,9184800,FPT,45.98889354327624,-98.0196613336011,-646.2554065135809,548.2357451799797,102053.69541179469,103308.0,104562.30458820531,2.4282816204075424,0.4130992575288593,1,0.01998383206595862
2025-08-11,103390,106900,102800,103870,10278500,FPT,48.70857218935386,-117.82045837659098,-532.8449628452565,415.0245044686656,102127.61410040596,103268.0,104408.38589959404,2.208594917291008,0.7639457398650331,1,-0.01742676964359236
2025-08-12,104850,105630,104070,104940,11011800,FPT,52.25990713563979,-46.63509471081488,-369.3276793435844,322.6925846327695,101713.56905141291,103598.0,105482.43094858709,3.6379678151838664,0.8560756633205916,-1,-0.09394930601438452
2025-08-13,105040,105240,102410,102610,21845000,FPT,44.95981721273838,-176.20057793894375,-399.11453005737064,222.9139521184269,101875.08196447116,103638.0,105400.91803552884,3.4020688078288677,0.20843794796970802,-1,-0.03179364547255908
2025-08-14,103290,103290,101240,101330,17905400,FPT,41.52788923165285,-377.81227473659965,-480.5809814840212,102.76870674742159,100460.88345282422,103168.0,105875.11654717578,5.2479771773724115,0.1605244052167787,-1,0.09361288897260636
2025-08-15,101330,102310,98900,99000,18622300,FPT,36.122553145353464,-717.3335497235093,-656.0818051767448,-61.2517445467646,97729.50219132256,102350.0,106970.49780867744,9.028818385300314,0.137484948731217,-1,0.13322616189258008
2025-08-18,99000,100550,97630,98110,11392300,FPT,34.286742678114756,-1046.1626563403406,-787.9287294348608,-258.2339269054798,95686.13280276155,101198.0,106709.86719723845,10.893233457654196,0.21987714058612043,0,0.13836008680356235
2025-08-19,98210,99090,97630,97920,9153600,FPT,33.89075747632164,-1307.026911879555,-839.0343879792601,-467.9925239002948,95638.60350868978,99794.0,103949.39649131022,8.327948556647142,0.2745100853890942,-1,0.009418109725563962
2025-08-20,97720,97920,95190,95380,19969500,FPT,29.059066155411458,-1699.1339279073727,-984.9131232056623,-714.2208047017104,94062.41019228466,98348.0,102633.58980771534,8.71515395883056,0.15372327577213352,1,0.03152036991996276
2025-08-21,95380,100460,95380,99280,12624800,FPT,42.59235145403447,-1675.8658187792462,-769.3160112620285,-906.5498075172177,94855.45559642791,97938.0,101020.54440357209,6.294889427131627,0.7176773185237617,-1,0.08357101076870568
2025-08-22,99180,99180,96450,96650,7212000,FPT,37.40954923182533,-1848.3382025816536,-753.4307160515486,-1094.907486530105,94479.91030924545,97468.0,100456.08969075455,6.131427116088468,0.3631232518670753,0,0.006499514088502813
2025-08-25,99580,99580,96450,96450,6736000,FPT,37.04042890953023,-1978.3568713432905,-706.7595078505483,-1271.5973634927423,94135.71334702938,97136.0,100136.28665297062,6.177496814714673,0.38567759028611776,1,-0.037967616197735636
2025-08-26,96450,97630,95570,97630,5812500,FPT,40.754719967718856,-1963.5469181355438,-553.5596437142412,-1409.9872744213026,94142.9906303397,97078.0,100013.0093696603,6.046703413049919,0.5940371785020722,1,-0.06717191496220425
2025-08-27,99000,102610,98800,102510,19436400,FPT,53.082200044883315,-1540.2793260994222,-104.2336413424955,-1436.0456847569267,93496.97293796073,98504.0,103511.02706203927,10.166139572076808,0.9000377819376545,0,-0.060546072081222015
2025-08-28,102610,102610,100360,102010,6280200,FPT,51.89083171748969,-1230.992416941779,164.04261425211826,-1395.0350311938973,93111.1785681001,99050.0,104988.8214318999,11.991562709540425,0.7492076949898343,-1,0.09869930393142368
2025-08-29,102510,102510,99180,99180,11090200,FPT,45.64624997861607,-1200.4001956138236,155.70786846405895,-1356.1080640778825,94241.2732901876,99556.0,104870.7267098124,10.676858672129052,0.4646265913065855,1,-0.03540658096373867
2025-09-03,99580,100850,97630,100750,9744200,FPT,49.29200170641518,-1037.5099914894818,254.87845807072063,-1292.3884495602024,96375.36638632092,100416.0,104456.63361367908,8.047788427499757,0.5413301516461779,1,-0.08048189591848598
2025-09-04,100850,102990,100750,102510,11033600,FPT,53.09053353523489,-757.6671251072694,427.7770595623465,-1185.4441846696159,98530.7275557904,101392.0,104253.2724442096,5.643980677389918,0.6953676243348508,-1,0.20422470694324432
2025-09-05,102710,102990,100950,100950,8807800,FPT,49.54763399856847,-654.2270773706987,424.97368583913385,-1079.2007632098325,98502.09387292842,101080.0,103657.90612707158,5.100724430295955,0.47478573819371844,-1,0.04751758675070253
2025-09-08,100550,101430,99480,99480,10600300,FPT,46.405066823430126,-682.9936829631915,316.9656641973129,-999.9593471605044,97916.8360983949,100574.0,103231.1639016051,5.283997656660976,0.29414141533776844,0,0.03990747289839813
2025-09-09,99580,100550,98600,99680,6460700,FPT,46.89854214389368,-681.7938020688307,254.532436073339,-936.3262381421697,98251.90999341618,100674.0,103096.09000658382,4.811748826079865,0.29480531332484144,-1,0.38393342411292447
2025-09-10,99680,100460,98700,98800,5498500,FPT,44.93792810126348,-743.2834247063729,154.4342507486374,-897.7176754550103,97349.35862497761,100284.0,103218.64137502239,5.8526611922587595,0.24715820259491178,1,-0.014570414056793253
2025-09-11,98800,100460,98110,99580,7414200,FPT,47.050873058139985,-720.7663663772983,141.56104726216972,-862.327413639468,98137.33347572475,99698.0,101258.66652427525,3.130788028396256,0.46219563943847725,0,0.11846641032861385
2025-09-12,99580,100460,98700,99180,7447000,FPT,46.07443274022591,-726.8197666451015,108.40611759549324,-835.2258842405947,98629.91317055038,99344.0,100058.08682944962,1.4376043433918861,0.3851680263264322,0,-0.1752924063655502
2025-09-15,99480,101040,99090,99480,14123100,FPT,46.96342792818937,-699.3479888874426,108.70231628252168,-808.0503051699643,98629.91317055038,99344.0,100058.08682944962,1.4376043433918861,0.5952265147536904,1,-0.029771362030659488
2025-09-16,100260,102310,99580,101040,17531600,FPT,51.44590974187012,-545.4102941896999,210.11200878421164,-755.5223029739116,97912.02816924886,99616.0,101319.97183075114,3.421080611048698,0.9178472831244752,1,0.012548405278474726
2025-09-17,101530,105240,101530,102990,20018000,FPT,56.40574289639965,-263.0327807463036,393.99161778208645,-657.0243985283901,97274.32706084521,100454.0,103633.67293915479,6.33060493191866,0.8987831529418423,-1,0.03625116100100114
2025-09-18,103480,103780,100550,100550,8198400,FPT,49.58086005654691,-233.4431872422574,338.8649690289061,-572.3081562711635,97620.21533130355,100648.0,103675.78466869645,6.016581886766647,0.48381655059337625,0,0.11483945809248074
2025-09-19,101330,101330,98110,100550,23514300,FPT,49.5808600565469,-207.6001360668015,291.7664161634897,-499.3665522302912,98343.88440910939,100922.0,103500.11559089061,5.109125048830993,0.42785428215197036,-1,-0.09149226477674052
2025-09-22,100060,100260,97230,97330,16280200,FPT,41.83383488691633,-441.85301464938675,46.010830064723564,-487.8638447141103,96424.41103354908,100492.0,104559.58896645092,8.095348816723552,0.11131765941939155,-1,-0.04890005313519555
2025-09-23,97630,97630,95190,95670,18291200,FPT,38.494524629135555,-752.7707626596821,-211.92553435645743,-540.8452283032246,93610.30854814123,99418.0,105225.69145185877,11.683380176343867,0.17732445576112355,1,-0.17346352181195573
2025-09-24,95770,97140,95090,97140,7421100,FPT,42.84537737826432,-870.523747423751,-263.7428152964211,-606.78093212733,93853.13026359216,98248.0,102642.86973640784,8.94648183455712,0.3739439316231444,-1,-0.04797416014582964
2025-09-25,97140,97140,95570,95670,8627700,FPT,39.81243584132852,-1070.1248181372212,-370.6751088079129,-699.4497093293082,93284.66003456018,97272.0,101259.33996543982,8.198330383748301,0.2991141946905333,-1,-0.181705358046799
2025-09-26,95870,96940,95090,95190,8080800,FPT,38.84547456142909,-1252.6028670649976,-442.5225261885514,-810.0803408764461,94265.47163370659,96200.0,98134.52836629341,4.021888495412493,0.23895446104644666,-1,0.030608265111335128
2025-09-29,95470,95470,93240,93240,10430900,FPT,35.11424688768469,-1536.8508784236328,-581.4164300377493,-955.4344483858836,92574.60262876913,95382.0,98189.39737123087,5.886639766897035,0.11850787103557249,-1,0.13217886545247845
2025-09-30,93240,93520,90590,90790,12018800,FPT,31.075508530245273,-1937.4799371413828,-785.6363910043995,-1151.8435461369834,89494.57250893449,94406.0,99317.42749106551,10.404905389626736,0.13187891844296287,0,-0.04536118981262793
2025-10-01,90990,92260,89230,91180,7405100,FPT,32.40822997576293,-2198.1724482491118,-837.0631216897027,-1361.109326559409,88747.4442799855,93214.0,97680.5557200145,9.583443946219447,0.2723077772336177,-1,0.02317808744464993
2025-10-02,90690,91180,89810,89910,7933800,FPT,30.350202333310683,-2478.678860675427,-894.0556272928145,-1584.6232333826126,87795.96202548614,92062.0,96328.03797451386,9.267749939201545,0.2477753347653649,1,-0.10054490258203735
2025-10-03,90010,91770,89910,91180,7681300,FPT,34.80852389959052,-2568.8912480672443,-787.4144117477051,-1781.4768363195392,88815.29142841228,91260.0,93704.70857158772,5.357678219565457,0.4836381315691866,1,0.01975399704424079
2025-10-06,92060,93620,91280,93240,6580000,FPT,41.36481208115651,-2445.9648706897133,-531.5904274961392,-1914.374443193574,88815.29142841228,91260.0,93704.70857158772,5.357678219565457,0.9049562436626316,0,-0.08108755804549614
2025-10-07,93720,94020,92940,93240,5997500,FPT,41.36481208115651,-2321.7807873233833,-325.9250753038473,-1995.855712019536,88838.71162541489,91750.0,94661.28837458511,6.3461326966433,0.7559004482357985,-1,-0.052096297610604206
2025-10-08,93240,94600,92260,92260,5132100,FPT,39.19024210020126,-2276.203163177983,-224.27796092675726,-2051.9252022512255,89106.36365948494,91966.0,94825.63634051506,6.21889902902173,0.5514051377503207,0,0.16562130556875698
2025-10-09,92740,92740,91280,91960,5716300,FPT,38.52260895815397,-2238.4861851361056,-149.24878630790408,-2089.2373988282015,90612.50347321172,92376.0,94139.49652678828,3.818083759392656,0.3820525037387999,1,0.09416620363949607
2025-10-10,91960,94210,91570,93820,8587700,FPT,44.80124873271266,-2035.0499637627217,43.34994805238421,-2078.399911815106,91364.28574079661,92904.0,94443.71425920339,3.3146350193821417,0.797457789497226,-1,0.11500692684991816
2025-10-13,92640,92640,91480,91770,7915000,FPT,39.957575198430355,-2016.0039217891317,49.91679202077967,-2065.9207138099114,90846.02721109585,92610.0,94373.97278890415,3.8094650446045852,0.26190108904065357,-1,0.005941662407318895
2025-10-14,91860,92260,90210,90210,12659600,FPT,36.70542618763371,-2102.5518499090977,-29.304908879349114,-2073.2469410297485,89427.46744635463,92004.0,94580.53255364537,5.600914207307019,0.1518576880657336,-1,-0.21211163303848615
2025-10-15,90400,90890,87380,87480,18738600,FPT,31.82397970987088,-2364.1771286365984,-232.74415008547976,-2131.4329785511186,86307.75949977277,91048.0,95788.24050022723,10.412618619249688,0.12364778750899195,0,0.09337932025231359
2025-10-16,87670,89330,87480,87670,7928500,FPT,32.49682942049163,-2527.055314207857,-316.49786852539046,-2210.5574456824666,84770.75651036101,90190.0,95609.24348963899,12.017393257875574,0.2674952228278754,-1,-0.045826556809881666
2025-10-17,87960,89330,86010,86010,8374400,FPT,29.735601115402947,-2758.2897295220173,-438.18582707164023,-2320.103902450377,83995.022555635,88628.0,93260.977444365,10.454884335345477,0.21746031235439908,-1,-0.0291421659114478
2025-10-20,86200,89620,84930,84930,14580300,FPT,28.06480409641099,-2994.1766391895508,-539.2581893913389,-2454.918449798212,83271.2157240589,87260.0,91248.7842759411,9.142297217375887,0.20793105883743637,1,-0.09200413143405374
2025-10-21,86880,90790,86400,90790,19520200,FPT,45.84523213751169,-2677.402261986732,-177.9870497508159,-2499.415212235916,82948.63961259137,87376.0,91803.36038740863,10.134042271123937,0.8855570476834669,1,-0.13534977494590483
2025-10-22,92940,96650,92740,94700,18311100,FPT,54.01294088972641,-2086.7966700245743,330.0948337690734,-2416.8915037936476,80894.97634072966,88820.0,96745.02365927034,17.84513321159726,0.8709768104680568,-1,0.05990939775951411
2025-10-23,94890,94990,91770,92740,6647600,FPT,49.94634294604271,-1756.6436088573537,528.1983159490355,-2284.841924806389,81365.88804986645,89834.0,98302.11195013355,18.852799497147068,0.6715848832132038,1,0.00476515303000727
2025-10-24,92740,95380,92450,95380,13759100,FPT,54.87453517679941,-1267.359659408874,813.9858123180124,-2081.3454717268864,83324.40411279298,91708.0,100091.59588720702,18.283237857563176,0.7189991054795057,0,-0.016404046212603107
2025-10-27,96650,97330,94020,95670,12897800,FPT,55.39408007067072,-846.4407855172321,987.9237489677234,-1834.3645344849556,89736.37380336587,93856.0,97975.62619663413,8.778610204215237,0.7201656064671716,1,0.08460934977183679
2025-10-28,96250,99780,96250,99780,20912700,FPT,62.06087648545416,-179.15174431417836,1324.170232136622,-1503.3219764508003,90506.11499740001,95654.0,100801.88500259999,10.763554064858731,0.9007471027340478,-1,-0.09365641348380715
2025-10-29,99970,100750,98700,99280,9302800,FPT,60.86899334123743,305.80863548096386,1447.3044895454113,-1141.4958540644475,90692.65366002702,96570.0,102447.34633997298,12.172199109398324,0.7305462230095886,1,0.03704208107777953
2025-10-30,99680,101040,99180,100260,9730600,FPT,62.393466663554435,760.4549884773733,1521.5606740334565,-761.1056855560834,93364.40129098098,98074.0,102783.59870901902,9.604173805532593,0.7320792210824403,1,-0.142697734216491
2025-10-31,100160,101430,98600,101430,14827100,FPT,64.18729312369847,1201.326575714149,1569.9458090161859,-368.61923330203695,94940.62343331902,99284.0,103627.37656668098,8.749398828977434,0.7470428210694936,1,-0.07313015392568023
2025-11-03,101330,103780,101040,102510,20963600,FPT,65.80856920989174,1619.2023027433752,1590.2572288363297,28.945073907045526,98034.00840337612,100652.0,103269.99159662388,5.202065724722562,0.8548521703423436,-1,-0.05798258459329682
2025-11-04,101630,102210,99280,100850,10620700,FPT,61.22093480094155,1795.7237150569272,1413.4229129199052,382.3008021370219,98436.24281048636,100866.0,103295.75718951364,4.817792297728938,0.4967074899358148,-1,-0.01752597097456544
2025-11-05,99380,99580,97230,98500,11741500,FPT,55.339466282204775,1726.0954914842732,1075.035751477801,651.0597400064721,97732.65218692992,100710.0,103687.34781307008,5.9127153471752205,0.12886432174661416,-1,0.08785815575146627
2025-11-06,98500,99580,97040,97820,6751800,FPT,53.73091183883289,1597.6278463320923,757.2544850604961,840.3733612715962,96244.1261960699,100222.0,104199.8738039301,7.938124970425845,0.19807991424629276,1,0.04138891176326671
2025-11-07,97140,99380,97140,98600,5863600,FPT,55.33468012171118,1540.9921944740345,560.4950665619506,980.4971279120839,95732.56782905663,99656.0,103579.43217094337,7.873950732406221,0.36542395102167785,-1,-0.037122757604723736
2025-11-10,98800,98800,93920,93920,10072600,FPT,45.20924171741236,1105.7250348191592,100.18232552566019,1005.542709293499,92898.94453295128,97938.0,102977.05546704872,10.290296855252748,0.10131417224176056,0,-0.02123256175545531
2025-11-11,94500,95570,93820,93820,6624200,FPT,45.019676943657245,744.1256928124058,-209.13361318487466,953.2593059972804,91634.44142454694,96532.0,101429.55857545306,10.147015653779187,0.22312735435235515,1,-0.13011811046225272
2025-11-12,94210,98210,94210,98210,6635300,FPT,54.11556323893946,802.5407303534157,-120.57486051509181,923.1155908685075,91687.36026005782,96474.0,101260.63973994218,9.923170470680565,0.6813380674457201,-1,0.06626479472646911
2025-11-13,98210,98310,96350,96550,4757400,FPT,50.69991441544262,706.7400819271134,-173.10040715311538,879.8404890802287,91661.11855824328,96220.0,100778.88144175672,9.475953942541507,0.5361930886135128,1,0.06116628950753187
2025-11-14,96550,98500,95870,97630,4699900,FPT,52.787795041692384,709.7824219699978,-136.04645368818478,845.8288756581826,91912.7385203474,96026.0,100139.2614796526,8.566974527008526,0.6949790948052579,1,0.037449260022575155
2025-11-17,98210,99380,98210,98600,5585100,FPT,54.645640937290366,781.4562505281501,-51.49810010402609,832.9543506321762,93124.20375736365,96962.0,100799.79624263635,7.916083089532708,0.713403721359994,-1,-0.03323267291124406
2025-11-18,98600,98700,96450,97630,6500100,FPT,52.42401780229071,751.3265577970451,-65.30223426810494,816.62879206515,96174.96158859968,97724.0,99273.03841140032,3.170231286890272,0.46965859616256245,-1,0.04961533319234719
2025-11-19,97140,97140,95670,95670,5169300,FPT,48.16314361074672,562.8052708105824,-203.0588170036542,765.8640878142367,94959.47169306615,97216.0,99472.52830693385,4.64229819563415,0.15743837663160265,1,-0.07673170846839351
2025-11-20,96250,97330,95770,96650,4593100,FPT,50.33664130455632,486.866310683763,-223.19822170437897,710.064532388142,95007.38608099255,97236.0,99464.61391900745,4.583927596790173,0.36852814769707043,1,-0.025518084981818148
2025-11-21,95670,98800,95470,98400,7936900,FPT,54.04237937881238,561.4227799783257,-118.9134019278531,680.3361819061788,94930.7724790102,97390.0,99849.2275209898,5.050267010965822,0.7053490356991223,-1,0.060255573061365565
2025-11-24,98310,98700,97230,97820,5061800,FPT,52.6404288795061,567.170181505644,-90.5328003204279,657.7029818260719,95078.32841091373,97234.0,99389.67158908627,4.433987265948678,0.6359205184516046,-1,0.04105680894227922
2025-11-25,97330,97920,96650,97330,4494900,FPT,51.42665096635513,526.1213344799762,-105.26531787687657,631.3866523568528,95057.08715342513,97174.0,99290.91284657487,4.35695319030783,0.5368461082969017,-1,0.05300165703796083
2025-11-26,97430,97820,96550,96650,5830900,FPT,49.71351513094487,433.71985792733904,-158.13343554361109,591.8532934709501,95852.8315848286,97370.0,98887.1684151714,3.1162953993455886,0.2627158617329049,1,-0.06464239257286335
2025-11-27,96850,97430,95770,97140,4780500,FPT,50.980707208047534,395.4711813356553,-157.1056897082359,552.5768710438912,96130.73413264465,97468.0,98805.26586735535,2.7440100696748724,0.3773617094375294,-1,0.05506095188368487
2025-11-28,96750,97040,94790,94790,6210400,FPT,45.10964065533367,173.53308792237658,-303.2350264972117,476.7681144195883,94404.00939370079,96746.0,99087.99060629921,4.841524417131889,0.08240652316474217,1,-0.032997903136152716
2025-12-01,95580,96370,94790,95290,3125100,FPT,46.52082158802735,37.5584211407695,-351.3677546230551,388.9261757638246,93965.97273543305,96240.0,98514.02726456695,4.725742445068468,0.29111947890807,0,-0.025325593062457682
2025-12-02,95480,95980,94100,95290,5560800,FPT,46.520821588027346,-69.40245364414295,-366.66290352637407,297.2604498822311,93818.72406262979,95832.0,97845.27593737021,4.2016778056812205,0.36539351364126155,0,0.04078351917411835
2025-12-03,95680,95680,94700,95290,6475300,FPT,46.520821588027346,-152.41279766487423,-359.73859803768426,207.32580037281005,93741.20919289933,95560.0,97378.79080710067,3.8065944058197316,0.42577486125784675,1,0.14326368738098247
2025-12-04,95290,97160,95290,96180,7387500,FPT,49.41220968015469,-144.71534300685744,-281.632914703734,136.91757169687656,94362.17695393576,95368.0,96373.82304606424,2.109351241641299,0.903649530191885,-1,0.050996489846207915
2025-12-05,96180,96180,94790,94890,5062500,FPT,45.56670231031964,-239.94137889580452,-301.48716047414484,61.545781578340346,94437.16878469734,95388.0,96338.83121530266,1.9936076137515486,0.2381238688921886,-1,-0.187222498745646
2025-12-08,95290,95980,94200,94200,5278600,FPT,43.61161737507342,-366.8570323256572,-342.722251123198,-24.134781202459166,93731.87622229727,95170.0,96608.12377770273,3.022220821062787,0.16275503713961,1,-0.10562369459382491
2025-12-09,94200,95680,93120,95580,9961500,FPT,48.38180561645304,-352.026196325387,-262.3131320983423,-89.71306422704473,93743.04882235342,95228.0,96712.95117764658,3.118728058231992,0.6185224151806344,-1,0.08266685425822111
2025-12-10,95780,95780,94300,94300,3894100,FPT,44.612046562381906,-438.50316303370346,-279.032079045327,-159.47108398837648,93336.9554051963,95030.0,96723.0445948037,3.5631791956302097,0.28441205794563185,0,-0.06338369037078483
2025-12-11,94600,95290,94300,94700,5201600,FPT,46.02731953441423,-469.3497533261834,-247.90293547024555,-221.44681785593787,93631.85663364785,94734.0,95836.14336635215,2.326816911250756,0.48457550939469307,-1,-0.02791221870988693
2025-12-12,94700,94700,92230,92430,5519800,FPT,39.81044038108768,-669.2512157681485,-358.2435183297685,-311.00769743838003,91942.33045852363,94242.0,96541.66954147637,4.880349613710166,0.10603035190075347,0,-0.23498940006265734
2025-12-15,92620,93120,92230,92530,3524800,FPT,40.1936732032154,-810.2651682139112,-399.40597662042495,-410.8591915934863,91140.35117834756,93908.0,96675.64882165244,5.894383485224783,0.2510522308286831,1,0.04475979456072915
2025-12-16,92620,94100,90750,93610,6295300,FPT,44.31721957906416,-825.3585478427703,-331.5994849994272,-493.75906284334314,91470.24854740255,93514.0,95557.75145259745,4.37100637893247,0.5234862218392533,1,0.040949363450881036
2025-12-17,93120,94990,93120,94600,4967800,FPT,47.86570772293063,-748.8036908814101,-204.0357024304535,-544.7679884509566,91401.32423035691,93574.0,95746.67576964309,4.643759526456252,0.7361143835484815,-1,-0.07757329114629957
2025-12-18,94200,94300,92620,93120,4115500,FPT,43.411797875958804,-798.3541170127573,-202.86890284944047,-595.4852141633169,91480.5073839832,93258.0,95035.4926160168,3.8119895687593472,0.46118127334074505,-1,0.0008924304447905313
2025-12-19,92720,93710,92330,92620,4492600,FPT,41.99025988004307,-867.9636632180773,-217.98275924380823,-649.980903974269,91600.79499764949,93296.0,94991.20500235051,3.634035762198839,0.30061408529862726,0,0.05092562938622674
2025-12-22,92820,93020,92230,92430,6142400,FPT,41.43501258044023,-927.7664283280319,-222.22841948301027,-705.5380088450216,91533.89782159765,93276.0,95018.10217840235,3.735370681423618,0.257189902381084,0,0.0009538125832081773
2025-12-23,92720,94600,92330,92720,6006900,FPT,42.68086500212409,-940.9137066525873,-188.30055824605245,-752.6131484065348,91344.69455028673,93098.0,94851.30544971327,3.766580269636875,0.3922036088857714,0,-0.04552322848836939
2025-12-24,92820,92920,91840,92330,3901500,FPT,41.405205457347556,-971.6027286259341,-175.19166417551946,-796.4110644504146,92029.73621302057,92644.0,93258.26378697943,1.3260735438440203,0.24440948119043482,-1,0.11932188837370845
2025-12-25,92330,93510,91740,91740,4565200,FPT,39.482645457330754,-1031.639965458322,-188.18312080632575,-843.4568446519962,91601.78854094034,92368.0,93134.21145905966,1.6590409212273973,0.0901914591758274,-1,-0.16856548750558636
2025-12-26,91440,91740,89760,91240,6612400,FPT,37.877519333963036,-1106.8071457063925,-210.6802408435169,-896.1269048628756,90902.42864863247,92092.0,93281.57135136753,2.5834412356502825,0.14188781151271745,1,0.027727032980357127
2025-12-29,91240,93610,91240,93020,6300900,FPT,46.25436974798515,-1011.0913223029493,-91.97153395205896,-919.1197883508903,90763.48695132247,92210.0,93656.51304867753,3.1374320543922147,0.7799836478283205,1,0.09542940956772084
2025-12-30,93220,95290,93020,95190,7271200,FPT,54.338077088984136,-751.4724712341267,134.1178536934109,-885.5903249275376,89623.00665369198,92704.0,95784.99334630802,6.646948020167465,0.9034413126823191,-1,-0.02691457233265725
2025-12-31,95480,95680,93910,94500,3082600,FPT,51.67652620091316,-594.5463346846518,232.83519219430877,-827.3815268789606,89726.7714822964,93138.0,96549.2285177036,7.325105795064518,0.6996348226059163,-1,0.2063558449441154
2026-01-05,94400,94400,91930,93710,7029300,FPT,48.73332957513979,-527.8429931181454,239.6308270086522,-767.4738201267976,90493.40163891406,93532.0,96570.59836108594,6.497451911828979,0.5292898203131371,-1,0.08453348553979972
2026-01-06,93410,93510,92330,92720,5397500,FPT,45.254891473701214,-548.5415945333516,175.14578047475686,-723.6873750081085,91778.34637072647,93828.0,95877.65362927353,4.368959434867045,0.22971042907559044,1,0.14730721818033513
2026-01-07,92820,96270,92720,96180,11427400,FPT,56.84768039431257,-282.49586522010213,352.95320783040506,-635.4490730505072,91798.60938605509,94460.0,97121.39061394491,5.634957895288821,0.823139337568056,-1,-0.009292509724377156
2026-01-08,96770,96770,95190,95190,5576200,FPT,53.36553234010768,-149.81051188099082,388.5108489356131,-538.3213608166039,91798.60938605509,94460.0,97121.39061394491,5.634957895288821,0.6371463467585354,1,-0.049711901056139235
2026-01-09,94790,98540,94700,96080,10048700,FPT,55.97625627705485,26.849642579909414,452.1368027172107,-425.28716013730127,91741.77522256607,94776.0,97810.22477743393,6.4029390930909384,0.7148819048770017,1,0.011541618501416804
2026-01-12,96670,98150,96670,98150,9076600,FPT,61.39023022586918,330.0808218004968,604.2943855502385,-274.2135637497417,91725.55868394692,95664.0,99602.44131605308,8.23390474170656,0.8156070892648657,-1,0.15887783063487304
2026-01-13,98350,100320,96570,97560,9411100,FPT,59.1571576469085,516.8279756422562,632.8332315135983,-116.00525587134211,94233.27533885321,96632.0,99030.72466114679,4.964659038717579,0.6934361235850096,1,0.04028015061239369
2026-01-14,97650,99730,96470,98440,11900400,FPT,61.411779303071896,727.4495010095561,674.7638055047186,52.68569550483754,94291.70345414501,97084.0,99876.29654585499,5.752331065582357,0.7428108866182047,-1,-0.06567261361244807
2026-01-15,98440,100320,97060,97160,7401400,FPT,56.524093263084616,782.0680807017634,583.5059081575407,198.56217254422273,95623.47041005174,97478.0,99332.52958994826,3.8050218304607375,0.4142639724586783,1,0.06808739704217394
2026-01-16,98150,103870,98150,103870,23871100,FPT,70.00240061394055,1351.2186137289827,922.1251529478079,429.09346078117477,93540.02692874197,99036.0,104531.97307125803,11.09893992337743,0.939776536140623,0,-0.0648923521911123
2026-01-19,107220,107220,104070,104360,14710500,FPT,70.71635438647623,1820.8240898758959,1113.3845032757768,707.439586600119,93203.193995593,100278.0,107352.806004407,14.11038513813,0.7884884756880445,-1,0.17503456592253402
2026-01-20,104660,105550,102590,102690,12213100,FPT,65.03519332268128,2034.7791029268847,1061.8716130614125,972.9074898654721,94729.82932987034,101304.0,107878.17067012966,12.97909395508502,0.6054125356295825,1,0.02075951412423357
2026-01-21,101800,105050,99730,103570,14517300,FPT,66.55973007037208,2249.4187387596903,1021.2089991153746,1228.2097396443157,96423.3427389095,102330.0,108236.6572610905,11.54433159599433,0.6049663070996495,-1,0.057852311777000176
2026-01-22,104070,104360,102090,102090,8095100,FPT,61.688125117116975,2273.8866159647587,836.5415010563543,1437.3451149084044,101483.97379931592,103316.0,105148.02620068408,3.546452051345539,0.16539779847520422,-1,0.027622449007384815
2026-01-23,102190,103180,99630,99630,9418000,FPT,54.54230507853713,2070.9040511999046,506.84714903320014,1564.0569021667045,98856.83952170593,102468.0,106079.16047829407,7.0483672527893,0.10705152581024523,-1,0.062059364331817184
2026-01-26,98840,100220,96670,97160,11183100,FPT,48.47103781058443,1691.2350440342852,101.7425134940645,1589.4925305402207,95806.1535832626,101028.0,106249.8464167374,10.337424113587133,0.12963292183373748,1,-0.04194954520022174
2026-01-27,98250,101110,97750,100710,10585500,FPT,56.04421305102618,1657.6911205394717,54.55887199940071,1603.132248540071,95751.17220135833,100632.0,105512.82779864167,9.700349389143941,0.5079904478520741,1,0.08941829980245371
2026-01-28,101010,104360,100910,103080,11949800,FPT,60.24493341520065,1801.5790309575968,158.7574259340206,1642.8216050235762,95936.68339136912,100534.0,105131.31660863088,9.145794673704174,0.7769006593128923,1,0.022290970063268696
2026-01-29,103570,105740,102290,104660,14247700,FPT,62.797479003033374,2019.8207951774093,301.5993521230662,1718.2214430543431,95181.3928033323,101048.0,106914.6071966677,11.611525604995046,0.8078440296847945,-1,0.13516807322706395
2026-01-30,104950,104950,102490,103080,10833200,FPT,58.736123679912104,2041.7501455470338,258.82296199415237,1782.9271835528814,95893.78234491621,101738.0,107582.21765508379,11.488760650069375,0.6148143412174781,0,0.0037397540105635133
2026-02-02,101900,102880,100220,102880,9331400,FPT,58.22281387428753,2019.709036628119,189.4254824601901,1830.283554167929,100061.13488447374,102882.0,105702.86511552626,5.48369027726184,0.49964549882428055,0,0.189767691394164
2026-02-03,103470,103970,101500,102490,9097000,FPT,57.17354048107888,1948.312623240039,94.42325525768797,1853.8893679823511,101576.7715388927,103238.0,104899.2284611073,3.2182499876156014,0.2748654030700214,-1,-0.27404151979800906
2026-02-04,101700,102090,100120,100520,11639700,FPT,52.06895336291381,1713.0212723150325,-112.6944765338551,1825.7157488488876,99757.57954460743,102726.0,105694.42045539257,5.779297267279104,0.12842191105500556,-1,0.21319346923429483
2026-02-05,99830,100520,97650,97650,18088600,FPT,45.67144787483735,1280.2087179172086,-436.4056247453434,1716.614342662552,96740.45115658258,101324.0,105907.54884341742,9.04731128541593,0.09921884488300488,-1,0.23637052238584091
2026-02-06,96670,98640,95390,96270,9766800,FPT,42.939510252923725,816.4358195380773,-720.1428184995798,1536.5786380376571,94114.51507056295,99962.0,105809.48492943705,11.699415636816092,0.18430872036848187,1,0.0685604959257081
2026-02-09,97460,98050,96570,97650,5108600,FPT,46.39280587989514,553.8623428075662,-786.173036184073,1340.0353789916392,93860.99060337238,98916.0,103971.00939662762,10.220812399667633,0.37477768084421414,-1,-0.06011751158098383
2026-02-10,98540,98540,95980,96470,6113500,FPT,43.943833919177386,247.69950670465187,-873.8686978295898,1121.5682045342417,94318.70072053855,97712.0,101105.29927946145,6.945511870520416,0.3169922695122377,1,0.04654262453308588
2026-02-11,96870,98150,96080,97260,5507500,FPT,45.99908123264202,68.02549543650821,-842.8341672781868,910.859662714695,95752.94223540284,97060.0,98367.05776459716,2.693298505248639,0.5765077127488853,0,0.11055925918687975
2026-02-12,97650,97850,97060,97460,4125200,FPT,46.53353452983193,-57.56554467882961,-774.7401659148197,717.1746212359901,95791.92683144711,97022.0,98252.07316855289,2.5356582394774136,0.6780381895961857,-1,0.03078435168972281
2026-02-13,96770,97160,94990,94990,18508400,FPT,41.12074404522953,-352.3441026645887,-855.6149791204632,503.27087645587443,94586.79831130899,96766.0,98945.20168869101,4.504064834117383,0.09251132898424043,-1,-0.020835976491997137
2026-02-23,95480,95480,91840,93220,22660400,FPT,37.733523084270765,-720.4772281216428,-978.9984836620139,258.52125554037104,92328.01463967067,95880.0,99431.98536032933,7.409231039485462,0.1255615198040439,-1,-0.02045537137889627
2026-02-24,92720,92720,91240,91240,28539000,FPT,34.32711641709334,-1158.6387682589848,-1133.7280190394847,-24.910749219500133,89511.63962137155,94834.0,100156.36037862845,11.224582699513784,0.16236784581222233,-1,-0.044795080032213636
2026-02-25,90950,91240,87790,87890,47733100,FPT,29.478298743101455,-1755.9603308365622,-1384.8396652936497,-371.1206655429126,85672.90181210694,92960.0,100247.09818789306,15.677922090991956,0.15212490148524382,1,-0.11171283843481333
2026-02-26,88780,90950,88680,89270,17525500,FPT,33.63687187050287,-2093.850896037402,-1378.1841843955915,-715.6667116418105,85572.85397645924,91322.0,97071.14602354076,12.590933233045176,0.32153871274118173,1,-0.005868060674014079
2026-02-27,89760,92230,89070,91640,18705600,FPT,40.16286072282336,-2145.6585936045594,-1143.9935055701992,-1001.6650880343602,86474.07228401513,90652.0,94829.92771598487,9.217508088039693,0.6182404372650924,-1,-0.02377958640656047
2026-03-02,88880,90260,88090,88380,17245400,FPT,35.05618718216427,-2421.853700318403,-1136.150889827234,-1285.7028104911687,86316.90629771093,89684.0,93051.09370228907,7.508794661899719,0.306361195247775,-1,0.08781935618340601
2026-03-03,88880,89660,85820,85820,16504400,FPT,31.6526494288965,-2814.8629297914304,-1223.3280954402092,-1591.5348343512212,84360.731195124,88600.0,92839.268804876,9.569455541480819,0.17211326670268623,-1,-0.04514752036841016
2026-03-04,85720,85820,83060,83940,23755700,FPT,29.39555308890755,-3240.6694437114056,-1319.3076874881474,-1921.3617562232582,81804.80225138298,87810.0,93815.19774861702,13.677708116654191,0.17777913717402155,-1,-0.15638889720866725
2026-03-05,85320,85620,83250,83250,15906800,FPT,28.589754721574256,-3592.3905649454537,-1336.8230469777563,-2255.5675179676973,79715.69376587695,86606.0,93496.30623412305,15.91184498562006,0.2564694597041284,-1,0.07394669390561086
2026-03-06,83250,83450,80390,80490,23713900,FPT,25.57032037324729,-4047.1875623231754,-1433.2960354843826,-2613.8915268387927,78487.3566927521,84376.0,90264.6433072479,13.958100187844643,0.17004284372114978,-1,-0.03188806379901945
2026-03-09,74970,75660,74870,74870,17633000,FPT,20.761974210879842,-4805.707288903184,-1753.4526096515133,-3052.254679251671,73159.06488574366,81674.0,90188.93511425634,20.85102998324152,0.10046671473701332,1,0.021418006676430446
2026-03-10,75360,78520,75360,78420,21099200,FPT,29.748500991016837,-5062.032347746164,-1607.8221347955946,-3454.2102129505697,72781.08424437483,80194.0,87606.91575562517,18.487457305098072,0.38034397944871906,1,-0.2439288935023981
2026-03-11,78910,79900,77240,79110,10652800,FPT,31.377534306153528,-5150.1271106830245,-1356.7335181859635,-3793.393592497061,73110.15070470054,79228.0,85345.84929529946,15.443654504214308,0.49035608803810654,-1,0.046196295788931474
2026-03-12,77730,78120,76450,76640,12722400,FPT,28.80274990221802,-5357.493353887869,-1251.279809112646,-4106.2135447752225,73522.97364826582,77906.0,82289.02635173418,11.252089317213516,0.35557923927389845,-1,-0.029254688888352837
2026-03-13,76050,77430,75260,75950,9026000,FPT,28.108842002029238,-5513.948463476991,-1126.1879349614137,-4387.760528515577,73499.78902866102,76998.0,80496.21097133898,9.086498276160368,0.35020914853530605,1,-0.1623381229995947
2026-03-16,76050,78220,76050,77140,8662000,FPT,31.18788218610015,-5478.761458585534,-872.800744055965,-4605.960714529569,74863.81917169678,77452.0,80040.18082830322,6.683315675007011,0.4397260043448077,1,-0.020721667329372157
2026-03-17,78320,80200,78030,78320,9218800,FPT,34.19743805353913,-5294.626210210918,-550.9323965450785,-4743.693813665839,74879.92633335237,77432.0,79984.07366664763,6.591780314721639,0.6739761691845019,-1,0.004060963828954406
2026-03-18,78910,79110,77040,77530,6352700,FPT,33.15204974614358,-5153.043024615865,-327.4793687600204,-4825.563655855844,75324.98911226192,77116.0,78907.01088773808,4.644978701535568,0.6155771868374434,-1,0.0862128376039412
2026-03-19,76640,76740,75560,75760,11602900,FPT,30.874758902008665,-5124.588471518713,-239.2198525302947,-4885.368618988418,74780.13889335532,76940.0,79099.86110664468,5.614403708460295,0.22683428661921712,-1,-0.021525035671071016
2026-03-20,75460,75460,72600,73590,21423700,FPT,28.307439768862938,-5217.000562721572,-265.305554986523,-4951.695007735049,72754.04254197811,76468.0,80181.95745802189,9.713755971182431,0.11254268088293262,-1,-0.07590630605043737
2026-03-23,72700,75070,70630,72110,13156200,FPT,26.678078128862737,-5348.012878476264,-317.0542965929708,-5030.958581883293,70239.55995726169,75462.0,80684.44004273831,13.841244713202162,0.17907721557656897,1,-0.11094977349960083
2026-03-24,74470,74870,73090,74380,5189700,FPT,33.04391857995719,-5208.62921841543,-142.13650922570923,-5066.492709189721,70530.12258868621,74674.0,78817.87741131379,11.098581598183548,0.46452597762697945,1,-0.09677520323210134
2026-03-25,75160,75950,74570,75950,7429300,FPT,37.11075557197548,-4914.825732972706,121.3335809736127,-5036.159313946318,71173.0541605866,74358.0,77542.9458394134,8.566518301765507,0.7499257570253085,-1,0.06744604781683598
2026-03-26,75950,75950,73190,73190,9743400,FPT,33.28348123102113,-4848.7993471361115,149.8879734481652,-4998.687320584277,70976.68069444703,73844.0,76711.31930555297,7.765882957458887,0.3859561963096617,1,0.05211677385167978
2026-03-27,73490,75260,72990,75070,9080300,FPT,37.975768974313866,-4591.840790174276,325.4772243280004,-4917.318014502276,71103.22539525952,74140.0,77176.77460474048,8.192000552307741,0.6531229875520309,-1,-0.03747554955019068
2026-03-30,73390,74180,72500,72990,7814800,FPT,35.03947821268827,-4504.117239390238,330.5606200896309,-4834.677859479869,71812.25879931716,74316.0,76819.74120068284,6.738094624799069,0.2351962735528808,1,0.044256666025207156
2026-03-31,73880,74470,73390,73690,5639200,FPT,36.81023379255865,-4328.218534480897,405.1674599991775,-4733.385994480074,71616.50043919646,74178.0,76739.49956080354,6.906359192222866,0.4047432981314049,1,-0.14533096661381217
2026-04-01,74870,75260,73980,74280,8534000,FPT,38.33597075743475,-4094.016204030777,511.4958323594383,-4605.512036390215,72148.73600875947,73844.0,75539.26399124053,4.591473894265014,0.6285935412575336,-1,0.06760909382121578
2026-04-02,74180,74180,73190,73690,5224400,FPT,37.36439742498358,-3910.9344214384473,555.6620919614143,-4466.596513399862,72388.390794577,73944.0,75499.609205423,4.20753328308719,0.4183599585569008,-1,0.10446767368769959
2026-04-03,73690,74470,72900,72990,6333100,FPT,36.19242468054011,-3778.7656809864857,550.2646659307011,-4329.030346917187,72433.97989049707,73528.0,74622.02010950293,2.9757918330511735,0.2541178652353842,0,-0.07409421085018461
2026-04-06,72990,73490,72500,72900,4593000,FPT,36.035921088792236,-3639.331303925981,551.7592343929646,-4191.090538318946,72369.73687247337,73510.0,74650.26312752663,3.1023347232393745,0.2325178788675017,0,-0.05369479826402504
2026-04-07,73490,73490,72800,72990,4713000,FPT,36.33241086217454,-3481.4344979221496,567.7248323174372,-4049.159330239587,72169.9166695613,73370.0,74570.0833304387,3.2713188781210443,0.3416776608916456,1,-0.04149868891226069
2026-04-08,74970,78030,74080,78030,14610000,FPT,50.24187214134178,-2916.0004248659097,906.527124298942,-3822.5275491648517,69702.39884100016,74120.0,78537.60115899984,11.920132647058386,0.9425478737520567,-1,0.02593021773883929
2026-04-09,78030,78120,77040,77240,6272100,FPT,48.45492752903576,-2502.785690421646,1055.7934869945648,-3558.5791774162108,69677.89363463868,74830.0,79982.10636536132,13.770162676363286,0.733884922893181,-1,-0.0498978670404327
2026-04-10,77530,77930,76250,76640,6099800,FPT,47.08518665281038,-2198.38342622263,1088.156600954865,-3286.540027177495,70684.53079181125,75560.0,80435.46920818875,12.904894674930514,0.610758570496769,-1,0.10389152184938971
2026-04-13,75860,75950,74870,74970,9559100,FPT,43.407184419693934,-2068.0581944288424,974.7854661989227,-3042.843660627765,71950.85197886077,75974.0,79997.14802113923,10.590854821752794,0.3752220904221543,0,0.04047457287675714
2026-04-14,75950,76150,74970,75160,7092500,FPT,43.94368971622505,-1927.227221434514,892.4931513546012,-2819.720372789115,73761.81784451703,76408.0,79054.18215548297,6.926453134443948,0.26418856929140194,-1,0.003513331187606426
2026-04-15,75860,75950,73980,74080,10047800,FPT,41.533422097504584,-1881.0807073058095,750.9117323866444,-2631.992439692454,73035.27275927237,75618.0,78200.72724072763,6.830985322879823,0.20225272422365845,-1,-0.020966922201352833
2026-04-16,74570,74570,72990,73090,11316400,FPT,39.40007315288054,-1902.4635727912246,583.6230935209837,-2486.0866663122083,72144.9184651251,74788.0,77431.0815348749,7.068196862798582,0.17878402962692427,1,0.016672584961347558
2026-04-17,73980,76940,73880,74970,12349600,FPT,45.16062411577036,-1747.5645235528355,590.8177142074983,-2338.3822377603337,72712.93136264055,74454.0,76195.06863735945,4.676897513523654,0.6481848529482959,1,0.029364266723067023
2026-04-20,75260,75950,75070,75860,6876800,FPT,47.69545056077595,-1535.2924533682963,642.4718275136302,-2177.7642808819264,72491.09364987708,74632.0,76772.90635012292,5.737234296609832,0.7867944223551608,-1,0.0039131706107788196
2026-04-21,75950,76350,74080,74080,7119000,FPT,43.376982227385305,-1493.480518569937,547.4270098495917,-2040.9075284195287,72324.0822195897,74416.0,76507.9177804103,5.622225812756113,0.4196909163575972,-1,-0.06980256479022653
2026-04-22,74470,74470,73090,73590,8145000,FPT,42.243096496776886,-1482.7904782741389,446.493640116312,-1929.2841183904509,72104.97492106467,74318.0,76531.02507893533,5.955556066996771,0.33551926118473197,0,0.02642747314140566
2026-04-23,73980,74970,73090,73290,7968500,FPT,41.527358423616406,-1481.4488173213176,358.2682408553069,-1839.7170581766245,72251.27742690293,74358.0,76464.72257309707,5.666431515363693,0.24652571400752923,-1,-0.1071935352168621
2026-04-24,72990,73090,72210,72400,10459800,FPT,39.394847644517405,-1534.512201847494,244.16388506330463,-1778.6760869107986,71279.52734465801,73844.0,76408.47265534199,6.945649356324115,0.2184606361483248,1,-0.012543920819746632
2026-04-28,72400,73390,71910,73390,9503800,FPT,42.906971941091264,-1479.6244010990922,239.24134864936536,-1718.8657497484576,72125.99019611898,73350.0,74574.00980388102,3.3374500446653705,0.5163397384045333,1,0.00399394192146718
2026-04-29,72400,74470,72400,74470,9163000,FPT,46.546222646117464,-1333.6054757138918,308.20821922765253,-1641.8136949415443,71948.37842676013,73428.0,74907.62157323987,4.030129033175003,0.8521170611612443,-1,-0.07880241037316184
2026-05-04,73880,74080,72600,72700,8285900,FPT,41.8391982877814,-1345.2019817429828,237.28937055884944,-1582.4913523018322,71657.95728700614,73250.0,74842.04271299386,4.346874301689724,0.3272659409477412,1,0.0800390979222288
2026-05-05,72700,73490,71810,73290,6841400,FPT,43.87656712593386,-1291.8920992103085,232.47940247321912,-1524.3715016835276,71657.95728700614,73250.0,74842.04271299386,4.346874301689724,0.5125624770219824,-1,0.1387703242870811
2026-05-06,73190,73190,72010,72300,9455600,FPT,41.26450342241647,-1314.3770391153666,167.9955700545288,-1482.3726091698954,71583.00273224365,73230.0,74876.99726775635,4.4981490311521215,0.21766801979370956,0,-0.048434255209441945
2026-05-07,72900,73290,72010,72010,10186100,FPT,40.50383608798271,-1340.1486924413766,113.77913338281519,-1453.9278258241918,71006.04722849939,72954.0,74901.95277150061,5.340221979605262,0.2576943307324678,-1,0.010352442944370174
2026-05-08,72210,72300,70920,70920,13444300,FPT,37.691454633435896,-1432.019375902586,17.526759937284623,-1449.5461358398707,70479.65309533612,72244.0,74008.34690466388,4.8844108982445,0.12479034125881493,-1,0.18647358034477085
2026-05-11,70730,70730,69050,69050,16909100,FPT,33.40595246368375,-1636.8523116525175,-149.84494065011722,-1487.0073710024003,68282.57307060841,71514.0,74745.42692939159,9.037186926732069,0.11874428018337974,1,0.02147100924821435
2026-05-12,69150,70530,69050,69640,8533300,FPT,35.882960252466205,-1731.6148418081139,-195.6859766445707,-1535.9288651635432,67931.75176395931,70784.0,73636.24823604069,8.059019654274092,0.29945644534992694,0,-0.12975808996994698
2026-05-13,69640,70530,69050,69740,11517600,FPT,36.31533418847733,-1778.1482789179718,-193.7755310035427,-1584.372747914429,67902.13080529806,70272.0,72641.86919470194,6.744846296396687,0.38775751818089055,1,0.04990710259352902
2026-05-14,70130,74280,70040,72900,21565500,FPT,48.20223926229115,-1542.2625298853236,33.68817442328441,-1575.950704308608,67393.26972076416,70450.0,73506.73027923584,8.677729678455185,0.9007550186293314,-1,-0.04057984167297633
2026-05-15,73190,73190,71710,71910,6386100,FPT,45.34654988635006,-1418.850475459345,125.68018307941043,-1544.5306585387555,67322.60077584702,70648.0,73973.39922415298,9.413993953552762,0.6897516530998542,1,0.17808207488073613
2026-05-18,71910,74280,71020,73880,18323700,FPT,51.50355319440285,-1148.8398860890156,316.55261795979186,-1465.3925040488075,67834.48680383345,71614.0,75393.51319616655,10.55523555775839,0.7997740558623184,-1,-0.1572398123817285
2026-05-19,73980,74770,73290,73490,11279900,FPT,50.29555992196198,-955.3120467123954,408.0643658691297,-1363.376412581525,69075.99153568239,72384.0,75692.00846431761,9.140164854988972,0.6671700680228082,1,0.010453574949660531
2026-05-20,73780,77430,71810,76640,25976600,FPT,58.71769000055692,-541.5188728793,657.4860317617799,-1199.00490464108,70222.28854930321,73764.0,77305.71145069679,9.602818314345187,0.9060183953486921,-1,0.2622466046048575
2026-05-21,76640,76840,74670,75460,11809100,FPT,54.96073957867381,-305.2818406980514,714.9784511544229,-1020.2602918524743,70620.46720709596,74276.0,77931.53279290404,9.84310623324906,0.6619462971715546,-1,-0.03057301431160102
2026-05-22,75760,76550,74080,74080,11668800,FPT,50.862075348416134,-226.80232157370483,634.7663762230156,-861.5686977967205,72090.53440564747,74710.0,77329.46559435253,7.0123560282493065,0.3797464640577344,-1,-0.10406297553869426
2026-05-25,73590,74570,72500,72500,10441000,FPT,46.57911828425686,-288.7707630395598,458.2383478057285,-747.0091108452883,71166.5973618183,74434.0,77701.4026381817,8.779328366557474,0.2040462694435069,1,0.09737079998667683
2026-05-26,72600,73590,72600,73490,5104800,FPT,49.45136578729331,-255.0563423870044,393.5622147666272,-648.6185571536316,71166.5973618183,74434.0,77701.4026381817,8.779328366557474,0.3555427499248555,-1,0.04392991772231622
2026-05-27,73490,74280,72110,72600,9176300,FPT,47.00460928448984,-296.7324362645013,281.50889671130426,-578.2413329758056,71195.21411885029,73626.0,76056.78588114971,6.603063812103642,0.2889571418123586,-1,-0.038528367260914104
2026-05-28,72800,73100,71200,71200,10646900,FPT,43.36948365643553,-437.6839920230559,112.44587276219977,-550.1298647852557,70582.85418102835,72774.0,74965.14581897165,6.0217820072323915,0.14082719041977992,1,0.02414562050160925
2026-05-29,71200,72500,70800,71600,5446700,FPT,44.685717045370716,-511.2194389333454,31.128340681528243,-542.3477796148736,70476.97806787452,72278.0,74079.02193212548,4.983596480604014,0.31177353037565314,1,0.02799081526360724
2026-06-01,72200,73400,72100,72900,5972700,FPT,48.846949385979755,-459.303114558963,66.43573204472852,-525.7388466036915,70474.04670970935,72358.0,74241.95329029065,5.207311673320573,0.6438464538354828,1,0.0710143337783289
2026-06-02,73000,75600,73000,74800,17368000,FPT,54.262604958117876,-261.8267565498827,211.1296720430471,-472.9564285929298,69811.44165095383,72620.0,75428.55834904617,7.7349445030189266,0.8880994676041465,1,-0.01379771629295924
2026-06-03,75100,77700,75000,76500,25278600,FPT,58.49653658691107,31.487504073171294,403.5551461328809,-372.0676420597096,68939.05839536127,73400.0,77860.94160463873,12.155154236072844,0.8474602757382487,-1,-0.0166235587585551
2026-06-04,76700,77200,75800,76100,11304700,FPT,57.15584519992363,229.02446035537287,480.873681932066,-251.84922157669314,70190.96669862882,74380.0,78569.03330137118,11.263870130065014,0.7052979621141946,-1,0.0679911680932388
2026-06-05,76000,76000,74300,75000,11218100,FPT,53.522924811314574,293.4306288345251,436.2238803289746,-142.7932514944495,72250.72963209366,75060.0,77869.27036790634,7.485399328287614,0.4893210705730833,-1,0.17100747253658072
2026-06-08,73700,74500,72800,72900,10914200,FPT,47.33696703922655,173.02599583289702,252.65539786187722,-79.6294020289802,72250.72963209366,75060.0,77869.27036790634,7.485399328287614,0.11555854063100053,1,0.1344281765936746
2026-06-09,73400,74200,72600,73700,7772300,FPT,49.72098356809474,140.53773925518908,176.13371302733543,-35.59597377214634,71768.84386590381,74840.0,77911.15613409619,8.207258509075876,0.3144021420233834,1,-0.015321859851112441
2026-06-10,73500,74500,73500,74200,4736000,FPT,51.20767091450205,153.36844718712382,151.17153676741611,2.196910419707695,71924.80143369285,74380.0,76835.19856630715,6.601770815561048,0.463343087098911,-1,0.022352408469470262
2026-06-11,73900,73900,73100,73100,3507300,FPT,47.85516859862247,73.9239198154246,57.381607516573524,16.542312298851076,72074.71410021756,73780.0,75485.28589978244,4.622623745682941,0.30061994294131106,1,-0.056289651603418325
2026-06-12,73600,74300,73500,73500,5688200,FPT,49.15864498995257,42.74745056621032,20.964110613887392,21.783339952322926,72456.28128863596,73480.0,74503.71871136404,2.7863873472075102,0.5097683083145718,0,-0.031241322357403824
2026-06-15,74400,75200,73500,73600,6422700,FPT,49.498521139903275,25.811499438568717,3.2225275889966305,22.588971849572086,72827.53548975565,73620.0,74412.46451024435,2.152851155241365,0.48738113837184127,-1,-0.051133565756893276
2026-06-16,73700,74200,73100,73200,5819800,FPT,48.11300766294268,-19.66038819064852,-33.799488032176484,14.139099841527967,72655.13006758425,73520.0,74384.86993241575,2.352747367833922,0.31500108397445503,-1,-0.09579598188565962
2026-06-17,73300,73400,72200,72300,10652200,FPT,45.057042402453995,-126.85733276409155,-112.79714608449561,-14.060186679595937,72114.32948760487,73140.0,74165.67051239513,2.8046773650399923,0.09051177261670079,-1,-0.1343398179938595
2026-06-18,72300,72300,71500,71600,13665800,FPT,42.78101640292435,-265.23833113058936,-200.94251556079473,-64.29581556979463,71116.0510448401,72840.0,74563.9489551599,4.733522666556552,0.14036058135926943,0,0.05510636600932206
2026-06-19,71600,71800,70800,71500,14295100,FPT,42.45111038637122,-378.61104117691866,-251.45218048569922,-127.15886069121945,70560.63840626745,72440.0,74319.36159373255,5.188739905390812,0.24991507671147786,-1,-0.11868398845057603
2026-06-22,71500,71700,70300,70600,9260100,FPT,39.498874525126986,-534.9160300601943,-326.2057354951799,-208.7102945650144,69897.83625819112,71840.0,73782.16374180888,5.406914648688417,0.18076841995693496,0,0.051711654055371675
2026-06-23,70900,71800,70700,70800,5737500,FPT,40.48931665106385,-635.3268785577966,-341.29326719422573,-294.03361136357086,69999.11793310475,71360.0,72720.88206689525,3.8141313534059806,0.2942510913978034,0,-0.013722212387694124
2026-06-24,71000,71200,70100,70800,5968500,FPT,40.48931665106385,-706.7561544056953,-330.1780344336995,-376.57811997199576,70147.85965992225,71060.0,71972.14034007775,2.5672399101540924,0.3574780718623638,0,-0.1165071474911364
2026-06-25,71000,71700,70800,71000,6592100,FPT,41.59813832905033,-738.7106451195141,-289.70602011801464,-449.00462500149945,70252.97743850935,70940.0,71627.02256149065,1.9369116478450865,0.5436666882305993,0,-0.09573209360046747
2026-06-26,71300,71300,70300,70800,4333200,FPT,40.77986713896516,-771.2822757913673,-257.8221206318942,-513.4601551594731,70517.15728753035,70800.0,71082.84271246965,0.7989907131910914,0.5,-1,0.048059110576316115
2026-06-29,70700,70800,70200,70400,4618200,FPT,39.12233187109847,-819.9206499554566,-245.16839583678689,-574.7522541186697,70321.82195399907,70760.0,71198.17804600093,1.2384908027160324,0.08920808186812479,0,-0.013415249304565814
2026-06-30,70500,70800,70200,70200,6075800,FPT,38.28442870820065,-864.6382291443442,-231.90878002053955,-632.7294491238047,69982.73293099593,70640.0,71297.26706900407,1.8608920413478727,0.1652806593013134,1,-0.19618793314656918
2026-07-01,70400,73200,70300,72900,11630500,FPT,52.93837171380667,-674.4353270371357,-33.36470233066484,-641.0706247064709,68907.79183163033,71060.0,73212.20816836967,6.057439258006401,0.9274679436315456,-1,0.005208195053978131
2026-07-02,72900,73300,72500,72500,5690500,FPT,51.00612324844244,-549.6389185253647,73.14536494488493,-622.7842834702496,68859.60003199546,71360.0,73860.39996800454,7.007847443958907,0.7279635287529189,0,0.12532708900573045
2026-07-03,72500,73100,71700,72300,7490500,FPT,50.02298035794091,-461.55467916684574,128.9836834427232,-590.5383626095689,69135.71792384506,71660.0,74184.28207615494,7.045163483547132,0.6267687169444366,1,-0.13370397063960707
2026-07-06,72400,74000,71900,73000,11200200,FPT,53.40797976300121,-331.44247249943146,207.27671208811,-538.7191845875415,69893.5179860762,72180.0,74466.4820139238,6.335500177123302,0.6793147715587776,0,-0.05290509759204588
2026-07-07,73000,73700,72500,73200,4557200,FPT,54.3591507589383,-209.77117129278486,263.15841063580535,-472.9295819285902,72039.72977906921,72780.0,73520.27022093079,2.0342682630689475,0.7836801941539041,-1,0.12566391933956061
2026-07-08,72400,72800,71500,72100,6741600,FPT,48.49516543130387,-199.80338634407963,218.5009564676085,-418.3043428116881,71688.33482409347,72620.0,73551.66517590653,2.565863882970333,0.2209297860177987,0,-0.06232061399569122
2026-07-09,71800,73000,71700,72100,4441900,FPT,48.495165431303874,-189.7169065541384,182.8699490060398,-372.5868555601782,71495.0119617924,72540.0,73584.9880382076,2.881136030349031,0.2894712743531945,-1,-0.13635188122464717
2026-07-10,72000,72300,70600,70600,7937300,FPT,41.42748754835632,-299.31049752721447,58.621086426370994,-357.93158395358546,70145.73614158331,72200.0,74254.26385841669,5.690481602262286,0.11056609319087352,0,-0.09462580214774056
