close,high,low,open,volume,time,sentiment_score,RSI_14,MACD_12_26_9,MACDs_12_26_9,MACDh_12_26_9,BBL_5_2.0_2.0,BBM_5_2.0_2.0,BBU_5_2.0_2.0,BBB_5_2.0_2.0,BBP_5_2.0_2.0,log_ret,price_change,sma_10,sma_20,target_3class,target_price_next
70787.5859375,75059.88560906608,70787.5859375,73660.33916493236,456560.0,2021-01-28,0.0,27.531843434497247,-1143.0891116925777,7.127516656780472,-1150.2166283493582,74101.84999635066,80882.905859375,87663.96172239933,16.767587145827928,-0.2443766963285648,-0.07224829776078172,-0.06970012424449423,79346.9203125,80882.905859375,1,75722.828125
75722.828125,75722.828125,70713.92509727625,70713.92509727625,414050.0,2021-01-29,0.0,43.38400042876217,-1296.1024577297794,-253.5184782205315,-1042.583979509248,73557.99750492329,80698.58671875,87839.1759325767,17.696937466112082,0.15158627357283294,0.0673960299591018,0.06971903508416633,78529.28984375,80698.58671875,0,75649.171875
75649.171875,77490.6804406037,75133.54947663096,75870.15290287245,293480.0,2021-02-01,0.0,43.23200436543865,-1407.0900227705424,-484.2327871305337,-922.8572356400086,73009.24340603386,80492.3375,87975.43159396613,18.593307950501845,0.17639284203941816,-0.0009731820391250692,-0.0009727086510611382,77748.49140625,80492.3375,1,78374.59375
78374.59375,78816.55574483082,75354.52011865602,75354.52011865602,335090.0,2021-02-02,0.0,50.18640134634086,-1260.5983070871443,-639.5058911218559,-621.0924159652884,72809.33716092636,80330.284765625,87851.23237032363,18.725061479968783,0.3699837361981358,0.03539332214657247,0.03602712108340578,77652.73203125,80330.284765625,1,80805.3984375
80805.3984375,80805.3984375,78374.60705332726,78374.60705332726,305650.0,2021-02-03,0.0,55.430757542701656,-937.5494572544267,-699.1146043483701,-238.43485290605656,72806.71373367519,80326.601953125,87846.49017257482,18.723282291557865,0.5318353458457409,0.030543960113928792,0.031015212598789477,77704.29453125,80326.601953125,0,80142.4453125
80142.4453125,80805.38833438649,78816.55926872703,80805.38833438649,189680.0,2021-02-04,0.0,53.768160947982544,-726.6493318042485,-704.6215498395458,-22.02778196470274,72762.13822296064,80267.673046875,87773.20787078937,18.70126425499156,0.49165764084019714,-0.008238157889530164,-0.00820431725873827,77593.803125,80267.673046875,0,80731.7265625
80731.7265625,81026.36790031934,79995.12321795164,79995.12321795164,223120.0,2021-02-05,0.0,55.058512358777556,-506.1250958326855,-664.9222590381737,158.79716320548823,72743.10019848608,80179.280859375,87615.46152026391,18.54888340525553,0.5371457962304917,0.007326022303263219,0.007352923256860988,77660.09765625,80179.280859375,-1,77564.34375
77564.34375,80731.7386039886,76459.43856837606,80731.7386039886,433160.0,2021-02-08,0.0,47.40055605097393,-580.2506043070025,-647.9879280919395,67.73732378493696,72688.37635552665,79788.88125,86889.38614447336,17.798231490990748,0.34335356900243363,-0.04002380621964141,-0.03923343333983953,77446.4828125,79788.88125,1,79553.1875
79553.1875,80216.13072916667,77269.71637731482,77564.3578125,193170.0,2021-02-09,0.0,51.922403931388,-473.05940035604,-613.0022225447597,139.94282218871967,72943.98034926047,79483.19140625,86022.40246323953,16.45432434529883,0.5053520289481392,0.02531798928536256,0.025641211590860635,77542.24296875,79483.19140625,0,79553.1875
79553.1875,79553.1875,79553.1875,79553.1875,0.0,2021-02-10,0.0,51.922403931388,-383.6866975414159,-567.1391175440909,183.452420002675,73115.76516091327,79243.796484375,85371.82780783671,15.466273942768563,0.5252439159735096,0.0,0.0,77888.446875,79243.796484375,0,79553.1875
79553.1875,79553.1875,79553.1875,79553.1875,0.0,2021-02-11,0.0,51.922403931388,-309.2928512047074,-515.5698642762143,206.27701307150687,73229.83366345102,79055.963671875,84882.09368029897,14.739254922261319,0.5426718788806694,0.0,0.0,78765.00703125,79055.963671875,0,79553.1875
79553.1875,79553.1875,79553.1875,79553.1875,0.0,2021-02-12,0.0,51.922403931388,-247.48236930323765,-461.952365281619,214.46999597838135,73466.62202750714,78838.66640625,84210.71078499287,13.627943301478759,0.566503647715323,0.0,0.0,79148.04296875,78838.66640625,0,79553.1875
79553.1875,79553.1875,79553.1875,79553.1875,0.0,2021-02-15,0.0,51.922403931388,-196.2350416675763,-408.8089005588105,212.57385889123418,73712.41422867501,78643.46796875,83574.52170882499,12.540275416222507,0.592243927890772,0.0,0.0,79538.44453125,78643.46796875,0,79553.1875
79553.1875,79553.1875,79553.1875,79553.1875,0.0,2021-02-16,0.0,51.922403931388,-153.84770472605305,-357.81666139225905,203.968956666206,73715.98110523362,78654.51796875,83593.0548322664,12.557541489170415,0.5909854027707018,0.0,0.0,79656.30390625,78654.51796875,0,80068.78125
80068.78125,80216.10191467342,79037.53659728612,79553.15892364306,287230.0,2021-02-17,0.0,53.53769440437026,-77.7550167550362,-301.8043324648145,224.04931570977828,73719.36900861487,78643.468359375,83567.56771013512,12.522589487682806,0.644728283194061,0.006460207792169702,0.00648111994255407,79582.6421875,78643.468359375,0,80289.7734375
80289.7734375,80289.7734375,79184.86829845182,80068.79240969036,284740.0,2021-02-18,0.0,54.24723812778843,0.37686503713484854,-241.36809296442462,241.74495800155947,73760.27364962656,78595.5890625,83430.90447537345,12.304292061551584,0.6751886102910096,0.002756227478268766,0.0027600293653775587,79597.375,78595.5890625,0,79553.1875
79553.1875,79774.1685763889,78890.24427083334,79405.86678240741,269650.0,2021-02-19,0.0,51.42813867149935,2.8280154151725583,-192.5288712885052,195.35688670367776,73762.14631156286,78569.809375,83377.47243843714,12.237939996751175,0.6022719471003192,-0.009216435270438637,-0.009174094108926334,79479.52109375,78569.809375,0,79184.8671875
79184.8671875,79405.8482122093,79037.54650436046,79111.20684593022,300620.0,2021-02-22,0.0,50.02811983848778,-24.665473068293068,-158.9561916444628,134.29071857616972,73756.4065056459,78544.028125,83331.6497443541,12.190924590052287,0.5669266614459872,-0.0046406134208378065,-0.004629862411232755,79641.5734375,78544.028125,0,78816.5703125
78816.5703125,79553.17377336448,78227.28754380842,79184.87204293224,304840.0,2021-02-23,0.0,48.60331299665819,-75.30467517850047,-142.22588835127033,66.92121317276985,73765.93495289952,78555.07734375,83344.21973460048,12.19308172759762,0.5273006049318529,-0.004661951788134495,-0.00465110175821748,79567.91171875,78555.07734375,0,78816.5703125
78816.5703125,78816.5703125,78816.5703125,78816.5703125,0.0,2021-02-24,0.0,48.60331299665819,-114.12109078986396,-136.60492883898905,22.483838049125097,74044.41419771838,78691.3484375,83338.28267728162,11.810534021976798,0.5134736009311257,0.0,0.0,79494.25,78691.3484375,0,78816.5703125
78816.5703125,78816.5703125,78816.5703125,78816.5703125,0.0,2021-02-25,0.0,48.60331299665819,-143.23228717154416,-137.93040050550007,-5.3018866660440835,76305.81743635409,79092.79765625,81879.7778761459,7.047367908285585,0.45044325363738785,0.0,0.0,79420.58828125,79092.79765625,-1,77196.03125
77196.03125,77269.69158516222,76164.786557729,76312.10722805344,335780.0,2021-02-26,0.0,42.02564802132483,-293.6816991552332,-169.08066023544671,-124.6010389197865,76694.4251594248,79166.4578125,81638.49046557519,6.245151599254375,0.10145620243955923,-0.020775210880480857,-0.0205608929197848,79184.87265625,79166.4578125,0,77785.3125
77785.3125,78006.29350142046,77343.35049715909,77711.65216619318,217900.0,2021-03-01,0.0,44.943493752973886,-361.200179209045,-207.5045640301664,-153.69561517887863,77308.57132274641,79273.26484375,81237.95836475359,4.956761967293913,0.12132711085901589,0.007604580984602868,0.007633569245180549,79008.08515625,79273.26484375,0,77269.6953125
77269.6953125,78448.26073194708,76606.75226406101,78227.27971580076,305010.0,2021-03-02,0.0,42.90851734671955,-451.1148873228958,-256.2266286887123,-194.8882586341835,77091.4591153415,79218.019921875,81344.58072840852,5.368881495979652,0.04190714806059236,-0.006650789231263268,-0.0066287216818727845,78779.7359375,79218.019921875,0,76975.0546875
76975.0546875,77269.6960451555,76606.75299043063,77196.03570574163,255130.0,2021-03-03,0.0,41.74532816946604,-539.9240687531565,-312.96611670160115,-226.9579520515553,76813.70336743632,79026.502734375,81239.30210131367,5.600144990286032,0.03645864204284007,-0.00382043451558965,-0.0038131459404413537,78470.36328125,79026.502734375,-1,76164.796875
76164.796875,77711.66412294487,75870.15549443907,77490.68308752417,275510.0,2021-03-04,0.0,38.6429654391516,-667.9868817682873,-383.9702697149384,-284.01661205334887,76339.27978895375,78827.6203125,81315.96083604626,6.313372175086885,-0.03506009573502479,-0.010582031590516508,-0.010526238867766269,78057.865625,78827.6203125,0,75870.1484375
75870.1484375,75943.80877578883,74912.56403974514,75943.80877578883,418760.0,2021-03-05,0.0,37.55011296112195,-784.2133270733757,-464.0188811866259,-320.1944458867498,75934.79443313868,78584.54140625,81234.28837936133,6.743685019202983,-0.012198522405098819,-0.0038760668580702963,-0.003868564607131697,77689.56171875,78584.54140625,0,75280.8671875
75280.8671875,76312.11194349315,74912.56548893101,76164.79126406556,320820.0,2021-03-08,0.0,35.39422276076654,-913.3452192403493,-553.8841487973706,-359.46107044297867,75462.89435376413,78470.367578125,81477.84080248588,7.6652456645284275,-0.030262474955668927,-0.007797291115000927,-0.007766971096483832,77299.16171875,78470.367578125,-1,74028.640625
74028.640625,74765.24401430348,73807.65960820895,74470.6026585821,414190.0,2021-03-09,0.0,31.283855444975273,-1104.0011543370783,-663.9075499053122,-440.09360443176615,74640.23472925945,78194.140234375,81748.04573949054,9.089953529671803,-0.08604535255356563,-0.01677396090643089,-0.016634061339664385,76820.36875,78194.140234375,0,74470.609375
74470.609375,75501.85421303165,73513.02488254203,74028.64730155785,339130.0,2021-03-10,0.0,34.188822743918436,-1205.537486343499,-772.2335371929496,-433.30394915054944,74081.46774735562,77940.011328125,81798.55490889437,9.901316448428588,0.05042597284423897,0.005952488716139856,0.005970239981020864,76385.77265625,77940.011328125,1,75722.828125
75722.828125,76459.43151142995,75207.20575449902,75501.84710907101,241700.0,2021-03-11,0.0,41.70791441776912,-1171.4583306637214,-852.078495887104,-319.3798347766174,73847.08512428481,77748.493359375,81649.90159446519,10.035971287718212,0.24039306933382532,0.01667513290475152,0.016814938947181224,76076.3984375,77748.493359375,0,75280.8671875
75280.8671875,76091.13092435176,74912.56548893101,75870.14990521038,270460.0,2021-03-12,0.0,39.97207027036556,-1166.6643281434808,-914.9956623383795,-251.66866580510134,73582.01544992843,77534.87734375,81487.73923757159,10.196345255817228,0.21488883032150977,-0.005853660714460424,-0.0058365614233323315,75884.88203125,77534.87734375,0,75280.8671875
75280.8671875,75870.14990521038,75207.2068477862,75722.82922578277,237940.0,2021-03-15,0.0,39.97207027036556,-1149.6130232841242,-961.9191345275285,-187.6938887565957,73365.88773274863,77321.261328125,81276.63492350136,10.231011567675067,0.2420731453774541,0.0,0.0,75634.4375,77321.261328125,-1,74396.9375
74396.9375,75354.5218440594,73733.99449257426,75280.86150990099,412110.0,2021-03-16,0.0,36.45299413903084,-1193.6656452799652,-1008.2684366780159,-185.3972086019494,73048.88360850763,77063.448828125,81078.01404774236,10.418856878754717,0.16789537817258998,-0.011811236347231692,-0.011741757507899298,75347.16171875,77063.448828125,0,74028.640625
74028.640625,74396.94231965175,73733.9992692786,74396.94231965175,356840.0,2021-03-17,0.0,35.06769293332103,-1243.956588207977,-1055.4060669840082,-188.55052122396864,72790.27309809097,76761.441796875,80732.61049565904,10.346779856721517,0.15591978342398502,-0.00496272455919908,-0.004950430587280508,75052.5203125,76761.441796875,1,75501.8671875
75501.8671875,75501.8671875,74396.96181402438,74396.96181402438,255340.0,2021-03-18,0.0,44.202184751998004,-1151.6598337987962,-1074.656820346966,-77.00301345183016,72883.08883489501,76522.046484375,80161.00413385498,9.51087383744506,0.35982534077845335,0.019705333111204763,0.019900764758909784,74986.22734375,76522.046484375,0,74912.5625
74912.5625,75280.86418387415,74691.58148967552,75280.86418387415,233940.0,2021-03-19,0.0,41.67655103223263,-1113.2332937767933,-1082.3721150329316,-30.86117874386173,72880.2640935965,76290.015234375,79699.76637515349,8.938918494912333,0.2980127174236382,-0.007835786818792007,-0.00780516707006107,74890.46875,76290.015234375,0,74249.625
74249.625,74986.22842261905,74102.3043154762,74912.56808035714,341630.0,2021-03-22,0.0,38.978389787555884,-1123.3245140583895,-1090.5625948380232,-32.76191922036628,72805.62542931884,76043.253125,79280.88082068117,8.515226696993478,0.22300272088223502,-0.008888872925642074,-0.008849483689734927,74787.34453125,76043.253125,0,73807.671875
73807.671875,74175.97363086327,73439.37011913673,74102.31327969061,455430.0,2021-03-23,0.0,37.24714901676961,-1153.6848417541332,-1103.1870442212453,-50.497797532887944,72686.18745211909,75792.808203125,78899.4289541309,8.197666308075426,0.18049908771738224,-0.005970046015719278,-0.0059522607016533335,74765.24765625,75792.808203125,-1,72702.7421875
72702.7421875,73660.32643110436,72555.42153463779,73365.68512537994,319220.0,2021-03-24,0.0,33.26871041230859,-1252.4665568518976,-1133.042946747376,-119.42361010452169,72430.48930205299,75487.116796875,78543.744291697,8.098408376218567,0.04453484860491126,-0.015083578098330119,-0.014970390738937023,74588.4609375,75487.116796875,0,72555.4375
72555.4375,73439.36161167514,72408.11681472082,72923.73921319797,315270.0,2021-03-25,0.0,32.76623732641103,-1327.3373166082456,-1171.90182071955,-155.43549588869564,72274.74957096604,75174.06015625,78073.37074153394,7.713593170989317,0.04840597803813191,-0.002028178217733462,-0.0020261228540747744,74271.721875,75174.06015625,-1,71745.171875
71745.171875,72555.43562307494,71155.88914912731,72187.13391940451,365370.0,2021-03-26,0.0,30.075420829689563,-1435.5069666554336,-1224.6228499067267,-210.8841167487069,71785.79058550693,74901.5171875,78017.24378949306,8.319528679755607,-0.006518336763075221,-0.011230363398394758,-0.011167538270305366,73918.15234375,74901.5171875,1,72923.734375
72923.734375,73586.67741477273,72039.8103219697,72260.79133522727,279030.0,2021-03-29,0.0,38.04513606085761,-1409.879832457009,-1261.6742464167833,-148.20558604022563,71737.53627265946,74658.43828125,77579.34028984053,7.8247069610190385,0.2030533887908365,0.01629359900894531,0.016427063580715773,73682.4390625,74658.43828125,0,73071.0546875
73071.0546875,73733.99772397934,72629.09266318045,73365.69603704638,259040.0,2021-03-30,0.0,38.981339661927635,-1361.982539054181,-1281.735904944263,-80.24663410991798,71720.67233706883,74448.50625,77176.34016293118,7.32810918669353,0.24751916603678542,0.0020181591884006578,0.0020201970423294746,73549.85078125,74448.50625,0,72481.7734375
72481.7734375,72997.39580951474,72187.132082063,72997.39580951474,281560.0,2021-03-31,0.0,36.598973668301014,-1355.943191925995,-1296.5773623406094,-59.365829585385654,71635.60027463398,74223.8421875,76812.08410036603,6.974152338618521,0.1634648520796557,-0.008097190240106893,-0.008064496297749524,73395.1640625,74223.8421875,1,74396.9375
74396.9375,74396.9375,72187.12747524753,72555.4291460396,559400.0,2021-04-01,0.0,47.77098994150811,-1182.982545265142,-1273.858398925516,90.87585366037388,71710.72470927658,74135.44921875,76560.17372822342,6.541336256879858,0.5539212352224681,0.02607964896536714,0.02642269872372016,73284.67109375,74135.44921875,1,75649.171875
75649.171875,76606.75632911392,75207.2098192551,75501.8511897517,384000.0,2021-04-02,0.0,53.53619034013043,-934.0974440890859,-1205.90620795823,271.80876386914406,71731.14865574302,74124.400390625,76517.65212550698,6.457392497665781,0.8185564356125268,0.01669171502256703,0.016831800032091282,73358.33203125,74124.400390625,0,75575.515625
75575.515625,76975.06221064815,75280.87423854775,76975.06221064815,282270.0,2021-04-05,0.0,53.1644560238868,-734.3327215826284,-1111.5915106831096,377.2587891004812,71712.51138161153,74139.1328125,76565.75424338847,6.546128444813245,0.7959635141716549,-0.0009741300450635294,-0.0009736557344171004,73490.92109375,74139.1328125,-1,74765.25
74765.25,75649.17413793104,74249.6275862069,75575.51379310346,345260.0,2021-04-06,0.0,49.12356136039602,-634.0900091165095,-1016.0912103697896,382.0012012532801,71734.09085506202,74175.96328125,76617.83570743799,6.58399923147404,0.6206628799338899,-0.01077915849411358,-0.010721271542763589,73586.67890625,74175.96328125,-1,73734.0
73734.0,74396.94305694306,73660.33966033965,74396.94305694306,350370.0,2021-04-07,0.0,44.488793241030116,-630.591131724359,-938.9911946407035,308.4000629163445,71693.75457051453,74139.1328125,76584.51105448547,6.59672739407379,0.417163568902318,-0.013889182310307911,-0.013793172630332973,73689.8046875,74139.1328125,0,73586.6796875
73586.6796875,74028.64172766516,73218.37798736236,73954.98138763764,360380.0,2021-04-08,0.0,43.852270962993884,-632.4156700156891,-877.6760897157006,245.26041970001154,71693.9335838069,74032.325390625,76370.71719744311,6.317218308299223,0.4047110706970444,-0.0019999956817882926,-0.001997997023083009,73792.92890625,74032.325390625,0,73513.015625
73513.015625,73660.33629759519,73071.05360721443,73586.67596129759,271670.0,2021-04-09,0.0,43.51699716011257,-632.5144708705484,-828.6437659466702,196.12929507612182,71671.53907311881,73943.9328125,76216.3265518812,6.146261506385693,0.4051843041036216,-0.0010015529740052794,-0.0010010515872278525,73969.71328125,73943.9328125,0,73660.34375
73660.34375,73881.32478125,73292.04203125,73660.34375,363240.0,2021-04-12,0.0,44.43205085522069,-613.6310658893635,-785.6412259352089,172.0101600458454,71677.32481372119,73862.906640625,76048.48846752882,5.917941565818997,0.4536592755001159,0.002002103843228263,0.0020041093913429897,74043.37421875,73862.906640625,0,73660.34375
73660.34375,74912.56959375,73439.36271875,74249.6265,379910.0,2021-04-13,0.0,44.432050855220695,-591.8434287572163,-746.8816664996104,155.03823774239413,71653.60022545826,73826.076953125,75998.55368079174,5.885391225775492,0.46185616144597413,0.0,0.0,74102.303125,73826.076953125,0,73144.71875
73144.71875,73660.34113796576,72850.07738544814,73660.34113796576,349850.0,2021-04-14,0.0,41.69057540068469,-609.1611668587284,-719.3375665714341,110.17639971270569,71590.869896182,73781.880859375,75972.891822568,5.939157250189828,0.3545963210411203,-0.007024650397487048,-0.007000035212298306,74168.59765625,73781.880859375,0,72997.390625
72997.390625,74028.63529578708,72850.06995774471,73365.69229313824,354940.0,2021-04-15,0.0,40.913802219037386,-627.5398586264782,-700.9780249824429,73.43816635596465,71597.22610524214,73656.65703125,75716.08795725786,5.591975006778037,0.3399396653890296,-0.0020162316739481176,-0.002014200444239167,74028.64296875,73656.65703125,-1,71376.875
71376.875,72702.76122291022,71008.57327141383,72629.10087719299,487640.0,2021-04-16,0.0,33.51658544123157,-764.0595688875183,-713.594333763458,-50.4652351240602,71272.65874112009,73479.87265625,75687.0865713799,6.007669407527656,0.023608101182566486,-0.0224497583131062,-0.02219963770109079,73601.41328125,73479.87265625,0,70787.5859375
70787.5859375,71818.83068580905,70050.98254585068,71376.86865081947,572290.0,2021-04-19,0.0,31.30038982252887,-909.3210383924597,-752.7396746892584,-156.5813637032013,70827.4829700658,73306.770703125,75786.0584361842,6.764143909979961,-0.008046067431748223,-0.008290291873384906,-0.008256022171046262,73122.6203125,73306.770703125,1,73144.71875
73144.71875,74396.94454934541,71376.87056268881,71450.53090382679,698720.0,2021-04-20,0.0,46.53027505682384,-824.7338623534015,-767.1385122220871,-57.595350131314376,70804.82811774808,73273.623046875,75742.41797600192,6.738563828207504,0.47389327575284135,0.03275628186043928,0.03329867491993821,72960.5671875,73273.623046875,0,73144.71875
73144.71875,73144.71875,73144.71875,73144.71875,0.0,2021-04-21,0.0,46.53027505682384,-749.0631818401453,-763.5234461456988,14.460264305553551,70840.5683646122,73295.721875,75750.8753853878,6.699309175438277,0.46924772231937717,0.0,0.0,72901.6390625,73295.721875,-1,72187.125
72187.125,73292.0299744898,71450.52168367348,73144.70931122449,316630.0,2021-04-22,0.0,42.129810936985045,-757.6299485965283,-762.3447466358648,4.714798039336529,70793.41573294232,73277.30625,75761.19676705767,6.779426384980347,0.2805496573795487,-0.013178221423037904,-0.013091768843529805,72761.68359375,73277.30625,1,73292.046875
73292.046875,73586.68826947236,71303.21746231156,72187.14164572864,355680.0,2021-04-23,0.0,48.21534758562997,-667.5659274102654,-743.388982790745,75.82305538047956,70977.59862406779,73354.65,75731.7013759322,6.480983484843035,0.4868317686285928,0.01519039608532683,0.015306356569817714,72739.58671875,73354.65,-1,70713.9296875
70713.9296875,72923.73999023438,70713.9296875,71450.5331217448,504560.0,2021-04-26,0.0,38.13779034215631,-795.0571288750507,-753.7226120076061,-41.33451686744456,70593.12911944081,73244.159765625,75895.19041180918,7.238886089122334,0.02278369890462517,-0.03580952320427111,-0.03517594742437735,72444.9453125,73244.159765625,0,70492.9453125
70492.9453125,71082.22803193574,69977.32293299373,70713.9263322884,314940.0,2021-04-27,0.0,37.415902392408576,-903.5113009186753,-783.68034978982,-119.8309511288553,70192.03653971895,73115.254296875,76038.47205403107,7.996191178619756,0.05146875768054358,-0.003129940456604434,-0.003125047299401662,72128.20546875,73115.254296875,-1,69019.75
69019.75,70566.6173959445,68872.42929562433,70492.95704375667,502710.0,2021-04-28,0.0,32.939630728632395,-1095.7059472386754,-846.085469279591,-249.62047795908438,69497.4841118799,72942.153125,76386.8221381201,9.44493373322013,-0.06934397906740732,-0.02111994279708933,-0.02089847864873895,71715.70859375,72942.153125,0,68872.4140625
68872.4140625,69388.03641377005,67399.20734458556,69019.73473429144,649970.0,2021-04-29,0.0,32.52059434601547,-1245.552415042228,-925.9788584321185,-319.57355661010945,68846.78824074822,72665.926953125,76485.06566550178,10.511497953753237,0.003354921578094163,-0.002136974128604215,-0.002134692424994311,71303.2109375,72665.926953125,0,68872.4140625
68872.4140625,68872.4140625,68872.4140625,68872.4140625,0.0,2021-04-30,0.0,32.52059434601547,-1348.7591642895422,-1010.5349196036034,-338.22424468593886,68420.88846235395,72327.0890625,76233.28966264606,10.801487107466993,0.05779600772796569,0.0,0.0,71052.76484375,72327.0890625,0,68872.4140625
68872.4140625,68872.4140625,68872.4140625,68872.4140625,0.0,2021-05-03,0.0,32.52059434601547,-1414.2486782093474,-1091.2776713247522,-322.9710068845952,68109.08802441835,71991.933984375,75874.77994433166,10.786891655944071,0.0982946588602463,0.0,0.0,70861.24765625,71991.933984375,-1,67472.875
67472.875,68504.11981441049,67399.21465611355,68504.11981441049,411280.0,2021-05-04,0.0,28.256031186309954,-1561.0854741213552,-1185.239231884073,-375.84624223728224,67480.40728592708,71627.315234375,75774.22318282291,11.579124346287808,-0.0009081809893924674,-0.020530056133643306,-0.02032074933847905,70294.06328125,71627.315234375,0,67767.5078125
67767.5078125,68504.11115828804,67472.86647418478,67472.86647418478,379230.0,2021-05-05,0.0,30.32740662942112,-1634.8349277661182,-1275.158371060482,-359.67655670563613,66967.31404097272,71328.990625,75690.66720902729,12.2297443039901,0.09173006710970227,0.00435717900979657,0.004366685316136376,69756.3421875,71328.990625,-1,65999.671875
65999.671875,67767.52022879464,65999.671875,67767.52022879464,744860.0,2021-05-06,0.0,25.559096877374515,-1815.009190704135,-1383.1285349892128,-431.88065571492234,66120.09516434987,70949.640234375,75779.18530440012,13.614008623782187,-0.012467353301792845,-0.02643307384917782,-0.026086778082370587,69137.596875,70949.640234375,-1,64084.4921875
64084.4921875,65705.01957614943,63937.1715158046,65557.69890445402,674450.0,2021-05-07,0.0,21.597387157429324,-2088.265363909668,-1524.1559007733038,-564.1094631363642,64916.958749403784,70478.2140625,76039.46937559622,15.781487618754083,-0.07484520265985684,-0.029447367318954813,-0.029018018318746397,68216.84140625,70478.2140625,1,68504.1171875
68504.1171875,68504.1171875,63421.553654233874,64084.496723790326,817690.0,2021-05-10,0.0,43.40020343095404,-1925.9943843537767,-1604.5235974893985,-321.47078686437817,64804.09813615214,70220.402734375,75636.70733259787,15.426583691669487,0.34156305136179627,0.06669144528475483,0.0689655929092634,67995.86015625,70220.402734375,-1,67178.2265625
67178.2265625,69609.01765522204,67178.2265625,68872.41429379112,419700.0,2021-05-11,0.0,39.82240019079394,-1882.6794002646493,-1660.154758044449,-222.52464222020035,64571.70767638395,69896.296875,75220.88607361604,15.23568325268604,0.2447624397759671,-0.01954466284887634,-0.01935490419314445,67664.38828125,69896.296875,0,67620.1875
67620.1875,67914.82883986928,66294.30147058824,66367.96180555556,319930.0,2021-05-12,0.0,41.552037070856294,-1792.0319801063306,-1686.5302024568255,-105.50177764950513,64433.63364772947,69620.0703125,74806.50697727053,14.899257186872816,0.3072006907859847,0.0065573845840835735,0.006578931301332025,67524.43203125,69620.0703125,-1,66662.6171875
66662.6171875,67546.54139330112,66662.6171875,67030.91893991713,311840.0,2021-05-13,0.0,38.940517615757706,-1776.9772800665523,-1704.619617978771,-72.35766208778136,64212.48094473855,69303.331640625,74394.18233651144,14.691503497365007,0.2406411412478893,-0.014262236276619695,-0.014161012382581717,67303.45234375,69303.331640625,-1,65926.015625
65926.015625,67178.24162011173,65926.015625,67104.58126745811,439120.0,2021-05-14,0.0,37.01340695480767,-1803.6920724278025,-1724.4341088685774,-79.25796355922512,63825.008446274085,69030.788671875,74236.5688974759,15.082488048472436,0.20179560869604274,-0.011111195962736848,-0.011049694620122397,67008.8125,69030.788671875,-1,64231.828125
64231.828125,66294.31801892201,64231.828125,65926.01625215024,500130.0,2021-05-17,0.0,32.97174167745267,-1939.2164302899764,-1767.3905731528573,-171.8258571371191,63149.04553779141,68703.00078125,74256.95602470858,16.16801356651756,0.09747851213636301,-0.02603428485293577,-0.025698314753872964,66544.75390625,68703.00078125,0,64084.4921875
64084.4921875,64821.09554597701,63937.1715158046,64452.79386673851,297010.0,2021-05-18,0.0,32.637964796635146,-2035.0504443667305,-1820.9225473956321,-214.12789697109838,62743.67026287106,68249.989453125,73756.30864337894,16.135736384357255,0.12175301488171641,-0.0022964499276696437,-0.002293815103834085,66205.915625,68249.989453125,0,64452.8046875
64452.8046875,65557.70991071429,64158.16329464285,64673.78573214285,352610.0,2021-05-19,0.0,34.42504809032181,-2057.561561442635,-1868.2503502050329,-189.31121123760227,62569.83149285212,67815.39375,73060.95600714788,15.470122540276124,0.1794824941865899,0.005730842595587499,0.005747295288263787,65874.4453125,67815.39375,0,64821.1015625
64821.1015625,64894.761905184656,64084.498135653404,64747.44121981534,280050.0,2021-05-20,0.0,36.24642732468364,-2022.3706738360925,-1899.074414931245,-123.29625890484749,62466.25619438645,67447.092578125,72427.92896186354,14.769610351904095,0.23639055639346634,0.00569794604539129,0.005714210216074989,65756.58828125,67447.092578125,1,65705.03125
65705.03125,66883.59683295965,64158.16392236547,64747.4467138453,394280.0,2021-05-21,0.0,40.51675703160652,-1901.2395968071942,-1899.5074513064349,-1.7321455007593158,62866.62366823688,67067.741796875,71268.85992551311,12.527984441050211,0.33781573081869626,0.013544309960990257,0.013636449646689863,65918.6421875,67067.741796875,0,65705.03125
65705.03125,65705.03125,65705.03125,65705.03125,0.0,2021-05-24,0.0,40.51675703160652,-1784.6697832169593,-1876.5399176885398,91.87013447158051,62947.23744409144,66817.296875,70687.35630590856,11.584004776932417,0.35629863767507075,0.0,0.0,65638.73359375,66817.296875,1,66662.6171875
66662.6171875,67178.23964088398,66294.31543508287,67178.23964088398,279120.0,2021-05-25,0.0,45.13406724484571,-1596.6134182021779,-1820.5546177912674,223.9411995890896,63164.036956511336,66625.78046875,70087.52398098867,10.391603634158866,0.50532054420262,0.014468832141373164,0.014574012359213295,65587.17265625,66625.78046875,0,67030.90625
67030.90625,67693.84927884614,65778.68052884615,66294.30288461538,377330.0,2021-05-26,0.0,46.843097789248226,-1401.7016011028318,-1736.7840144535803,335.08241335074854,63244.5645151776,66526.33828125,69808.11204732241,9.866088682645424,0.5768742766436724,0.005509466496567653,0.005524671518133184,65528.24453125,66526.33828125,0,66662.6171875
66662.6171875,67472.88104281768,66294.31543508287,67325.56034185083,292430.0,2021-05-27,0.0,45.322732903732756,-1262.3982895451918,-1641.9068694719028,379.50857992671104,63323.309853203646,66415.8484375,69508.38702179636,9.312652498015016,0.5398974407713245,-0.005509466496567734,-0.005494317220274825,65528.24453125,66415.8484375,0,67104.5546875
67104.5546875,67546.51662836169,66588.93242316136,67030.89436402306,312220.0,2021-05-28,0.0,47.52374180860856,-1103.6169395835605,-1534.2488834942346,430.6319439106742,63436.03946003744,66327.45546875,69218.87147746257,8.718609777137754,0.6343803894715252,0.0066075869247694185,0.006629465188217498,65646.0984375,66327.45546875,0,66662.6171875
66662.6171875,67767.52244475139,66441.63613604972,67620.20174378454,309590.0,2021-05-31,0.0,45.54913854100575,-1001.8930393049668,-1427.7777146563812,425.88467535141444,63577.08045741322,66216.965625,68856.85079258677,7.973440470035967,0.5844073764972494,-0.0066075869247694055,-0.006585804824397745,65889.17734375,66216.965625,0,66220.640625
66220.640625,66809.92330019466,66220.640625,66662.602631396,233990.0,2021-06-01,0.0,43.59812577047749,-946.0346319436212,-1331.4290981138292,385.39446617020803,63581.335172641455,66154.35390625,68727.37263985856,7.778834140697313,0.512881118563997,-0.006652127583153098,-0.006630051161310768,66102.7921875,66154.35390625,0,65852.359375
65852.359375,65999.68008948545,65557.71794602908,65999.68008948545,367240.0,2021-06-02,0.0,41.98438850311422,-920.8684622793953,-1249.3169709469425,328.44850866754723,63598.277028805736,66058.596484375,68518.91593994426,7.448900178044824,0.4580873311170726,-0.005576949180138868,-0.005561426868180508,66242.74765625,66058.596484375,0,66441.6328125
66441.6328125,66883.59489329268,66146.99142530488,66294.31211890244,362900.0,2021-06-03,0.0,45.462791173867714,-843.6495826304599,-1168.183493283646,324.533910653186,63614.67090874994,66080.69453125,68546.71815375007,7.463673437432977,0.5731822432593068,0.008908603103895005,0.008948402807321676,66404.80078125,66080.69453125,0,65926.015625
65926.015625,67030.92091480448,65631.37421438548,66515.29844622905,456440.0,2021-06-04,0.0,43.0316075791459,-814.6680755535926,-1097.4804097376355,282.8123341840428,63889.85540417927,66172.770703125,68455.68600207074,6.899863114959234,0.4459561468971372,-0.007790722303339881,-0.007760453283185975,66426.89921875,66172.770703125,1,66671.7734375
66671.7734375,66820.92729306487,65627.69644854586,66746.35036528243,3736600.0,2021-06-07,0.0,47.411910672205245,-723.1871482078423,-1022.6217574316769,299.4346092238346,64060.13038426645,66081.153515625,68102.17664698356,6.116791320480443,0.646119040576734,0.011248538623868383,0.011312041315252763,66523.5734375,66081.153515625,0,66671.7734375
66671.7734375,66671.7734375,66671.7734375,66671.7734375,0.0,2021-06-08,0.0,47.411910672205245,-643.2726080001303,-946.7519275453676,303.47931954523733,64080.510672319106,66055.830859375,68031.1510464309,5.98075949195497,0.6559095538437815,0.0,0.0,66524.4890625,66055.830859375,0,66448.0546875
66448.0546875,67193.82410037878,66224.32386363635,66970.09327651515,3013500.0,2021-06-09,0.0,46.17662799022223,-591.1772689997742,-875.636995836249,284.4597268364747,64152.0649865752,65997.22421875,67842.3834509248,5.591626781329341,0.6221657353166833,-0.0033611666086387345,-0.0033555242116023454,66466.20390625,65997.22421875,1,68759.9375
68759.9375,69804.01464208243,66075.16770607376,66671.78321583514,5619300.0,2021-06-10,0.0,58.27492272842015,-359.2010694240016,-772.3498105537994,413.1487411297978,63894.83859445089,66102.090234375,68309.34187429912,6.678311176236538,1.102071648186967,0.03420076165550015,0.03479233249750657,66675.9359375,66102.090234375,0,68610.78125
68610.78125,68983.66593070653,68014.16576086957,68759.93512228261,2940400.0,2021-06-11,0.0,57.37880497776396,-185.25837950654386,-654.9315243443483,469.67314483780444,63763.574283897346,66236.328515625,68709.08274735266,7.466459229074991,0.9801230757000914,-0.0021715880934903026,-0.0021692319019341877,66826.55859375,66236.328515625,0,68983.6640625
68983.6640625,69729.43340371622,68237.89472128378,68983.6640625,4875100.0,2021-06-14,0.0,59.07317036264725,-17.121650175118702,-527.3695495105025,510.24789933538375,63900.99354846097,66473.9203125,69046.84707653905,7.741161501964913,0.9877215677254906,0.00542004038747113,0.005434755379643885,67058.66328125,66473.9203125,0,69281.9609375
69281.9609375,69505.6917047901,68685.34555805974,69058.23017020989,4534800.0,2021-06-15,0.0,60.42843979517924,138.60028619765944,-394.1755823688701,532.7758685665295,64127.331580334474,66733.79375,69340.25591966552,7.81152103963975,0.9888172207438942,0.004314844529210516,0.004324166874200008,67364.7953125,66733.79375,-1,68461.625
68461.625,69356.54820261437,68088.74033224401,69132.81740196078,3041200.0,2021-06-16,0.0,55.03139776064915,193.58525801452924,-276.6234142921902,470.20867230671945,64452.776295529155,66934.234765625,69415.69323572086,7.414616686916209,0.8077605877312941,-0.011911199069936021,-0.011840541555110384,67625.721875,66934.234765625,0,67865.0078125
67865.0078125,68759.93099244505,67715.85394917583,67865.0078125,2388800.0,2021-06-17,0.0,51.433497011496264,186.86515820705972,-183.92569979234023,370.7908579993999,64783.73097869043,67086.430078125,69389.12917755957,6.8648729609042585,0.6690576364419861,-0.008752816440622395,-0.008714622060168709,67768.059375,67086.430078125,1,68685.34375
68685.34375,69132.8052728013,68163.30530673181,68163.30530673181,2971800.0,2021-06-18,0.0,55.72021397179582,244.91050911908678,-98.15845801005482,343.0689671291416,64923.433182446344,67235.445703125,69547.45822380367,6.8773620714503645,0.8135575681158931,0.01201528662821992,0.01208776015714097,68043.9921875,67235.445703125,-1,67566.6953125
67566.6953125,68685.34920840232,67566.6953125,68610.77228200884,4193600.0,2021-06-21,0.0,49.326478640339445,198.35972055591992,-38.854822296859865,237.2145428527798,65128.77163465327,67328.52890625,69528.28617784672,6.534398738043794,0.554134701433929,-0.01642065074265027,-0.01628656677575413,68133.484375,67328.52890625,0,67566.6953125
67566.6953125,68237.88765004139,67566.6953125,67865.00301807396,2242800.0,2021-06-22,0.0,49.326478640339445,159.6277953790268,0.8417012383174658,158.78609414070934,65194.53236939587,67373.7328125,69552.93325560415,6.468991258563089,0.5442736923559742,0.0,0.0,68222.9765625,67373.7328125,0,67119.2421875
67119.2421875,67715.85767361111,66895.51138020834,67566.70380208333,3357300.0,2021-06-23,0.0,46.83348240322471,91.76888339848665,19.0271376703513,72.74174572813536,65201.51824403884,67378.149609375,69554.78097471118,6.460941352516193,0.44052566135032706,-0.0066444170712211,-0.0066223917409383715,68290.0953125,67378.149609375,-1,66149.734375
66149.734375,67268.38828213078,65851.4266664318,67044.65750070462,4225000.0,2021-06-24,0.0,41.89297897607381,-39.782384630685556,7.26523321014393,-47.04761784082949,65128.80280119624,67352.50546875,69576.20813630374,6.603177274780073,0.22955667335841867,-0.014549896624704227,-0.014444558384488992,68029.075,67352.50546875,1,66895.5078125
66895.5078125,67044.66167607302,66149.73849463489,66149.73849463489,2079300.0,2021-06-25,0.0,46.56278508861037,-82.90435876030824,-10.768685183946506,-72.13567357636174,65111.48856969331,67342.053125,69572.6176803067,6.6245813776017,0.3999030735430541,0.011210942026636231,0.01127402013849732,67857.54765625,67342.053125,0,66522.6328125
66522.6328125,67268.4022386491,66373.47892727017,67119.24835341929,1847900.0,2021-06-28,0.0,44.63147283519409,-145.4896164543461,-37.712871438026426,-107.77674501631968,65094.655760608824,67335.05390625,69575.45205189117,6.654477915055837,0.31868823286374076,-0.00558958428108715,-0.00557399162056027,67611.44453125,67335.05390625,1,67865.0078125
67865.0078125,68387.04633413462,66373.46917925825,66970.08463255494,4368100.0,2021-06-29,0.0,52.30175315342771,-85.7816033490526,-47.32661782023166,-38.45498552882094,65228.987173971764,67417.272265625,69605.55735727823,6.49176395933481,0.6023028371812243,0.019978320064806626,0.02017922236757541,67469.74921875,67417.272265625,0,67417.546875
67417.546875,67939.58540168694,67268.3930102323,67865.0084693031,2115600.0,2021-06-30,0.0,49.8240284010354,-73.71914247340464,-52.60512275086626,-21.114019722538387,65434.649487870265,67495.531640625,69556.41379337975,6.106721741900652,0.48107976103321454,-0.006615229440637455,-0.006593396979136301,67365.34140625,67495.531640625,0,67790.4296875
67790.4296875,68088.73740889714,67417.54503575357,67566.69889645214,3811500.0,2021-07-01,0.0,51.8702485305198,-33.68275483608886,-48.82064916791078,15.137894331821919,65559.8335831675,67562.971484375,69566.10938558249,5.929691537237221,0.5567754728688152,0.005515706503881835,0.005530946019014493,67357.88359375,67562.971484375,0,67193.8125
67193.8125,67865.00485571587,67193.8125,67865.00485571587,2750900.0,2021-07-02,0.0,48.46467732179994,-49.524759481078945,-48.96147123054442,-0.5632882505345265,65766.19974386774,67626.361328125,69486.52291238226,5.501291353623799,0.3837335337462873,-0.008839862534414157,-0.008800905824764449,67208.73046875,67626.361328125,0,67193.8125
67193.8125,67193.8125,67193.8125,67193.8125,0.0,2021-07-05,0.0,48.46467732179994,-61.3722017587279,-51.44361733618112,-9.928584422546777,65834.52983759009,67652.46328125,69470.39672490992,5.374330380557658,0.373853802830472,0.0,0.0,67171.4421875,67652.46328125,0,67193.8125
67193.8125,67193.8125,67193.8125,67193.8125,0.0,2021-07-06,0.0,48.46467732179994,-69.95498756875168,-55.14589138269523,-14.809096186056443,65905.48161317718,67678.565234375,69451.64885557281,5.239719887847858,0.36330234835525704,0.0,0.0,67134.15390625,67678.565234375,0,67193.8125
67193.8125,67193.8125,67193.8125,67193.8125,0.0,2021-07-07,0.0,48.46467732179994,-75.8821845701168,-59.29315002017955,-16.589034549937253,66022.13764969427,67715.853125,69409.56860030572,5.002419366050705,0.34588892508472746,0.0,0.0,67141.6109375,67715.853125,0,67193.8125
67193.8125,67193.8125,67193.8125,67193.8125,0.0,2021-07-08,0.0,48.46467732179994,-79.66124564445636,-63.366769145034915,-16.294476499421442,66003.30992864969,67637.546875,69271.78382135031,4.832336540444091,0.36423805434365647,0.0,0.0,67246.01875,67637.546875,-1,64881.9453125
64881.9453125,65926.02259339081,64807.368363864945,65851.44564475575,3058100.0,2021-07-09,0.0,35.41390985592044,-266.13668172100733,-103.9207516602294,-162.21593006077794,65470.30708183483,67451.105078125,69431.90307441515,5.873285527333943,-0.14851634806698383,-0.035011774801046176,-0.03440595348716069,67044.6625,67451.105078125,0,64881.9453125
64881.9453125,64881.9453125,64881.9453125,64881.9453125,0.0,2021-07-12,0.0,35.41390985592044,-409.2027734422736,-164.97715601663828,-244.22561742563533,65091.584137854574,67246.019140625,69400.45414339541,6.407620942631747,-0.048652854480408105,0.0,0.0,66880.59375,67246.019140625,-1,62868.35546875
62868.35546875,64509.04801953588,62793.778534623365,64210.74028302936,2883300.0,2021-07-13,0.0,27.84085925561027,-677.2565619168599,-267.4330371966826,-409.8235247201773,64210.47852072114,66925.3388671875,69640.19921365386,8.113101532004096,-0.2471808639656244,-0.03152644818983413,-0.031034671264119296,66380.928515625,66925.3388671875,0,62868.35546875
62868.35546875,62868.35546875,62868.35546875,62868.35546875,0.0,2021-07-14,0.0,27.84085925561027,-879.5521903580084,-389.85686782894777,-489.6953225290606,63481.91936703737,66645.675390625,69809.43141421261,9.494257519468885,-0.09696763810371282,0.0,0.0,65926.009375,66645.675390625,1,63539.5546875
63539.5546875,64359.90105083627,63017.51609264965,63390.40080325704,3284100.0,2021-07-15,0.0,33.35073895621021,-974.4795719388785,-506.78140865093394,-467.69816328794457,63033.734910119325,66429.402734375,69825.07055863069,10.223388091666632,0.07448016171775416,0.010619676030142468,0.010676264930830515,65500.921875,66429.402734375,0,63539.5546875
63539.5546875,63539.5546875,63539.5546875,63539.5546875,0.0,2021-07-16,0.0,33.35073895621021,-1037.7476962892688,-612.974666178601,-424.77303011066783,62716.89131459642,66172.11328125,69627.33524790358,10.443136225581679,0.11904638556410024,0.0,0.0,65135.49609375,66172.11328125,0,63390.39453125
63390.39453125,63390.39453125,62644.62518382353,62942.93292279412,4111700.0,2021-07-19,0.0,32.7070691360739,-1087.3893708938194,-707.8576071216446,-379.5317637721748,62361.27599625374,65963.2982421875,69565.32048812127,10.921292118258748,0.14285288439820265,-0.002350276287494949,-0.002347516550652573,64755.154296875,65963.2982421875,1,64061.5859375
64061.5859375,64136.162871071014,62868.355000363794,63390.39353536088,3207300.0,2021-07-20,0.0,38.46247496336431,-1060.3481847333605,-778.3557226439877,-281.9924620893728,62173.437366593425,65788.0427734375,69402.64818028157,10.988639437996781,0.261183221733064,0.01053255678948264,0.010588219417361655,64441.931640625,65788.0427734375,0,63614.12109375
63614.12109375,64061.58267236957,63539.54416398007,63688.69802351993,1696200.0,2021-07-21,0.0,36.237322251057265,-1062.773531434039,-835.239284401998,-227.53424703204087,61930.6801114864,65612.78671875,69294.8933260136,11.223747051156334,0.22859753421352866,-0.007009425461194312,-0.006984916736007096,64083.9625,65612.78671875,1,64732.77734375
64732.77734375,64956.508141021026,63614.12335739487,63763.27722224222,2152400.0,2021-07-22,0.0,44.830333346618346,-963.3248169524159,-860.8563909120817,-102.46842604033418,61848.82198581359,65541.9388671875,69235.05574856141,11.269477056080218,0.3904500521607539,0.01743220275267027,0.017585030348079567,63837.858984375,65541.9388671875,0,65329.3984375
65329.3984375,66970.09109232307,64210.7443546661,64732.78292665525,4126700.0,2021-07-23,0.0,48.793908414499086,-826.8373913818868,-854.0525910060428,27.215199624155957,61825.352339927456,65463.6333984375,69101.91445694755,11.115426595300725,0.4815524201156035,0.009174462521452525,0.009216676902054743,63882.604296875,65463.6333984375,1,66298.890625
66298.890625,66522.6214145107,65553.12132663105,65627.69825646795,2791500.0,2021-07-26,0.0,54.512735218457586,-633.1417422439263,-809.8704212536195,176.72867900969322,61826.52078439611,65452.4462890625,69078.37179372889,11.079572148160652,0.6167211426225067,0.01473102364604429,0.014840059922295312,64024.298828125,65452.4462890625,-1,65254.828125
65254.828125,66746.36705357143,65254.82812500001,66298.905375,2388200.0,2021-07-27,0.0,48.261663652868684,-557.4576383068415,-759.3878646642639,201.93022635742238,61878.32253254234,65321.9373046875,68765.55207683265,10.543516969139379,0.4902559978209043,-0.01587312667898744,-0.015747812522315496,64262.94609375,65321.9373046875,0,64807.359375
64807.359375,65180.24406645569,64583.62856012658,64956.51325158228,1665500.0,2021-07-28,0.0,45.83571606055072,-527.5036948996567,-713.0110307113425,185.50733581168583,61887.19301210464,65191.4279296875,68495.66284727037,10.137022680793754,0.4418823775749482,-0.006880870206808303,-0.006857251223508554,64456.846484375,65191.4279296875,0,64732.77734375
64732.77734375,65403.96973556307,64136.1618843606,64881.93120859735,2648300.0,2021-07-29,0.0,45.42585335703705,-503.9736312484383,-671.2035508187616,167.22991957032332,61965.79793269966,65038.5453125,68111.29269230034,9.449004017652216,0.4502451827377579,-0.0011514892817010801,-0.0011508265723101374,64576.16875,65038.5453125,0,64210.73828125
64210.73828125,65031.084531068525,64061.584417646634,64732.77680386179,4405200.0,2021-07-30,0.0,42.55730624034214,-521.439248686962,-641.2506903924018,119.81144170543985,61971.440286104276,64889.3916015625,67807.34291702072,8.99361588524421,0.3837106505654761,-0.008097218572879735,-0.008064524402032425,64643.287109375,64889.3916015625,0,64509.046875
64509.046875,64807.35460621388,64136.162210982664,64285.316076589595,2574300.0,2021-08-02,0.0,44.70604679598254,-505.38411243580776,-614.0773748010831,108.69326236527536,62043.87094600345,64755.1533203125,67466.43569462156,8.373950906725975,0.45461438328141274,0.004635015937043696,0.004645774238623002,64755.15234375,64755.1533203125,0,64956.5
64956.5,65254.80769230769,64583.61538461538,64583.61538461538,2714600.0,2021-08-03,0.0,47.856792752166264,-451.351672496181,-581.5322343401027,130.18056184392174,62182.620217723765,64643.2876953125,67103.95517290125,7.613064141127128,0.5636437689245233,0.006912339497644097,0.00693628485733222,64844.64375,64643.2876953125,0,64956.5
64956.5,64956.5,64956.5,64956.5,0.0,2021-08-04,0.0,47.856792752166264,-403.87495547799335,-546.0007785676809,142.12582308968751,62374.262735746626,64531.4220703125,66688.58140487838,6.6856091663855395,0.5985272443430896,0.0,0.0,64978.881640625,64531.4220703125,0,64583.62109375
64583.62109375,64956.50574209728,64583.62109374999,64807.35188275837,2833600.0,2021-08-05,0.0,45.358823078484626,-391.82085967483,-515.1647947891107,123.34393511428073,62643.09717804701,64400.9125,66158.72782195298,5.45897644525762,0.5519703610123863,-0.005756979890953863,-0.0057404402369277685,64963.966015625,64400.9125,0,65031.08203125
65031.08203125,65926.00517846904,64583.620457640485,64807.35124444524,3960600.0,2021-08-06,0.0,48.811738549476885,-342.2166829381604,-480.57517241892066,138.35848948076028,62640.72422763452,64408.3693359375,66176.01444424049,5.488867755938362,0.6761418885463748,0.00690450549715055,0.006928396548878224,64934.134375,64408.3693359375,0,65403.96875
65403.96875,65553.12261259976,64881.9302309008,65031.08409350057,2731300.0,2021-08-09,0.0,51.55891307919953,-269.7071574129877,-438.4015694177341,168.69441200474637,62622.52056069679,64434.4705078125,66246.42045492821,5.624163379742588,0.7675289799618249,0.005717600174970742,0.005733976847729805,64844.6421875,64434.4705078125,0,65403.96875
65403.96875,65403.96875,65403.96875,65403.96875,0.0,2021-08-10,0.0,51.55891307919953,-209.8241142532279,-392.6860783848329,182.86196413160502,62859.19259214376,64561.251171875,66263.30975160626,5.272693911089261,0.747558335582685,0.0,0.0,64859.55625,64561.251171875,1,67790.4296875
67790.4296875,68163.31433924643,66970.08345365786,67044.66038400715,5330400.0,2021-08-11,0.0,65.35834675805707,29.856910179667466,-308.1774806719328,338.0343908516003,62749.70556046502,64807.3548828125,66865.00420515997,6.350048774767021,1.2248744410160843,0.035838089058712636,0.036488014154339776,65157.86328125,64807.3548828125,0,67492.140625
67492.140625,68237.9101346685,67342.9867230663,67715.87147790055,4287800.0,2021-08-12,0.0,62.944697194212935,193.50580000395712,-207.84082453675484,401.34662454071196,62714.00719425787,65004.9841796875,67295.96116511711,7.048619469229858,1.0428156767026833,-0.004409874017219031,-0.0044001648001797955,65433.799609375,65004.9841796875,0,67044.65625
67044.65625,67492.117804505,66522.61776974416,67417.54087875417,4105500.0,2021-08-13,0.0,59.40072633370017,283.8187886126834,-109.50890190686718,393.32769051955063,62825.882688584556,65180.2392578125,67534.59582704045,7.22414215116817,0.895950430057178,-0.006652247349139484,-0.0066301701332354135,65717.19140625,65180.2392578125,0,66746.359375
66746.359375,67566.70569134077,66373.47468575419,67044.66712639664,3270800.0,2021-08-16,0.0,57.09307628460708,327.5466638632497,-22.09778875284381,349.64445261609353,63053.178777771274,65348.0375,67642.89622222872,7.023496986359305,0.8046640434671241,-0.004459153970625227,-0.004449226704775544,65940.92265625,65348.0375,0,66746.359375
66746.359375,66746.359375,66746.359375,66746.359375,0.0,2021-08-17,0.0,57.09307628460708,358.0736696708191,53.93650293188877,304.1371667389303,63190.17372816879,65482.276171875,67774.3786155812,7.000680421340255,0.7757475361967359,0.0,0.0,66119.90859375,65482.276171875,0,67119.2421875
67119.2421875,67790.43460937499,66671.78057291666,66746.35750868055,4710100.0,2021-08-18,0.0,59.38079508408852,407.6558653072716,124.68037540696534,282.97548990030623,63431.81671509665,65657.5322265625,67883.24773802835,6.779772056572709,0.8283685523615775,0.00557101708808797,0.005586564061195176,66336.1828125,65657.5322265625,0,67342.9609375
67342.9609375,67492.11478232281,66970.07632544296,67492.11478232281,3061300.0,2021-08-19,0.0,60.73352736643991,459.7031739648228,191.68493511853683,268.01823884628595,63485.848367925726,65788.04140625,68090.23444457428,6.998819205174158,0.8377039860180002,0.0033276110496028104,0.0033331536934673167,66612.116796875,65788.04140625,-1,65478.54296875
65478.54296875,67342.96617401054,64881.92754306663,67342.96617401054,4326800.0,2021-08-20,0.0,46.758155164798076,346.51369835218065,222.65068776526562,123.86301058691504,63498.600750537924,65795.4986328125,68092.39651508706,6.981930162405055,0.4310035360064376,-0.028075882023031584,-0.027685417195723483,66656.862890625,65795.4986328125,-1,64136.16796875
64136.16796875,65478.55287972384,64136.16796875,65403.97594022529,4356500.0,2021-08-23,0.0,39.6785929903623,146.79956562601728,207.48046333741596,-60.68089771139867,63288.859864995175,65687.3625,68085.86513500483,7.302782586238954,0.17663272313918466,-0.020714053025412602,-0.02050099069309863,66530.0828125,65687.3625,0,64359.890625
64359.890625,64881.92913528389,63912.42904475666,64210.73676491889,2375700.0,2021-08-24,0.0,41.27446053457542,6.502271075587487,167.28482488505028,-160.7825538094628,63177.66465228341,65642.615625,68107.56659771659,7.510215579459062,0.2398071981556842,0.003482175013951172,0.003488244828705911,66425.675,65642.615625,0,64807.359375
64807.359375,64956.51325158228,64136.166930379746,64434.4746835443,1675500.0,2021-08-25,0.0,44.440533182329354,-67.79584882660129,120.26869014271998,-188.06453896932126,63177.66465228341,65642.615625,68107.56659771659,7.510215579459062,0.3305734557715204,0.00692854481379864,0.006952602710393441,66127.36796875,65642.615625,0,64881.9453125
64881.9453125,65403.983952945404,64658.21446659483,64807.368363864945,1896000.0,2021-08-26,0.0,44.97306809510965,-119.28414890579734,72.35812233301652,-191.64227123881386,63195.83508096077,65650.0740234375,68104.31296591423,7.476728637352485,0.3435097949015646,0.001150225084526888,0.0011508868471004075,65866.3484375,65650.0740234375,0,64881.9453125
64881.9453125,65254.83005567529,64658.21446659483,65180.25310704023,2346900.0,2021-08-27,0.0,44.97306809510965,-158.26462162988173,26.233573540436876,-184.4981951703186,63294.781748801994,65683.634375,68072.487001198,7.273813786123952,0.33220206769809624,0.0,0.0,65650.07734375,65683.634375,0,65180.23046875
65180.23046875,65329.38431421625,64881.92277781751,64956.49970055063,4306000.0,2021-08-30,0.0,47.31524160267496,-163.2064653267662,-11.654434233003737,-151.55203109376245,63379.50844429628,65717.1935546875,68054.87866507872,7.1143790047756115,0.3851506809983402,0.004586816688614442,0.0045973522343285556,65493.464453125,65717.1935546875,0,65180.23046875
65180.23046875,65329.38431421625,64956.49970055063,65254.807391483126,2957200.0,2021-08-31,0.0,47.31524160267496,-165.2183774502264,-42.367222876448274,-122.85115457377813,63403.91806393211,65728.380078125,68052.8420923179,7.072932609719046,0.3820910804246173,0.0,0.0,65336.8515625,65728.380078125,0,65702.28125
65702.28125,66224.31980703746,65031.08881952327,65180.24269296254,3430100.0,2021-09-01,0.0,51.50501974945916,-123.26675479823462,-58.54712926080555,-64.71962553742907,63469.58963652504,65765.669140625,68061.74864472497,6.982608203043807,0.4861964948269833,0.007977437825415132,0.00800934236494144,65195.15546875,65765.669140625,0,65702.28125
65702.28125,65702.28125,65702.28125,65702.28125,0.0,2021-09-02,0.0,51.50501974945916,-88.99392503045965,-64.63648841473638,-24.357436615723273,63593.26216749106,65821.6021484375,68049.94212938393,6.770846980968935,0.4732265050535925,0.0,0.0,65031.0875,65821.6021484375,0,65702.28125
65702.28125,65702.28125,65702.28125,65702.28125,0.0,2021-09-03,0.0,51.50501974945916,-61.127817092390615,-63.93475415026723,2.806937057876617,63656.93743873908,65855.162109375,68053.38678001093,6.675937315240443,0.4652262888736535,0.0,0.0,65053.461328125,65855.162109375,0,65851.4375
65851.4375,66224.3221970555,65776.8605605889,65851.4375,3212200.0,2021-09-06,0.0,52.84325543542651,-26.70027876948734,-56.487859074111256,29.787580304623916,63689.56183403505,65877.535546875,68065.50925971496,6.6425487677301165,0.49403602366841715,0.0022676107575129996,0.002270183731253539,65224.98828125,65877.535546875,0,65472.09765625
65472.09765625,66610.08313115584,65472.09765624999,66610.08313115584,2622200.0,2021-09-07,0.0,49.130004396125216,-29.683587804043782,-51.12700482009777,21.443417016053985,63695.862449228145,65880.9419921875,68066.02153514684,6.633419246550735,0.40644634945788394,-0.005777195966715502,-0.00576054006034421,65336.208984375,65880.9419921875,0,65472.09765625
65472.09765625,65472.09765624999,65472.09765624999,65472.09765624999,0.0,2021-09-08,0.0,49.130004396125216,-31.682663682338898,-47.238136592546,15.5554729102071,63768.634059133714,65765.025390625,67761.41672211628,6.0712858229227535,0.4266356926734944,0.0,0.0,65402.6828125,65765.025390625,-1,64637.5859375
64637.5859375,64865.18307108275,64485.8545151115,64789.317359888504,2452400.0,2021-09-09,0.0,41.66092610211992,-99.45857062479627,-57.68222339899606,-41.77634722580021,63740.961864313,65622.29765625,67503.63344818699,5.733830905440141,0.23829453440202966,-0.012827994649254677,-0.012746066624158892,65378.246875,65622.29765625,1,65623.8359375
65623.8359375,66003.16446893064,64485.85034320809,64637.581755780346,3962100.0,2021-09-10,0.0,51.11894248356277,-72.75070773783227,-60.6959202667633,-12.05478747106897,63792.77478350271,65551.256640625,67309.73849774728,5.365211735796007,0.5206369194487389,0.015142915407700202,0.015258150280451854,65452.4359375,65551.256640625,0,66154.8984375
66154.8984375,66306.62985593463,65472.10705454415,65623.83847297878,2956200.0,2021-09-13,0.0,55.31945511256098,-8.632715929095866,-50.28327939922982,41.65056347013395,63829.17072075979,65521.68359375,67214.1964667402,5.166267959426047,0.6870635236680018,0.008059955613652053,0.008092524498351183,65549.902734375,65521.68359375,0,66003.1640625
66003.1640625,66230.7611799569,65699.70123922413,66154.89547413793,2482900.0,2021-09-14,0.0,53.894410516165316,29.59638980058662,-34.30734555926653,63.90373535985315,63874.60556417429,65484.523828125,67094.4420920757,4.916942721233491,0.6610765732610158,-0.0022962570546467146,-0.0022936226732076515,65632.19609375,65484.523828125,-1,65320.3671875
65320.3671875,65851.42708333333,65320.36718749999,65851.42708333333,2425000.0,2021-09-15,0.0,47.91309128640469,4.742560787650291,-26.49736428988317,31.23992507753346,63980.06356383009,65394.580078125,66809.09659241991,4.326097094300567,0.4737674004244508,-0.010398791767714795,-0.010344911258397316,65594.0046875,65394.580078125,0,65547.96875
65547.96875,65623.83445457176,65168.64022714121,65623.83445457176,1825400.0,2021-09-16,0.0,49.90873784854095,3.372391352575505,-20.523413161391435,23.89580451396694,64221.91910360771,65304.83046875,66387.74183389229,3.316481667188429,0.6122613951041388,0.0034783324834829345,0.0034843889019589014,65578.5734375,65304.83046875,0,65623.8359375
65623.8359375,67065.28435693642,65472.104524927745,65547.97023121387,5292600.0,2021-09-17,0.0,50.588329461593105,8.312548304005759,-14.756220868311996,23.068769172317754,64222.3492441867,65312.0951171875,66401.8409901883,3.337041541985455,0.6430337237497722,0.001156760725226548,0.0011574300309649121,65570.72890625,65312.0951171875,1,67292.8828125
67292.8828125,67596.3456436725,66230.76290339627,66458.36002677564,5447700.0,2021-09-20,0.0,62.60740101372697,145.23165220265219,17.241353745880843,127.99029845677134,64198.105264999765,65469.930859375,66741.75645375025,3.885220520874038,1.2166674271956612,0.02511549524169106,0.025433546380763117,65714.8734375,65469.930859375,0,67292.8828125
67292.8828125,67292.8828125,67292.8828125,67292.8828125,0.0,2021-09-21,0.0,62.60740101372697,250.84939283889253,63.96296156448319,186.88643127440935,64214.01447669813,65616.58046875,67019.14646080187,4.275035309771573,1.0975841255418106,0.0,0.0,65896.951953125,65616.58046875,0,67292.8828125
67292.8828125,67292.8828125,67292.8828125,67292.8828125,0.0,2021-09-22,0.0,62.60740101372697,330.7396523933421,117.31829973025498,213.42135266308713,64205.969818055644,65740.856640625,67275.74346319436,4.669506608226535,1.005583261597408,0.0,0.0,66079.03046875,65740.856640625,1,68886.0625
68886.0625,70099.91382158591,68582.59966960353,69417.12245319384,3941300.0,2021-09-23,0.0,71.01339406811559,516.6538803645526,197.1854158571145,319.4684645074381,63912.66609388246,65941.0625,67969.45890611754,6.152149599098557,1.2259429150825831,0.02339939373451185,0.023675307416077374,66503.878125,65941.0625,0,68810.1953125
68810.1953125,69341.25525427233,68810.1953125,69037.79243040242,299000000.0,2021-09-24,0.0,70.20403846527489,650.373298941835,287.8229924740586,362.55030646777635,63803.19957393614,66137.475,68471.75042606387,7.058858615524299,1.0724946342357788,-0.0011019499931565707,-0.0011013430692166093,66822.5140625,66137.475,-1,67368.75
67368.75,69341.25844594595,67368.75,68734.33277027027,5053900.0,2021-09-27,0.0,56.928361886394065,632.7404731953429,356.8064886183155,275.93398457702745,63896.436810598636,66246.9009765625,68597.36514252635,7.096072816433872,0.7386441452038618,-0.02117066109447267,-0.02094813575159482,66943.89921875,66246.9009765625,0,67748.0703125
67748.0703125,68203.26451392777,66761.8162094065,67368.74181131019,3757200.0,2021-09-28,0.0,59.11918218520882,641.9740338133997,413.83999765733233,228.1340361560674,63989.886819583095,66375.29296875,68760.69911791691,7.187632754525021,0.7877449913989347,0.005614716334050779,0.005630508395955136,67118.38984375,66375.29296875,0,67975.671875
67975.671875,68355.00040108817,67292.88052804129,67748.0747593471,2763400.0,2021-09-29,0.0,60.4200826613329,660.0486115476087,463.08172043538764,196.9668911122211,64023.27696570718,66488.9625,68954.64803429281,7.416826617779809,0.8014799240054772,0.0033538977364182647,0.003359528344499596,67383.9203125,66488.9625,0,67975.671875
67975.671875,68810.19463239398,67975.671875,68203.2689906529,2799400.0,2021-09-30,0.0,60.4200826613329,666.6876839998004,503.80291314827025,162.8847708515301,64080.6801300634,66602.63203125,69124.58393243661,7.573129842686402,0.7722176904135175,0.0,0.0,67626.690625,66602.63203125,0,68127.390625
68127.390625,68582.58477171493,67596.33078716592,67748.06216940423,3805400.0,2021-10-01,0.0,61.37042015850057,676.3945762743097,538.3212457734782,138.0733305008315,64151.5100996213,66723.8875,69296.2649003787,7.710514170442173,0.772802724202402,0.002229469492556016,0.0022319566076374198,67877.04609375,66723.8875,0,68430.8671875
68430.8671875,69113.65854524667,68355.0014810837,68658.4643067489,306020000.0,2021-10-04,0.0,63.27015364381093,700.5004475574824,570.757086130279,129.74336142720335,64207.05659477744,66852.858984375,69498.66137397254,7.915300646202539,0.7982097622500516,0.004444653394939999,0.004454545517095454,67990.84453125,66852.858984375,0,67975.671875
67975.671875,68506.73181152344,67975.671875,68506.73181152344,2268000.0,2021-10-05,0.0,58.61395968588107,675.0920260835264,591.6240741209285,83.46795196259791,64370.675785905754,66978.0376953125,69585.39960471923,7.785722004182329,0.6913110289922315,-0.006674122887495925,-0.006651900395369337,68059.1234375,66978.0376953125,0,67975.671875
67975.671875,67975.671875,67975.671875,67975.671875,0.0,2021-10-06,0.0,58.61395968588107,647.4917867397453,602.7976166446919,44.69417009505344,64560.688821624615,67103.21640625,69645.74399087537,7.577960404260348,0.6715724686775729,0.0,0.0,68127.40234375,67103.21640625,0,67368.75
67368.75,67823.94425675676,67368.75,67748.0785472973,2981800.0,2021-10-07,0.0,52.62528142250922,570.0734235873242,596.2527780332184,-26.179354445894205,64976.83136579402,67239.774609375,69502.71785295599,6.730966178061724,0.5284972658927356,-0.008968614070469021,-0.00892851601549538,67975.67109375,67239.774609375,0,67975.671875
67975.671875,68279.13469587054,67292.88052804129,67444.61193847656,2618600.0,2021-10-08,0.0,57.32126083740561,551.3368678572151,587.2695959980177,-35.932728140802624,65206.32930177791,67357.36640625,69508.4035107221,6.386939452171052,0.6437226413864536,0.008968614070468985,0.009008952593004826,67892.21875,67357.36640625,0,67975.671875
67975.671875,67975.671875,67975.671875,67975.671875,0.0,2021-10-11,0.0,57.32126083740561,530.3741889477969,575.8905145879736,-45.51632564017666,65358.39502480463,67448.405078125,69538.41513144536,6.197359450974481,0.6261397752698229,0.0,0.0,67952.9109375,67448.405078125,0,68582.609375
68582.609375,69265.40084001659,68355.01221999447,68582.609375,3616300.0,2021-10-12,0.0,61.721851852282256,556.3229540307657,571.9770024765321,-15.65404844576642,65545.3342703901,67577.37734375,69609.42041710991,6.013974360157208,0.7473451582864041,0.008889120322011066,0.008928745877144095,68036.36484375,67577.37734375,0,68355.0
68355.0,69265.3884572697,68279.13429522753,69037.79134295227,3793100.0,2021-10-13,0.0,59.25438798422256,552.1564471409947,568.0128914094247,-15.856444268429982,65972.08711219796,67729.108984375,69486.13085655203,5.188380294748535,0.6781113330278286,-0.0033242815563259654,-0.0033187622499963876,68074.29765625,67729.108984375,0,68355.0
68355.0,68355.0,68355.0,68355.0,0.0,2021-10-14,0.0,59.25438798422256,542.599708727168,562.9302548729734,-20.33054614580533,66425.4716672544,67869.460546875,69313.44942649559,4.255194804807035,0.6681243740784836,0.0,0.0,68112.23046875,67869.460546875,0,68279.1484375
68279.1484375,68810.20848090277,67975.68555555555,68279.1484375,3206000.0,2021-10-15,0.0,58.35278120981355,522.8779262522003,554.9197891488188,-32.04186289661857,67009.96946601025,68002.226171875,68994.48287773973,2.9183065370737142,0.6395416448124033,-0.0011102871596815438,-0.001109671018945213,68127.40625,68002.226171875,0,68279.1484375
68279.1484375,68279.1484375,68279.1484375,68279.1484375,0.0,2021-10-18,0.0,58.35278120981355,501.4676644697902,544.2293642130131,-42.76169974322295,67111.03505825672,68051.539453125,68992.0438479933,2.7640943979412,0.6210036793112858,0.0,0.0,68112.234375,68051.539453125,0,68506.7265625
68506.7265625,68658.45796130951,68127.39806547618,68127.39806547618,5984500.0,2021-10-19,0.0,60.44695135107766,497.13289196825644,534.8100697640618,-37.67717779580539,67222.57528729497,68112.231640625,69001.88799395504,2.6123247819101185,0.72171196799662,0.0033275122154991124,0.003333054529939261,68165.33984375,68112.231640625,0,68279.1484375
68279.1484375,68734.34276041666,67520.49123263889,68582.61131944445,3480500.0,2021-10-20,0.0,57.34180549179771,469.9169902423455,521.8314538597185,-51.91446361737303,67357.9395265506,68161.544921875,68965.1503171994,2.357943606605364,0.5731724278540503,-0.0033275122154990343,-0.0033219821821784956,68195.6875,68161.544921875,-1,67596.3359375
67596.3359375,68354.99290649552,67596.3359375,68279.12720959596,2936500.0,2021-10-21,0.0,49.178943899069615,388.769437719282,495.21905063163126,-106.44961291234927,67332.19486404608,68097.05859375,68861.92232345392,2.246392856017202,0.17267198273094483,-0.010050646752331133,-0.01000030778979355,68218.44609375,68097.05859375,1,68658.4609375
68658.4609375,68658.4609375,67672.20680248618,67899.80391056629,4487700.0,2021-10-22,0.0,58.96457531369603,405.4897947143909,477.2731994481832,-71.78340473379234,67351.86751096744,68089.471875,68827.07623903257,2.166573902604722,0.8857007158887116,0.015590592598531667,0.015712759948735222,68286.725,68089.471875,0,68658.4609375
68658.4609375,68658.4609375,68658.4609375,68658.4609375,0.0,2021-10-25,0.0,58.96457531369603,413.96882318958524,464.61232419646365,-50.64350100687841,67457.28461386231,68153.957421875,68850.6302298877,2.0444089657193847,0.8620806710284313,0.0,0.0,68355.00390625,68153.957421875,0,67975.671875
67975.671875,68430.86610630581,67823.94046456473,68279.13469587054,1641200.0,2021-10-26,0.0,51.56241168837685,361.4268396793923,443.9752272930494,-82.5483876136571,67489.45553835432,68165.3375,68841.21946164567,1.9830664277006624,0.3596902745131814,-0.00999449745220397,-0.009944718439312883,68294.31015625,68165.3375,0,68582.609375
68582.609375,68734.34081167035,68051.54934665376,68279.14650165928,3549900.0,2021-10-27,0.0,56.75886137356034,364.55931026623875,428.0920438876873,-63.53273362144853,67501.4066911656,68195.684375,68889.9620588344,2.03613378235681,0.7786529143951952,0.008889120322011066,0.008928745877144095,68317.07109375,68195.684375,0,68734.328125
68734.328125,69417.11946399006,68658.46242066777,68658.46242066777,4093700.0,2021-10-28,0.0,57.972631327128425,374.9619232870755,417.46601976756494,-42.504096480489466,67507.77020351516,68233.6171875,68959.46417148484,2.1275348249244255,0.8449149397515838,0.002209761075358058,0.0022122043967505167,68355.00390625,68233.6171875,0,68810.1953125
68810.1953125,69037.79243040242,68506.7324886301,68734.32960653253,3748500.0,2021-10-29,0.0,58.598459591201824,384.89113165625895,410.95104214530375,-26.059910489044796,67499.93028955611,68267.757421875,69035.58455419388,2.249457610197834,0.8532291760691058,0.001103165626634405,0.0011037743376500764,68408.10859375,68267.757421875,0,68810.1953125
68810.1953125,68810.1953125,68810.1953125,68810.1953125,0.0,2021-11-01,0.0,58.598459591201824,388.28420224001457,406.41767416424597,-18.1334719242314,67483.98608140193,68286.723828125,69089.46157484807,2.351079980769112,0.8260538616203792,0.0,0.0,68461.21328125,68286.723828125,0,68279.1484375
68279.1484375,67672.2226736111,67520.49123263889,68279.1484375,4888900.0,2021-11-02,0.0,52.278759263273784,344.1549860051746,393.9651365324317,-49.81015052725712,67512.55527234758,68301.89765625,69091.24004015242,2.311333684680396,0.4855897648384638,-0.007747495418000077,-0.007717560931025713,68438.45546875,68301.89765625,-1,66913.5546875
66913.5546875,67899.80889491213,66913.5546875,67596.34606186225,5547900.0,2021-11-03,0.0,40.255784696828805,196.72256603764254,354.5166224334739,-157.79405639583138,67251.5102352081,68248.791796875,69246.0733585419,2.9224885464201282,-0.16943838164581573,-0.020202868439569813,-0.020000157899596638,68301.89609375,68248.791796875,0,67065.28125
67065.28125,67292.87835831448,66837.68414168552,67065.28125,2513000.0,2021-11-04,0.0,41.85577741539479,91.07452613672649,301.82820317412444,-210.75367703739795,67172.75188887483,68233.618359375,69294.48482987517,3.1095125716850207,-0.050652293131745976,0.0022649342532421544,0.002267501154416207,68248.790625,68233.618359375,0,67672.21875
67672.21875,67823.95018217489,67141.15873738789,67217.02445347533,2654600.0,2021-11-05,0.0,47.869967828719425,55.68062563161948,252.59868766562346,-196.91806203400398,67133.63595829696,68218.445703125,69303.25544795305,3.1804000623202473,0.24823836357978665,0.009009245462384482,0.009049950864106648,68150.16640625,68218.445703125,1,68886.0625
68886.0625,69113.65962279736,67975.67400881057,68051.5397164097,6171800.0,2021-11-08,0.0,57.36757389366811,124.14666511470568,226.90828315543993,-102.76161804073425,67146.1487191526,68263.965234375,69381.78174959742,3.274982668775656,0.7782644813139197,0.01777813413509972,0.01793710583783681,68172.9265625,68263.965234375,-1,68127.390625
68127.390625,69113.644609549,68051.52493388085,69037.77891842985,3695000.0,2021-11-09,0.0,51.100983618661175,115.8525388964481,204.69713430364158,-88.84459540719348,67132.20306787398,68241.204296875,69350.20552587602,3.2502393251339643,0.44868640859058134,-0.011074527524604161,-0.011013430692166537,68188.0984375,68241.204296875,0,68051.5390625
68051.5390625,68355.00188998049,67748.07623501951,68279.13618311037,2666100.0,2021-11-10,0.0,50.50694977534321,101.98319811125111,184.1543470651635,-82.1711489539124,67115.28311803064,68226.03125,69336.77938196936,3.256083086232168,0.42145285574749314,-0.001113998626929089,-0.0011133783608052727,68134.99140625,68226.03125,0,67975.671875
67975.671875,68582.59751674107,67748.0747593471,68127.40328543527,3380600.0,2021-11-11,0.0,49.88234837139451,83.90262045206327,164.10400174254346,-80.20138129048019,67092.64083892186,68207.06484375,69321.48884857816,3.2677670777392134,0.39618270615694073,-0.00111547086562701,-0.0011148489592619493,68059.12578125,68207.06484375,0,67748.0703125
67748.0703125,68354.9959144037,67596.33891202408,68279.13021416574,2120400.0,2021-11-12,0.0,47.965928741103525,50.62452048600244,141.40810549123526,-90.78358500523282,67048.15458355311,68180.5109375,69312.86729144689,3.3216423238156776,0.3090527670495653,-0.0033538977364183666,-0.0033482797039290357,67952.91328125,68180.5109375,0,67520.484375
67520.484375,67975.67865168539,67520.484375,67899.81293890449,3268000.0,2021-11-15,0.0,46.060354541934636,5.820013868869864,114.29048716676219,-108.47047329789233,66973.88760099343,68142.577734375,69311.26786775656,3.4301318565822565,0.2338501705430721,-0.003364952819526706,-0.003359297710624376,67823.9421875,68142.577734375,0,67217.015625
67217.015625,67748.07556786117,67141.14991887698,67520.4784494921,3251700.0,2021-11-16,0.0,43.574484071718786,-53.557890333919204,80.72081166662592,-134.27870200054514,66853.03647520972,68078.0921875,69303.14789979029,3.5989719245252836,0.14855616203356406,-0.004504599879778327,-0.004494469386720823,67717.72890625,68078.0921875,0,67368.75
67368.75,67975.67567567568,67217.01858108108,67217.01858108108,2514400.0,2021-11-17,0.0,45.16794147095134,-87.3645273551083,47.103743862279075,-134.46827121738738,66771.83575790009,68032.572265625,69293.30877334991,3.7062732327759655,0.23673235384334435,0.0022548363652543013,0.0022573804205547887,67763.2484375,68032.572265625,0,66761.8203125
66761.8203125,67368.74595170455,66761.8203125,67368.74595170455,3900000.0,2021-11-18,0.0,40.26927557963727,-161.27164507991984,5.428666073839288,-166.70031115375912,66618.97828830837,67990.846484375,69362.71468044163,4.035449673014142,0.052061132622355205,-0.009049895611511956,-0.009009068559235556,67732.90234375,67990.846484375,-1,65320.3671875
65320.3671875,67065.27827380951,65244.50148809524,66761.81547619047,5151200.0,2021-11-19,0.0,31.524596365306664,-332.3259422138217,-62.12225558369291,-270.2036866301288,66042.85914133403,67823.941796875,69605.02445241598,5.252076503825488,-0.2028238138152517,-0.021827475485771058,-0.02159097996808379,67497.7171875,67823.941796875,0,65396.24609375
65396.24609375,65623.8432379278,65168.64894957222,65244.51466429815,3497600.0,2021-11-22,0.0,32.35731091222813,-456.5026332906564,-140.9983311250856,-315.5043021655708,65622.59677140057,67660.8310546875,69699.06533797443,6.024857370254618,-0.05552616779792994,0.0011609681871040912,0.0011616423715468116,67148.735546875,67660.8310546875,0,65472.09765625
65472.09765625,65775.56044955822,65244.500561268826,65623.82905290411,2198800.0,2021-11-23,0.0,33.23141246604483,-542.5389175156306,-221.30644840319462,-321.232469112436,65282.63424289062,67535.65234375,69788.67044460938,6.672085106668497,0.0420465803819133,0.001159204263159613,0.0011598764001110595,66883.20625,67535.65234375,1,66382.5
66382.5,66382.5,65623.84285714285,65623.84285714285,2124500.0,2021-11-24,0.0,42.787600930982414,-531.1387946290342,-283.2729176483625,-247.86587698067171,65173.02045876525,67425.646875,69678.27329123477,6.681808838737259,0.2684598592376411,0.013809405628222263,0.01390519589779915,66716.30234375,67425.646875,0,66382.5
66382.5,66913.56,66154.90285714285,66382.5,2175400.0,2021-11-25,0.0,42.787600930982414,-516.1542106622946,-329.84917625114895,-186.3050344111457,65097.93513741975,67308.05546875,69518.17580008024,6.567179265359598,0.29060971123845697,0.0,0.0,66556.98515625,67308.05546875,0,66989.421875
66989.421875,67368.75042468857,66382.4961954983,66458.36190543602,3015700.0,2021-11-26,0.0,48.48781634490062,-450.11663250415586,-353.90266750175033,-96.21396500240553,65120.33551514951,67217.016796875,69313.69807860049,6.238543100064994,0.4457249597593351,0.009101256934526868,0.009142799307046312,66481.1203125,67217.016796875,0,66382.5
66382.5,66685.96285714285,66154.90285714285,66610.09714285714,2835900.0,2021-11-29,0.0,43.78936787387303,-441.6636751722399,-371.4548690358483,-70.20880613639162,65109.10588260147,67095.63203125,69082.15817989854,5.921476819007547,0.32050776635002737,-0.009101256934526798,-0.009059965857482588,66367.321875,67095.63203125,0,66458.359375
66458.359375,67368.74785958904,66458.359375,66458.359375,3177100.0,2021-11-30,0.0,44.513092771324374,-423.95632341450255,-381.9551599115792,-42.00116350292336,65080.53431904751,67004.592578125,68928.65083720248,5.743063826062675,0.3580518026031875,0.0011421091914476792,0.0011427616465182755,66291.45625,67004.592578125,0,66382.5
66382.5,67217.02285714286,66306.63428571429,66761.82857142857,1894500.0,2021-12-01,0.0,43.9043313879703,-411.3030911437527,-387.8247461580139,-23.478344985738772,65034.13648900954,66978.03984375,68921.94319849045,5.804599117189149,0.3468185565147316,-0.0011421091914477054,-0.0011414572329713213,66192.83125,66978.03984375,0,66306.625
66306.625,66761.81922196796,66306.625,66382.49070366133,1254100.0,2021-12-02,0.0,43.26696394746965,-402.7550819157332,-390.8108133095578,-11.944268606175399,64973.89131979479,66940.10703125,68906.3227427052,5.874552039593566,0.33890830808661515,-0.0011436507440978796,-0.0011429970248182375,66147.31171875,66940.10703125,-1,65092.76171875
65092.76171875,66761.80689102564,65092.76171875,66458.34413243007,2900400.0,2021-12-03,0.0,34.610410571000784,-488.30052068960504,-410.30875478556726,-77.99176590403778,64713.13828034106,66811.1341796875,68909.13007903396,6.280378039097263,0.09047287426233708,-0.018476460868104217,-0.01830681747487528,66124.551171875,66811.1341796875,0,64713.453125
64713.453125,65699.70739302463,64713.45312500001,65244.5131154748,3168200.0,2021-12-06,0.0,32.427152874605895,-580.016857456154,-444.2503753196846,-135.76648213646934,64543.78964664775,66602.5037109375,68661.21777522724,6.18209211240707,0.041206178481805536,-0.005844245189946168,-0.005827200809037758,66056.271875,66602.5037109375,1,65623.8359375
65623.8359375,65623.8359375,64789.3131683526,65092.77599349711,1530000.0,2021-12-07,0.0,41.900185730303164,-572.6413772025262,-469.92857569625295,-102.71280150627325,64506.42913025029,66477.3259765625,68448.22282287471,5.929531061484266,0.28347673530974365,0.01396987193237151,0.014067906571783695,66071.445703125,66477.3259765625,0,65244.515625
65244.515625,65623.84420421511,65016.91847747093,65472.112772529064,1294500.0,2021-12-08,0.0,39.42045141482834,-590.5962095997966,-494.06210247696174,-96.53410712283483,64439.676515381616,66336.9748046875,68234.2730939934,5.720183336342989,0.2121013638590343,-0.005796991713107152,-0.005780221577739941,65957.647265625,66336.9748046875,1,66003.1640625
66003.1640625,66079.02976831896,65016.90988685344,65168.64129849138,1449900.0,2021-12-09,0.0,46.26948587740663,-537.4139811691712,-502.73247821540366,-34.681502953767506,64501.42345659479,66238.3494140625,67975.27537153021,5.244472342177527,0.4322983946001414,0.011560690272112562,0.011627773311406298,65919.713671875,66238.3494140625,0,65472.09765625
65472.09765625,66003.1575445394,65092.769164614714,65623.82905290411,1485000.0,2021-12-10,0.0,42.635620359866806,-531.9868889523641,-508.58336036279576,-23.40352858956834,64510.19329447437,66124.55078125,67738.90826802563,4.882777932559926,0.297921733462163,-0.008078619317450898,-0.008046074969180528,65767.98125,66124.55078125,0,65547.96875
65547.96875,65851.43156828704,65244.50593171296,65472.103045428245,1495700.0,2021-12-13,0.0,43.320497085863806,-515.6199700337602,-509.99068229698867,-5.629287736771516,64534.300079048146,66025.925,67517.54992095186,4.518300715822936,0.33978671739575034,0.0011581600332191033,0.0011588309595387258,65684.528125,66025.925,0,65472.09765625
65472.09765625,65927.29184621233,65396.23195792294,65547.96335457705,1671200.0,2021-12-14,0.0,42.770576604246315,-502.9732692994148,-508.5871996974739,5.613930398059097,64539.109302121455,65938.6791015625,67338.24890100355,4.245064713187082,0.3333125487921921,-0.0011581600332190264,-0.0011574896247261712,65585.901953125,65938.6791015625,0,65472.09765625
65472.09765625,65775.56044955822,65472.09765624999,65547.96335457705,1214100.0,2021-12-15,0.0,42.77057660424631,-487.33299642437487,-504.33635904285416,17.003362618479287,64604.40601837861,65843.846484375,67083.28695037137,3.7647875456076347,0.35003360858234267,0.0,0.0,65494.86171875,65843.846484375,0,65699.703125
65699.703125,65699.703125,65244.50887702078,65472.10600101039,1610300.0,2021-12-16,0.0,45.191228000722916,-451.3690073892358,-493.7428887121305,42.373881322894704,64628.28343715321,65790.740625,66953.1978128468,3.533801798866123,0.4608426439477598,0.0034703449342157675,0.0034763735529752537,65434.16953125,65790.740625,-1,65016.90625
65016.90625,65775.56326575263,65016.90625,65699.69756417736,2660200.0,2021-12-17,0.0,39.758297225769276,-472.5164133316284,-489.4975936360301,16.981180304401676,64579.81448517383,65775.567578125,66971.32067107617,3.6358579240868223,0.18276840235780034,-0.010447074604655392,-0.01039269346013505,65426.583984375,65775.567578125,0,65016.90625
65016.90625,65472.100459451576,64941.04054842474,65244.50335472579,1807000.0,2021-12-20,0.0,39.758297225769276,-483.7000913396987,-488.3380931767639,4.63800183706519,64524.04583915581,65756.6005859375,66989.1553327192,3.748839617008063,0.19993449059000787,0.0,0.0,65456.929296875,65756.6005859375,0,64865.18359375
64865.18359375,65244.51215277778,64865.18359375,65092.78072916667,1192900.0,2021-12-21,0.0,38.56352522778852,-499.0532123136509,-490.4811170041413,-8.572095309509564,64435.68802888941,65726.2548828125,67016.8217367356,3.9270968845680527,0.16639803027444877,-0.0023363148136233223,-0.002333587754338895,65381.0640625,65726.2548828125,0,64789.30078125
64789.30078125,65396.226315500586,64713.43508946868,65016.89785659397,1844400.0,2021-12-22,0.0,37.94928462928045,-511.44812447486765,-494.6745184982866,-16.773605976581052,64330.16158511084,65646.594921875,66963.02825863917,4.01066753981933,0.17438756043193795,-0.001170539091341188,-0.001169854277685456,65335.542578125,65646.594921875,0,64258.24609375
64258.24609375,64789.30597882231,64106.51469801505,64789.30597882231,2147800.0,2021-12-23,0.0,33.88194335820279,-557.6941062310871,-507.2784360448467,-50.415670186240334,64134.22524499754,65540.3822265625,66946.53920812748,4.290963628207447,0.04409921878509971,-0.008230418913823695,-0.008196641746343492,65161.05078125,65540.3822265625,1,65244.515625
65244.515625,65244.51562499999,64258.26131904069,64258.26131904069,1148400.0,2021-12-24,0.0,45.55326228597579,-508.8944529063956,-507.60163941715655,-1.2928134892390517,64219.600775711944,65453.1369140625,66686.67305241305,3.769219311734872,0.41543770685897335,0.015231931534566229,0.01534852865126557,65138.292578125,65453.1369140625,0,65320.3671875
65320.3671875,65547.96428571428,65016.90438988095,65244.50148809524,1138300.0,2021-12-27,0.0,46.33781442600531,-458.81090240521735,-497.84349201476874,39.032589609551394,64246.0750685103,65400.0302734375,66553.9854783647,3.5289133662553858,0.4654825916996815,0.001161898504397688,0.0011625737699696437,65115.532421875,65400.0302734375,0,64865.18359375
64865.18359375,65396.24357638889,64637.58645833334,65396.24357638889,1544400.0,2021-12-28,0.0,42.39030445096024,-450.65398111620743,-488.4055898350565,37.75160871884907,64257.67878222552,65320.371484375,66383.06418652448,3.2537864620187693,0.2858327766322732,-0.00699287203379914,-0.006968478796872235,65054.841015625,65320.371484375,0,64637.5859375
64637.5859375,64941.048782277,64561.720226305755,64865.18307108275,945400.0,2021-12-29,0.0,40.53103942455098,-457.28351130439114,-482.18117412892343,24.89766282453229,64254.39482889115,65233.12578125,66211.85673360885,3.0007176281599115,0.19575916531776116,-0.003514950165191745,-0.003508779959298991,64971.38984375,65233.12578125,0,64713.453125
64713.453125,64941.050263774916,64561.72169915006,64713.45312500001,893100.0,2021-12-30,0.0,41.452870310588274,-451.2142962232974,-475.98779854779826,24.77350232450084,64290.0782610404,65153.4671875,66016.8561139596,2.6503238084779785,0.245182009512032,0.0011730434753287379,0.0011737317599291863,64872.76484375,65153.4671875,1,65547.96875
65547.96875,66382.49150028935,64713.44599971065,64865.17740885417,2325100.0,2021-12-31,0.0,50.53564302345808,-374.74612291220546,-455.7394634206797,80.99334050847426,64295.74588392667,65176.2275390625,66056.70919419832,2.7018490894034097,0.7111010540476037,0.0128131112071448,0.012895550843007086,64925.87109375,65176.2275390625,0,65547.96875
65547.96875,65547.96875,65547.96875,65547.96875,0.0,2022-01-03,0.0,50.53564302345808,-310.5645498290178,-426.7044807023474,116.1399308733296,64350.817892041116,65217.9533203125,66085.08874858389,2.6591923975673524,0.6902905929846359,0.0,0.0,64978.97734375,65217.9533203125,0,65775.5625
65775.5625,66306.6224048443,65775.5625,66154.89100346022,1885600.0,2022-01-04,0.0,52.84928597344944,-238.58501764328685,-389.0805880905353,150.49557044724844,64340.97320180365,65225.5396484375,66110.10609507136,2.712331554178389,0.8108996806602619,0.003466156837201874,0.0034721709053722183,65070.015234375,65225.5396484375,0,65396.24609375
65396.24609375,66003.17181155743,65244.51466429815,65851.44038210557,3124600.0,2022-01-05,0.0,48.75612233700553,-209.7307383080988,-353.210618134048,143.47987982594918,64345.27791090007,65233.126171875,66120.97443284994,2.7220779167800355,0.5918625000717338,-0.005783521133580587,-0.005766828770943588,65130.709765625,65233.126171875,0,64789.30078125
64789.30078125,65320.360623719265,64713.43508946868,65320.360623719265,2848200.0,2022-01-06,0.0,43.01528308759451,-233.15130520152888,-329.19875554754424,96.04745034601535,64342.13141897314,65172.4330078125,66002.73459665186,2.5480147065856156,0.2692812878402022,-0.009324379312244477,-0.009281042089631653,65183.815234375,65172.4330078125,0,64637.5859375
64637.5859375,64941.048782277,64485.8545151115,64713.45164869425,2553900.0,2022-01-07,0.0,41.69374309572361,-260.9463658849563,-315.5482776150267,54.601911730070356,64280.18492528829,65130.707421875,65981.22991846171,2.6117403917558364,0.2101067365331428,-0.0023444110738505774,-0.002341665088534284,65123.122265625,65130.707421875,0,64560.44140625
64560.44140625,65563.17227635902,64406.175118540916,65408.90598864994,2146400.0,2022-01-10,0.0,41.00390918203909,-285.9033547721483,-309.619293046451,23.715938274302687,64218.236102712115,65081.3310546875,65944.42600666289,2.652358020305806,0.19824313811282898,-0.0011942061655927502,-0.0011934933851736051,65047.1296875,65081.3310546875,0,64560.44140625
64560.44140625,64791.840837813616,64406.175118540916,64483.308262395454,1829000.0,2022-01-11,0.0,41.00390918203909,-302.19839330459945,-308.1351130980807,5.936719793481245,64163.304259411496,65035.7482421875,65908.19222496351,2.6829674643769796,0.22760037015492024,0.0,0.0,65016.65546875,65035.7482421875,0,64097.6484375
64097.6484375,64637.580494133574,63789.11583370939,64637.580494133574,2183600.0,2022-01-12,0.0,36.77107761709618,-348.4392626727131,-316.1959430130072,-32.24331965970589,64025.50653983382,64967.02578125,65908.54502266618,2.898452653770428,0.03831143034191688,-0.007194183674686088,-0.007168367481223514,64962.66171875,64967.02578125,0,64097.6484375
64097.6484375,64560.44734318592,63943.38213560469,64329.04789034296,1711600.0,2022-01-13,0.0,36.771077617096175,-380.69704622125573,-329.09616365465695,-51.600882566598784,63935.32055312934,64886.923046875,65838.52554062066,2.933110244904691,0.0852918552849255,0.0,0.0,64901.08125,64886.923046875,1,65331.78125
65331.78125,65640.31386511216,63789.118174439194,64097.65078955136,2516600.0,2022-01-14,0.0,52.07258573761942,-303.1824694148818,-323.9134248067019,20.730955391820146,63931.78596202766,64902.666796875,65873.54763172234,2.991805676909678,0.7209923389786949,0.01907093649142054,0.019253948351995565,64879.4625,64902.666796875,-1,63943.375
63943.375,65563.17098914355,63943.375,65563.17098914355,2100400.0,2022-01-17,0.0,40.266589334656636,-349.75265887525165,-329.08127162041194,-20.671387254839715,63789.99744476031,64848.990234375,65907.9830239897,3.266027075478952,0.07241671366596183,-0.02148068780412425,-0.02125162093295907,64719.003125,64848.990234375,0,64329.04296875
64329.04296875,64406.17611379646,63711.977808378295,63943.37724351768,2100400.0,2022-01-18,0.0,44.060554620740405,-351.4879532943378,-333.5626079551971,-17.925345339140677,63738.07087588796,64822.183203125,65906.29553036204,3.344880637049494,0.27256036022032176,0.00601328230945783,0.006031398385681008,64574.351171875,64822.183203125,0,64329.04296875
64329.04296875,64406.17611379646,63789.11095342476,63943.37724351768,1764900.0,2022-01-19,0.0,44.060554620740405,-348.84195372758404,-336.6184771096745,-12.223476617909569,63692.807187547245,64799.1703125,65905.53343745274,3.4147447247154896,0.28753479163087936,0.0,0.0,64467.630859375,64799.1703125,0,64020.51171875
64020.51171875,64251.91115869729,63943.378572100904,64020.51171875,1488400.0,2022-01-20,0.0,41.608591095694564,-367.40564975103916,-342.77591163794744,-24.62973811309172,63651.72703706908,64787.28359375,65922.84015043091,3.5054921079928194,0.16238058752389548,-0.004807680790608088,-0.004796142391701341,64390.751953125,64787.28359375,0,63711.9765625
63711.9765625,64251.90856726695,63634.843418961864,64020.509136652545,1576400.0,2022-01-21,0.0,39.25592934950093,-402.3753881625744,-354.6958069428729,-47.679581219701504,63500.623011175005,64710.656640625,65920.69027007499,3.7398280044351813,0.08733375097230295,-0.0048309676020127585,-0.004819317246407384,64298.191015625,64710.656640625,-1,62477.8515625
62477.8515625,63789.11511381173,62477.8515625,63711.98196373457,2222200.0,2022-01-24,0.0,31.567240644789095,-523.6365748022363,-388.48396051474555,-135.15261428749074,63035.419925914226,64568.530859375,66101.64179283578,4.748786794606709,-0.18184214568074178,-0.019560441078684862,-0.01937037691476029,64089.93203125,64568.530859375,-1,61089.4609375
61089.4609375,62477.85777698863,61012.32777975063,62092.19198824179,3758600.0,2022-01-25,0.0,25.513156945549014,-723.4292173284412,-455.47301187748474,-267.9562054509564,62204.8807145743,64379.7447265625,66554.6087385507,6.756361092220582,-0.2564343726609858,-0.02247275638499672,-0.022222124965534662,63742.833984375,64379.7447265625,0,61475.12109375
61475.12109375,62092.18629920797,61166.588491021015,61166.588491021015,1452100.0,2022-01-26,0.0,29.55465068733386,-840.9527941101842,-532.5689683240246,-308.3838257861596,61694.38225218659,64221.621484375,66748.86071656342,7.870368806565518,-0.043379581094648234,0.006293195353414446,0.006313039112336716,63480.58125,64221.621484375,1,64097.6484375
64097.6484375,64329.04789034296,61783.653909070395,61783.653909070395,2039000.0,2022-01-27,0.0,49.58610664132522,-714.2417024108727,-568.9035151413942,-145.33818726947845,61673.83779153215,64190.83125,66707.82470846786,7.842221106827794,0.4814892620824042,0.04177511950613368,0.04265997849358638,63480.58125,64190.83125,0,64097.6484375
64097.6484375,64946.113097924186,63866.24898465704,64020.51528655235,2257400.0,2022-01-28,0.0,49.58610664132521,-606.8271239864989,-576.4882369104153,-30.338887076083665,61683.73299529302,64118.315234375,66552.89747345698,7.594030598535608,0.4957555763483279,0.0,0.0,63357.16796875,64118.315234375,0,64097.6484375
64097.6484375,64097.6484375,64097.6484375,64097.6484375,0.0,2022-01-31,0.0,49.58610664132521,-515.7549941783873,-564.3415883640097,48.5865941856224,61705.961067988064,64045.79921875,66385.63736951194,7.306765406331064,0.511079659234788,0.0,0.0,63372.5953125,64045.79921875,0,64097.6484375
64097.6484375,64097.6484375,64097.6484375,64097.6484375,0.0,2022-02-01,0.0,49.58610664132521,-438.5246361329555,-539.1781979177988,100.6535617848433,61767.396508614715,63961.903515625,66156.41052263528,6.861919006129007,0.5309283409534278,0.0,0.0,63349.455859375,63961.903515625,0,64097.6484375
64097.6484375,64097.6484375,64097.6484375,64097.6484375,0.0,2022-02-02,0.0,49.58610664132521,-373.019089104404,-505.9463761551199,132.9272870507159,61806.79056216593,63896.9736328125,65987.15670345907,6.542353891932105,0.5480041216259167,0.0,0.0,63326.31640625,63896.9736328125,0,64097.6484375
64097.6484375,64097.6484375,64097.6484375,64097.6484375,0.0,2022-02-03,0.0,49.58610664132521,-317.4461495338255,-468.24633083086104,150.80018129703552,61811.86022344099,63862.391015625,65912.921807809,6.421716317142934,0.5573650058735354,0.0,0.0,63334.030078125,63862.391015625,0,64097.6484375
64097.6484375,64097.6484375,64097.6484375,64097.6484375,0.0,2022-02-04,0.0,49.58610664132521,-270.28847722601495,-428.65476010989187,158.36628288387692,61813.823319469426,63835.394140625,65856.96496178057,6.333698877779903,0.5648639894607037,0.0,0.0,63372.597265625,63835.394140625,0,64406.18359375
64406.18359375,64791.84936377246,63943.384669723055,64174.78413173653,1324200.0,2022-02-07,0.0,52.268618260575224,-205.64888130420877,-384.0535843487553,178.40470304454652,61816.60805824791,63827.68125,65838.7544417521,6.301570579934214,0.6438292614417456,0.004801969626065293,0.004813517559085545,63565.43046875,63827.68125,-1,63249.1875
63249.1875,64406.18483231708,63249.18750000001,64329.05167682927,2708900.0,2022-02-08,0.0,43.023560291964095,-244.95773093750176,-356.2344136665046,111.27668272900286,61766.189998897135,63762.1185546875,65758.04711047786,6.260546547174377,0.3715056575548664,-0.01812736536199534,-0.017964052971185085,63781.403125,63762.1185546875,0,63866.25390625
63866.25390625,64560.45231827446,63249.18865111715,63249.18865111715,1799300.0,2022-02-09,0.0,48.278024275219735,-223.7390510241239,-329.7353411380285,105.99629011390459,61760.134536583384,63750.548828125,65740.96311966662,6.244383234747932,0.5290655766029956,0.00970883232667514,0.009756115938248211,64020.51640625,63750.548828125,0,63789.1171875
63789.1171875,64251.91610300786,63480.58457716143,63866.25034008465,1612500.0,2022-02-10,0.0,47.68600211148579,-210.71835286094574,-305.9319434826119,95.21359062166619,61751.26330418129,63735.122265625,65718.98122706871,6.225324094227678,0.5136085586033059,-0.0012085151995929844,-0.0012077852391848554,63989.66328125,63735.122265625,0,63249.1875
63249.1875,63711.98643292683,63172.0543445122,63634.853277439026,1624600.0,2022-02-11,0.0,43.65100307819514,-241.18691651816334,-292.9829380897222,51.79602157155887,61786.2555038651,63630.992578125,65475.7296523849,5.79823447511043,0.39651504177684055,-0.008500317127082184,-0.008464291579909244,63904.8171875,63630.992578125,-1,62554.9921875
62554.9921875,63249.19062114673,62477.859028205916,62863.52482467632,2971800.0,2022-02-14,0.0,39.073166526782515,-317.6871332978335,-297.9237771313445,-19.763356166489018,61662.63609650421,63561.5734375,65460.510778495795,5.975111182113872,0.2349619631282416,-0.011036236796059827,-0.010975560950881813,63750.5515625,63561.5734375,0,62554.9921875
62554.9921875,62554.9921875,62554.9921875,62554.9921875,0.0,2022-02-15,0.0,39.073166526782515,-374.00283438392216,-313.13958858186004,-60.863245802062124,61559.199426241204,63472.8708984375,65386.54237063379,6.029887872122075,0.260178608430615,0.0,0.0,63596.2859375,63472.8708984375,0,62015.05078125
62015.05078125,62709.24911089086,61937.91763351212,62632.11596315298,2825100.0,2022-02-16,0.0,35.696231199240984,-456.9349307831726,-341.89865702212256,-115.03627376105004,61382.615308087625,63357.1712890625,65331.72727003737,6.233093873355252,0.1601462504117332,-0.008668934757991716,-0.008631467887192712,63388.026171875,63357.1712890625,0,62323.59375
62323.59375,62632.12639232673,62015.06110767327,62092.19426825495,1787700.0,2022-02-17,0.0,38.94358167690645,-492.0898699901809,-371.93689961573426,-120.15297037444662,61272.11886163171,63272.325390625,65272.5319196183,6.322532060089775,0.2628415798886277,0.004962955856906935,0.004975291721333042,63210.620703125,63272.325390625,0,62169.32421875
62169.32421875,62323.59053194789,61783.65843575527,61783.65843575527,1808100.0,2022-02-18,0.0,37.91265882142653,-526.3314531154465,-402.8158103156767,-123.51564279976981,61147.947956204116,63195.1927734375,65242.43759067088,6.4791156649304185,0.24945142221098826,-0.002478367649040735,-0.0024752990315164425,63017.78828125,63195.1927734375,0,62477.8515625
62477.8515625,62940.65046296296,62400.71841242284,62400.71841242284,1280600.0,2022-02-21,0.0,41.26162227233504,-522.548957166684,-426.7624396858781,-95.78651748080586,61147.947956204116,63195.1927734375,65242.43759067088,6.4791156649304185,0.32480326610207194,0.004950420607563897,0.004962694184424521,62824.955078125,63195.1927734375,-1,61706.5234375
61706.5234375,62477.85498046874,61475.12397460937,62400.72182617187,3204500.0,2022-02-22,0.0,36.029311831044254,-575.1609380368463,-456.4421393560718,-118.71879868077457,61297.24777833881,63226.0458984375,65154.84401853619,6.1012770692540075,0.10609603330084363,-0.012422465291671871,-0.012345624980852565,62670.688671875,63226.0458984375,0,61706.5234375
61706.5234375,62092.18920898437,61552.25712890625,61706.52343749999,2200300.0,2022-02-23,0.0,36.02931183104426,-609.826610364893,-487.1190335578361,-122.70757680705691,61350.72054930745,63237.616015625,65124.51148194254,5.9676363063760185,0.09428261780895897,0.0,0.0,62454.715625,63237.616015625,-1,60626.66015625
60626.66015625,61706.52433206107,60549.527000834925,61706.52433206107,2723500.0,2022-02-24,0.0,29.87764812198533,-716.1796739653291,-532.9311616393347,-183.2485123259944,60893.11843959102,63064.0666015625,65235.01476353399,6.884897466849046,-0.061369103143172274,-0.0176549207416949,-0.017499985756672,62138.469921875,63064.0666015625,0,60858.05859375
60858.05859375,61320.8575184173,60858.05859375,60935.191747861216,1347700.0,2022-02-25,0.0,32.53583847458874,-772.8839974532457,-580.921728802117,-191.96226865112874,60577.83246119611,62902.087109375,65226.3417575539,7.390071633513369,0.0602830100336588,0.0038095115126578222,0.0038167769246009176,61899.35703125,62902.087109375,0,60472.3828125
60472.3828125,60935.181660554845,60009.58396444515,60858.04851921237,2258900.0,2022-02-28,0.0,30.46307399193202,-839.2688260696741,-632.5911482556285,-206.67767781404564,60229.69316245427,62720.823828125,65211.95449379573,7.94355212073496,0.048710742754311934,-0.006357466037034687,-0.006337300107197463,61691.09609375,62720.823828125,1,61089.4609375
61089.4609375,61243.72725299874,60318.129360006315,60472.39567550505,1273100.0,2022-03-01,0.0,37.34123378035752,-832.489809161525,-672.5708804368078,-159.91892872471726,60066.08278503538,62570.414453125,65074.746121214615,8.00484283180113,0.20432160913519962,0.010152584172746882,0.010204296511902022,61544.54296875,62570.414453125,0,60549.52734375
60549.52734375,61089.459434713375,60163.86156449045,61089.459434713375,2037100.0,2022-03-02,0.0,34.15756044682057,-860.7631759381911,-710.2093395370845,-150.55383640110665,59841.94879839739,62393.0083984375,64944.067998477614,8.177389311793462,0.13868326426820554,-0.008877698631786652,-0.008838408220730565,61397.990625,62393.0083984375,0,60472.3828125
60472.3828125,60935.181660554845,60318.11652981505,60703.78223652742,1486600.0,2022-03-03,0.0,33.715261558035806,-879.2593868636395,-744.0193490023955,-135.240037861244,59655.49677326684,62211.7451171875,64767.99346110816,8.217896280213614,0.15978221387916056,-0.0012748855409602752,-0.0012740732196312443,61212.86953125,62211.7451171875,0,60086.7265625
60086.7265625,60472.39232991014,60009.59340901797,60472.39232991014,2511600.0,2022-03-04,0.0,31.5180671169541,-914.4952713566454,-778.1145334732455,-136.3807378833999,59448.588332021085,62011.1990234375,64573.80971485391,8.264993200495473,0.12450939828987478,-0.006397817095264468,-0.0063773946397277514,61004.609765625,62011.1990234375,-1,59238.265625
59238.265625,60086.730367024735,59161.13246663411,60086.730367024735,3530800.0,2022-03-07,0.0,27.302461927742243,-999.363628622028,-822.3643525030021,-176.99927611902592,59164.93815970259,61752.803125,64340.668090297404,8.381368405444043,0.014167560185849935,-0.014221249405853823,-0.014120605099321892,60680.651171875,61752.803125,0,58698.328125
58698.328125,59006.860730124834,58621.19497371879,58852.59442756241,2383000.0,2022-03-08,0.0,25.009960172987448,-1097.539109344223,-877.3993038712464,-220.13980547297672,58701.8206935139,61525.26015625,64348.699618986095,9.178147172610627,-0.0006184953777117367,-0.00915646713593723,-0.009114674346106022,60379.831640625,61525.26015625,-1,57926.99609375
57926.99609375,59238.25965379494,57849.862943159125,58621.19444906791,3003700.0,2022-03-09,0.0,22.148809009156352,-1223.4804131511337,-946.6155257272239,-276.86488742390975,58199.67545793703,61228.297265625,64256.919073312965,9.892882679879149,-0.04501707071758716,-0.013227715047400834,-0.013140613300048787,60001.87890625,61228.297265625,1,59469.6640625
59469.6640625,60086.72931866083,58621.199335278856,58621.199335278856,2971800.0,2022-03-10,0.0,37.53924183492358,-1185.1477458271984,-994.3219697472189,-190.8257760799795,58140.62160968917,61012.324609375,63884.027609060824,9.41351773783937,0.23140318705594362,0.02628280515148378,0.026631244027453427,59886.179296875,61012.324609375,1,60163.8515625
60163.8515625,60549.51727764423,59469.65327524038,59546.78641826923,2322900.0,2022-03-11,0.0,42.99995978270419,-1086.2322914186734,-1012.7040340815098,-73.52825733716361,58166.46829621325,60858.0578125,63549.647328786756,8.84546636233242,0.37104158234393186,0.011605364729328726,0.011672968242605775,59816.75859375,60858.0578125,-1,59546.796875
59546.796875,60163.86212759067,59315.3974052785,60163.86212759067,1654700.0,2022-03-14,0.0,39.67920359479973,-1045.579448461358,-1019.2791169574795,-26.30033150387851,58079.882772124525,60707.648046875,63335.41332162548,8.657114414056908,0.2791181763779811,-0.010309194053585477,-0.010256236452198975,59724.2,60707.648046875,0,59546.796875
59546.796875,59778.1963447215,58852.59846583549,59392.53056185233,1482600.0,2022-03-15,0.0,39.67920359479973,-1001.8134951647589,-1015.7859925989354,13.97249743417649,58032.33506357131,60557.23828125,63082.14149892869,8.338898170858181,0.2999049232510852,0.0,0.0,59569.93359375,60557.23828125,0,59623.9296875
59623.9296875,60163.86178040103,59392.53021911384,59546.79653137128,1850400.0,2022-03-16,0.0,40.3470639186617,-949.954207736766,-1002.6196356265016,52.66542788973561,57977.820361792044,60437.6822265625,62897.54409133296,8.140159497014404,0.33459385449303736,0.0012944927919118006,0.001295331009355749,59477.373828125,60437.6822265625,-1,58929.71875
58929.71875,60009.582706151836,58929.71875,59855.316426701575,1354400.0,2022-03-17,0.0,36.43688372549422,-953.8766731964643,-992.8710431404942,38.99436994402993,57888.9907191267,60267.9884765625,62646.98623399831,7.894730909630305,0.21873245311400538,-0.011711472086776375,-0.011643159737013131,59323.107421875,60267.9884765625,0,58621.1875
58621.1875,59392.51891447369,58621.1875,59083.986348684215,4233000.0,2022-03-18,0.0,34.82168128689827,-970.6916199446932,-988.4351585013341,17.74353855664083,57780.39111714949,60090.581640625,62400.77216410051,7.689027000243502,0.1819755501346255,-0.00524933355803005,-0.00523557988302803,59176.553515625,60090.581640625,1,59855.33203125
59855.33203125,60086.73151075226,58621.20147390464,58621.20147390464,1884100.0,2022-03-21,0.0,45.272350037611965,-874.3534347623208,-965.6188137535315,91.2653789912107,57940.43763936138,59959.4556640625,61978.473688763625,6.734610921130321,0.4742142884465048,0.020834325279162288,0.021052874973745528,59238.26015625,59959.4556640625,0,59315.39453125
59315.39453125,60086.72605961475,59238.26137841352,60086.72605961475,2390200.0,2022-03-22,0.0,42.09249209010041,-831.9825952631727,-938.8915700554597,106.90897479228704,57979.52265585951,59839.89921875,61700.275781640485,6.217846577881817,0.35903265554875935,-0.009061641398730754,-0.009020708459491988,59299.966796875,59839.89921875,-1,58698.328125
58698.328125,59392.52648653088,58544.06182243758,59238.26018396846,3226000.0,2022-03-23,0.0,38.74326927361988,-838.5294560371913,-918.8191472518062,80.28969121461489,57984.62389732202,59689.489453125,61394.35500892799,5.712448109115897,0.20931393248244456,-0.010457631807363466,-0.010403140889923668,59377.1,59689.489453125,0,58312.6640625
58312.6640625,58698.32983010913,58004.13144841269,58621.1966765873,3389800.0,2022-03-24,0.0,36.77384022878748,-864.8680960335041,-908.0289370081458,43.1608409746417,57823.25159525109,59573.7896484375,61324.327701623915,5.8768732475031555,0.1397891540712469,-0.00659195263347028,-0.006570273376078406,59261.4,59573.7896484375,0,58004.125
58004.125,58466.923869680846,57926.99185505319,58312.65757978723,2699500.0,2022-03-25,0.0,35.230885105330486,-900.2605386684154,-906.4752573401998,6.214718671784453,57656.23492869588,59431.09296875,61205.95100880413,5.972826516878561,0.09800504137601705,-0.005305163401309645,-0.005291115874406005,59045.42734375,59431.09296875,-1,56615.73046875
56615.73046875,58312.65971985694,56615.73046875,58081.260276524175,4038700.0,2022-03-28,0.0,29.277821863936182,-1028.4854003348737,-930.8772859391347,-97.608114395739,57132.560410484366,59238.2603515625,61343.96029264064,7.109256512873252,-0.12272164985428667,-0.024227258635407534,-0.023936134391304043,58752.320703125,59238.2603515625,1,58235.53515625
58235.53515625,58235.53515625,56692.87197330298,56692.87197330298,2139300.0,2022-03-29,0.0,41.66284043371814,-988.0106542007925,-942.3039595914663,-45.70669460932618,57136.3677859077,59095.5640625,61054.7603390923,6.630603523879519,0.2805148681310584,0.02820886803886029,0.028610505845086287,58621.19453125,59095.5640625,0,58775.46484375
58775.46484375,59083.99746760171,57927.000128157815,58235.532752009516,3413800.0,2022-03-30,0.0,45.11322862251563,-901.9689759851899,-934.2369628702111,32.26798688502117,57167.883696724,59006.8609375,60845.838178276004,6.233096326624951,0.4370856559235181,0.009228765152853886,0.009271481511268442,58536.348046875,59006.8609375,1,62400.71875
62400.71875,62477.85190049443,58621.19437577255,58775.46067676143,9645800.0,2022-03-31,0.0,61.55499587157048,-535.0845122010578,-854.4064727363805,319.32196053532266,56797.75486191102,59103.277734375,61408.80060683898,7.8016751721472435,1.2151178275019512,0.059852290475107636,0.06167971475661571,58883.448046875,59103.277734375,0,63017.77734375
63017.77734375,63789.10876778611,61937.91335009944,62477.84534692472,6112000.0,2022-04-01,0.0,63.55613768963645,-192.3175429291441,-721.9886867749332,529.6711438457891,56378.01066656239,59249.8302734375,62121.649880312616,9.693933615072611,1.156020848470437,0.009840072907218982,0.009888645613557179,59323.10703125,59249.8302734375,0,63403.4453125
63403.4453125,63634.84474794708,62863.51329645681,63249.17902220194,3808700.0,2022-04-04,0.0,64.78975059965256,109.18926575032674,-555.7530962698812,664.942362020208,56038.0292285231,59458.0892578125,62878.1492871019,11.5041033843516,1.076796316570391,0.006101335789384591,0.0061199868514285605,59677.918359375,59458.0892578125,-1,62015.05078125
62015.05078125,63094.91484958022,62015.05078125,63094.91484958022,2202100.0,2022-04-05,0.0,57.27363787255138,233.41310748494288,-397.9198555189164,631.3329630038593,56041.199784162396,59623.925390625,63206.65099708761,12.017744833103313,0.8337019986001482,-0.022141092313868974,-0.02189777739059673,59947.883984375,59623.925390625,-1,61166.58984375
61166.58984375,62632.11973912358,61012.32353897383,61706.52191046658,4306700.0,2022-04-06,0.0,53.21113969378613,260.39600719173177,-266.2566829767868,526.6526901685186,56233.40768062811,59785.905078125,63338.402475621886,11.884063284998954,0.6943259362551316,-0.01377598725603097,-0.013681532576548805,60194.71015625,59785.905078125,-1,60549.52734375
60549.52734375,61706.52468152867,60549.52734375,61629.39152567675,1760300.0,2022-04-07,0.0,50.410596766876,229.3446208401583,-167.1364222133978,396.4810430535561,56274.835765268625,59839.8982421875,63404.96071910637,11.915336027110692,0.5995254790283233,-0.010139458945322302,-0.010088227929271332,60418.396484375,59839.8982421875,-1,59623.9296875
59623.9296875,61012.326497816946,59623.9296875,60549.527561044626,2738300.0,2022-04-08,0.0,46.460553709498605,128.56614760641241,-107.99590824943574,236.56205585584814,56249.992173153165,59812.9021484375,63375.81212372183,11.913516473226025,0.4734806012152445,-0.015404665606277571,-0.015286620669971995,60580.376953125,59812.9021484375,0,59623.9296875
59623.9296875,59623.9296875,59623.9296875,59623.9296875,0.0,2022-04-11,0.0,46.460553709498605,48.14351304885349,-76.7680239897779,124.9115370386314,56254.89479781146,59816.7587890625,63378.62278031354,11.90925106394206,0.47293143392951786,0.0,0.0,60881.196875,59816.7587890625,0,59238.265625
59238.265625,60009.59720865885,59006.866149902344,59623.93141682942,1776300.0,2022-04-12,0.0,44.76551406846395,-46.179541952646105,-70.65032758235155,24.470785629705446,56231.88078656069,59801.3322265625,63370.78366656432,11.937698733796235,0.4211270119474974,-0.006489286435801036,-0.006468276487667568,60981.469921875,59801.3322265625,0,59546.796875
59546.796875,60549.527910459845,59161.131092130825,59238.26424870466,2118800.0,2022-04-13,0.0,46.44873033847,-94.9409292962373,-75.5084479251287,-19.432481371108594,56227.05054481473,59797.4755859375,63367.90062706027,11.94172498466615,0.4648951164006694,0.005194793643889206,0.00520830997911248,61058.603125,59797.4755859375,-1,58852.59765625
58852.59765625,60163.86129996723,58852.59765625,59778.195522403345,1810200.0,2022-04-14,0.0,43.254744403489774,-187.44006299224566,-97.8947709385521,-89.54529205369356,56219.08426899186,59793.61953125,63368.15479350814,11.956243125204951,0.36837143768928343,-0.011726532496474708,-0.011658044683868662,60703.791015625,59793.61953125,0,59006.859375
59006.859375,59855.32401960784,58621.19362745098,59006.859375,1362400.0,2022-04-15,0.0,44.17341318256303,-245.46904700773302,-127.4096261523883,-118.05942085534473,56260.90906217435,59812.903125,63364.89718782564,11.877016085985694,0.3865364446360051,0.00261772471595115,0.002621153948905164,60302.69921875,59812.903125,0,59392.51953125
59392.51953125,60086.71781148539,58929.72067775974,59006.85382000812,2564300.0,2022-04-18,0.0,46.50511468104459,-257.3710699172152,-153.4019149053537,-103.96915501186152,56232.90534087596,59789.7625,63346.61965912404,11.897880206913483,0.44415814988085894,0.006514586879729354,0.006535852955654731,59901.606640625,59789.7625,-1,58621.1875
58621.1875,59932.45090460527,58621.1875,59469.652055921055,1670200.0,2022-04-19,0.0,42.66677853070794,-325.293773323021,-187.78028658888718,-137.51348673413383,56165.30644771854,59755.0521484375,63344.79784915646,12.014869275995855,0.3420689454115919,-0.01307209195210029,-0.012987023236893602,59562.2203125,59755.0521484375,0,58312.6640625
58312.6640625,59161.128751240074,58312.6640625,58621.1966765873,1931100.0,2022-04-20,0.0,41.201934543965834,-399.41407130964217,-230.1070435330382,-169.30702777660397,56118.08770712218,59735.7689453125,63353.45018350282,12.112278127706947,0.3033125655475964,-0.005276900560402037,-0.005263002178179987,59276.827734375,59735.7689453125,0,57849.86328125
57849.86328125,59006.860546875,57849.86328125,58081.262734375,4615600.0,2022-04-21,0.0,39.036887642326214,-489.85238337825285,-282.05611150208114,-207.79627187617172,56050.9673116476,59712.62890625,63374.2905008524,12.264278634763457,0.24563929832485434,-0.007968201803427777,-0.007936539835565859,59006.861328125,59712.62890625,1,58544.05859375
58544.05859375,59006.85747591403,58235.52600564064,58389.79229969532,2800400.0,2022-04-22,0.0,43.80675285182715,-499.74884359294083,-325.5946579202531,-174.15418567268773,56123.32094920398,59739.6255859375,63355.93022267102,12.106887518172812,0.3346976938774418,0.011928518821138195,0.011999947331336136,58898.87421875,59739.6255859375,-1,56692.86328125
56692.86328125,58852.59140625,56307.19754464286,58621.19196428572,2659800.0,2022-04-25,0.0,35.769508128392474,-649.4810371390049,-390.37193376400353,-259.1091033750014,56141.06713938833,59743.4822265625,63345.89731373666,12.059608690075649,0.0765869740866693,-0.03213127437003603,-0.03162054966748806,58605.767578125,59743.4822265625,1,58544.05859375
58544.05859375,58621.191740777336,54687.401242383065,56692.86306509387,3883000.0,2022-04-26,0.0,46.366588646368974,-611.7173913458755,-434.6410252803779,-177.0763660654976,56181.12381385576,59758.9083984375,63336.692983019246,11.974062714556847,0.33022317638646714,0.032131274370035975,0.03265305728723433,58536.346875,59758.9083984375,-1,57849.86328125
57849.86328125,58466.92848958333,56847.13231770833,58004.129583333335,1826000.0,2022-04-27,0.0,43.470238099634415,-630.5367548544382,-473.82017119518997,-156.71658365924822,56058.15644813606,59712.6283203125,63367.100192488935,12.240197676689075,0.24513895520105333,-0.011928518821138287,-0.011857656082868706,58366.653515625,59712.6283203125,0,57309.92578125
57309.92578125,57772.724643548114,56924.26006266824,57772.724643548114,1911000.0,2022-04-28,0.0,41.308836635667916,-681.1676037018406,-515.2896576965201,-165.8779460053205,55883.665705208216,59458.088671875,63032.51163854178,12.023336257553007,0.19950913606788392,-0.009377256782325203,-0.00933342741667298,58212.386328125,59458.088671875,0,57232.80078125
57232.80078125,57849.866018783694,57078.53447186658,57387.06709063343,1630100.0,2022-04-29,0.0,40.99528168207114,-719.2254755486429,-556.0768212669446,-163.1486542816982,55882.645503433225,59168.83984375,62455.034184066775,11.107854570056762,0.20542839801839383,-0.0013466592593005585,-0.0013457529206090113,58034.98046875,59168.83984375,0,57232.80078125
57232.80078125,57232.80078125,57232.80078125,57232.80078125,0.0,2022-05-02,0.0,40.99528168207115,-740.8465947955774,-593.0307759726712,-147.81581882290618,56137.76550093807,58860.3076171875,61582.84973343693,9.250859285194887,0.20110529673282884,0.0,0.0,57819.00859375,58860.3076171875,0,57232.80078125
57232.80078125,57232.80078125,57232.80078125,57232.80078125,0.0,2022-05-03,0.0,40.99528168207115,-749.3435219002058,-624.2933251581782,-125.05019674202765,56247.612557481414,58621.1951171875,60994.77767689358,8.098035377685973,0.2075319056714379,0.0,0.0,57680.169921875,58621.1951171875,-1,55921.53125
55921.53125,57387.06103448276,55921.53125,57232.794741379315,1763900.0,2022-05-04,0.0,35.30472923789573,-852.0638288551127,-669.8474258975651,-182.21640295754753,56010.611716899795,58358.9421875,60707.2726581002,8.04788566268151,-0.018966765541526938,-0.02317769384434009,-0.022911154326726302,57441.056640625,58358.9421875,0,55613.0078125
55613.0078125,56461.47256414702,55150.208857056175,56461.47256414702,1548200.0,2022-05-05,0.0,34.10517013547769,-947.444128989533,-725.3667665159588,-222.07736247357423,55696.48086869157,58112.1162109375,60527.75155318343,8.313706330974307,-0.017277660814889892,-0.005532353063110968,-0.005517077780304858,57217.37109375,58112.1162109375,-1,54147.47265625
54147.47265625,55227.336783297724,53607.54059272614,55073.070479433765,2109800.0,2022-05-06,0.0,29.055035675511007,-1128.2839876676153,-805.9502107462902,-322.3337769213251,54949.07979113037,57838.293359375,60727.50692761963,9.990659822179278,-0.13872410535704893,-0.026705828012916537,-0.02635238074500612,56777.7125,57838.293359375,0,53993.20703125
53993.20703125,55150.20432477679,53684.67441964286,54147.473337053576,2392100.0,2022-05-09,0.0,28.575377009462215,-1269.4157901912622,-898.6433266352846,-370.77246355597765,54323.31922094732,57556.7572265625,60790.19523217768,11.23565037858993,-0.05104662423155294,-0.0028530564092699466,-0.0028489903116871718,56507.746875,57556.7572265625,0,54456.00390625
54456.00390625,55458.73485636509,53993.205006196884,53993.205006196884,3106500.0,2022-05-10,0.0,32.19195664959253,-1328.6045937047602,-984.6355800491797,-343.9690136555805,53905.42073679469,57317.644140625,60729.867544455316,11.906363057974444,0.08067806592576382,0.008534864944135079,0.008571390744249507,56098.94140625,57317.644140625,-1,53607.5390625
53607.5390625,54841.66945818345,53607.53906249999,54456.00370953237,1793700.0,2022-05-11,0.0,29.266161235149198,-1427.5206000192775,-1073.2125840431993,-354.3080159760782,53398.01737820001,57020.68125,60643.34512179999,12.706491021799177,0.02891817895816571,-0.015703395540863852,-0.015580740100039181,55674.708984375,57020.68125,-1,51293.55078125
51293.55078125,53838.94503054511,51293.55078125,53838.94503054511,3189100.0,2022-05-12,0.0,23.099936451533495,-1673.342512302508,-1193.2385696950612,-480.1039426074469,52315.953263157324,56642.72890625,60969.50454934267,15.277426517546386,-0.11814831253609157,-0.04412468382828061,-0.04316535177173808,55073.071484375,56642.72890625,0,50985.01171875
50985.01171875,52296.27525765885,50830.74542005484,51679.210062878214,4590600.0,2022-05-13,0.0,22.421586778973207,-1871.4813999910548,-1328.88713575426,-542.5942642367947,51383.05021461453,56241.6365234375,61100.222832260464,17.27754243708131,-0.040962377795132565,-0.006033326845551041,-0.0060151628772165955,54448.292578125,56241.6365234375,0,50753.61328125
50753.61328125,52142.00999715045,50676.48013036664,51370.678488316866,1977800.0,2022-05-16,0.0,21.90211280277589,-2023.8501315135218,-1467.8797349061124,-555.9703966074094,50606.72364294748,55809.6912109375,61012.658778927515,18.645390988905337,0.014115947906942839,-0.004548888615614262,-0.004538558091865652,53800.373828125,55809.6912109375,1,53993.20703125
53993.20703125,53993.20703125,50290.815691964286,50599.34830357143,2105100.0,2022-05-17,0.0,42.12017314480203,-1861.7343926036192,-1546.6506664456138,-315.08372615800545,50491.44986388911,55578.2921875,60665.1345111109,18.305140814510185,0.34419753400918957,0.06187542988617479,0.06382981507243368,53476.414453125,55578.2921875,0,54224.59765625
54224.59765625,54378.86393692212,53607.53253356153,53993.19823524182,1983200.0,2022-05-18,0.0,43.25023996284885,-1695.045779296961,-1576.3296890158833,-118.71609028107764,50422.95237085038,55373.8888671875,60324.82536352463,17.881845027037162,0.3839319377467487,0.004276393857713244,0.004285550677996852,53306.72109375,55373.8888671875,-1,53221.87109375
53221.87109375,53993.202558876816,53221.87109375,53607.53682631341,1449400.0,2022-05-19,0.0,39.63850700724242,-1625.122109705735,-1586.0881731538539,-39.0339365518812,50246.50307104485,55142.4892578125,60038.47544458015,17.75758132309559,0.3038578857459462,-0.018665214141961966,-0.018492097790317574,53067.607421875,55142.4892578125,-1,52527.6796875
52527.6796875,53916.07650743392,52450.546530837004,53221.87809746696,1296200.0,2022-05-20,0.0,37.31526205014174,-1607.1957900435955,-1590.3096965318023,-16.886093511793206,50088.44541489027,54841.6703125,59594.895210109724,17.334354954999714,0.25658729863974616,-0.013129159847086333,-0.013043348382607345,52905.628125,54841.6703125,-1,51139.2734375
51139.2734375,52990.46885605204,51062.14029506034,52836.202571172704,2022200.0,2022-05-23,0.0,33.1325789068446,-1685.5913852935555,-1609.366034284153,-76.2253510094024,49621.028633434566,54563.9908203125,59506.95300719044,18.11803760159648,0.15357641295495983,-0.02678750036332108,-0.026431897587328557,52620.234765625,54563.9908203125,1,53144.7421875
53144.7421875,53144.7421875,51293.546523494195,51447.81282882801,2033000.0,2022-05-24,0.0,43.06065232273942,-1567.8230039618356,-1601.0574282196897,33.234424257854016,49688.03682835941,54294.025,58900.013171640596,16.96683261791917,0.3752403643178873,0.03846641341982304,0.03921582406623325,52489.10859375,54294.025,1,55458.73046875
55458.73046875,55767.26304437587,53144.73615155598,53144.73615155598,2362100.0,2022-05-25,0.0,51.929358442433454,-1273.09574254568,-1535.465091084888,262.369348539208,49841.03576913278,54174.468359375,58507.90094961722,15.99806226614243,0.6481806953991655,0.042619973131818645,0.04354124577528329,52674.227734375,54174.468359375,0,54995.93359375
54995.93359375,55458.73247392181,54533.13471357819,55458.73247392181,1530800.0,2022-05-26,0.0,50.24379855209644,-1064.5941261365006,-1441.2908980952107,376.6967719587101,49960.643004786114,54058.76875,58156.89449521389,15.161742821654215,0.6143406647349086,-0.008379901150644166,-0.008344887650480581,53044.466015625,54058.76875,1,56307.1953125
56307.1953125,56538.59474529109,54533.13299443493,54995.931860017125,3456900.0,2022-05-27,0.0,54.72761901738867,-784.5039576405688,-1309.9335100042824,525.4295523637136,50046.51159791361,54012.4884765625,57978.465355211396,14.685406988311007,0.7892990688235234,0.023563082203393662,0.023842884974663248,53576.684375,54012.4884765625,0,55921.53125
55921.53125,56230.0638362069,55535.86551724138,56230.0638362069,2124400.0,2022-05-30,0.0,53.208858113942334,-586.8851017518391,-1165.3238283537937,578.4387266019546,50166.06791417503,53946.925,57727.782085824976,14.0169512379991,0.7611320932233998,-0.006872849624437728,-0.00684928560834186,54093.476171875,53946.925,-1,55304.4609375
55304.4609375,55844.392913179916,55304.4609375,55612.99349503138,2058700.0,2022-05-31,0.0,50.78062135171215,-474.5923466908498,-1027.177532021205,552.5851853303552,50333.31172951131,53850.5080078125,57367.704286113694,13.062815592346594,0.7066920374415041,-0.011095907196670387,-0.011034574674669728,54224.6015625,53850.5080078125,0,55458.73046875
55458.73046875,55998.66247609527,54995.9316053112,55150.19789312413,1229600.0,2022-06-01,0.0,51.37802772674547,-368.8988312961592,-895.5217918761958,526.6229605800366,50361.83196945391,53827.36796875,57292.903968046085,12.876483209463402,0.7353694349635037,0.002785575768358517,0.0027894590894637084,54348.01484375,53827.36796875,0,55458.73046875
55458.73046875,55458.73046875,55458.73046875,55458.73046875,0.0,2022-06-02,0.0,51.37802772674547,-281.8865462285612,-772.7947427466689,490.90819651810773,50370.203870725236,53819.6541015625,57269.10433239976,12.81855221264648,0.7375851595907301,0.0,0.0,54571.70078125,53819.6541015625,-1,54224.59765625
54224.59765625,54995.9290596106,53993.19823524182,54764.52963860242,1052800.0,2022-06-03,0.0,46.177846191312305,-308.9514868881015,-680.0260915749554,371.07460468685395,50372.34503758934,53823.5103515625,57274.675665535666,12.824006800860682,0.5581089672904926,-0.022504512199272273,-0.0222531746051311,54741.392578125,53823.5103515625,0,54610.26953125
54610.26953125,54918.802127471754,53993.2043388065,54147.47063691737,1432000.0,2022-06-06,0.0,47.95079394888236,-295.8695502323171,-603.1947833064278,307.32523307411066,50385.821257278316,53854.3634765625,57322.90569584669,12.881192889017068,0.6089659584486038,0.007087314926262745,0.007112489380648235,55088.4921875,53854.3634765625,0,54456.00390625
54456.00390625,54533.13705625885,53993.205006196884,54224.60445622344,1322200.0,2022-06-07,0.0,47.27991002640931,-294.55452663895267,-541.4667319729327,246.91220533398007,50385.821257278316,53854.3634765625,57322.90569584669,12.881192889017068,0.5867281399001768,-0.0028288438398409587,-0.002824846431342398,55219.618359375,53854.3634765625,0,54764.53125
54764.53125,55073.06382042253,54533.131822183095,54533.131822183095,1698600.0,2022-06-08,0.0,48.82211843689674,-265.5556228790447,-486.28451015415516,220.72888727511048,50422.47532195835,53912.2130859375,57401.950849916655,12.94600078248102,0.6221177953340893,0.005649636562384741,0.005665625856079215,55150.1984375,53912.2130859375,-1,54147.47265625
54147.47265625,54841.67102363782,54147.47265625,54764.53787170584,1045100.0,2022-06-09,0.0,45.92834109371521,-289.0334564958757,-446.8342994224993,157.8008429266236,50789.86328858167,54054.9091796875,57319.95507079333,12.080478686042282,0.5141749120302793,-0.011331445097249782,-0.011267486083887501,55065.35234375,54054.9091796875,0,53607.5390625
53607.5390625,54147.47111061151,53607.53906249999,53993.204811151074,1483300.0,2022-06-10,0.0,43.4987992222696,-347.20556773133285,-426.9085530842661,79.70298535293324,51245.59235417785,54186.035546875,57126.47873957215,10.853140160635842,0.4016310728580397,-0.010021587005998787,-0.009971538231852817,54795.38671875,54186.035546875,-1,51216.41015625
51216.41015625,52759.07311276355,51062.14386059864,52759.07311276355,2379700.0,2022-06-13,0.0,34.73555049117908,-579.5705754060473,-457.44095754862235,-122.12961785742493,51377.18064602921,54209.175390625,57041.1701352208,10.448396324750455,-0.02838467304467983,-0.04562972077992279,-0.04460434013697645,54324.874609375,54209.175390625,0,50985.01171875
50985.01171875,52064.87580961611,50445.07967331694,50522.21282266452,1393200.0,2022-06-14,0.0,34.021251122002084,-773.4772735796141,-520.6482207548207,-252.8290528247934,50880.15123943361,54058.765625,57237.38001056639,11.759848190452981,0.016494683940358742,-0.004528289893908855,-0.004518052647463078,53892.9296875,54058.765625,-1,49750.87890625
49750.87890625,51293.54181807171,49750.87890625,50985.009235707366,2680600.0,2022-06-15,0.0,30.427422182480527,-1015.0332611961712,-619.5252288430909,-395.50803235308035,50121.045720761824,53835.0796875,57549.11365423818,13.797821005549812,-0.049833525733330865,-0.024503571757338298,-0.024205796387924416,53322.14453125,53835.0796875,1,52450.5390625
52450.5390625,52681.93849954045,50136.544692095595,50213.67783777574,2215500.0,2022-06-16,0.0,44.29071985841733,-977.3616918935222,-691.0925214531771,-286.2691704403451,50039.89339148351,53796.5130859375,57553.13278039149,13.966034149659334,0.3208530363847318,0.05284248252902993,0.05426356710877833,53021.325390625,53796.5130859375,-1,51447.8125
51447.8125,52913.34239130435,50290.815217391304,51602.078804347824,2502800.0,2022-06-17,0.0,41.021123713997575,-1016.698487973852,-756.2137147573121,-260.4847732165399,49879.57674283219,53742.5197265625,57605.46271029281,14.375741976314638,0.2029845850395411,-0.0193026680654858,-0.019117564479273597,52743.646875,53742.5197265625,1,53221.87109375
53221.87109375,53761.80311933877,51216.40928442029,51216.40928442029,2588200.0,2022-06-20,0.0,48.293797967516255,-894.411263886097,-783.853224583069,-110.55803930302795,50171.45871676577,53846.649609375,57521.84050198424,13.65058334834398,0.41500053549852,0.03390147828010587,0.034482682694235045,52604.80703125,53846.649609375,1,56847.1328125
56847.1328125,56924.26596421303,53067.60837856174,53376.14098541384,4839300.0,2022-06-21,0.0,59.33016512062545,-499.2147972060993,-726.9255391076751,227.71074190157583,50138.90862917428,54031.769140625,57924.629652075724,14.409524519987585,0.8616060302692194,0.06589636201839082,0.0681160140417485,52843.919921875,54031.769140625,-1,54456.00390625
54456.00390625,56615.732106497875,54456.00390625,56384.33265647132,2214000.0,2022-06-22,0.0,51.51925901514606,-374.64420418380905,-656.4692721229019,281.82506793909283,50140.67055521131,53981.6328125,57822.59506978869,14.230626445220357,0.5617515953000871,-0.04297267679000708,-0.042062436361332556,52813.0671875,53981.6328125,0,54533.14453125
54533.14453125,55535.87561881188,53993.21240717822,54456.01137066832,1103100.0,2022-06-23,0.0,51.73999749493094,-266.62304350613704,-578.5000263995489,311.8769828934119,50137.73680824241,53958.493359375,57779.2499105076,14.161835563812158,0.5752012283672787,0.0014155654757793748,0.0014165678615125632,52851.634375,53958.493359375,1,55150.203125
55150.203125,56230.06724213286,54687.40421765734,54764.537368881116,1684400.0,2022-06-24,0.0,53.56144004363395,-129.72859340532887,-488.74573980070494,359.0171463953761,50196.3589560682,53900.64375,57604.928543931805,13.744862904097696,0.6686640531860524,0.011251755475976679,0.011315294561757616,53005.90078125,53900.64375,0,54841.671875
54841.671875,55613.00340629395,54224.60664996484,55381.603946905765,1804300.0,2022-06-27,0.0,52.494597841322516,-45.60889781745209,-400.11837140405436,354.50947358660227,50236.097811645224,53846.65078125,57457.20375085477,13.410501552909986,0.6377934491096693,-0.005610088185190266,-0.005594381027041795,53368.426953125,53846.65078125,0,54610.26953125
54610.26953125,56075.79936330332,54070.337487861936,54456.00323313913,3037200.0,2022-06-28,0.0,51.663438052101455,2.3571598832204472,-319.6232651465994,321.98042502981986,50247.34191690623,53811.9412109375,57376.54050496876,13.248357943670483,0.6119800929166516,-0.004228388926724955,-0.004219461877045472,53730.952734375,53811.9412109375,1,55767.2734375
55767.2734375,56075.80607062587,54456.00974671508,54456.00974671508,1941000.0,2022-06-29,0.0,55.46065565999523,132.20715020559146,-229.25718207616126,361.4643322817527,50230.23798491208,53827.368359375,57424.49873383793,13.365432805285643,0.7696462007461485,0.020965248076753075,0.021186562823827915,54332.5921875,53827.368359375,0,55690.1328125
55690.1328125,57695.594658933514,55690.1328125,55767.26596043975,3582600.0,2022-06-30,0.0,55.14958077021413,226.28117082619428,-138.14951149569018,364.43068232188443,50218.30260204121,53838.9384765625,57459.57435108379,13.449878385315678,0.7556449198557226,-0.0013842173420782538,-0.0013832597551403092,54656.5515625,53838.9384765625,1,56847.1328125
56847.1328125,57001.399115926055,55535.869233378566,55767.268688517644,2859000.0,2022-07-01,0.0,58.875358720840374,389.70348133148946,-32.57891293025426,422.2823942617437,50108.66692552674,53970.065234375,57831.46354322325,14.309407602453025,0.8725421917148906,0.020562802215491303,0.02077567320400253,55196.48359375,53970.065234375,1,57926.99609375
57926.99609375,58466.92814788615,56924.26513606858,57078.531437250334,3139300.0,2022-07-04,0.0,62.044524760031244,599.4427785925436,93.82542537430531,505.6173532182383,49892.720238550144,54135.9015625,58379.08288644986,15.676034577723241,0.9467278489669837,0.018817745026618322,0.01899591461915473,55666.99609375,54135.9015625,-1,56384.33203125
56384.33203125,58158.394461781805,56307.19888209644,58081.261312628245,2590800.0,2022-07-05,0.0,55.46832233366217,633.8756614484446,201.8354725891332,432.0401888593114,49872.481095967494,54232.31796875,58592.15484153251,16.078371849400767,0.7467998373900804,-0.026992210648653696,-0.026631176593437167,55620.716015625,54232.31796875,0,56424.234375
56424.234375,57062.698130304096,55466.53874204384,56663.658283239034,2360100.0,2022-07-06,0.0,55.599413113773295,656.8124300085037,292.8308640730073,363.9815659354964,49850.88569429201,54315.303125,58779.72055570799,16.438893548780094,0.7361933312389156,0.0007074346689318766,0.0007076849598552926,55817.5390625,54315.303125,1,58259.8203125
58259.8203125,58259.8203125,55865.58112157534,56424.2369327911,3049600.0,2022-07-07,0.0,61.250479661375046,813.7262986238347,397.0099509831728,416.7163476406619,49722.722647802,54520.9205078125,59319.118367823,17.60130905831991,0.8896150089858234,0.03201391357729073,0.032531871417174285,56190.206640625,54520.9205078125,0,58259.8203125
58259.8203125,58499.24423159247,57860.7804473459,58259.8203125,1704200.0,2022-07-08,0.0,61.250479661375046,927.391280603093,503.0862169071569,424.30506369593616,49697.62072430911,54753.5345703125,59809.448416315885,18.4678994175646,0.8467509385033489,0.0,0.0,56501.168359375,54753.5345703125,0,58259.8203125
58259.8203125,59616.55585402397,57461.740582191786,57621.356528253425,2556900.0,2022-07-11,0.0,61.250479661375046,1005.8764798107368,603.6442694878729,402.2322103228639,50106.27211785007,55105.705078125,60105.13803839993,18.144883377091656,0.8154472976672889,0.0,0.0,56842.983203125,55105.705078125,0,58259.8203125
58259.8203125,58259.8203125,58259.8203125,58259.8203125,0.0,2022-07-12,0.0,61.250479661375046,1055.9047529242962,694.0963661751575,361.80838674913866,50678.11003226737,55469.4455078125,60260.78098335764,17.275584537329866,0.7911896713274936,0.0,0.0,57207.93828125,55469.4455078125,0,57860.77734375
57860.77734375,58738.665,57780.969375,58419.433125,1423500.0,2022-07-13,0.0,59.05279272567192,1051.2351032648367,765.5241135930934,285.7109896717433,51802.61546007748,55874.9404296875,59947.26539929752,14.576570241661708,0.7438210271628534,-0.006872932926789193,-0.006849368340128281,57417.288671875,55874.9404296875,0,57780.97265625
57780.97265625,58419.43644250691,57621.35670968578,57701.164682967894,982300.0,2022-07-14,0.0,58.59995040975307,1029.2304727252122,818.2653854195172,210.96508730569496,52322.976500593184,56141.462109375,59959.94771815682,13.603085724210857,0.7146807288083556,-0.001380205681231549,-0.0013792536354270135,57626.37265625,56141.462109375,-1,57142.51953125
57142.51953125,58259.83136565991,57142.51953125,57780.983436627095,1475000.0,2022-07-15,0.0,54.968298974131635,949.3305217585512,844.478412687324,104.85210907122723,53293.71102516331,56426.1974609375,59558.68389671169,11.102950674437116,0.6143376172569857,-0.011111038851955177,-0.011049539245354678,57655.911328125,56426.1974609375,0,57222.31640625
57222.31640625,57621.35626961297,57062.70046090481,57461.74032426778,1106700.0,2022-07-18,0.0,55.34082715799822,882.2778263087966,852.0382954116186,30.239530897178042,53866.541701609596,56626.2197265625,59385.897751515404,9.746997197689963,0.6080011280840766,0.0013954794285380553,0.001396453563031308,57585.443359375,56626.2197265625,1,58100.203125
58100.203125,58180.01109632555,57142.50746909341,57461.739354395606,1530100.0,2022-07-19,0.0,59.32723525156074,889.7200644030454,859.574649209904,30.14541519314139,53852.25280995646,56688.8732421875,59525.49367441855,10.007679708546576,0.7487696039230856,0.015225190718492522,0.015341684396651178,57757.03046875,56688.8732421875,0,58259.8203125
58259.8203125,58738.668150684935,58100.20436643836,58419.43625856165,1167800.0,2022-07-20,0.0,60.025910756327875,898.1446127457966,867.2886419170826,30.85597082871402,54165.38752057788,56879.0640625,59592.74060442212,9.541917001096467,0.7544069325635246,0.0027435073129454673,0.002747274173148684,57940.5890625,56879.0640625,0,58419.4375
58419.4375,58738.6693989071,57621.35775273224,57860.781676912564,1720500.0,2022-07-21,0.0,60.751973791547364,907.2427711311902,875.2794677599043,31.963303371285974,54514.8659848547,57073.3787109375,59631.89143702029,8.965695684641437,0.7630549333095137,0.002736001069308206,0.0027397473360513125,57956.55078125,57073.3787109375,-1,57461.7421875
57461.7421875,58419.437890625,57461.7421875,58419.437890625,712300.0,2022-07-22,0.0,54.37088822921429,827.6346620755212,865.7505066230277,-38.115844547506526,54792.532837871884,57188.9556640625,59585.37849025312,8.380718963527176,0.5569153574352994,-0.016529295264651897,-0.016393436046007848,57876.74296875,57188.9556640625,1,58180.0078125
58180.0078125,58180.0078125,57302.120177469136,57461.73611111111,1242600.0,2022-07-25,0.0,57.93913422727719,813.1294451563881,855.2262943296998,-42.09684917331174,55194.30772302373,57355.8724609375,59517.437198851265,7.53737898202459,0.6906339738771635,0.012422414251864172,0.012499892931479017,57868.76171875,57355.8724609375,-1,57461.7421875
57461.7421875,58259.821940104164,57302.126236979166,58180.01396484375,1154000.0,2022-07-26,0.0,53.43871030737451,735.2009838077211,831.2212322253042,-96.02024841758316,55765.78472810826,57498.44609375,59231.10745939174,6.02681109961362,0.4894082285847002,-0.01242241425186419,-0.012345574571161921,57788.95390625,57498.44609375,0,57621.359375
57621.359375,57940.59128289474,57302.12746710527,57461.74342105263,789500.0,2022-07-27,0.0,54.28845138421009,678.5005577219199,800.6770973246274,-122.17653960270752,56062.04226641668,57591.150390625,59120.25851483332,5.310219066078017,0.509877975238226,0.002773948350097583,0.002777799304781947,57765.012109375,57591.150390625,0,57940.59375
57940.59375,58100.209710743795,57701.1698088843,57860.7857696281,1219400.0,2022-07-28,0.0,56.017304635326774,651.8109369114172,770.9038652419854,-119.09292833056816,56458.78244914375,57703.6734375,58948.56442585625,4.314772055906,0.595157051788457,0.005524918511880675,0.0055402090207976595,57780.97421875,57703.6734375,0,58100.203125
58100.203125,58738.6668956044,57780.97123969781,58020.39515367445,2582800.0,2022-07-29,0.0,56.895097990780386,636.2045922660327,743.9640106467949,-107.75941838076221,56578.10456018752,57766.326953125,58954.54934606247,4.113892835532603,0.640493973964591,0.002750920020419927,0.0027547072729126043,57876.742578125,57766.326953125,0,58658.859375
58658.859375,58658.859375,57621.35573979592,58100.203571428574,2527600.0,2022-08-01,0.0,59.91093149785897,661.2923753243085,727.4296835822977,-66.13730825798916,56550.51926326121,57802.9201171875,59055.3209711138,4.3333480432726335,0.8417193684949653,0.009569458699920319,0.009615392373036658,58020.396875,57802.9201171875,0,58579.0546875
58579.0546875,59217.5184988079,58020.398852605584,58579.0546875,2600900.0,2022-08-02,0.0,59.2729535150857,667.0457644688286,715.3528997596039,-48.30713529077536,56807.68519949797,57912.65625,59017.62730050203,3.815991605468888,0.8015456546111467,-0.0013614145298357833,-0.0013604882254838468,58068.28203125,57912.65625,0,58579.0546875
58579.0546875,58658.86266391349,57860.782899778605,58100.20682901907,3134700.0,2022-08-03,0.0,59.27295351508571,663.9517444029261,705.0726686882684,-41.12092428534231,57126.43040798049,58020.397265625,58914.3641232695,3.08156062272999,0.8124598060307284,0.0,0.0,58100.20546875,58020.397265625,0,58499.2421875
58499.2421875,58579.05015774215,58100.20233628922,58579.05015774215,1720600.0,2022-08-04,0.0,58.549789451155625,647.5944438452862,693.5770237196721,-45.98257987438592,57118.7068477911,58032.368359375,58946.029870958904,3.1487996696116274,0.7554960574598552,-0.0013634040551279566,-0.001362475042073874,58108.1859375,58032.368359375,0,57940.59375
57940.59375,58579.0575929752,57940.59375,58499.2496126033,2135400.0,2022-08-05,0.0,53.61863735200095,582.8343535924796,671.4284896942336,-88.59413610175397,57108.339637814715,58016.40703125,58924.47442468528,3.1303813521101356,0.4582556967698233,-0.009595560135376375,-0.009549669647162862,58156.07109375,58016.40703125,0,57621.359375
57621.359375,57860.78330592105,57541.55139802632,57860.78330592105,2795800.0,2022-08-08,0.0,50.97653800837652,499.9884141796865,637.1404745913242,-137.15206041163765,57067.59951548558,57984.483984375,58901.368453264426,3.1625166109488725,0.30197908150040104,-0.005524918511880691,-0.005509684218588107,58100.20625,57984.483984375,0,57461.7421875
57461.7421875,57780.97408854166,57461.7421875,57621.358138020834,2129800.0,2022-08-09,0.0,49.65893239420943,416.6497582103475,593.0423313151289,-176.39257310478138,57008.87670384165,57944.580078125,58880.28345240835,3.2296493408763,0.241992011627188,-0.0027739483500976245,-0.0027701045103988298,58100.20625,57944.580078125,0,57860.77734375
57860.77734375,57940.5853125,57461.7375,57461.7375,1544800.0,2022-08-10,0.0,52.93412909265653,378.43965835448034,550.1217967229992,-171.68213836851885,57008.87670384165,57944.580078125,58880.28345240835,3.2296493408763,0.4552193907395151,0.006920361268554418,0.006944362301928297,58124.148046875,57944.580078125,-1,56743.47265625
56743.47265625,57940.5923325422,56424.24074257208,57940.5923325422,3884600.0,2022-08-11,0.0,44.25255525944871,255.06054911294632,491.10954720098863,-236.0489980880423,56814.60829895639,57892.705078125,58970.80185729361,3.7244650348044486,-0.032991306569547754,-0.019499103892116478,-0.019310226007889786,58004.4359375,57892.705078125,1,57381.93359375
57381.93359375,57381.93359375,56663.66182414813,56663.66182414813,1796100.0,2022-08-12,0.0,49.36320689148721,206.4206887486289,434.17177551051674,-227.75108676188785,56856.75720669127,57904.67578125,58952.59435580873,3.6194609862509775,0.2505807224954849,0.011188877556035521,0.01125170715877366,57932.608984375,57904.67578125,0,57062.69921875
57062.69921875,57461.73907342657,56903.08327687937,57461.73907342657,2525800.0,2022-08-15,0.0,47.041066494250636,140.49417349170108,375.43625510675366,-234.9420816150526,56824.73953271866,57896.694921875,58968.65031103134,3.702993376747404,0.11099327846964811,-0.005578858442425033,-0.005563325510431594,57772.99296875,57896.694921875,0,57302.12890625
57302.12890625,57780.976780118384,57222.32092727193,57302.12890625,1688300.0,2022-08-16,0.0,48.97963735835735,106.34107622782176,321.6172193309673,-215.27614310314556,56757.660767274596,57856.7912109375,58955.92165460041,3.799486354698228,0.24768131121950226,0.0041871271304783205,0.00419590539490855,57645.300390625,57856.7912109375,1,57940.59375
57940.59375,57940.59375,57222.32192665289,57302.12990702479,1316400.0,2022-08-17,0.0,53.83274755548982,129.30275592161343,283.15432664909656,-153.85157072748314,56757.179924101016,57840.8298828125,58924.47984152398,3.7470069530710166,0.5460314081985144,0.011080463241451595,0.01114207894081165,57581.454296875,57840.8298828125,1,58579.0546875
58579.0546875,58738.67064032697,57940.590876192095,57940.590876192095,4230600.0,2022-08-18,0.0,58.12256410502673,196.7504970672162,265.87356073272053,-69.12306366550433,56745.05380268884,57848.8107421875,58952.56768168617,3.8160056372385376,0.8307992544283256,0.01095896419050442,0.01101923360079482,57589.435546875,57848.8107421875,0,59137.7109375
59137.7109375,59456.94284539474,58180.015213815794,58579.05509868421,5225600.0,2022-08-19,0.0,61.494094261001344,291.9171689383584,271.0822823738481,20.83488656451027,56705.0463270156,57932.6091796875,59160.17203235939,4.237899414695464,0.9908513463035712,0.009491603700875584,0.009536791827390312,57709.147265625,57932.6091796875,0,58818.4765625
58818.4765625,59696.36427238806,58818.4765625,59137.70845700475,2071700.0,2022-08-22,0.0,58.591213925540046,337.6852703309778,284.40287996527405,53.28239036570375,56678.08520658546,57964.5326171875,59250.980027789534,4.438739872528813,0.8319000599149523,-0.005412775051141867,-0.005398152379238796,57828.858984375,57964.5326171875,1,60494.453125
60494.453125,60574.26111065303,58738.67744063324,58818.48542628628,4551200.0,2022-08-23,0.0,67.31471747350972,503.39134027869295,328.20057202795783,175.19076825073512,56427.26750983385,58116.1681640625,59805.068818291154,5.8121541993645165,1.2040926163959889,0.028095644150335147,0.02849404915680065,58132.130078125,58116.1681640625,1,62010.80078125
62010.80078125,62489.648663730695,60494.44915339447,60494.44915339447,5443600.0,2022-08-24,0.0,72.88123815383155,748.4435860037775,412.2491748231218,336.19441118065566,55929.12283642638,58335.640234375,60742.15763232362,8.250590507895208,1.2635848695728946,0.02475689907288198,0.025065895762653945,58547.132421875,58335.640234375,0,62170.4140625
62170.4140625,62489.64597039474,61452.14226973685,62170.4140625,2182100.0,2022-08-25,0.0,73.39486994275768,944.6394979849283,518.7272394554831,425.91225852944524,55603.318540327324,58547.13125,61490.94395967267,10.056215041869109,1.1154064761991733,0.00257065240258616,0.002573959362548006,59089.8265625,58547.13125,-1,61372.33984375
61372.33984375,62330.035654055595,60813.683954405074,62090.611701479196,2463000.0,2022-08-26,0.0,66.6023555712994,1023.9250811127858,619.7668077869437,404.1582733258422,55518.30054354987,58710.7380859375,61903.17562832512,10.875140209324961,0.9168604275687551,-0.012919985917402534,-0.01283688118833659,59488.8671875,58710.7380859375,-1,60255.0234375
60255.0234375,60893.48726200331,60175.21545943709,60733.87130587749,3311500.0,2022-08-29,0.0,58.44697096507449,985.2441000891631,692.8622662473877,292.38183384177546,55524.61007911403,58790.5462890625,62056.48249901097,11.110412867709897,0.7242047998329715,-0.01837329705619052,-0.018205537039888253,59808.099609375,58790.5462890625,0,60654.0546875
60654.0546875,60973.28655427632,60255.01485402961,60255.01485402961,2234900.0,2022-08-30,0.0,60.315875333416066,975.5421878901543,749.3982505759411,226.1439373142132,55526.405635476985,58894.2962890625,62262.18694264801,11.437069005987862,0.7612552751028352,0.0066005415789802445,0.006622373160536599,60143.2921875,58894.2962890625,0,60255.0234375
60255.0234375,60973.295240066225,60255.0234375,60574.25534975166,1657100.0,2022-08-31,0.0,57.52937725467984,924.9921320317881,784.5170268671106,140.47510516467742,55560.199931239484,58978.0947265625,62395.989521885516,11.59038728249615,0.6868004703779685,-0.0066005415789802185,-0.006578805853225789,60374.73515625,58978.0947265625,0,60255.0234375
60255.0234375,60255.0234375,60255.0234375,60255.0234375,0.0,2022-09-01,0.0,57.52937725467983,874.8461665355499,802.5828548007986,72.26331173475126,55609.79437317899,59065.8837890625,62521.97320494601,11.702489471675314,0.6720354286802372,0.0,0.0,60542.33203125,59065.8837890625,0,60255.0234375
60255.0234375,60255.0234375,60255.0234375,60255.0234375,0.0,2022-09-02,0.0,57.52937725467984,825.5882600466357,807.183935849966,18.404324196669677,55729.17430891352,59181.6052734375,62634.036237961474,11.667243389470995,0.6554583096798441,0.0,0.0,60654.06328125,59181.6052734375,1,61851.1796875
61851.1796875,62090.60360887097,60255.020211693554,60255.020211693554,3169400.0,2022-09-05,0.0,65.49368808164546,904.9161736516544,826.7303834103037,78.18579024135067,55826.75453291948,59393.0962890625,62959.43804520552,12.00928046851053,0.8446225244963489,0.026145226568428364,0.02649001127110373,60957.33359375,59393.0962890625,0,62090.59375
62090.59375,63048.28928341902,61691.55394440874,61851.16986664524,2649000.0,2022-09-06,0.0,66.50819964699255,975.8537955797801,856.555065844199,119.2987297355811,55985.877465708734,59624.5388671875,63263.20026866626,12.205247941904625,0.838868420377105,0.00386333604301998,0.0038708083452834163,61116.94765625,59624.5388671875,-1,60414.640625
60414.640625,62090.60819848085,60414.640625,62090.60819848085,2916400.0,2022-09-07,0.0,54.44156974851956,886.6165971407972,862.5673721035188,24.04922503727846,56195.870349105295,59752.23203125,63308.59371339471,11.903694845356586,0.5931300937522368,-0.027363038040975105,-0.026992061498848252,60957.331640625,59752.23203125,0,60414.640625
60414.640625,61053.10446251651,60015.60072655218,60654.06456406869,1351100.0,2022-09-08,0.0,54.44156974851956,806.5975203337293,851.373401749561,-44.77588141583169,56665.86709489445,59935.7904296875,63205.71376448055,10.911421410648103,0.5732204009521231,0.0,0.0,60781.754296875,59935.7904296875,0,60574.24609375
60574.24609375,61053.09388895751,60255.01423027833,60574.24609375,1188500.0,2022-09-09,0.0,55.33655986373504,747.4445770907696,830.5876368178028,-83.14305972703323,57046.168311634116,60095.4060546875,63144.64379774088,10.147989482851786,0.5785179902999318,0.002638350771903293,0.0026418342822014385,60701.944921875,60095.4060546875,0,60095.40234375
60095.40234375,60813.67408491036,60095.40234375,60654.05814243028,1386100.0,2022-09-12,0.0,52.03388029959325,654.3834297968206,795.3467954136065,-140.96336561678595,57551.719095632645,60247.0412109375,62942.36332624236,8.947566755578821,0.47186999165583005,-0.00793648228263935,-0.007905071558941046,60685.9828125,60247.0412109375,0,60414.640625
60414.640625,60654.06456406869,60015.60072655218,60015.60072655218,1556500.0,2022-09-13,0.0,54.004816047959196,599.4812151243823,756.1736793557618,-156.69246423137952,58091.19377273642,60402.666796875,62714.139821013574,7.6535462644777255,0.5025900860619962,0.005298131510736118,0.005312191428953783,60662.04140625,60402.666796875,-1,59057.90625
59057.90625,59855.98606418919,58898.29028716216,59776.17808277027,2037900.0,2022-09-14,0.0,45.45620425026744,441.4054419180684,693.2200318682231,-251.81458995015475,58352.752471336746,60458.532421875,62564.31237241326,6.966030653355217,0.16743292158399797,-0.022713045570287027,-0.02245704618887656,60542.3296875,60458.532421875,0,59456.9296875
59456.9296875,60015.58540268456,59137.69785025167,59137.69785025167,1207500.0,2022-09-15,0.0,48.06026490208293,344.357569697524,623.4475394340833,-279.0899697365593,58529.17307592899,60502.426171875,62475.679267821004,6.5228891494050085,0.23508302444249488,0.006733755180960857,0.006756477884787948,60462.5203125,60502.426171875,1,60654.0546875
60654.0546875,60654.0546875,59377.12722039474,59616.55112047697,2308600.0,2022-09-16,0.0,55.00140028651418,359.8957601834554,570.7371835839577,-210.84142340050232,58712.159050592796,60578.243359375,62444.32766815721,6.160905979765141,0.520312942927662,0.019934307397833032,0.020134322547295636,60502.4234375,60578.243359375,-1,60015.59375
60015.59375,60414.63360206117,59776.1698387633,60334.825631648935,1418000.0,2022-09-19,0.0,51.080670698280656,317.03682312617457,519.9971114924011,-202.96028836622656,58940.48935091191,60638.09921875,62335.7090865881,5.599152643997042,0.31665237680823516,-0.010582062741766924,-0.010526269691110701,60318.86484375,60638.09921875,0,60494.453125
60494.453125,60813.68506761213,60095.41319673482,60095.41319673482,1139700.0,2022-09-20,0.0,53.74396925189784,318.0445368490982,479.60659656374054,-161.56205971464232,58940.48935091191,60638.09921875,62335.7090865881,5.599152643997042,0.4576916650664458,0.007947252660911511,0.007978915896337258,60159.25078125,60638.09921875,1,61372.33984375
61372.33984375,61930.99573309493,60334.83604925228,60414.64403344441,2477500.0,2022-09-21,0.0,58.23332881260221,385.2404663402849,460.73337051904946,-75.49290417876455,58995.46566514459,60606.176171875,62216.886678605406,5.31533453673943,0.7378340703290757,0.014407565558065504,0.014511854780073996,60255.020703125,60606.176171875,0,61372.33984375
61372.33984375,61531.95581213426,60654.06798602081,61132.9158911736,1033500.0,2022-09-22,0.0,58.23332881260222,433.4966451001601,455.28602543527165,-21.78938033511156,59084.334535606526,60566.2724609375,62048.210386268474,4.893607828636829,0.7719639497155301,0.0,0.0,60350.790625,60566.2724609375,0,61212.7109375
61212.7109375,61691.558741443936,61053.095002852024,61452.13483947197,1398600.0,2022-09-23,0.0,57.065360610936764,453.6301300105988,454.9548463503371,-1.324716339738302,59093.00648582786,60558.291015625,62023.57554542214,4.839253239227233,0.7233081386471742,-0.002604379497502126,-0.002600991043463674,60414.637109375,60558.291015625,-1,59057.90625
59057.90625,60813.68184121622,58818.482305743244,60494.449915540536,3386000.0,2022-09-26,0.0,44.182995211961476,292.34140231922356,422.43215754411443,-130.09075522489087,58890.16326113397,60498.43515625,62106.70705136604,5.316738824607059,0.0521500715691892,-0.03583643855850198,-0.03520191565604924,60310.8875,60498.43515625,-1,57780.97265625
57780.97265625,59776.171988302835,57701.164682967894,59456.94009517438,2415500.0,2022-09-27,0.0,38.61919699428388,60.780415568791796,350.1018091490499,-289.32139358025813,58342.517976593845,60354.7810546875,62367.04413278115,6.668114912952264,-0.13953079158909804,-0.021858895767290158,-0.021621721371979707,60047.520703125,60354.7810546875,0,57302.12890625
57302.12890625,58259.82465398677,56583.85709544742,57461.74486420613,2145700.0,2022-09-28,0.0,36.75029207864565,-159.53302607977093,248.17484210328576,-407.7078681830567,57774.616860794755,60207.136328125,62639.65579545525,8.080502132083389,-0.09711904897174832,-0.008321751966796074,-0.008287222038450781,59871.94296875,60207.136328125,1,58020.390625
58020.390625,58658.85434577028,57621.350799518565,58180.00655519257,2033200.0,2022-09-29,0.0,41.33622358830733,-273.02800107702205,143.9342734672242,-416.96227454424627,57474.18153149365,60095.4046875,62716.62784350635,8.723539410831435,0.10418973528727475,0.012456734545554494,0.01253464282147565,59728.2890625,60095.4046875,0,57701.16015625
57701.16015625,58499.23982646093,57381.92828816563,57381.92828816563,2345100.0,2022-09-30,0.0,39.9498184831257,-384.30281374065817,38.28685602564771,-422.58966976630586,57138.64549542249,59967.7115234375,62796.77755145251,9.435297616482538,0.09941702584124437,-0.0055172312567793045,-0.005502039288450611,59432.999609375,59967.7115234375,-1,56663.65234375
56663.65234375,57860.77175946303,56663.65234375,57381.92399317782,2039100.0,2022-10-03,0.0,35.75279781733893,-549.8685715114261,-79.34422948176706,-470.52434202965907,56663.37375999114,59708.33515625,62753.296552508866,10.199451678867083,4.574503952696611e-05,-0.018144326972543427,-0.017980709741199585,59097.80546875,59708.33515625,0,56583.85546875
56583.85546875,57302.12725890338,55865.58367859662,57302.12725890338,1631300.0,2022-10-04,0.0,35.444370556334974,-679.6845874684514,-199.41230107910394,-480.2722863893474,56300.418641567405,59432.9982421875,62565.5778428076,10.541549958004607,0.04524016359017477,-0.001409247580765441,-0.0014082550576851594,58706.745703125,59432.9982421875,0,57142.51953125
57142.51953125,57461.75148393855,56663.671602217175,56663.671602217175,1493400.0,2022-10-05,0.0,39.38676200137131,-729.0808048140534,-305.34600182609387,-423.73480298795954,56013.326005337185,59269.3921875,62525.45836966282,10.987344603981025,0.17339842969081742,0.009824784379374459,0.009873206020903469,58283.763671875,59269.3921875,-1,55865.58203125
55865.58203125,56982.893671875005,55865.58203125,56903.085697544644,1503000.0,2022-10-06,0.0,34.23970243021333,-861.3368918533233,-416.5441798315398,-444.79271202178353,55499.74320810458,59041.9392578125,62584.13530752042,11.998914989023545,0.0516401150602024,-0.022600005355780644,-0.02234653827788724,57733.087890625,59041.9392578125,0,55705.96875
55705.96875,56903.08842227794,53072.30547098854,55306.92885924069,2685300.0,2022-10-07,0.0,33.64780062317223,-967.8732116350511,-526.8099861922421,-441.06322544280897,55037.37481543522,58798.525390625,62559.67596581478,12.793350003942333,0.08888156977483451,-0.0028611843972804808,-0.0028570951102007136,57182.413671875,58798.525390625,1,56264.6171875
56264.6171875,57062.696863918434,53790.57019060283,54668.45783466312,1661900.0,2022-10-10,0.0,37.70676127655514,-995.7473963741868,-620.5974682286311,-375.1499281455557,54735.368490790155,58606.9861328125,62478.60377483484,13.212136973734351,0.1974947990875257,0.009978568358561294,0.010028520283116071,56903.084765625,58606.9861328125,0,56025.19921875
56025.19921875,57062.70290798612,55546.35136217949,56264.62314703526,1718400.0,2022-10-11,0.0,36.671404805020316,-1025.3374657267923,-701.5454677282634,-323.7919979985289,54450.25856226447,58387.5140625,62324.76956273553,13.486635159773908,0.20000488365453,-0.00426429286669412,-0.004255213679889569,56727.507421875,58387.5140625,1,57142.51953125
57142.51953125,57222.327519422135,55945.399708667945,56264.63166135649,1274000.0,2022-10-12,0.0,44.350927637310896,-947.7048459520302,-750.7773433730167,-196.92750257901344,54330.04494421751,58291.7447265625,62253.444508907494,13.59266153699365,0.3549580661773093,0.01974691426119402,0.01994317428729575,56711.546484375,58291.7447265625,1,58898.27734375
58898.27734375,58898.27734375,56504.0384273374,56663.65435509824,3171000.0,2022-10-13,0.0,53.826379137146255,-736.0210608469934,-747.8260868678121,11.805026020818786,54328.91611700214,58263.812109375,62198.70810174786,13.507169716207818,0.5806203309572608,0.030263353262770583,0.03072594325386402,56799.33515625,58263.812109375,0,59057.90625
59057.90625,59456.94615709459,58818.482305743244,59057.90625,1436500.0,2022-10-14,0.0,54.58353780156898,-549.0503072222782,-708.0709309387054,159.02062371642717,54391.04383415106,58184.0046875,61976.965540848934,13.03781296499105,0.6152004458111405,0.0027065813564748696,0.002710247454579262,56935.009765625,58184.0046875,0,59137.7109375
59137.7109375,59935.79070723685,58818.47902960527,58898.28700657895,1679700.0,2022-10-17,0.0,54.98099503244422,-389.94008008357923,-644.4447607676801,254.5046806841009,54416.715792163195,58140.110546875,61863.50530158681,12.808351135520631,0.6339638228477619,0.0013503833987453127,0.0013512955769576784,57182.415625,58140.110546875,1,61053.1015625
61053.1015625,61452.14144199346,59616.55799632353,59855.98192401961,3137000.0,2022-10-18,0.0,63.285727834419106,-108.04261488849443,-537.1643315918429,429.1217167033485,54362.79980893327,58168.04296875,61973.28612856673,13.08362105928524,0.8790899125995605,0.03187519506072516,0.03238865006162128,57629.340234375,58168.04296875,0,61132.91015625
61132.91015625,61292.526109660575,60733.870272723565,60733.870272723565,1038000.0,2022-10-19,0.0,63.58714053047457,120.41497489271569,-405.64847029493126,526.063445187647,54391.99023635812,58156.071484375,61920.152732391885,12.944757621835551,0.895426994760455,0.001306346020744521,0.0013071996623841287,58028.379296875,58156.071484375,1,61851.1796875
61851.1796875,61851.1796875,60494.44413306452,61132.9079233871,2290400.0,2022-10-20,0.0,66.27095867762483,355.3315679561347,-253.45246264471808,608.7840306008527,54324.806761060914,58180.0134765625,62035.22019206408,13.252684161218465,0.9761309161679887,0.011680823088027332,0.011749310304616234,58626.9390625,58180.0134765625,0,61452.13671875
61452.13671875,62569.448295454546,61053.09686992694,61851.17656757305,2097600.0,2022-10-21,0.0,63.47199445445683,503.5011796245599,-102.06173419086251,605.5629138154223,54295.8568692405,58191.984765625,62088.112662009495,13.390599795063205,0.9183835900446615,-0.006472564948099625,-0.0064516630202713365,59201.555859375,58191.984765625,-1,59057.90625
59057.90625,61611.761655405404,59057.90625,61611.761655405404,1578600.0,2022-10-24,0.0,49.864047798251896,422.857833087015,2.9221792647129945,419.935653822302,54295.8568692405,58191.984765625,62088.112662009495,13.390599795063205,0.6111259059512079,-0.039740182620142415,-0.03896089862111307,59480.884765625,58191.984765625,1,60654.0546875
60654.0546875,61292.51842105263,59137.7033203125,59137.7033203125,1657600.0,2022-10-25,0.0,56.551720945562934,482.18491177597025,98.77472576696445,383.41018600900577,54294.16344335329,58335.6388671875,62377.11429102172,13.855939533071451,0.7868279003553829,0.026668062578793766,0.027026837537099446,59943.7703125,58335.6388671875,0,60654.0546875
60654.0546875,60973.28655427632,60334.82282072368,60654.0546875,824700.0,2022-10-26,0.0,56.551720945562934,523.171256483547,183.654031910281,339.51722457326605,54365.36446402995,58503.23515625,62641.10584847004,14.145784181570983,0.7598944833261632,0.0,0.0,60294.923828125,58503.23515625,1,62649.26171875
62649.26171875,62649.26171875,60654.06230095541,60654.06230095541,2283600.0,2022-10-27,0.0,63.592227900747886,708.4828138728626,288.61978830279736,419.86302557006525,54210.72024640772,58734.6787109375,63258.63717546728,15.404727032880947,0.9326501932439141,0.032365410024636394,0.032894866493751174,60670.022265625,58734.6787109375,0,62250.21484375
62250.21484375,62729.06265024038,62010.790940504805,62649.254682491985,1438800.0,2022-10-28,0.0,61.44757634707448,813.7632541195053,393.64848146613895,420.11477265336634,54205.51633597067,58962.1314453125,63718.74655465433,16.13447476454816,0.8456326949788111,-0.006389910410683672,-0.00636953834813625,60989.253125,58962.1314453125,0,62649.26171875
62649.26171875,62649.26171875,61691.56599820859,62010.797905055726,1572200.0,2022-10-31,0.0,62.79870121327894,918.8070733541099,498.68019984373313,420.12687351037675,54362.622865823025,59261.4119140625,64160.20096230197,16.532812466039168,0.8457844144059468,0.006389910410683682,0.006410369442123587,61340.408203125,59261.4119140625,1,64006.00390625
64006.00390625,65841.58755942175,62649.26816260131,62649.26816260131,3180100.0,2022-11-01,0.0,67.02954370428253,1098.865772060948,618.7173142871761,480.14845777377195,54470.3376787401,59632.5193359375,64794.700993134895,17.31331063883599,0.9236081622790967,0.021424992940082342,0.02165615603884996,61635.6984375,59632.5193359375,-1,62489.6484375
62489.6484375,64085.80803999042,62489.6484375,64006.0000598659,1830500.0,2022-11-02,0.0,58.958927327610034,1106.4518858248775,716.2642285947164,390.1876572301611,54726.82688401347,59899.87578125,65072.924678486524,17.272319282023645,0.7503139548548897,-0.023975971969827307,-0.023690831737769757,61771.372265625,59899.87578125,1,63846.3828125
63846.3828125,64405.03866210938,62250.2232421875,62250.2232421875,1278300.0,2022-11-03,0.0,63.22538169782411,1208.0158067416196,814.6145442240971,393.40126251752247,55205.5393500199,60298.9158203125,65392.292290605095,16.893758041920968,0.8482431558788459,0.02147901151753504,0.021711345941671567,61970.892578125,60298.9158203125,0,63846.3828125
63846.3828125,64644.46259765625,62250.2232421875,63766.57483398438,2909200.0,2022-11-04,0.0,63.22538169782412,1273.8221173545535,906.4560588501885,367.366058504365,55863.08306731234,60705.9365234375,65548.78997956266,15.955123118001538,0.8242351144334666,0.0,0.0,62210.3171875,60705.9365234375,1,65602.1640625
65602.1640625,65602.1640625,63846.38838199513,63926.19636747263,2638300.0,2022-11-07,0.0,68.18872606439132,1450.9255986911303,1015.349966818377,435.5756318727533,56332.39026292126,61172.8138671875,66013.23747145373,15.82540772041415,0.9575374551318795,0.027128754620992332,0.027500089631643965,62864.74296875,61172.8138671875,0,65761.765625
65761.765625,65761.765625,63527.14252123787,65602.149689017,2301400.0,2022-11-08,0.0,68.60354470917255,1585.8788714056427,1129.45574773583,456.42312366981264,57045.896510342776,61659.6421875,66273.38786465723,14.965204186969967,0.9445545685157418,0.00242991575252283,0.002432870390494113,63375.5140625,61659.6421875,-1,64564.6484375
64564.6484375,65602.15205886897,63846.37669962917,65442.5361171199,2701100.0,2022-11-09,0.0,62.06599315354028,1578.0422710092535,1219.1730523905148,358.8692186187386,57766.03792083788,62030.7486328125,66295.45934478713,13.750311921009814,0.7970775717064126,-0.018371576726371984,-0.01820384802814512,63766.5734375,62030.7486328125,-1,62569.44140625
62569.44140625,64644.44839166135,61452.12995256696,64564.64043068399,2637600.0,2022-11-10,0.0,53.00062322521948,1394.757282211409,1254.2898983546936,140.4673838567153,58209.15780346201,62214.3068359375,66219.455868413,12.875331209708051,0.5443347510208618,-0.031390020720476086,-0.030902468758602586,63758.59140625,62214.3068359375,0,62569.44140625
62569.44140625,64165.6006257972,62569.44140625,62968.4812111368,1564400.0,2022-11-11,0.0,53.00062322521948,1235.2632621309167,1250.4845711099383,-15.221308979021615,58669.59777804462,62389.88359375,66110.16940945538,11.925926452852261,0.5241322604491819,0.0,0.0,63790.5140625,62389.88359375,0,63048.30078125
63048.30078125,65442.540051424054,60733.86948674842,62250.221024525315,2596800.0,2022-11-14,0.0,54.836765191738735,1134.4260938384396,1227.2728756556387,-92.84678181719914,59187.74355411541,62585.4130859375,65983.08261775959,10.857704261396082,0.5681184104247279,0.007624109241504551,0.00765324676451673,63830.41796875,62585.4130859375,-1,61452.13671875
61452.13671875,63367.527993100644,61053.09686992694,63048.296114042205,2089600.0,2022-11-15,0.0,48.09234895957166,915.1653547906171,1164.8513714826345,-249.68601669201735,59241.05911440904,62605.36484375,65969.67057309096,10.747659526424188,0.32860830468788726,-0.025642504639249677,-0.025316527848038173,63575.03125,62605.36484375,-1,59456.9296875
59456.9296875,62888.67193791946,58898.27397231544,60255.009280620805,3542600.0,2022-11-16,0.0,41.26098735111128,573.7888262085326,1046.638862427814,-472.8500362192815,58927.20759366279,62521.5658203125,66115.92404696222,11.497978911724411,0.07368799385515946,-0.03300642743918172,-0.03246765918623029,63271.759375,62521.5658203125,1,60654.0546875
60654.0546875,62489.637921463815,59935.78298725329,61292.51842105263,2599500.0,2022-11-17,0.0,46.19905886324601,395.2868300122136,916.368455944694,-521.0816259324804,58781.499982662965,62461.7095703125,66141.91915796204,11.78389004388925,0.2544087042109186,0.019934307397833032,0.020134322547295636,62952.5265625,62461.7095703125,1,61452.13671875
61452.13671875,62090.60047686688,60414.633111810064,61452.13671875,2229300.0,2022-11-18,0.0,49.2614555948116,314.5948089323356,796.0137265422223,-481.41891760988676,58781.499982662965,62461.7095703125,66141.91915796204,11.78389004388925,0.3628375874365226,0.013072120041348648,0.01315793371707552,62713.101953125,62461.7095703125,1,62170.4140625
62170.4140625,62170.4140625,61372.33429276316,61452.14226973685,1787400.0,2022-11-21,0.0,51.91432930642142,305.0879160329205,697.828564440362,-392.74064840744154,59297.591211212246,62617.3349609375,65937.07871066275,10.603273843564905,0.43268744033715134,0.011620621353264209,0.011688403074369358,62369.926953125,62617.3349609375,1,63447.3359375
63447.3359375,64005.991725628926,61771.36857311321,61851.17654284591,2281200.0,2022-11-22,0.0,56.28973982136377,396.0254239774513,637.4679363477799,-241.4425123703286,59551.982253297094,62756.9990234375,65962.01579357791,10.214053635494745,0.6076963029482453,0.020330978053553782,0.020539060166405054,62138.483984375,62756.9990234375,0,63367.5234375
63367.5234375,63606.947329581235,62489.63583320214,63447.33140152707,773100.0,2022-11-23,0.0,55.947073224585566,456.3928399000506,601.2529170582341,-144.86007715818346,59836.19189430569,62892.6724609375,65949.15302756931,9.719671456258066,0.577679371128111,-0.0012587248991353353,-0.0012579330372297637,62018.771484375,62892.6724609375,1,64804.06640625
64804.06640625,64804.06640625,62968.483244496616,63048.29120805111,2881100.0,2022-11-24,0.0,60.596598697491515,613.084210681016,603.6191757827904,9.465034898225554,59830.26019125575,63000.4126953125,66170.56519936926,10.063910277504029,0.7844742813838468,0.02241687299304028,0.022670019133174346,62242.233984375,63000.4126953125,1,65602.1640625
65602.1640625,66001.20398988746,64644.46823677007,64883.892193202555,2596100.0,2022-11-25,0.0,62.93703143049459,792.5273004161718,641.4008007094667,151.1264997067051,59815.669168944114,63168.01015625,66520.35114355588,10.614046505544996,0.8630528510475631,0.012240329591347547,0.012315549015810445,62545.50625,63168.01015625,0,65203.11328125
65203.11328125,66559.84880852203,65203.11328125001,65442.53719782742,2299200.0,2022-11-28,0.0,60.98649990325419,892.2518548335574,691.5710115342848,200.68084329927262,59833.7945337655,63295.702734375,66757.6109349845,10.938841188437873,0.775485431205134,-0.0061014666584988326,-0.006082890510590744,62760.9875,63295.702734375,1,66240.6171875
66240.6171875,66480.04110504518,64245.4178746235,64883.88165474398,2404200.0,2022-11-29,0.0,64.1015740250979,1042.9793603049184,761.8526812884115,281.12667901650684,59712.59607830963,63407.4333984375,67102.27071856536,11.65427181671388,0.883397636159589,0.015786609972690394,0.015911876811384618,63239.835546875,63407.4333984375,0,66081.0
66081.0,66240.61594202898,65043.49637681159,66240.61594202898,1995600.0,2022-11-30,0.0,63.2646440244737,1136.4519110553592,836.7725272418011,299.67938381355816,59734.26723102023,63587.0009765625,67439.73472210477,12.117991685006011,0.8236661534583248,-0.0024125652076095296,-0.0024096573111357378,63902.242578125,63587.0009765625,0,65761.765625
65761.765625,66160.80546495752,65123.301881067964,65123.301881067964,2216800.0,2022-12-01,0.0,61.53422277112127,1171.268382030139,903.6716981994687,267.5966838306704,59709.549627987355,63682.7701171875,67655.99060638766,12.478164759129433,0.7616259924994772,-0.004842662354058996,-0.004830955569679607,64413.013671875,63682.7701171875,1,67038.703125
67038.703125,67038.703125,65442.54352678572,65681.96746651786,2521800.0,2022-12-02,0.0,65.58871387005652,1287.0624161895248,980.3498417974799,306.71257439204487,59594.4948465381,63842.3861328125,68090.2774190869,13.307432706031474,0.8762239634657439,0.019231511276490858,0.019417627976742846,64971.6703125,63842.3861328125,1,67836.7734375
67836.7734375,68315.62125,67118.50171875,67118.50171875,2066000.0,2022-12-05,0.0,67.86827909552544,1426.7805884945847,1069.6359911369009,357.1445973576838,59404.49789156699,63954.1166015625,68503.735311558,14.227758748791322,0.926701343939802,0.011834317802402274,0.01190462039535456,65538.30625,63954.1166015625,-1,65841.5703125
65841.5703125,67916.57737689394,65841.5703125,67836.76941287878,1395300.0,2022-12-06,0.0,57.59585397154015,1360.8252823119983,1127.8738493719204,232.9514329400779,59401.67789005385,63958.1068359375,68514.53578182115,14.248167030871004,0.7066819760532042,-0.02985302247769933,-0.029411822288957112,65777.7296875,63958.1068359375,0,65841.5703125
65841.5703125,67278.11366477273,65282.914564393934,66240.61013257575,1839600.0,2022-12-07,0.0,57.59585397154015,1293.6429167009992,1161.0276628377362,132.61525386326298,59394.50670914443,64021.9529296875,68649.39915023056,14.455810886072737,0.6966114024982619,0.0,0.0,66025.134375,64021.9529296875,-1,64644.4609375
64644.4609375,67038.70023148147,64644.4609375,66240.62046682098,1597100.0,2022-12-08,0.0,52.107724619787014,1130.7688861886636,1154.9759075079219,-24.207021319258274,59542.54436217985,64125.70390625,68708.86345032015,14.29429780847506,0.5565938220415203,-0.01834898265748949,-0.0181816650076575,66009.173828125,64125.70390625,-1,63846.3828125
63846.3828125,65282.92642578125,63846.3828125,64644.46259765625,2408500.0,2022-12-09,0.0,48.77121090748905,926.6104205600495,1109.3028101183475,-182.69238955829792,59662.44065116173,64189.5509765625,68716.66130196328,14.105443196054626,0.46209854196207123,-0.012422494317219533,-0.012345653648061283,65833.595703125,64189.5509765625,-1,62649.26171875
62649.26171875,65362.73292695063,62569.45374203821,64085.8052995621,3142700.0,2022-12-12,0.0,44.19943550135839,660.6007044486178,1019.5623889844015,-358.9616845357838,59617.86054935912,64169.5990234375,68721.33749751588,14.186588488470658,0.3329937766256078,-0.018928032487790132,-0.01875002217847843,65578.210546875,64169.5990234375,0,62250.21484375
62250.21484375,63367.52639222756,61611.75110176282,62729.06265024038,3610400.0,2022-12-13,0.0,42.760521444513095,412.8275214046371,898.2154154684488,-485.3878940638117,59744.91424196455,64209.5029296875,68674.09161741045,13.90631755119453,0.2805746259083964,-0.006389910410683672,-0.00636953834813625,65179.1703125,64209.5029296875,0,61851.1796875
61851.1796875,63367.53118951613,61851.1796875,63367.53118951613,3522100.0,2022-12-14,0.0,41.31218896856687,182.16678124021564,755.0056886228022,-572.8389073825865,60293.38284346055,64329.2154296875,68365.04801591445,12.54743294868303,0.19299572154649416,-0.006430814624504585,-0.0064101811897612215,64756.18828125,64329.2154296875,0,61930.9921875
61930.9921875,63207.919861469076,61691.5682486308,61851.18420787694,2595300.0,2022-12-15,0.0,41.737259135574064,5.740511524614703,605.1526532031647,-599.41214167855,60567.08800362788,64393.0623046875,68219.03660574711,11.883187921569315,0.17824272676039407,0.0012895639146018603,0.001290395759680818,64373.1109375,64393.0623046875,0,62250.21484375
62250.21484375,62888.67858573718,61930.98297275641,62010.790940504805,3002000.0,2022-12-16,0.0,43.49992193154909,-107.08556210184906,462.705010142162,-569.7905722440111,60721.19879456546,64432.9662109375,68144.73362730954,11.521330258863568,0.20596873102019828,0.005141250709902759,0.0051544896177915245,63894.262109375,64432.9662109375,-1,61452.13671875
61452.13671875,62649.256265219155,61452.13671875,62649.256265219155,2422700.0,2022-12-19,0.0,40.223536670061435,-257.9260620986388,318.5787956940018,-576.5048577926407,60580.683484057,64397.05234375,68213.421203443,11.852619710980889,0.11417308791832848,-0.012903379572604227,-0.012820487881097353,63255.7984375,64397.05234375,1,62808.86328125
62808.86328125,63606.942865509845,61372.32002958227,61691.55186328621,3030300.0,2022-12-20,0.0,47.46735218790219,-264.9377130978464,201.87549393563216,-466.8132070334786,60504.880847961016,64365.1287109375,68225.37657391398,11.994842363518845,0.2984241576022111,0.021837591495812166,0.02207777686737522,62952.527734375,64365.1287109375,1,63606.94921875
63606.94921875,64325.22091632685,63447.333285955145,63606.94921875,2305500.0,2022-12-21,0.0,51.212650408782835,-203.74696358898655,120.75100243070841,-324.49796601969496,60528.410734324,64377.1,68225.789265676,11.956702820338275,0.39994635470853906,0.012626530255616173,0.012706581456923827,62729.065625,64377.1,-1,62550.89453125
62550.89453125,64581.76773031656,62550.89453125,64419.29787439124,1587300.0,2022-12-22,0.0,46.48948374983384,-237.727269232033,49.05534809816014,-286.78261733019315,60337.26671591795,64264.44140625,68191.61609658205,12.221921188130375,0.28183465084728465,-0.016742190953092758,-0.016602819353403242,62519.708984375,64264.44140625,-1,61901.0234375
61901.0234375,63525.72221538714,61901.0234375,62632.137887549216,1561800.0,2022-12-23,0.0,43.8117225692519,-313.4824418813514,-23.452209897742165,-290.03023198360927,60069.68165669832,64079.384375,68089.08709330168,12.51479787894477,0.22836378523061057,-0.010443824592195729,-0.01038947721883221,62325.173046875,64079.384375,0,61738.54296875
61738.54296875,63038.30176809211,61657.30804379112,62063.48266858553,1657600.0,2022-12-26,0.0,43.142635834540414,-382.22374055950786,-95.20651603009532,-287.01722452941254,59802.607717238556,63906.155859375,68009.70400151145,12.842418971863278,0.23588552935844576,-0.002628293951626297,-0.002624843011102329,62234.101171875,63906.155859375,0,62225.953125
62225.953125,63363.24208550914,61738.543570496084,62388.42297650131,1586800.0,2022-12-27,0.0,45.815901012062014,-392.8433354291774,-154.73387990991174,-238.10945551926565,59690.889712456854,63705.42265625,67719.95560004313,12.603426133612764,0.3157357839674229,0.007863746206898803,0.007894746665737085,62231.675,63705.42265625,0,62550.89453125
62550.89453125,63363.24381087662,62225.954819399354,62307.18974736201,1188500.0,2022-12-28,0.0,47.5852125607072,-370.76543193187536,-197.94019031430446,-172.8252416175709,59645.89792994083,63528.9173828125,67411.93683568416,12.224415629416029,0.3740641318653189,0.005208372336923371,0.005221959486860106,62301.646484375,63528.9173828125,0,62550.89453125
62550.89453125,63525.71366680195,62550.89453125,62875.83424310065,1329700.0,2022-12-29,0.0,47.5852125607072,-349.2426821042827,-228.20068867230015,-121.04199343198258,59610.570071293856,63368.373828125,67126.17758495614,11.86018680871783,0.39122911283100686,0.0,0.0,62363.63671875,63368.373828125,-1,61819.7890625
61819.7890625,63363.25291557162,61819.7890625,63363.25291557162,1199300.0,2022-12-30,0.0,43.848961019007746,-386.7219590102395,-259.90494273988804,-126.81701627035147,59715.79391139378,63107.428125,66499.0623386062,10.74876385990009,0.3101742432402681,-0.011757013295572865,-0.011688169677329663,62320.594140625,63107.428125,0,61819.7890625
61819.7890625,61819.7890625,61819.7890625,61819.7890625,0.0,2023-01-02,0.0,43.84896101900775,-411.67897699627065,-290.25974959116456,-121.41922740510608,60206.12470475875,62806.57890625,65407.03310774124,8.280833781355565,0.3102658675580371,0.0,0.0,62357.359375,62806.57890625,1,63769.4296875
63769.4296875,63769.4296875,61901.02601512739,62144.7308419586,1496000.0,2023-01-03,0.0,54.82013134850674,-271.0138104383659,-286.4105617606048,15.396751322238913,60472.916874063594,62702.971875,64933.02687593641,7.113075933249484,0.7391102040201222,0.03105039244024936,0.03153748426784353,62453.416015625,62702.971875,1,64419.30078125
64419.30078125,64419.30078125,63850.65625985183,63931.891191480136,1089800.0,2023-01-04,0.0,57.78126312203977,-105.87601365723094,-250.30365213993008,144.42763848269914,60761.52026741005,62631.8583984375,64502.19652946495,5.972481669405834,0.9778393684971254,0.010139372766477731,0.010190950380686736,62534.651171875,62631.8583984375,1,65962.7578125
65962.7578125,66125.22765932881,64175.58949738301,64419.29426762623,2469800.0,2023-01-05,0.0,63.842522892970095,147.83679273718008,-170.67556316450805,318.5123559016881,60470.0196398899,62697.7732421875,64925.526844485095,7.106324474052,1.2327975066329495,0.02367701741390243,0.02395954337491424,62875.8375,62697.7732421875,-1,64825.4765625
64825.4765625,65962.765625,64663.00669642857,65800.29575892857,1269700.0,2023-01-06,0.0,57.313170420318514,254.20659213181352,-85.69913210524373,339.90572423705726,60374.360900290674,62746.7279296875,65119.09495908432,7.561723480004384,0.9381169960326553,-0.017391624273832385,-0.017241262914336253,63168.2828125,62746.7279296875,1,65556.59375
65556.59375,65556.59375,64663.00944857497,64906.714258054526,948300.0,2023-01-09,0.0,60.13575772756466,392.9705514337984,10.03480460256469,382.9357468312337,60208.93800172448,62892.09453125,65575.25106077552,8.532571699269166,0.9965232533826821,0.011215113381512945,0.011278238530111118,63550.087890625,62892.09453125,0,65800.3046875
65800.3046875,66206.47940779322,65475.36491126543,65719.06974344136,1196000.0,2023-01-10,0.0,61.06007549086352,516.6517846312636,111.35820060830447,405.2935840229591,60109.786353193515,63069.5990234375,66029.41169368148,9.385861702225437,0.9612970428019357,0.0037106725271184907,0.0037175655957566445,63907.523046875,63069.5990234375,-1,64500.53125
64500.53125,66287.69962216624,64500.53125,65800.2900661209,1534700.0,2023-01-11,0.0,53.88417592742502,503.9796357445957,189.8824876355627,314.097148109033,60234.72149621139,63202.0666015625,66169.41170691363,9.390025563745601,0.7187923214755044,-0.019951008627753137,-0.01975330423883148,64102.48671875,63202.0666015625,0,64987.95703125
64987.95703125,65150.42692382813,64419.312407226564,64906.722084960944,684900.0,2023-01-12,0.0,55.973742933283575,527.1909245998249,257.3441750284152,269.84674957140976,60348.573357188,63354.91484375,66361.256330312,9.490475976414567,0.7715995828816375,0.007528516085613006,0.007556926614461057,64346.19296875,63354.91484375,0,65475.34765625
65475.34765625,65881.52226950217,65069.17304299783,65150.40796564826,1449000.0,2023-01-13,0.0,58.02198636514757,578.2486973542109,321.52507949357437,256.7236178606365,60414.83993587837,63516.171484375,66617.50303287162,9.765486413990033,0.8158604846400114,0.0074717238477817775,0.007499706826691543,64711.748828125,63516.171484375,-1,64500.53125
64500.53125,65637.8202141058,64500.53125,65475.35036209068,654700.0,2023-01-16,0.0,52.73731303828579,533.8983649981965,363.9997365944988,169.89862840369767,60697.47369307028,63668.5912109375,66639.70872880472,9.333071335044139,0.6400045663053576,-0.015000239933394725,-0.014888296758160835,64979.823046875,63668.5912109375,1,65719.0546875
65719.0546875,65800.28961294808,64500.53080577873,65150.41020936341,1671400.0,2023-01-17,0.0,57.899233381551284,590.270790616727,409.2539473989445,181.01684321778254,60737.10226583975,63814.10078125,66891.09929666025,9.643631980204416,0.8095474204341656,0.018715448924261333,0.018891680640227282,65174.785546875,63814.10078125,0,66043.9921875
66043.9921875,66206.4620329797,65556.58265106089,65719.0524965406,1297900.0,2023-01-18,0.0,59.17956122375653,653.631428458968,458.12944361094924,195.50198484801876,60704.360057158025,63935.9529296875,67167.54580221696,10.108844005448264,0.8261610204262021,0.004932159151051168,0.004944342269454616,65337.2546875,63935.9529296875,0,66043.9921875
66043.9921875,66206.4620329797,64987.93819188192,65637.81757380074,2627700.0,2023-01-19,0.0,59.17956122375653,695.8241626264426,505.66838741404797,190.1557752123946,60817.21664615799,64110.6078125,67403.998978842,10.27409122675601,0.7935248619658236,0.0,0.0,65345.378125,64110.6078125,0,66043.9921875
66043.9921875,66043.9921875,66043.9921875,66043.9921875,0.0,2023-01-20,0.0,59.17956122375653,720.951527998368,548.7250155309121,172.2265124674559,61089.00309136462,64317.75625,67546.50940863538,10.040005581305955,0.7673223768876758,0.0,0.0,65467.2296875,64317.75625,0,66043.9921875
66043.9921875,66043.9921875,66043.9921875,66043.9921875,0.0,2023-01-23,0.0,59.17956122375653,732.422238440784,585.4644601128865,146.95777832789747,61457.87436238951,64533.0287109375,67608.18305948548,9.530482018200354,0.7456727866807633,0.0,0.0,65515.96953125,64533.0287109375,0,66043.9921875
66043.9921875,66043.9921875,66043.9921875,66043.9921875,0.0,2023-01-24,0.0,59.17956122375653,733.0625701157187,614.9840821134529,118.07848800226577,61780.59673182069,64723.9306640625,67667.26459630432,9.095040743179336,0.7242459662794803,0.0,0.0,65540.33828125,64723.9306640625,0,66043.9921875
66043.9921875,66043.9921875,66043.9921875,66043.9921875,0.0,2023-01-25,0.0,59.17956122375652,725.2102650733868,637.0293187054397,88.18094636794717,62086.556522782594,64898.585546875,67710.61457096742,8.665917755823314,0.7036619520658535,0.0,0.0,65694.684375,64898.585546875,0,66043.9921875
66043.9921875,66043.9921875,66043.9921875,66043.9921875,0.0,2023-01-26,0.0,59.17956122375652,710.7936697829718,651.7821889209462,59.01148086202568,62447.422218986074,65073.2404296875,67699.05864038893,8.070347176082802,0.684847479893359,0.0,0.0,65800.287890625,65073.2404296875,-1,64987.95703125
64987.95703125,66531.4210107422,64663.017246093754,66125.24627929687,2331800.0,2023-01-27,0.0,50.75276954953575,607.1562830052135,642.8570077377997,-35.700724732586195,63095.67430113179,65231.648828125,67367.62335511821,6.548890194761634,0.4429553597677869,-0.0161190919896995,-0.01598987464676427,65751.548828125,65231.648828125,0,64500.53125
64500.53125,64987.94080604534,64500.53125,64987.94080604534,1614000.0,2023-01-30,0.0,47.397980923966244,480.1567719769955,610.3169605856389,-130.16018860864335,63899.88161195112,65365.6859375,66831.49026304888,4.484935190461929,0.2048873876204332,-0.00752851608561296,-0.007500247792304293,65751.548828125,65365.6859375,-1,62632.1328125
62632.1328125,64581.77118798638,62469.66294787613,64338.06639105058,4817500.0,2023-01-31,0.0,37.23718111429867,226.1378293255184,533.4811343336148,-307.3433050080964,63527.906338484674,65308.82109375,67089.73584901533,5.453826069556043,-0.2514925330750092,-0.02939501007709267,-0.028967179049397385,65442.856640625,65308.82109375,0,62713.3671875
62713.3671875,63200.776777040155,62469.66239272992,63119.54184545013,1810400.0,2023-02-01,0.0,37.8608987898396,31.023304976632062,432.9895684622183,-401.96626348558624,63127.6640024776,65223.5244140625,67319.3848256474,6.426700888715003,-0.0988369293793534,0.001296167574793693,0.0012970079630401088,65109.794140625,65223.5244140625,0,62307.1875
62307.1875,62957.06690026076,62307.18750000001,62875.83197522817,1494400.0,2023-02-02,0.0,35.9378061170696,-154.5995402252156,315.47174672473153,-470.07128694994714,62606.110213100284,65040.7458984375,67475.38158377471,7.486493740828089,-0.06138961876320353,-0.006497829379341514,-0.0064767641368324025,64736.113671875,65040.7458984375,0,61738.54296875
61738.54296875,62632.1271432977,61657.30804379112,62550.89221833882,1855200.0,2023-02-03,0.0,33.381447341618454,-343.63068308734364,183.6512607623165,-527.2819438496601,62038.05206284075,64886.39921875,67734.74637465924,8.779489046099417,-0.05257594627631294,-0.009168368994284061,-0.009126467652708636,64305.56875,64886.39921875,1,62875.83984375
62875.83984375,62957.07477894864,61657.31581577035,61657.31581577035,1910700.0,2023-02-06,0.0,42.23208567313876,-397.09144962504797,67.5027186848436,-464.5941683098916,61786.91122699716,64752.3615234375,67717.81181987785,9.159357980687654,0.18360257429705762,0.018253566360567706,0.018421181004800502,63988.753515625,64752.3615234375,-1,61819.7890625
61819.7890625,63038.31315703022,61819.7890625,63038.31315703022,1274400.0,2023-02-07,0.0,37.27936789822055,-518.6947740534524,-49.7367798628156,-468.95799419063684,61358.58430404711,64553.3357421875,67748.08718032789,9.898021229761254,0.07218163406185855,-0.016938461112318528,-0.016795811934669058,63566.333203125,64553.3357421875,0,61576.08203125
61576.08203125,62225.96152498351,61494.84709453331,61901.02177811675,1550000.0,2023-02-08,0.0,36.223618546955414,-627.4979991149885,-165.2890237132502,-462.20897540173826,60945.61966530393,64407.11328125,67868.60689719608,10.748792919286986,0.09106796601353204,-0.003950008147938436,-0.003942217127328118,63119.5421875,64407.11328125,-1,60926.19921875
60926.19921875,61738.54854166666,60926.19921874999,61576.07867708333,1593600.0,2023-02-09,0.0,33.49917350946326,-757.4342203271226,-283.71806303602466,-473.71615729109794,60424.05894201051,64204.025390625,67983.99183923949,11.774858120240033,0.06642126108335496,-0.01061023358392487,-0.010554143606768984,62607.762890625,64204.025390625,1,61657.31640625
61657.31640625,61657.31640625,60926.20198246047,60926.20198246047,1236100.0,2023-02-10,0.0,39.052799240926554,-792.2816354326205,-385.43077751534383,-406.8508579172767,60119.55846455624,64013.123828125,67906.68919169376,12.164897229583634,0.19747426819673092,0.011928616226882509,0.012000045905949053,62274.698828125,64013.123828125,0,61169.90234375
61169.90234375,61657.311924178284,60195.083182893424,61657.311924178284,1569000.0,2023-02-13,0.0,36.84373205010548,-849.4369242140601,-478.2320068550871,-371.20491735897303,59760.64776200195,63846.5923828125,67932.53700362305,12.799256681741038,0.17245150296095904,-0.007936622289005128,-0.00790521045853676,61941.6359375,63846.5923828125,0,60682.48828125
60682.48828125,61494.83752196285,60438.78350903615,61169.89782567771,1073500.0,2023-02-14,0.0,34.72818115289664,-923.4185494791236,-567.2693153798944,-356.14923409922926,59376.05707711891,63594.7640625,67813.47104788109,13.267466426119631,0.15483786959585166,-0.008000116528113868,-0.007968200762540567,61746.671484375,63594.7640625,1,61738.54296875
61738.54296875,61738.54296875,60438.784169407896,60682.488944284545,1443500.0,2023-02-15,0.0,42.43995092575799,-886.6143942083945,-631.1383311455944,-255.4760630628001,59248.528551434865,63379.4916015625,67510.45465169013,13.035645902927351,0.30138425194074314,0.017253259073850623,0.01740295623022936,61649.1890625,63379.4916015625,0,62144.7265625
62144.7265625,62144.72656249999,61413.61213235294,61738.55187908496,691300.0,2023-02-16,0.0,45.12542027828172,-815.2732520395002,-667.9653153243755,-147.3079367151247,59218.27774071541,63184.5283203125,67150.7788999096,12.554499289732052,0.3689188016559797,0.006557544869848957,0.006579092641619377,61632.94296875,63184.5283203125,0,61738.54296875
61738.54296875,62063.48266858553,61169.89849403783,61819.77789370889,777000.0,2023-02-17,0.0,42.966608385959816,-782.4904415562924,-690.8703405707589,-91.62010098553344,59193.69935759445,62969.255859375,66744.81236115555,11.991745655093162,0.33701569688539995,-0.006557544869848829,-0.006536091092805618,61632.94296875,62969.255859375,1,62957.078125
62957.078125,62957.078125,61332.37933467742,61738.554032258064,1385300.0,2023-02-20,0.0,50.601573039758534,-650.6835497497232,-682.8329824065518,32.149432656828594,59327.18368657888,62814.91015625,66302.63662592112,11.104772612093267,0.5203811809765296,0.01954477527232522,0.01973702484146389,61641.066796875,62814.91015625,0,62713.3671875
62713.3671875,63038.306913860106,62307.192529549866,62957.07198227008,888300.0,2023-02-21,0.0,49.18343556327202,-559.4421731234979,-658.1548205499411,98.71264742644314,59509.193369242676,62648.37890625,65787.56444325732,10.02160180937785,0.5103511373386294,-0.003878576898699632,-0.0038710649343687287,61730.424609375,62648.37890625,-1,61332.37109375
61332.37109375,62307.19023696192,61332.37109374999,61982.250522557944,1295600.0,2023-02-22,0.0,42.00037402170085,-591.7462852610915,-644.8731134921711,53.12682823107957,59663.61515731945,62412.7978515625,65161.98054580555,8.809676184623163,0.303500371205781,-0.022266837570668666,-0.022020761373266806,61706.053515625,62412.7978515625,0,61494.8515625
61494.8515625,62469.67087392668,60438.79730845443,61332.38167726222,2327900.0,2023-02-23,0.0,43.054145015256026,-597.3508225026671,-635.3686552942703,38.017832791603155,60007.80744402577,62185.3408203125,64362.87419659923,7.003365576394657,0.34145150992129303,0.0026456767483807723,0.0026491796396006517,61762.91875,62185.3408203125,-1,60682.48828125
60682.48828125,61738.54229417671,60520.01843310743,61494.83752196285,1681000.0,2023-02-24,0.0,39.21763567575567,-659.7383334041515,-640.2425909162466,-19.495742487904863,60134.747236152434,61970.0673828125,63805.387529472566,5.923247219734652,0.14922220684340837,-0.013298296625188277,-0.013210264934526372,61665.4359375,61970.0673828125,0,61088.6640625
61088.6640625,61657.308541805185,60113.84495511968,60682.48943442487,1112500.0,2023-02-27,0.0,42.00051179846149,-668.6975649975793,-645.9335857325133,-22.76397926506604,60363.72864664527,61799.4740234375,63235.219400229726,4.646464713430149,0.2524596030649929,0.006671157820443244,0.0066934595589993595,61657.312109375,61799.4740234375,0,61332.37109375
61332.37109375,61657.31080815397,61007.431379346024,61332.37109374999,1034300.0,2023-02-28,0.0,43.66705829163946,-648.655404180492,-646.4779494221091,-2.1774547583829644,60340.37213109075,61734.4859375,63128.59974390925,4.5164830815005175,0.35578119881557296,0.0039814620563642395,0.003989398605945382,61722.300390625,61734.4859375,1,62469.66796875
62469.66796875,62550.90290759102,60926.20413077048,61007.43906961151,1635500.0,2023-03-01,0.0,50.77536626996067,-534.8362351166143,-624.1496065610102,89.3133714443959,60360.32154617378,61722.3009765625,63084.28040695123,4.413249048851572,0.7743679440056558,0.018373346311180462,0.01854317474962075,61795.412890625,61722.3009765625,0,62144.7265625
62144.7265625,62469.66630923202,61819.78681576797,62469.66630923202,1088800.0,2023-03-02,0.0,48.87765532234761,-465.48792440996476,-592.4172701308011,126.9293457208363,60365.008648876086,61714.1779296875,63063.34721049892,4.37231549077283,0.6595606418467951,-0.005215162244288491,-0.0052015868951400535,61795.412890625,61714.1779296875,0,61738.54296875
61738.54296875,62388.42236842105,60926.19371916119,60926.19371916119,704200.0,2023-03-03,0.0,46.53628189521288,-438.25260669780255,-561.5843374442014,123.33173074639888,60365.008648876086,61714.1779296875,63063.34721049892,4.37231549077283,0.509029644911513,-0.006557544869848829,-0.006536091092805618,61795.412890625,61714.1779296875,-1,60926.19921875
60926.19921875,62225.958135416666,60926.19921874999,61738.54854166666,891800.0,2023-03-06,0.0,42.18406166890234,-476.7224135421493,-544.611952663791,67.88953912164175,60341.208670803,61616.6958984375,62892.18312607201,4.140070184019229,0.2293204256666357,-0.013245136483614183,-0.013157805658147503,61592.325,61616.6958984375,1,61576.08203125
61576.08203125,61901.02177811675,61332.37722109994,61657.31696796669,1170900.0,2023-03-07,0.0,46.49519870817785,-449.5873379809709,-525.6070297272271,76.01969174625617,60332.54113153647,61604.510546875,62876.479962213525,4.129468456277025,0.48882500031754655,0.010610233583924916,0.01066672171961125,61478.596484375,61604.510546875,0,62144.7265625
62144.7265625,62144.72656249999,60926.202512254895,61088.672385620914,1244400.0,2023-03-08,0.0,50.0078615221301,-377.8422040600344,-496.05406459378855,118.21186053375413,60338.42707433689,61632.9427734375,62927.45847253811,4.200726562284211,0.6976738441326258,0.009192447769538096,0.009234828077587132,61559.83203125,61632.9427734375,0,62144.7265625
62144.7265625,62632.136182598035,61901.02175245098,61901.02175245098,1389700.0,2023-03-09,0.0,50.0078615221301,-317.3257349873893,-460.3083986725087,142.9826636851194,60424.96098978142,61693.869140625,62962.77729146858,4.113563206584526,0.6776556567846409,0.0,0.0,61624.81953125,61693.869140625,0,62469.66796875
62469.66796875,62713.37278527308,61819.78845802178,62144.72821338589,1427700.0,2023-03-10,0.0,52.09227011786316,-240.37504749472282,-416.32172843695156,175.94668094222874,60419.340981871406,61734.48671875,63049.63245562859,4.260651725736811,0.7795056203219362,0.005215162244288471,0.005228784874018233,61803.5375,61734.48671875,0,62469.66796875
62469.66796875,62632.13784643205,62225.96315222691,62388.43302990897,1824500.0,2023-03-13,0.0,52.09227011786316,-177.34673054184532,-368.5267288579303,191.179998316085,60473.388086225146,61799.475,63125.56191377485,4.291579867870568,0.7526957176744258,0.0,0.0,61941.637890625,61799.475,0,62225.953125
62225.953125,62469.65790225196,61413.603867493475,61982.24834774804,1735100.0,2023-03-14,0.0,50.26909453540354,-145.38616513098532,-323.89861611254133,178.51245098155601,60648.21184075349,61876.6482421875,63105.08464362151,3.970597749981105,0.6421745897487015,-0.003908960907238683,-0.0039013308646352884,62030.99609375,61876.6482421875,0,62632.1328125
62632.1328125,62794.60267712386,62144.7232186284,62225.958150940336,1960200.0,2023-03-15,0.0,53.20839547163274,-86.28721527768357,-276.3763359455698,190.08912066788622,60649.79532340201,61921.327734375,63192.86014534799,4.106928767508043,0.7795072591115008,0.006506284591932977,0.006527496440015268,62047.242578125,61921.327734375,0,62063.49609375
62063.49609375,62632.140691467604,61657.32138109457,62550.905748936515,1529200.0,2023-03-16,0.0,48.85500032091634,-84.36262283958786,-237.9735933243734,153.61097048478555,60648.22184778924,61917.2662109375,63186.310574085765,4.099161480498601,0.5576141729394429,-0.00912045859928692,-0.009078993373135003,62039.11953125,61917.2662109375,-1,60520.01171875
60520.01171875,62063.47510486577,60520.01171875,62063.47510486577,2432800.0,2023-03-17,0.0,39.425701893995175,-205.02031254946633,-231.382937169392,26.36262461992567,60442.432275787556,61856.3396484375,63270.24702108744,4.571584353959284,0.02743441489276794,-0.02518390897106432,-0.024869439721353914,61917.26640625,61856.3396484375,0,60357.55859375
60357.55859375,60926.20315654441,60195.08871866588,60926.20315654441,1609600.0,2023-03-20,0.0,38.581664217315534,-310.17550035577733,-247.14144980666907,-63.03405054910826,60261.49571346424,61726.363671875,63191.23163028576,4.74632837987251,0.032788921258807474,-0.0026878968924917506,-0.002684287732047319,61860.40234375,61726.363671875,0,60438.79296875
60438.79296875,61007.437526251684,60276.32309517809,60438.79296875,1350200.0,2023-03-21,0.0,39.281665294394514,-382.54704492932797,-274.2225688312009,-108.32447609812709,60117.54058786571,61612.6349609375,63107.729334009295,4.853207054104028,0.10743548590322428,0.0013449808077005757,0.001345885700029248,61746.6734375,61612.6349609375,0,60438.79296875
60438.79296875,60682.49777910786,60438.79296875,60601.262842321914,900200.0,2023-03-22,0.0,39.281665294394514,-434.8888870319206,-306.3558324713448,-128.5330545605758,59986.674614312426,61567.9560546875,63149.237495062574,5.136702732085201,0.1429594830159815,0.0,0.0,61576.080078125,61567.9560546875,1,61169.90234375
61169.90234375,61169.90234375,60113.84825282204,60357.55304303618,1285000.0,2023-03-23,0.0,45.736967793787244,-412.61933868459164,-327.6085337139942,-85.01080497059746,59960.617269484304,61551.70859375,63142.7999180157,5.1699338998601165,0.38001749359792136,0.012024110310574028,0.012096690537450439,61478.59765625,61551.70859375,0,60926.19921875
60926.19921875,61332.37388020833,60763.729354166666,60926.19921874999,932300.0,2023-03-24,0.0,44.05560532832541,-409.91017728785664,-344.0688624287667,-65.84131485908995,59997.28779261452,61563.894140625,63130.50048863548,5.089367298410387,0.29647250801554387,-0.003991993937877373,-0.003984036522250545,61324.25078125,61563.894140625,0,60601.265625
60601.265625,60926.20538706435,60357.56080345175,60926.20538706435,1371500.0,2023-03-27,0.0,41.846717919384545,-429.03690244952304,-361.062470432918,-67.97443201660502,59927.291666905876,61539.52421875,63151.75677059412,5.239665312046409,0.20901884077554816,-0.005347505084205091,-0.0053332326308974665,61137.410546875,61539.52421875,0,60438.79296875
60438.79296875,61169.90739982359,60438.79296875,60520.02790553596,1650000.0,2023-03-28,0.0,40.7466125934395,-452.0937006964232,-379.26871648561905,-72.82498421080413,59810.52640719934,61494.8453125,63179.164217800666,5.477918992206309,0.18650463388300934,-0.0026846112884914715,-0.0026810109421704365,60958.69453125,61494.8453125,0,60844.95703125
60844.95703125,60844.95703125001,60438.782418224306,60682.487186039725,907400.0,2023-03-29,0.0,44.66307350710925,-432.60552680784167,-389.9360785500636,-42.66944825777807,59771.05017026148,61413.609765625,63056.16936098852,5.3491713046410405,0.3269004254152653,0.00669777411865224,0.006720254368911771,60779.976953125,61413.609765625,0,60926.19921875
60926.19921875,61251.13894791666,60601.25948958333,60682.494421874995,838700.0,2023-03-30,0.0,45.439893898658646,-405.9261787263895,-393.1340985853288,-12.792080141060694,59734.08709678517,61352.6833984375,62971.27970008982,5.276366776464566,0.3682549258106774,0.001334342254044306,0.0013352328847611172,60666.247265625,61352.6833984375,0,60438.79296875
60438.79296875,61251.14233660955,60438.79296875,60926.20258946573,1076100.0,2023-03-31,0.0,41.661281249973435,-419.27902648335294,-398.36308416493364,-20.915942318419297,59630.421849503706,61287.6958984375,62944.9699473713,5.408178671556315,0.24388577126588037,-0.00803211637269661,-0.007999945118027374,60658.125390625,61287.6958984375,0,60438.79296875
60438.79296875,60844.96765267977,60276.32309517809,60601.262842321914,850600.0,2023-04-03,0.0,41.66128124997344,-424.962550777469,-403.6829774874407,-21.27957329002828,59569.7323867859,61263.3255859375,62956.918785089096,5.528897371971422,0.25657300182814063,0.0,0.0,60666.248828125,61263.3255859375,0,60276.32421875
60276.32421875,60520.0290336506,60276.32421875,60438.7940953504,1819000.0,2023-04-04,0.0,40.36370119931322,-437.5330464406361,-410.4529912780798,-27.080055162556278,59456.22091113134,61198.3376953125,62940.45447949365,5.693346746947974,0.23537552564368697,-0.002691773025359103,-0.0026881534527667394,60650.001953125,61198.3376953125,0,60520.01171875
60520.01171875,60763.716463926175,60195.0720585151,60276.306973573825,963400.0,2023-04-05,0.0,43.220259160634775,-422.9561351061857,-412.95362004370105,-10.002515062484633,59409.61990096905,61117.101953125,62824.58400528094,5.5875753188216715,0.32515475532492855,0.004034689110150381,0.004042839425901779,60658.123828125,61117.101953125,0,60357.55859375
60357.55859375,60601.26340637617,60357.55859375,60438.79353129206,905600.0,2023-04-06,0.0,41.783395411066735,-419.67468878880754,-414.2978337927224,-5.3768549960851715,59360.10757509082,61027.7435546875,62695.37953428418,5.465173321056168,0.29906137516306636,-0.0026878968924917506,-0.002684287732047319,60576.889453125,61027.7435546875,0,60682.48828125
60682.48828125,60682.48828125,60357.54858496486,60438.78350903615,794400.0,2023-04-07,0.0,45.67370626774177,-386.4008205767459,-408.7184311495271,22.317610572781177,59410.389600059585,60938.3845703125,62466.37954056541,5.014885054886437,0.41626402768192966,0.005368974590160534,0.005383413363138301,60552.518359375,60938.3845703125,0,60438.79296875
60438.79296875,60682.49777910786,60438.79296875,60682.49777910786,832700.0,2023-04-10,0.0,43.33478018472952,-375.36820436414564,-402.0483857924508,26.68018142830516,59476.60158074731,60836.8408203125,62197.08005987769,4.471761587958815,0.35368461665253154,-0.00402399378246012,-0.004015908368333987,60536.27109375,60836.8408203125,0,60438.79296875
60438.79296875,60520.02790553596,60195.08815839214,60357.55803196405,782800.0,2023-04-11,0.0,43.33478018472952,-362.4467163985537,-394.1280519136714,31.681335515117723,59545.92213676936,60747.4828125,61949.043488230636,3.955919225293045,0.37154629392215577,0.0,0.0,60536.27109375,60747.4828125,0,60357.55859375
60357.55859375,60438.79353129206,60113.85378112382,60438.79353129206,979100.0,2023-04-12,0.0,42.493511167636285,-354.6728316232402,-386.23700785558515,31.56417623234495,59813.067078330336,60633.7541015625,61454.44112479467,2.707030219034445,0.3317290879507614,-0.001344980807700479,-0.0013440767263833697,60487.53125,60633.7541015625,-1,59707.6796875
59707.6796875,60438.79413265306,59707.6796875,60357.55919430272,889600.0,2023-04-13,0.0,36.40469365144883,-396.3825174787926,-388.26610978022666,-8.116407698565922,59911.55626221285,60515.96328125,61120.37030028715,1.9975126768722071,-0.16865834470092245,-0.01082553555500511,-0.01076715031872233,60365.679296875,60515.96328125,0,59139.03125
59139.03125,59870.14564732143,59139.03125,59788.91071428572,1294000.0,2023-04-14,0.0,32.07398159491194,-469.90613511515403,-404.59411484721215,-65.31202026794188,59584.142428706014,60446.9142578125,61309.68608691899,2.8546430854242617,-0.2579541680023237,-0.009569516439060288,-0.009523874323641657,60235.703125,60446.9142578125,-1,58245.44921875
58245.44921875,59220.26845253661,58245.44921875,59139.033516387724,1365400.0,2023-04-17,0.0,26.699049425855065,-593.4379504557146,-442.36288196891263,-151.07506848680197,59031.33121423318,60341.3087890625,61651.28636389183,4.341893144574193,-0.2999600949602398,-0.015225169274021809,-0.015109852365902565,60016.36875,60341.3087890625,1,59301.49609375
59301.49609375,59301.49609375,58326.67697988014,58326.67697988014,931800.0,2023-04-18,0.0,39.584556951437094,-599.2162550620778,-473.7335565875457,-125.48269847453213,58895.90203774495,60284.4439453125,61672.985852880054,4.606634205093371,0.1460503474164387,0.017968570528465542,0.018130976568381252,59918.8859375,60284.4439453125,-1,58489.15625
58489.15625,59382.74058159722,58489.15625,59382.74058159722,816300.0,2023-04-19,0.0,34.55285303306435,-661.7167803370103,-511.33020133743867,-150.3865789995716,58586.47461066601,60186.962109375,61787.449608083996,5.318386051120178,-0.030402724402567898,-0.01379316111430131,-0.013698471324665507,59715.800390625,60186.962109375,0,58407.9140625
58407.9140625,58976.55856658554,58326.67913334492,58570.383920810156,822300.0,2023-04-20,0.0,34.08619753949863,-709.6243546368933,-550.9890319973297,-158.63532263956358,58333.003383530624,60048.8626953125,61764.72200709437,5.7148769677391975,0.02182891057996569,-0.0013899783863373226,-0.001389012813806878,59520.8359375,60048.8626953125,-1,57595.5703125
57595.5703125,58489.15461918194,57514.33537552891,58489.15461918194,1107600.0,2023-04-21,0.0,29.758417142715942,-803.8742421409333,-601.5660740260505,-202.30816811488285,57899.29305521769,59882.33125,61865.369444782315,6.623116212705268,-0.07658015451160599,-0.014005734974036675,-0.013908110964735765,59212.144140625,59882.33125,0,57270.62890625
57270.62890625,57758.03851396277,57026.92410239362,57676.80357934398,1134600.0,2023-04-24,0.0,28.215224767932554,-894.477038351899,-660.1482668912203,-234.3287714606787,57448.013211454396,59715.7994140625,61983.58561667061,7.595263648347187,-0.03910957413013449,-0.005657752676510168,-0.005641777735456821,58895.327734375,59715.7994140625,0,56783.21875
56783.21875,58001.74275751073,56701.98381616595,57270.62835300429,1370200.0,2023-04-25,0.0,26.034347892493585,-994.1503864419428,-726.9486908013648,-267.201695640578,56944.06821159339,59533.020703125,62121.97319465662,8.697534447116388,-0.031064583479133445,-0.008547070238658102,-0.008510647875857535,58529.7703125,59533.020703125,1,57676.796875
57676.796875,57676.796875,56864.44762323944,56864.44762323944,941600.0,2023-04-26,0.0,35.827436014932246,-989.630106325123,-779.4849739061165,-210.1451324190066,56736.42215519051,59374.6126953125,62012.80323543449,8.88659452369033,0.1782234272900565,0.015614121221876828,0.015736658552840455,58261.694140625,59374.6126953125,-1,56458.28125
56458.28125,57676.8053057554,56458.28125,57676.8053057554,1369100.0,2023-04-27,0.0,29.995318041563905,-1072.014265990576,-837.9908323230084,-234.0234336675676,56316.85292657928,59151.216796875,61985.58066717072,9.583450768321166,0.02494886505273618,-0.021352978298187036,-0.0211266174791368,57936.754296875,59151.216796875,0,56864.453125
56864.453125,57026.92299107143,56620.748325892855,56701.98325892857,1116700.0,2023-04-28,0.0,33.860205407268424,-1091.9423980248685,-888.7811454633804,-203.16125256148803,56031.23875986248,58972.4998046875,61913.76084951252,9.975025832604201,0.14164236911298908,0.007168440058428615,0.007194194828592959,57709.296484375,58972.4998046875,0,56864.453125
56864.453125,56864.453125,56864.453125,56864.453125,0.0,2023-05-01,0.0,33.860205407268424,-1095.111818871963,-930.047280145097,-165.06453872686586,55793.87479880822,58793.7828125,61793.690826191785,10.204847758338083,0.17843519223016008,0.0,0.0,57571.196875,58793.7828125,0,56864.453125
56864.453125,56864.453125,56864.453125,56864.453125,0.0,2023-05-02,0.0,33.860205407268424,-1085.1150765855346,-961.0608394331846,-124.05423715234997,55590.39588729496,58623.1892578125,61655.982628330035,10.346736194033896,0.21004682516297288,0.0,0.0,57327.492578125,58623.1892578125,0,56864.453125
56864.453125,56864.453125,56864.453125,56864.453125,0.0,2023-05-03,0.0,33.860205407268424,-1064.916887311716,-981.832049008891,-83.084838302825,55448.60563716678,58440.411328125,61432.217019083226,10.23882489176933,0.23662089622199844,0.0,0.0,57165.022265625,58440.411328125,-1,55727.1640625
55727.1640625,56864.453125,55564.69419642857,56864.453125,2657800.0,2023-05-04,0.0,28.031680712019067,-1127.6802039796821,-1011.0016800030493,-116.67852397663285,55126.479335351665,58208.8916015625,61291.303867773335,10.590863977654209,0.0974374410803179,-0.020202707317519466,-0.020000000000000018,56896.947265625,58208.8916015625,0,55889.62890625
55889.62890625,56214.56860919332,55727.15905477834,55727.15905477834,712200.0,2023-05-05,0.0,29.888341274274694,-1151.0425277482645,-1039.0098495520924,-112.03267819617213,54952.00923870636,57969.2486328125,60986.48802691864,10.40979300324511,0.15537707570953416,0.002911120346042156,0.0029153617716448643,56726.353125,57969.2486328125,1,57189.3828125
57189.3828125,57189.3828125,56052.09394975142,56052.09394975142,1227700.0,2023-05-08,0.0,42.638079133864295,-1052.5449766097008,-1041.7168749636141,-10.82810164608668,55007.36681211948,57806.778125,60606.189437880515,9.68540854094009,0.38972765279984634,0.02298943244788489,0.023255726181868663,56718.228515625,57806.778125,0,57433.09765625
57433.09765625,57676.802455357145,57270.62779017857,57514.33258928572,871300.0,2023-05-09,0.0,44.669866542813445,-943.9380760554486,-1022.161115181981,78.2230391265324,55144.00801788662,57656.493359375,60168.97870086339,8.71535952014276,0.45554288428352296,0.004252485376760307,0.004261540023067445,56783.21640625,57656.493359375,0,57270.62890625
57270.62890625,57758.03851396277,57270.62890625,57514.33371010639,951600.0,2023-05-10,0.0,43.56213063714794,-861.0505405664444,-989.9390002588738,128.88845969242936,55332.429525509586,57502.146875,59671.86422449041,7.546561189122255,0.4466478966017455,-0.0028328435966284687,-0.0028288348814548003,56742.599609375,57502.146875,0,56864.453125
56864.453125,57595.56752232143,56864.453125,57270.62779017857,447300.0,2023-05-11,0.0,40.83572355120752,-818.6991088093419,-955.6910219689674,136.9919131596256,55440.58158200424,57359.985546875,59279.389511745765,6.692484130081278,0.37091502598089915,-0.007117487256539563,-0.007092217931025213,56783.216796875,57359.985546875,0,56539.51171875
56539.51171875,57189.39116379311,56458.27678811961,57189.39116379311,1214100.0,2023-05-12,0.0,38.74647777592235,-802.1091350388524,-924.9746445829445,122.8655095440921,55472.629426559026,57230.0095703125,58987.38971406597,6.141463742354833,0.30354340123369417,-0.005730704318492908,-0.0057143151545959725,56750.72265625,57230.0095703125,0,56052.09765625
56052.09765625,56783.21197350544,56052.09765625001,56783.21197350544,1537800.0,2023-05-15,0.0,35.7886538133654,-818.8524809732044,-903.7502118609966,84.89773088779225,55356.03817244412,57120.3419921875,58884.64581193089,6.177497396583142,0.19726179698095392,-0.008658142645877926,-0.00862076886911567,56669.487109375,57120.3419921875,1,56620.75
56620.75,56620.75,56052.10545193688,56052.10545193688,1380300.0,2023-05-16,0.0,41.408308043945084,-777.2762547141028,-878.455420431618,101.17916571751516,55541.2778756816,56986.3046875,58431.3314993184,5.071488034686941,0.37351283570995103,0.010093952248515623,0.010145068026487847,56645.116796875,56986.3046875,-1,56052.09765625
56052.09765625,56620.742125226454,55889.62780797102,56620.742125226454,1869200.0,2023-05-17,0.0,37.841716834179195,-781.2070193434338,-859.0057402139812,77.79872087054741,55547.701048759416,56864.4517578125,58181.20246686559,4.63119108106825,0.1915307901574287,-0.010093952248515699,-0.010043179289394799,56563.88125,56864.4517578125,0,56214.57421875
56214.57421875,56864.453689486996,55645.92968185513,56052.104351065755,2496400.0,2023-05-18,0.0,39.446562320103524,-762.4229408411265,-839.6891803394103,77.26623949828377,55627.58684364154,56754.784765625,57881.98268760846,3.972168784141624,0.26037458181060785,0.0028944774655225718,0.002898670510003365,56612.622265625,56754.784765625,0,55727.1640625
55727.1640625,56458.27845982143,55727.1640625,56377.04352678572,1203800.0,2023-05-19,0.0,36.409604813994775,-777.8992115633519,-827.3311865841987,49.431975020846835,55517.983606163434,56661.364453125,57804.74530008657,4.035839440144328,0.09147453225775296,-0.008708337818671126,-0.008670530072029337,56596.37578125,56661.364453125,0,55402.2265625
55402.2265625,56052.10605296921,55402.2265625,55808.401244043256,1698000.0,2023-05-22,0.0,34.50251872695847,-807.0804867837433,-823.2810466241076,16.20055984036435,55332.54987061141,56567.9443359375,57803.33880126359,4.367825204994228,0.028200179717577,-0.005847929592654255,-0.005830863735243552,56417.66015625,56567.9443359375,-1,54427.41015625
54427.41015625,55564.699323694025,54427.41015625,55239.75956156716,2935700.0,2023-05-23,0.0,29.50890342552583,-898.5089429474829,-838.3266258887827,-60.182317058700164,54893.67344003665,56450.15390625,58006.634372463355,5.514530460973729,-0.14978128344937894,-0.01775189347262416,-0.01759525684676766,56117.09140625,56450.15390625,0,54427.41015625
54427.41015625,54427.41015625,54427.41015625,54427.41015625,0.0,2023-05-24,0.0,29.50890342552583,-959.9015061191021,-862.6416019348467,-97.25990418425545,54597.6884350897,56287.6845703125,57977.6807055353,6.004852209231372,-0.050378304213474806,0.0,0.0,55832.76953125,56287.6845703125,0,54508.63671875
54508.63671875,54833.57643093331,53615.0525102459,53777.52236633756,1305500.0,2023-05-25,0.0,30.48122738811199,-990.5824323234265,-888.2297680125627,-102.35266431086382,54325.7275176118,56190.20234375,58054.67716988821,6.636298672612233,0.049051131872092,0.0014912708856865203,0.0014923833830566835,55597.187890625,56190.20234375,0,54508.63671875
54508.63671875,55239.75107116245,54508.63671875,54752.34150288748,904500.0,2023-05-26,0.0,30.48122738811199,-1003.3315063316841,-911.250115676387,-92.08139065529701,54093.160172129625,56072.4115234375,58051.66287474537,7.059626285131588,0.10495800504211647,0.0,0.0,55394.100390625,56072.4115234375,0,54508.63671875
54508.63671875,54996.04628702496,54508.63671875,54671.10657484166,1043600.0,2023-05-29,0.0,30.48122738811199,-1001.8861197987644,-929.3773165008625,-72.50880329790186,53895.06588283121,55954.620703125,58014.175523418795,7.361518296124451,0.14895715080583938,0.0,0.0,55239.754296875,55954.620703125,0,54021.23046875
54021.23046875,54752.34486607143,54021.23046875,54508.64006696428,1770500.0,2023-05-30,0.0,27.625397540163135,-1028.2175990701362,-949.1453730147174,-79.07222605541881,53628.57622161754,55812.4595703125,57996.34291900746,7.825791464874269,0.08989817321678353,-0.008982034890439233,-0.008941816918204837,54979.80234375,55812.4595703125,0,53696.296875
53696.296875,54264.941471255675,53696.296875,54264.941471255675,1466600.0,2023-05-31,0.0,25.884294727171195,-1063.0507245070185,-971.9264433131776,-91.12428119384083,53335.97682164283,55654.0517578125,57972.12669398217,8.330300716494627,0.07771967328039796,-0.0060330864872863025,-0.006014923964717256,54744.222265625,55654.0517578125,0,53696.296875
53696.296875,54021.236644288954,53615.06193267776,53696.296875,1214500.0,2023-06-01,0.0,25.884294727171195,-1078.2270965785647,-993.1865739662551,-85.04052261230959,53075.44617872805,55552.5083984375,58029.57061814695,8.91791312803841,0.125319963974254,0.0,0.0,54492.39453125,55552.5083984375,0,53533.82421875
53533.82421875,53858.763971215856,53208.884466284144,53777.529033099396,2969700.0,2023-06-02,0.0,24.971616741352307,-1090.790709992696,-1012.7074011715433,-78.08330882115274,52805.76313108511,55434.7181640625,58063.67319703989,9.484868400329324,0.13846967303208996,-0.0030303571221561064,-0.003025770224494684,54273.060546875,55434.7181640625,0,54021.23046875
54021.23046875,54589.875,53777.525669642855,54021.23046875,3323000.0,2023-06-05,0.0,32.64436057559797,-1049.3219232374831,-1020.0303055847313,-29.291617652751825,52711.51193332209,55276.310546875,57841.10916042791,9.279919691376408,0.25532580384812603,0.009063443609442353,0.009104640983770507,54134.9609375,55276.310546875,0,53939.99609375
53939.99609375,54346.17076313065,53615.056358245485,54346.17076313065,3423000.0,2023-06-06,0.0,32.05596766015097,-1011.3542834920809,-1018.2951011662013,6.940817674120467,52683.725540090454,55101.65546875,57519.58539740955,8.776251486784597,0.25978224984294657,-0.0015048808339297374,-0.0015037490685627652,54086.21953125,55101.65546875,0,53777.52734375
53777.52734375,54183.702021572884,53615.05747262084,54021.23215044373,3719000.0,2023-06-07,0.0,30.858008953011336,-983.0426223412142,-1011.244605401204,28.201983059989857,52669.42316074715,54927.000390625,57184.577620502845,8.220282243059362,0.24541888718969884,-0.003016572754679234,-0.0030120274706291195,54021.23125,54927.000390625,-1,53208.8828125
53208.8828125,54021.23216841603,53208.8828125,54021.23216841603,5036500.0,2023-06-08,0.0,27.04801668812695,-995.0203134214098,-1007.9997470052452,12.97943358383543,52556.256888946016,54744.221875,56932.18686105399,7.993409755827264,0.1491399377306764,-0.010630319969066703,-0.010574017797716495,53891.255859375,54744.221875,0,53452.5859375
53452.5859375,54021.23046875,53208.881138392855,53290.11607142857,2080200.0,2023-06-09,0.0,30.981065689312786,-973.6245763654733,-1001.1247128772909,27.500136511817573,52501.91720568264,54589.8755859375,56677.83396619236,7.649617654716629,0.22765509619528848,0.004569664227138785,0.004580121064724718,53785.65078125,54589.8755859375,1,55158.515625
55158.515625,55239.75055228277,53615.05200662739,53615.05200662739,5450300.0,2023-06-12,0.0,50.92586332758304,-809.6805386280175,-962.8358780274363,153.15533939941872,52552.932915479694,54545.196484375,56537.46005327031,7.305000980117514,0.6539252010127046,0.03141612541476064,0.03191482053823691,53850.638671875,54545.196484375,0,54914.8125
54914.8125,55483.457008136094,54833.57757026627,55320.98714866864,4943400.0,2023-06-13,0.0,48.75819104640582,-691.4479316983634,-908.5582887616217,217.11035706325833,52710.52531083653,54459.899609375,56209.27390791348,6.424449222588461,0.6300216000100884,-0.004428021344485754,-0.004418232112278653,53939.996875,54459.899609375,0,54508.63671875
54508.63671875,55402.2209272541,54508.63671875,54996.04628702496,4910200.0,2023-06-14,0.0,45.29746862614491,-623.3372856657516,-851.5140881424477,228.17680247669614,52800.945975219285,54382.7265625,55964.507149780715,5.8172169262710085,0.5398001332367013,-0.007423959849298735,-0.00739647032847468,54021.230859375,54382.7265625,-1,53858.7578125
53858.7578125,54752.342029600295,53777.5228836727,54671.107100773,4687800.0,2023-06-15,0.0,40.36132592340887,-614.7128770428608,-804.1538459225303,189.44096887966953,52925.177276667004,54264.9357421875,55604.694207708,4.937842262951112,0.3484137476490205,-0.011994137165905252,-0.011922494220561797,54037.476953125,54264.9357421875,0,53696.296875
53696.296875,54102.471586611195,53615.06193267776,54021.236644288954,5993000.0,2023-06-16,0.0,39.21099489860784,-613.9104336540695,-766.1051634688382,152.19472981476872,52993.14337943312,54163.3923828125,55333.64138619188,4.321180605189463,0.3004290085000523,-0.003020984211820338,-0.0030164256306389747,54053.72421875,54163.3923828125,0,53452.5859375
53452.5859375,54102.46540178572,53290.11607142857,53858.76060267857,3279400.0,2023-06-19,0.0,37.485052566089394,-625.7269367408735,-738.0295181232453,112.30258138237184,53011.04456147829,54065.9103515625,55120.77614164672,3.9021475204060065,0.20928793983662222,-0.004549022843250588,-0.004538691710293086,53996.859765625,54065.9103515625,0,53208.8828125
53208.8828125,53533.82255486641,53208.8828125,53533.82255486641,2963000.0,2023-06-20,0.0,35.78862920472119,-647.2947945810665,-719.8825734148096,72.58777883374307,52898.53424558489,54004.983984375,55111.433723165115,4.097583804895628,0.14024521676622828,-0.004569664227138786,-0.0045592391972383295,53923.7484375,54004.983984375,1,53858.7578125
53858.7578125,53858.7578125,53208.878381881594,53290.1133107089,3490900.0,2023-06-21,0.0,43.17406498739377,-604.9742297027915,-696.900904672406,91.92667496961451,52886.70663517725,53976.5513671875,55066.39609919775,4.03821550063967,0.44595856123916483,0.012139671282209625,0.012213656172599174,53931.871484375,53976.5513671875,0,53858.7578125
53858.7578125,53858.7578125,53858.7578125,53858.7578125,0.0,2023-06-22,0.0,43.17406498739377,-564.9227987616614,-670.5052834902572,105.58248472859577,52882.627335423225,53944.057421875,55005.48750832677,3.9352994089812325,0.4598185455340996,0.0,0.0,53996.858984375,53944.057421875,1,56133.33984375
56133.33984375,56458.279582353476,54427.40621608176,54427.40621608176,11958000.0,2023-06-23,0.0,61.26068067879634,-345.65746662816673,-605.5357201178391,259.8782534896724,52596.73162291456,54025.292578125,55453.853533335445,5.288489472387871,1.2378219522017033,0.04136490526978722,0.04223235224192434,54264.934375,54025.292578125,1,57351.859375
57351.859375,57433.094303293205,55483.456024256375,56295.805307188384,10737800.0,2023-06-26,0.0,67.27054968431074,-72.72543506626971,-498.9736631075252,426.2482280412555,52109.24985651464,54167.4537109375,56225.657565360365,7.599411504208368,1.273588499802764,0.02147533546284627,0.021707590081791128,54484.26875,54167.4537109375,0,57270.62890625
57270.62890625,57514.33371010639,56539.51449468085,57514.33371010639,5978900.0,2023-06-27,0.0,66.52958251352867,135.45905865106033,-372.08711875580815,507.5461774068685,51850.43513287922,54329.9236328125,56809.412132745776,9.127524333333664,1.0930064353024092,-0.0014173568130774843,-0.001416352837296353,54719.850390625,54329.9236328125,0,57351.859375
57351.859375,57595.56415987961,56620.745020361195,57270.6244467068,6154700.0,2023-06-28,0.0,66.92195496481384,303.50279843073804,-236.96913531849893,540.471933749237,51711.769349025955,54512.7017578125,57313.63416659905,10.276256059479312,1.0068236577721474,0.0014173568130774132,0.0014183617379681657,55004.17265625,54512.7017578125,1,58407.9140625
58407.9140625,58814.08870827538,56945.68533770862,57351.859983484006,7698400.0,2023-06-29,0.0,71.58562318300439,515.9459565380967,-86.38611694717981,602.3320734852765,51482.47889268466,54748.2826171875,58014.08634169034,11.930250843987508,1.060295681252188,0.018246130837469485,0.01841360853873808,55459.08828125,54748.2826171875,-1,57676.796875
57676.796875,58489.14612676056,57514.327024647886,58407.91120158451,3645000.0,2023-06-30,0.0,64.77650896422168,618.1875616759135,54.52861877743884,563.6589428984746,51494.24566735126,54955.43125,58416.616832648746,12.59633671839758,0.8931262222173907,-0.012596436667328077,-0.012517433625821028,55857.13828125,54955.43125,0,57433.09765625
57433.09765625,58001.7421875,57108.157924107145,57758.037388392855,3186200.0,2023-07-03,0.0,62.63779313361396,671.8061173488386,177.98411849171882,493.82199885711975,51525.20205381447,55126.024609375,58726.847164935534,13.063965998187207,0.8203536152194343,-0.004234207386590302,-0.004225255769285452,56255.189453125,55126.024609375,0,57351.859375
57351.859375,57839.268944759206,56945.684733534,57270.6244467068,4781600.0,2023-07-04,0.0,61.90404694208658,699.6785004418853,282.3229948817521,417.35550556013317,51610.11976825549,55296.6177734375,58983.11577861951,13.333538844225187,0.7787525720444581,-0.0014154867835510444,-0.0014144854546455088,56669.487109375,55296.6177734375,-1,56701.98828125
56701.98828125,57514.337683560174,56539.518400787965,57514.337683560174,6659200.0,2023-07-05,0.0,56.229575750035686,661.7007247262663,358.198540850655,303.50218387561137,51778.11342275573,55442.8408203125,59107.56821786927,13.219839904791217,0.6717927862488432,-0.011395987776653868,-0.011331299470183964,56953.81015625,55442.8408203125,1,57270.62890625
57270.62890625,57433.09877548759,56701.98436391844,56783.21929853724,7631000.0,2023-07-06,0.0,59.70975496826083,669.7669534422239,420.51222336896876,249.25473007325513,52052.98388129307,55645.928125,59238.87236870693,12.913592655462356,0.7260960191764285,0.009978630963576382,0.010028583515968803,57294.997265625,55645.928125,0,57595.5703125
57595.5703125,57839.27512341326,57189.39562764457,57433.10043855783,5780500.0,2023-07-07,0.0,61.58918528322192,694.3752282516871,475.28482434551245,219.09040390617463,52315.279386394526,55853.07734375,59390.87530110548,12.6682293102024,0.7462680161153861,0.0056577526765101424,0.005673787986193002,57441.2203125,55853.07734375,1,58570.38671875
58570.38671875,59057.79631696428,57839.27232142857,58001.7421875,6171100.0,2023-07-10,0.0,66.61976631868993,783.5052397462496,536.9289074256599,246.5763323205897,52302.596368317325,56023.6708984375,59744.745428557675,13.28393684471667,0.8422016677841511,0.016783562308494544,0.016925197562258187,57563.073046875,56023.6708984375,0,59139.03125
59139.03125,59626.44084821428,58245.446986607145,58570.38671875,5702300.0,2023-07-11,0.0,69.15734278456671,889.7695676010117,607.4970394607303,282.27252814028134,52305.12809117438,56234.8818359375,60164.63558070062,13.976214109342248,0.8695078117722563,0.00966191091173689,0.009708737864077666,57749.91328125,56234.8818359375,0,59707.6796875
59707.6796875,59707.6796875,58976.56524234694,59220.27005739796,4195800.0,2023-07-12,0.0,71.49130971256875,1008.2475395088622,687.6471394703567,320.60040003850554,52363.23606048118,56494.833984375,60626.43190826882,14.626462748917948,0.888813936194577,0.009569516439060184,0.00961545066736269,57985.4953125,56494.833984375,0,59382.7421875
59382.7421875,59951.38677753077,59220.27230463406,59626.447011798904,3783500.0,2023-07-13,0.0,68.31026657295025,1063.6612207528087,762.8499557268472,300.8112650259616,52642.86608825425,56771.033203125,60899.20031799575,14.543216432578538,0.8163279140235065,-0.005457001515982655,-0.005442139130186763,58082.978125,56771.033203125,0,59545.203125
59545.203125,59626.43805422919,58570.38397424966,59463.9681957708,5209700.0,2023-07-14,0.0,69.05172458456049,1107.9148495535774,831.8629344921933,276.0519150613841,53024.7213393768,57063.478515625,61102.2356918732,14.155313630739538,0.80723865053957,0.0027320919087304033,0.0027358274730229226,58269.81875,57063.478515625,-1,58732.84765625
58732.84765625,59788.90162517289,58651.61273556363,59301.49210105463,3922800.0,2023-07-17,0.0,61.32512738970672,1065.157400542179,878.5218277021904,186.63557283998853,53604.61502028414,57327.4916015625,61050.36818284086,12.988102138335636,0.6887459903659942,-0.013736584889784673,-0.013642668529397217,58399.79375,57327.4916015625,0,58814.09765625
58814.09765625,58976.56753927831,58651.627773221684,58895.33259776416,2930000.0,2023-07-18,0.0,61.785703655258814,1026.0009102849071,908.0176442187338,117.98326606617331,54379.25309260498,57607.75234375,60836.25159489502,11.208558292225353,0.6868275657911581,0.0013824266164255852,0.0013833826085793977,58546.017578125,57607.75234375,0,58976.5625
58976.5625,59301.502238292014,58814.092630854,58895.327565427004,2945100.0,2023-07-19,0.0,62.74118542751884,996.5905888122943,925.732233137446,70.85835567484833,55109.91514341894,57863.642578125,60617.37001283106,9.517988539999344,0.702075177784216,0.0027585369936436416,0.002762345257756982,58773.475,57863.642578125,0,58976.5625
58976.5625,59139.03236914601,58732.857696281,58976.5625,2600700.0,2023-07-20,0.0,62.741185427518836,962.191156446992,933.0240177993553,29.167138647636648,56072.238693157255,58119.5328125,60166.82693184275,7.045115541267487,0.7093079053475558,0.0,0.0,58944.068359375,58119.5328125,1,59707.6796875
59707.6796875,59707.6796875,58895.3303039966,58976.56524234694,3341800.0,2023-07-21,0.0,67.04203182740767,982.5976314434374,942.9387405281718,39.6588909152656,56359.84756115461,58298.2498046875,60236.652048220385,6.64995004147459,0.863554542798018,0.012320530886967527,0.012396741290237046,59155.279296875,58298.2498046875,0,59788.91796875
59788.91796875,60113.85774031929,59545.21314007303,59707.683025857674,2535300.0,2023-07-24,0.0,67.4910727831881,993.868463276056,953.1246850777487,40.74377819830727,56426.57956514549,58420.102734375,60413.625903604516,6.8247848802789,0.8433156071378989,0.0013596754277346206,0.0013606002054540323,59277.132421875,58420.102734375,1,60520.01171875
60520.01171875,60682.48154886745,59382.722907927855,59788.89748322147,4245900.0,2023-07-25,0.0,71.28301254919515,1049.6936196887837,972.4384719999558,77.25514768882783,56458.150333784,58582.571875,60706.993416216006,7.252742490544692,0.9559923268903169,0.012153757019762136,0.012227914048923205,59415.23046875,58582.571875,0,60926.19921875
60926.19921875,61088.66908333333,60357.55469270833,60438.789625,3189700.0,2023-07-26,0.0,73.15644076775564,1113.871379047021,1000.7250534093689,113.14632563765213,56477.40098600983,58761.2888671875,61045.176748365164,7.77344379337805,0.9739528523716728,0.006689200287905394,0.006711622956843577,59537.082421875,58761.2888671875,0,61494.8515625
61494.8515625,61576.086505118896,60763.73707892999,60926.20696416777,4178200.0,2023-07-27,0.0,75.56024950572609,1196.8219885408325,1039.9444404356618,156.87754810517072,56334.419570010024,58915.6357421875,61496.851914364976,8.762414729674736,0.9996125175631284,0.00929017403495189,0.009333461647727415,59748.293359375,58915.6357421875,1,62875.83984375
62875.83984375,63119.54464934593,61413.61101017442,61576.0808805717,5473600.0,2023-07-28,0.0,80.19790767425077,1358.3370926195785,1103.6229708724452,254.71412174713328,56116.70237623087,59175.587890625,62234.47340501913,10.338335869338248,1.1048366203496016,0.022208528809230143,0.022456973976861194,60081.35703125,59175.587890625,0,63363.24609375
63363.24609375,63688.18581730769,62713.36664663461,62794.60157752404,3364900.0,2023-07-31,0.0,81.53005813446735,1508.2820506001444,1184.5547868179851,323.7272637821593,56002.328634826954,59472.0953125,62941.86199017305,11.668553661817134,1.0607222535002767,0.007721993047515367,0.00775188452689024,60544.396875,59472.0953125,-1,61738.54296875
61738.54296875,63363.24146792763,61738.54296875,63363.24146792763,5730800.0,2023-08-01,0.0,65.67082228585178,1478.9659473017164,1243.4370189147314,235.52892838698494,56231.407627688575,59691.4294921875,63151.45135668642,11.593027320452343,0.7958237775267591,-0.02597555940808326,-0.02564109677392712,60836.84140625,59691.4294921875,0,61819.7890625
61819.7890625,62144.72882104139,61169.90954541721,61738.55412286465,2678900.0,2023-08-02,0.0,66.02671184377095,1445.6243473835566,1283.8744846084965,161.74986277506014,56665.81217050659,59947.31953125,63228.82689199341,10.947970272575038,0.7853063128320696,0.0013151052482491504,0.0013159703783602872,61121.1640625,59947.31953125,-1,60938.4453125
60938.4453125,62197.504099948346,60938.4453125,62197.504099948346,2917600.0,2023-08-03,0.0,58.894062400690096,1332.7210357965814,1293.6437948461135,39.07724095046797,57077.00185872918,60130.7103515625,63184.41884439582,10.156901440143955,0.6322547588994097,-0.014359263115984613,-0.014256660583376601,61317.35234375,60130.7103515625,0,61274.1875
61274.1875,61274.18750000001,60434.81506849315,60854.50128424658,3165200.0,2023-08-04,0.0,60.6384718512552,1255.8591737464303,1286.086870626177,-30.227696879746645,57467.72643925019,60314.6412109375,63161.55598262481,9.44021124731834,0.6685238874386453,0.005494407974085997,0.005509529916266631,61474.003125,60314.6412109375,1,62869.0
62869.0,62869.0,60686.631508678234,61190.255006675565,4317900.0,2023-08-07,0.0,67.65921158978736,1308.54949067298,1290.5793946355375,17.970096037442545,57589.582296085326,60529.571875,63469.56145391468,9.714225585424813,0.8978633362815558,0.02569452699868599,0.026027476904528557,61782.011328125,60529.571875,0,62533.25
62533.25,62868.99899328859,62029.626510067115,62701.1244966443,3430500.0,2023-08-08,0.0,65.02947502639498,1308.1353573171727,1294.0905871718646,14.04477014530812,57705.89023999745,60699.2828125,63692.675385002556,9.863024516283463,0.8063358953227364,-0.0053547811505027946,-0.0053404698659116345,61983.33515625,60699.2828125,-1,61358.12890625
61358.12890625,62533.25039009063,61106.31715971272,62533.25039009063,3705000.0,2023-08-09,0.0,56.720012828341815,1199.1615147897755,1275.1047726954469,-75.94325790567132,57812.6126495662,60781.8052734375,63750.9978973088,9.770004725966498,0.5970505632034535,-0.018970752391649612,-0.018791940187820044,62026.528125,60781.8052734375,0,61358.12890625
61358.12890625,62113.564145861834,61190.25440855848,61358.12890625,2733200.0,2023-08-10,0.0,56.720012828341815,1100.1174898490572,1240.107316126169,-139.9898262771119,57976.63312251631,60880.574609375,63784.51609623369,9.53979657876459,0.5822251927313438,0.0,0.0,62012.855859375,60880.574609375,0,61693.87109375
61693.87109375,61693.87109375,60770.56145833334,61358.12213541667,2181300.0,2023-08-11,0.0,58.478069482110406,1036.7647959228561,1199.4388120855065,-162.67401616265033,58133.51728085209,60988.0080078125,63842.49873477292,9.360826235199413,0.6236408090715941,0.005456929113641906,0.005471845271112885,61894.658984375,60988.0080078125,0,61609.9375
61609.9375,61693.874744550405,60854.50229904632,61609.9375,3066500.0,2023-08-14,0.0,57.845468773716526,968.6189536482198,1153.274840398049,-184.65588674982928,58472.58982509997,61131.8625,63791.13517490004,8.700119924859269,0.5898883000063107,-0.0013614114222597225,-0.0013604851221356018,61719.328125,61131.8625,0,61106.31640625
61106.31640625,61609.9398931147,61022.37915843922,61190.25365406078,2219700.0,2023-08-15,0.0,54.06613906991769,864.0150417817931,1095.4228806747979,-231.40783889300474,58820.44664893038,61246.4734375,63672.50022606961,7.9221762573654,0.47111387394600174,-0.008207941574832095,-0.008174348395500353,61656.10546875,61246.4734375,0,61358.12890625
61358.12890625,61693.87790163304,60854.505413175444,61106.31715971272,2083900.0,2023-08-16,0.0,55.627201639140004,792.3016915527478,1034.7986428503878,-242.49695129763995,59187.527218212505,61365.5517578125,63543.576297412495,7.098525075422986,0.4982959669582366,0.004112423883449954,0.004120891502048529,61609.939453125,61365.5517578125,0,61777.8125
61777.8125,62533.24770720109,61190.25178328804,61358.126273777176,4580900.0,2023-08-17,0.0,58.17825143884219,760.5659723100252,979.9521087423153,-219.38613643229007,59636.004339634805,61505.6142578125,63375.224175990195,6.079477266386998,0.5727954637865879,0.00681661607568901,0.006839902083572991,61693.876171875,61505.6142578125,0,61526.0
61526.0,62785.05866302865,60518.75306957708,61693.87448840382,7106200.0,2023-08-18,0.0,56.09442383837299,706.9467794866869,925.3510428911896,-218.40426340450279,59929.141622338044,61596.5302734375,63263.918924536956,5.413904464091187,0.47885007991658296,-0.0040844292640674915,-0.004076099327731897,61719.057421875,61596.5302734375,0,61190.25
61190.25,61945.68518518518,61022.37551440329,61022.37551440329,3055200.0,2023-08-21,0.0,53.350554183468596,630.097591041209,866.3003525211936,-236.2027614799847,60215.260417649915,61666.596875,63117.93333235009,4.707042486200395,0.3358937127956747,-0.005471986599486545,-0.005457042551116564,61551.182421875,61666.596875,0,61022.37890625
61022.37890625,61442.06514356946,59679.38294682771,61442.06514356946,3075100.0,2023-08-22,0.0,51.98144920293434,549.3160873042507,802.9034994778051,-253.5874121735544,60308.12464880783,61691.715234375,63075.305819942165,4.485498839870871,0.2581161887385126,-0.0027471988914846983,-0.00274342879380296,61400.0953125,61691.715234375,1,61693.87109375
61693.87109375,61777.808333333334,60099.06354166667,60770.56145833334,3072800.0,2023-08-23,0.0,56.76135778444882,533.3320513302388,748.9892098482919,-215.65715851805317,60394.1538491602,61730.098828125,63066.04380708981,4.328342265203479,0.4864411577776672,0.01094392779299169,0.011004031627997124,61433.66953125,61730.098828125,1,62701.1171875
62701.1171875,62868.99166457497,61274.18413236279,61693.87032505021,4419900.0,2023-08-24,0.0,62.75104264843588,595.0812038283111,718.2076086442958,-123.12640481598464,60391.740617320545,61790.412109375,63189.083601429455,4.527147317220254,0.8255607493605595,0.01619467346007517,0.01632651794891249,61567.968359375,61790.412109375,0,62869.0
62869.0,63204.74899866489,62365.37650200267,63204.74899866489,2751400.0,2023-08-25,0.0,63.65476441319931,650.0709783914426,704.5802825937251,-54.509304202282465,60392.51319923637,61790.0701171875,63187.62703513863,4.523564758222812,0.8860057035795917,0.0026739309684354097,0.0026775091103714566,61685.48125,61790.0701171875,1,65387.1171875
65387.1171875,65554.99168605584,62952.93695844031,62952.93695844031,5466800.0,2023-08-28,0.0,73.8880367359923,886.6213639791749,740.9884988708151,145.63286510835985,59863.21832708754,61891.263671875,63919.30901666246,6.553575495046992,1.3618775523461892,0.039272057727439476,0.04005339972800592,62063.19921875,61891.263671875,0,64967.42578125
64967.42578125,65135.30026647286,63960.17886991279,65051.36302386143,4199900.0,2023-08-29,0.0,70.33361617172312,1028.3692591521394,798.46465092708,229.9046082250594,59605.162828919354,62052.7078125,64500.25279608064,7.888600094539648,1.0954370580118833,-0.006439251703287519,-0.006418564149976547,62449.31015625,62052.7078125,0,65303.1796875
65303.1796875,65890.74043018959,64211.99545107648,64631.68169585476,2659700.0,2023-08-30,0.0,71.5142051093726,1154.489781975375,869.669677136739,284.8201048386361,59385.10699578066,62226.87734375,65068.647691719336,9.133578509077353,1.0412651212206954,0.005154726171575884,0.005168034629854379,62843.815234375,62226.87734375,0,65303.1796875
65303.1796875,66226.48942601221,64715.61894481041,65051.367940633034,3836000.0,2023-08-31,0.0,71.5142051093726,1240.1455786947117,943.7648574483336,296.38072124637813,59359.991440075246,62445.1140625,65530.23668492475,9.881069700143128,0.9632013010156638,0.0,0.0,63196.351953125,62445.1140625,0,65303.1796875
65303.1796875,65303.1796875,65303.1796875,65303.1796875,0.0,2023-09-01,0.0,71.5142051093726,1293.1221079911193,1013.6363075568908,279.4858004342285,59363.55337874372,62646.563671875,65929.57396500629,10.481054668303159,0.9046006223591756,0.0,0.0,63574.069921875,62646.563671875,0,65303.1796875
65303.1796875,65303.1796875,65303.1796875,65303.1796875,0.0,2023-09-04,0.0,71.5142051093726,1319.8915015083476,1074.8873463471823,245.00415516116527,59276.68538412283,62768.27265625,66259.85992837718,11.125325341510754,0.8630021010051483,0.0,0.0,63985.362890625,62768.27265625,1,67233.7421875
67233.7421875,67569.49121215667,65554.9970642166,65890.74608887327,6839900.0,2023-09-05,0.0,78.21814942103634,1479.8281602297284,1155.8755091236917,323.9526511060367,58985.21801461812,63003.297265625,67021.37651663188,12.75513957330347,1.0264262670795887,0.029134508769765206,0.029563070423805682,64606.49921875,63003.297265625,0,67149.8125
67149.8125,67233.749765625,66730.126171875,67233.749765625,2280400.0,2023-09-06,0.0,77.36570326585408,1581.5752749233507,1241.0154622836235,340.55981263972717,58952.171005383214,63292.8814453125,67633.5918852418,13.716267424733482,0.9442741698695667,-0.0012491066873160418,-0.001248326878279915,65152.093359375,63292.8814453125,0,66730.1171875
66730.1171875,67149.80345911949,65974.68189858491,67065.8662047956,3526700.0,2023-09-07,0.0,73.07683837491139,1609.788057518941,1314.7699813306872,295.0180761882539,59062.90089416733,63561.480859375,68060.06082458266,14.15505084017924,0.8521818387837343,-0.006269747651069108,-0.006250133795980495,65554.993359375,63561.480859375,0,67149.8125
67149.8125,67233.749765625,66394.377109375,66478.314375,2774900.0,2023-09-08,0.0,74.593614402315,1647.026894367118,1381.2213639379734,265.8055304291447,59154.498448017584,63834.2779296875,68514.05741135741,14.662277489296956,0.8542404704430004,0.006269747651069077,0.006289443660359995,65983.074609375,63834.2779296875,0,66730.1171875
66730.1171875,68073.1132566824,65135.30935534591,67149.80345911949,4234900.0,2023-09-11,0.0,70.32682607122145,1623.9531160360057,1429.76771435758,194.1854016784257,59362.89799094734,64090.2869140625,68817.67583717765,14.752278857649756,0.7792059545312344,-0.006269747651069108,-0.006250133795980495,66117.374609375,64090.2869140625,1,67401.609375
67401.609375,67737.35836316936,65722.86443415318,66310.42516344956,2668500.0,2023-09-12,0.0,72.98897329078767,1640.9351096109312,1472.0011934082502,168.93391620268108,59675.89854130193,64405.0515625,69134.20458369807,14.685658675729185,0.8168175991629111,0.010012512542410153,0.010062805458789015,66360.79296875,64405.0515625,-1,66394.375
66394.375,67401.62215549937,66058.62594816688,66814.0613147914,2507000.0,2023-09-13,0.0,63.750022255754196,1555.1907942111138,1488.639113568823,66.55168064229088,60076.84546352337,64656.8638671875,69236.88227085162,14.167152966379565,0.6896838592856364,-0.015056556562001076,-0.014943773365945656,66469.9125,64656.8638671875,0,66646.171875
66646.171875,67149.79534005038,65806.79943324937,65890.73667742443,2482600.0,2023-09-14,0.0,64.94462766064282,1490.375587909708,1488.9864084370001,1.3891794727078377,60448.85831034668,64900.2818359375,69351.70536152832,13.717732495657408,0.6961046875258599,0.003785269702590405,0.0037924428839040125,66604.21171875,64900.2818359375,0,66730.1171875
66730.1171875,68157.05051100628,66310.4309158805,66646.1799331761,5614800.0,2023-09-15,0.0,65.35454267619387,1429.3065983526394,1477.050446420128,-47.74384806748867,60936.98349070005,65160.4876953125,69383.99189992495,12.963390404201288,0.6858207564317472,0.001258774317000677,0.0012595669059198844,66746.90546875,65160.4876953125,0,66226.4921875
66226.4921875,66981.92745960076,66058.61768258872,66394.36669241128,1322100.0,2023-09-18,0.0,60.76383211754282,1324.9969159549219,1446.6397403270869,-121.64282437216502,61605.496107653315,65412.2998046875,69219.1035017217,11.639412490925416,0.6069391079249528,-0.007575816066266221,-0.007547191901145611,66839.23671875,65412.2998046875,0,66226.4921875
66226.4921875,66226.4921875,64967.4334006654,65890.74317767745,2571700.0,2023-09-19,0.0,60.76383211754282,1228.173125860354,1402.9464174337404,-174.77329157338636,62464.84367625786,65672.50546875,68880.16726124214,9.76865971412799,0.5863536673421532,0.0,0.0,66738.51171875,65672.50546875,0,65722.8671875
65722.8671875,66142.55344029373,65471.05543582375,65806.80443805875,1842800.0,2023-09-20,0.0,56.18656769987622,1098.1425424431218,1341.985642435617,-243.84309999249513,63268.917172173446,65873.9552734375,68478.99337470156,7.909159516688358,0.4710007915308053,-0.007633647453996048,-0.007604585164712296,66595.8171875,65873.9552734375,0,65471.05078125
65471.05078125,65722.86251502404,64883.49006911057,65554.98802584135,2537900.0,2023-09-21,0.0,53.996352955302164,963.6643658490793,1266.3213871183093,-302.65702126923,63862.96655216389,66012.451953125,68161.9373540861,6.512363462843161,0.37406260781466216,-0.0038388474007793306,-0.003831488445742881,66469.910546875,66012.451953125,0,65051.3671875
65051.3671875,65722.86517137097,63624.43397177419,64715.618195564515,4244900.0,2023-09-22,0.0,50.46556232019379,813.843007866868,1175.825711268021,-361.982703401153,64483.174242491215,66121.5703125,67759.96638250878,4.955708287826459,0.17339914182220278,-0.006430849912895673,-0.00641021625194671,66260.066015625,66121.5703125,0,65135.3046875
65135.3046875,65890.7399222777,64379.86945272229,64799.55569426546,2755500.0,2023-09-25,0.0,51.15351657821621,693.8829067939951,1079.437150373216,-385.55424357922084,64443.17809420767,66108.9796875,67774.78128079233,5.039562253620146,0.20774580720756533,0.0012894946989889747,0.0012903264547547977,66100.584765625,66108.9796875,-1,63876.25390625
63876.25390625,65471.06182243758,63792.316647503285,65135.312787450726,2534600.0,2023-09-26,0.0,41.780174345742005,491.5524757477906,961.8602154481309,-470.30773970034033,64173.59611829702,66054.42109375,67935.24606920299,5.694773928253968,-0.07904568897363982,-0.019519037965774366,-0.019329774955234358,65748.04921875,66054.42109375,0,64295.9296875
64295.9296875,64295.9296875,62785.059277088774,64044.117952431465,2273300.0,2023-09-27,0.0,45.37335343717305,360.9081550478004,841.6698033680649,-480.7616483202645,63989.357986940035,66004.05859375,68018.75920055996,6.104777947702555,0.07608368695669009,0.006548648377377891,0.00657013765813419,65538.2046875,66004.05859375,-1,62785.06640625
62785.06640625,64128.06247911096,62785.06640625,63876.25071544953,1889300.0,2023-09-28,0.0,36.61271363432937,133.91387388630392,700.1186174717127,-566.2047435854088,63414.35300707198,65878.1529296875,68341.95285230302,7.479869465208476,-0.12770651444658326,-0.023779078217430596,-0.023498583636527348,65152.094140625,65878.1529296875,0,62281.43359375
62281.43359375,64128.05291863208,62281.43359375,62952.93153007075,1403900.0,2023-09-29,0.0,34.23950480464005,-85.63256931871001,542.9683801136281,-628.6009494323381,62789.71196250392,65727.065625,68664.41928749609,8.938033775172306,-0.08651977717963971,-0.008053883891276634,-0.008021538262637962,64707.22578125,65727.065625,1,63456.55859375
63456.55859375,63456.55859375,62281.43713831018,62281.43713831018,1159900.0,2023-10-02,0.0,43.45015314762615,-162.92385594009102,401.7899329028843,-564.7137888429753,62529.95918303018,65634.7345703125,68739.50995759483,9.460769233267094,0.149221649739193,0.018692189924138666,0.018867982514100712,64430.232421875,65634.7345703125,-1,62113.5625
62113.5625,63036.872212837836,62029.62525337838,62617.18597972973,1993700.0,2023-10-03,0.0,37.06132212049429,-328.7566166868637,255.6806229849347,-584.4372396717984,61997.06424202563,65378.7255859375,68760.38692984937,10.344837142678221,0.01722500364859164,-0.021391192310533956,-0.02116402344394197,64018.939453125,65378.7255859375,0,62449.3125
62449.3125,62617.18699596774,61609.94002016129,61777.81451612903,1077900.0,2023-10-04,0.0,39.45801667865863,-428.15257890514476,118.91398260691882,-547.0665615120636,61629.541675661,65143.7005859375,68657.859496214,10.788944682811282,0.11663826896696869,0.00539086486425487,0.005405421722510351,63691.583984375,65143.7005859375,-1,61022.37890625
61022.37890625,62449.31211313617,61022.37890625,62197.50037074449,2571400.0,2023-10-05,0.0,33.60165181959495,-614.9771370800881,-27.86424133048257,-587.1128957496055,60978.57149484434,64858.313671875,68738.05584890567,11.963746688385044,0.005645660124661399,-0.02311456349441769,-0.022849468418887686,63246.716796875,64858.313671875,1,62281.43359375
62281.43359375,62281.43359375,60938.437721108494,61022.374963148584,1227000.0,2023-10-06,0.0,41.808525533871276,-653.9039567376094,-153.07218441190795,-500.8317723257014,60729.61385586215,64614.8947265625,68500.17559726286,12.025960537866991,0.1997049620775703,0.020422701016558256,0.02063267132594615,62969.7234375,64614.8947265625,0,61861.75390625
61861.75390625,62197.50290981174,61777.816655359566,62113.5656589213,830900.0,2023-10-09,0.0,40.03233544890206,-710.429001834098,-264.54354789634596,-445.88545393775206,60434.50589631522,64371.4765625,68308.44722868479,12.23203467256891,0.18126221033263246,-0.006761245538084574,-0.006738439744940594,62642.368359375,64371.4765625,0,62449.3125
62449.3125,62952.93598790323,62113.563508064515,62365.37525201613,1023900.0,2023-10-10,0.0,43.642243987717,-699.7481778147267,-351.5844738800221,-348.1637039347046,60370.673509681896,64123.86171875,67877.0499278181,11.706057958672993,0.27691643404611216,0.009453108015944034,0.009497929765140967,62499.67421875,64123.86171875,0,62449.3125
62449.3125,62785.061491935485,62113.563508064515,62617.18699596774,1134400.0,2023-10-11,0.0,43.642243987717,-683.4056726392664,-417.948713631871,-265.4569590073954,60262.23640369286,63926.60859375,67590.98078380714,11.464309684701151,0.2984243934392801,0.0,0.0,62315.0125,63926.60859375,1,63372.62890625
63372.62890625,63708.37793356788,62533.256337955296,62533.256337955296,2534800.0,2023-10-12,0.0,49.21399673623744,-589.1587467452264,-452.19072025454204,-136.96802649068434,60324.563511645465,63762.9314453125,67201.29937897953,10.784848988996105,0.4432430521409851,0.014676819799406575,0.014785053178127505,62373.76875,63762.9314453125,0,63624.421875
63624.421875,64044.10803512533,62952.92401879947,63288.67294689974,1487000.0,2023-10-13,0.0,50.64694308622165,-488.5184540590708,-459.45626701544785,-29.06218704362294,60465.773177987445,63607.6466796875,66749.52018138756,9.878917600966318,0.5026696166003215,0.003965340882046835,0.003973213248301466,62508.067578125,63607.6466796875,0,63120.8125
63120.8125,63624.43600398936,62701.12624667553,63036.875249335106,1344400.0,2023-10-16,0.0,47.74525326122311,-444.27602726439363,-456.42021906523706,12.14419180084343,60558.25264623158,63452.3626953125,66346.47274439342,9.122150621807256,0.44271983620356936,-0.007946839623908266,-0.007915346971473003,62474.49296875,63452.3626953125,0,62785.06640625
62785.06640625,63876.25071544953,62785.06640625,63204.75267901905,1421900.0,2023-10-17,0.0,45.85889916147739,-431.33334677266976,-451.40284460672365,20.06949783405389,60687.072883195484,63280.29140625,65873.50992930452,8.195975288439945,0.40451537431240403,-0.005333299644127965,-0.0053191028513772665,62541.643359375,63280.29140625,-1,62029.62109375
62029.62109375,62785.056262686056,60770.56247885656,62785.056262686056,2572400.0,2023-10-18,0.0,41.8521888743152,-476.54103403103363,-456.4304824915857,-20.110551539447954,60717.71704031141,63095.6291015625,65473.5411628136,7.537485861099717,0.2758520962184695,-0.012105218586425638,-0.01203224517772905,62499.67421875,63095.6291015625,-1,59931.19140625
59931.19140625,61609.93626356793,59511.505191920514,61609.93626356793,3904700.0,2023-10-19,0.0,33.18018927277039,-673.9255955977787,-499.9295051128243,-173.99609048495444,60318.309918773426,62818.6361328125,65318.96234685157,7.960460041675625,-0.07741360114328197,-0.034414936294320256,-0.03382947776399414,62390.55546875,62818.6361328125,1,60686.62890625
60686.62890625,60854.50339838347,58923.94673884855,59847.25644558264,2371800.0,2023-10-20,0.0,38.14883209808638,-760.6287353369917,-552.0693511576578,-208.55938417933385,60159.38700733745,62600.39921875,65041.411430162545,7.798711324132958,0.10799657135009787,0.012526297952901375,0.01260508063120569,62231.075,62600.39921875,-1,58923.9453125
58923.9453125,60434.8157051282,58840.0080684651,60183.0039730235,2725900.0,2023-10-23,0.0,32.142927001100404,-960.5033481915088,-633.756150564428,-326.7471976270808,59635.55619772873,62289.83125,64944.10630227128,8.522338234047709,-0.13404995172218503,-0.029475842339556232,-0.02904566665703301,61937.294140625,62289.83125,0,59007.890625
59007.890625,59427.57690256045,58840.01611397581,58923.95336948791,1099500.0,2023-10-24,0.0,32.686435796477085,-1099.4578678274775,-726.8964940170379,-372.5613738104396,59125.20440955492,62046.4130859375,64967.62176232008,9.41620484116158,-0.020079665226140922,0.0014236245202220521,0.0014246383546587804,61593.151953125,62046.4130859375,-1,57916.69921875
57916.69921875,59427.569633152176,57916.69921875,59007.883406929344,2423700.0,2023-10-25,0.0,29.390985452939802,-1282.8425424815578,-838.0857037099419,-444.7568387716159,58467.05383934173,61727.4515625,64987.84928565827,10.563850088180185,-0.08439992101003782,-0.018665416543188304,-0.01849229644870054,61139.890625,61727.4515625,-1,56237.95703125
56237.95703125,57580.95302005597,55314.64728894589,57497.01577075559,5201700.0,2023-10-26,0.0,25.18426015498757,-1545.8174615982134,-979.6320552875962,-566.1854063106172,57364.30393306748,61400.09609375,65435.88825443252,13.145882229631647,-0.13954471104713634,-0.029413836886768373,-0.028985460327416668,60426.4234375,61400.09609375,1,57077.328125
57077.328125,57077.328125,55902.20666360294,56489.767394301474,1811000.0,2023-10-27,0.0,30.537710591561932,-1667.2774111300896,-1117.161126456095,-550.1162846739946,56693.20977139461,61139.8908203125,65586.57186923039,14.545924074305248,0.043191579222762434,0.014815061270087831,0.014925348253379545,59771.7140625,61139.8908203125,0,56741.578125
56741.578125,57077.32710798817,56321.891896264795,56993.38986224113,1047000.0,2023-10-30,0.0,29.624566096851964,-1770.221503656423,-1247.7732018961606,-522.4483017602624,56088.09359559453,60804.141796875,65520.189998155474,15.512259730710811,0.06928306301322774,-0.005899739945328601,-0.005882370654504032,59133.790625,60804.141796875,0,57077.328125
57077.328125,58336.386833639706,56741.57913602942,56993.39087775735,2183600.0,2023-10-31,0.0,31.820119226733254,-1803.918766990093,-1359.0023149149472,-444.9164520751458,55598.82732472103,60552.330078125,65505.83283152897,16.361064048279985,0.14923791041228016,0.0058997399453286714,0.005917177686886932,58563.016796875,60552.330078125,1,59091.8203125
59091.8203125,59175.75755726207,56993.38919344815,57916.69888583096,2337200.0,2023-11-01,0.0,43.25835484581386,-1649.0620464738531,-1417.0142612267286,-232.04778524712447,55474.26072429959,60384.45546875,65294.65021320041,16.26310846503045,0.36837231275694743,0.03468552843517882,0.03529408705131121,58269.23671875,60384.45546875,0,59511.5078125
59511.5078125,59511.5078125,58588.19810031735,59175.75882625177,2390200.0,2023-11-02,0.0,45.31662895330001,-1475.4634814372112,-1428.7041052688253,-46.75937616838587,55393.55437477534,60308.9119140625,65224.269453349654,16.300600966873095,0.4188864599178131,0.007077191818502931,0.0071022943239948955,58227.268359375,60308.9119140625,-1,58756.0703125
58756.0703125,59511.50550223215,58588.19582589286,59511.50550223215,1692700.0,2023-11-03,0.0,42.339458020463674,-1382.9016315488116,-1419.5436105248225,36.64197897601093,55262.48586409409,60132.64375,65002.80163590592,16.19805011784773,0.35867260674610124,-0.012775230309246521,-0.012693973447624907,58034.2125,60132.64375,1,59595.44140625
59595.44140625,60015.12761333626,58840.006233494714,58923.94347491197,1136800.0,2023-11-06,0.0,46.54188313555355,-1227.6637230858323,-1381.1676330370246,153.50390995119233,55213.530408904306,60019.328125,64825.125841095694,16.0141669899631,0.45589840191043535,0.014184612519000989,0.014285691491716879,58101.362109375,60019.328125,0,59427.5703125
59427.5703125,59427.5703125,58588.197850459044,59175.75857388772,1474700.0,2023-11-07,0.0,45.822587432123335,-1105.4395376309621,-1326.0220139558123,220.58247632485018,55195.96348079717,59868.241015625,64540.51855045283,15.608534527040518,0.4528419812564457,-0.0028208193128147737,-0.002816844540267094,58143.330078125,59868.241015625,0,59931.19140625
59931.19140625,60015.1286491159,58588.19552039565,59427.56794905462,2339600.0,2023-11-08,0.0,48.39910678760152,-956.9073445380418,-1252.1990800722583,295.2917355342165,55229.93500377254,59742.3349609375,64254.73491810246,15.106205541230997,0.5209263858595498,0.008438828875680385,0.008474536163967539,58344.779296875,59742.3349609375,0,59343.640625
59343.640625,60518.76222153466,59343.640625,60099.07593705799,3420100.0,2023-11-09,0.0,45.67028573035825,-876.5011889719317,-1177.059501852193,300.5583128802614,55363.588152137854,59540.885546875,63718.18294161214,14.031693873442528,0.47639084517617775,-0.009852129301056764,-0.009803756065305369,58655.34765625,59540.885546875,-1,58420.32421875
58420.32421875,59427.57118803879,58420.32421875,59427.57118803879,2833100.0,2023-11-10,0.0,41.6921313223427,-877.1711657195992,-1117.0818346256742,239.910668906075,55549.93017188897,59280.6806640625,63011.43115623603,12.586732980733837,0.3846939178702276,-0.01568111820105166,-0.015558809613393176,58789.647265625,59280.6806640625,-1,57664.8984375
57664.8984375,58756.082832969434,57580.96117631005,58504.27104939957,1730800.0,2023-11-13,0.0,38.720373730833664,-927.9617093598572,-1079.257809572511,151.29610021265376,55683.69416462168,59007.8849609375,62332.075757253326,11.266937625425472,0.2979979781957875,-0.013015204308480487,-0.012930872797305426,58881.979296875,59007.8849609375,0,57832.76953125
57832.76953125,58252.45581231858,57245.20873775399,57916.706787463714,2996000.0,2023-11-14,0.0,39.74814973285931,-943.7883818345872,-1052.1639240249262,108.37554219033905,55917.87692521758,58760.2701171875,61602.663309157426,9.674540931487375,0.3368451295623362,0.002906919506065909,0.002911148693549581,58957.5234375,58760.2701171875,1,59343.640625
59343.640625,60266.95045084866,58756.079826732675,58756.079826732675,3949400.0,2023-11-15,0.0,48.173207248675745,-824.9074438807802,-1006.7126279960971,181.80518411531693,56212.53779734837,58625.97109375,61039.40439015163,8.233324758210854,0.6486822802022392,0.02578940300346633,0.026124826910348897,58982.70546875,58625.97109375,0,59007.890625
59007.890625,59847.263180120906,58672.14160295163,59259.70239153627,2338200.0,2023-11-16,0.0,46.61334569371743,-749.149929029445,-955.2000882027668,206.05015917332173,56237.21304425924,58579.8060546875,60922.39906511576,7.997954135393753,0.5913698129395173,-0.005673790565376139,-0.00565772501423778,58932.34375,58579.8060546875,0,58756.0703125
58756.0703125,59679.37998883929,58084.57236607143,59595.442745535714,2335800.0,2023-11-17,0.0,45.42528780852488,-701.3466596555518,-904.4294024933239,203.08274283777212,56357.110913873454,58483.278125,60609.44533612654,7.271026109658737,0.564151160377331,-0.004276702215433624,-0.004267570147530542,58932.34375,58483.278125,0,58168.51953125
58168.51953125,58672.14307697511,57916.70775838744,58084.582273629145,1770000.0,2023-11-20,0.0,42.69124400460276,-702.7715489961702,-864.0978317938932,161.32628279772302,56325.47007892834,58445.5068359375,60565.54359294666,7.254746760808565,0.4346739381353323,-0.010050165282272785,-0.009999831134469228,58789.6515625,58445.5068359375,0,58336.39453125
58336.39453125,58588.20630620504,57832.77098133993,58252.45727293165,2959800.0,2023-11-21,0.0,43.73328461676555,-682.4873848157877,-827.7757423982721,145.28835758248442,56308.189756099164,58411.93203125,60515.67430640083,7.203125121851291,0.4820468740652696,0.0028818546845950413,0.0028860112196908982,58680.533984375,58411.93203125,0,58252.44921875
58252.44921875,58923.94719245317,57916.700231898416,58336.38646546289,1302200.0,2023-11-22,0.0,43.309213137414986,-665.51409154266,-795.3234122271498,129.80932068448976,56336.28867408882,58428.71953125,60521.15038841117,7.162336857449225,0.45787905920601246,-0.001440023321377531,-0.0014389869853035364,58512.659765625,58428.71953125,-1,57664.8984375
57664.8984375,58672.14557177948,57664.8984375,58588.20831058952,1623100.0,2023-11-23,0.0,40.35933160376711,-691.5018689179269,-774.5591035653053,83.05723464737844,56637.47406878466,58500.0666015625,60362.65913434035,6.367830469198464,0.2758049199260602,-0.01013749580966724,-0.010086284596268702,58344.785546875,58500.0666015625,0,57329.140625
57329.140625,57832.764115117134,56741.57988653002,57580.95237005857,3128900.0,2023-11-24,0.0,38.735651213819764,-730.7663989821012,-765.8005626486646,35.03416366656336,56687.53116757666,58512.6572265625,60337.78328554834,6.238397452773024,0.1757712718703557,-0.005839585588432346,-0.005822568349164947,58235.6671875,58512.6572265625,0,57161.265625
57161.265625,57413.07736784141,56993.3911297724,57329.14012022761,1333300.0,2023-11-27,0.0,37.91434571894155,-766.5931231180584,-765.9590747425434,-0.6340483755150217,56786.259465183495,58533.6416015625,60281.023737941505,5.970522552734392,0.10730513721331945,-0.002932562226091279,-0.0029282664657072077,58185.30390625,58533.6416015625,0,57497.015625
57497.015625,57497.015625,56657.64313412408,57161.26662864963,1775600.0,2023-11-28,0.0,40.62582406737808,-759.1429141292174,-764.5958426198782,5.452928490660838,56872.00126227129,58554.6259765625,60237.25069085371,5.7471965236861395,0.1857260140720065,0.005856549670925043,0.005873732786160657,58151.728515625,58554.6259765625,0,57413.078125
57413.078125,57748.82711988304,57245.20362755848,57497.015373720766,1262500.0,2023-11-29,0.0,40.15369032892721,-751.3505234498807,-761.9467787858788,10.59625533599808,56734.26979700337,58470.6888671875,60207.10793737163,5.939451386072416,0.19546212652589962,-0.0014609250099754396,-0.001459858378519141,57958.672265625,58470.6888671875,-1,56573.703125
56573.703125,57664.88730990356,56573.703125,57413.07557492582,2581600.0,2023-11-30,0.0,35.687258382350706,-803.6416643882912,-770.2857559063614,-33.35590848192987,56465.350828313894,58323.7986328125,60182.2464373111,6.372862701206347,0.02915128862479361,-0.01472785112650401,-0.014619926807834749,57715.253515625,58323.7986328125,1,57413.078125
57413.078125,57497.015373720766,56825.517383954684,57077.32913011696,1391800.0,2023-12-01,0.0,42.567131757366234,-768.4935079794886,-769.9273063209869,1.4337983414982318,56367.1736973651,58256.6490234375,60146.124349509904,6.48672849450108,0.27677112614351845,0.014727851126504057,0.014836840327482115,57580.954296875,58256.6490234375,0,57748.828125
57748.828125,58336.388876271805,57413.07912427326,57497.01637445494,3006800.0,2023-12-04,0.0,45.09714628324239,-705.4145420411878,-757.0247534650272,51.61021142383936,56372.343631092706,58164.318359375,59956.293087657294,6.161766453482252,0.3840691702239377,0.005830937715769104,0.005847970723133811,57538.98515625,58164.318359375,-1,57161.265625
57161.265625,57916.700853524235,57077.3283773862,57748.826358296625,2302100.0,2023-12-05,0.0,41.64016019010512,-694.8258702429084,-744.5849768206035,49.75910657769509,56309.462595750105,58051.003125,59792.5436542499,6.0000359528667415,0.24455446627382732,-0.01022656237671883,-0.01017444888627339,57421.472265625,58051.003125,0,57497.015625
57497.015625,57580.95287408759,57161.26662864963,57161.26662864963,1606600.0,2023-12-06,0.0,44.26916139047718,-651.8281829907864,-726.0336180546401,74.20543506385366,56415.69911702814,57929.2943359375,59442.88955484686,5.225664273180597,0.35720134896799466,0.005856549670925043,0.005873732786160657,57345.92890625,57929.2943359375,0,57413.078125
57413.078125,57748.82711988304,56657.64288651316,57748.82711988304,3874400.0,2023-12-07,0.0,43.73868373604947,-617.4081638275456,-704.3085272092213,86.90036338167567,56459.191544173955,57832.7662109375,59206.34087770105,4.750160702165314,0.34722778597599585,-0.0014609250099754396,-0.001459858378519141,57320.746875,57832.7662109375,0,57916.69921875
57916.69921875,58168.510954483696,57077.326766304344,57413.07574728261,3729400.0,2023-12-08,0.0,47.781834839250486,-543.2300198098819,-672.0928257293534,128.8628059194715,56461.16683437441,57807.5849609375,59154.00308750059,4.658274956384736,0.5405201978716034,0.00873363855454176,0.008771888047066856,57379.502734375,57807.5849609375,1,58756.0703125
58756.0703125,59175.75652901786,58672.13306919643,59175.75652901786,4734500.0,2023-12-11,0.0,53.747757976400514,-411.9642069634356,-620.06710197617,208.1028950127344,56453.09530330627,57862.1435546875,59271.19180606873,4.870363124551345,0.8172094202367524,0.014388714327754697,0.014492730163708334,57538.983203125,57862.1435546875,0,58252.44921875
58252.44921875,58840.009945740276,57916.700231898416,58756.072699027376,2788700.0,2023-12-12,0.0,50.052724678873744,-344.6007746682153,-564.973836514579,220.37306184636373,56463.46117677031,57883.1275390625,59302.79390135469,4.905285607914423,0.630073406504889,-0.008608333919055222,-0.00857138830203319,57614.5265625,57883.1275390625,-1,57245.19921875
57245.19921875,58504.25785259347,57161.26197649377,58420.32061033724,4511000.0,2023-12-13,0.0,43.597159821998225,-368.246509768338,-525.6283711653309,157.38186139699292,56511.04278597341,57778.20546875,59045.368151526585,4.386299894557806,0.28968515359366337,-0.01744235575853996,-0.01729111845954434,57597.738671875,57778.20546875,0,57413.078125
57413.078125,57832.764368603806,57245.20362755848,57413.078125,1462000.0,2023-12-14,0.0,44.873339278796806,-369.1837796784821,-494.3394528679612,125.1556731894791,56563.2762848617,57698.46484375,58833.6534026383,3.934900389334248,0.37429986123649744,0.0029283367952988044,0.0029326285617155,57681.676171875,57698.46484375,0,57161.265625
57161.265625,57580.95186306902,57161.265625,57497.01461545521,3739700.0,2023-12-15,0.0,43.2910892013798,-385.7984922328251,-472.631260740934,86.83276850810893,56576.05741933543,57618.724609375,58661.39179941457,3.619195659426023,0.28063039254278227,-0.004395624660949611,-0.0043859780423504136,57656.494921875,57618.724609375,-1,56237.95703125
56237.95703125,57245.20402285447,56237.95703125,57161.2667735541,3513100.0,2023-12-18,0.0,38.00021894432879,-468.07339994938957,-471.71968858262517,3.6462886332355993,56345.05662334789,57522.196484375,58699.33634540212,4.092819582600136,-0.04549144738180884,-0.016284573671276982,-0.016152696824581536,57505.4078125,57522.196484375,0,56237.95703125
56237.95703125,56573.70602845149,55650.396286147385,56321.89428055037,3061900.0,2023-12-19,0.0,38.00021894432879,-527.1996279330269,-482.81567645270553,-44.3839514803214,56173.5063778474,57417.274609375,58661.042840902606,4.3323833810966805,0.025909430619337242,0.0,0.0,57413.076953125,57417.274609375,1,57161.265625
57161.265625,57245.20287261381,56237.95590124817,56237.95590124817,2603900.0,2023-12-20,0.0,45.69719645719144,-493.861375963701,-485.02481635490466,-8.836559608796335,56178.9171622432,57362.7154296875,58546.513697131806,4.12741362948673,0.4149137947623414,0.016284573671276965,0.016417890024648996,57379.501953125,57362.7154296875,0,56909.453125
56909.453125,57329.13935748525,56909.453125,56993.39037149705,2585900.0,2023-12-21,0.0,44.0895847481892,-482.2012198513985,-484.46009705420346,2.2588772028049675,56133.55791361699,57324.9431640625,58516.328414508,4.156603337698191,0.3256273363686814,-0.004415031513735643,-0.004405299589620437,57329.139453125,57324.9431640625,0,56741.578125
56741.578125,57161.264353735205,56657.64087925296,56909.45261649408,2145700.0,2023-12-22,0.0,43.003438732938534,-480.9623372010028,-483.7605450835634,2.7982078825605754,56075.97235151625,57295.5650390625,58515.157726608755,4.257197522058713,0.27288035599119187,-0.0029542208327821813,-0.0029498614163673276,57211.62734375,57295.5650390625,0,56993.390625
56993.390625,57664.88859996318,56741.57888438881,56741.57888438881,2672700.0,2023-12-25,0.0,45.18480750083764,-454.42304353244253,-477.8930447733392,23.470001240896693,56061.39171071309,57287.1712890625,58512.950867411906,4.279420857295632,0.3801657862263893,0.00442806489901871,0.0044378832651652544,57035.359375,57287.1712890625,0,57077.328125
57077.328125,57497.01436121324,57077.328125,57329.13986672794,1975400.0,2023-12-26,0.0,45.92768774037897,-421.75567050399695,-466.66556991947084,44.90989941547389,56041.163897469836,57266.1869140625,58491.20993065516,4.278346726423446,0.42291622830573444,0.0014716750463100515,0.001472758491458892,56917.847265625,57266.1869140625,0,57077.33203125
57077.33203125,57669.24510416667,57077.33203125,57500.12708333333,1626400.0,2023-12-27,0.0,45.927724467018905,-391.3549307893627,-451.60344209344925,60.24851130408655,56023.650474308575,57249.399609375,58475.14874444143,4.28213795578636,0.42981125859995895,6.843785437319452e-08,6.843785671506453e-08,56901.060546875,57249.399609375,1,57922.91796875
57922.91796875,57922.91796875,57077.32792541058,57077.32792541058,2408700.0,2023-12-28,0.0,53.31913833261393,-295.6226533116351,-420.4072843370864,124.78463102545135,56099.20672509453,57316.8603515625,58534.51397803047,4.2488497066981195,0.748862896645528,0.014706075455016291,0.014814741814439314,56952.04453125,57316.8603515625,-1,57161.88671875
57161.88671875,58092.03576299002,57161.88671875,58092.03576299002,1954700.0,2023-12-29,0.0,47.081342779444704,-277.9588586688478,-391.9175992034387,113.9587405345909,56085.64442084807,57304.30078125,58522.95714165193,4.2532806221786315,0.4415692285670139,-0.013225765910436161,-0.013138689774064627,56952.106640625,57304.30078125,0,57161.88671875
57161.88671875,57161.88671875,57161.88671875,57161.88671875,0.0,2024-01-01,0.0,47.081342779444704,-260.95208100091986,-365.724495562935,104.77241456201511,56073.21917613145,57274.9537109375,58476.68824574355,4.196370165120043,0.4529567517148246,0.0,0.0,57044.499609375,57274.9537109375,1,57753.80078125
57753.80078125,57922.918792322474,57415.56475910505,57669.24177571376,2142800.0,2024-01-02,0.0,52.132746268771925,-197.43565384227986,-332.066727218804,134.6310733765241,56085.555610147254,57304.58046875,58523.60532735274,4.254545966940697,0.6842539589450625,0.010301801437422639,0.010355047680850049,57196.083984375,57304.58046875,1,58345.71484375
58345.71484375,58345.71484375,57500.12477355072,57838.360801630435,1889800.0,2024-01-03,0.0,56.594752426199214,-98.20387653744547,-285.2941570825323,187.09028054508684,56043.61763467271,57347.0154296875,58650.413224702286,4.545651714387368,0.8831138190820597,0.010196755566728147,0.010248919629410214,57314.52890625,57347.0154296875,0,58345.71484375
58345.71484375,58768.50987884964,58345.71484375,58430.273850769925,3401500.0,2024-01-04,0.0,56.594752426199214,-19.33904957168852,-232.10313558036356,212.76408600867504,56015.69582772783,57393.647265625,58771.59870352216,4.80175595574135,0.8454648516416202,0.0,0.0,57458.155078125,57393.647265625,0,58176.59765625
58176.59765625,58599.39269735647,57922.92063158612,58599.39269735647,1475700.0,2024-01-05,0.0,54.89902993476361,29.179190781214857,-179.8466703080479,209.02586108926275,56003.254264737836,57406.6421875,58810.03011026217,4.889287613020313,0.7743202560966046,-0.002902745450532769,-0.002898536558389897,57601.65703125,57406.6421875,0,57669.24609375
57669.24609375,58430.277200559016,57669.24609375,58345.718188691346,2396400.0,2024-01-08,0.0,50.053726594556174,26.38704144766234,-138.59992795690584,164.98696940456819,56092.05379143125,57352.3009765625,58612.548161693754,4.394757189066439,0.6257472029800599,-0.00875913696762864,-0.008720887486370454,57669.242578125,57352.3009765625,0,57584.6875
57584.6875,57922.92354992658,57500.128487518356,57669.246512481644,2460400.0,2024-01-09,0.0,49.273177360013555,17.15333814988844,-107.449274735547,124.60261288543543,56125.46583105705,57318.912890625,58512.35995019294,4.1642348027264955,0.6113474649940566,-0.0014673444330322012,-0.0014662684095529954,57719.978515625,57318.912890625,0,57077.33203125
57077.33203125,57584.68609375,56992.77302083334,57584.68609375,3006600.0,2024-01-10,0.0,44.76272896733548,-30.749325338678318,-92.10928485617326,61.35995951749494,56112.537097012544,57310.51953125,58508.501965487456,4.180672044280547,0.4026749085229996,-0.008849639697537335,-0.008810596892620093,57719.978515625,57310.51953125,0,57415.5703125
57415.5703125,57922.924394790134,57077.33425763991,57077.33425763991,2083900.0,2024-01-11,0.0,48.16910769059365,-40.94751133013051,-81.87693015096471,40.9294188208342,56112.616272004285,57310.644140625,58508.67200924572,4.18082150911121,0.5437912066251845,0.005908475692717325,0.0059259651636276445,57669.24375,57310.644140625,-1,56823.65234375
56823.65234375,57415.56538899739,56654.53433082217,57161.88836960565,3283000.0,2024-01-12,0.0,43.15374177517406,-95.68943220571236,-84.63943056191424,-11.050001643798126,56077.4979143754,57293.7634765625,58510.02903874959,4.245717119576686,0.3067399310529104,-0.010362872787595888,-0.010309363218519385,57635.4203125,57293.7634765625,0,56654.53515625
56654.53515625,57077.33019472948,56654.53515625,56823.653171641796,2226700.0,2024-01-15,0.0,41.814162761389596,-150.97875346486398,-97.90729514250418,-53.0714583223598,56161.8480291585,57314.5923828125,58467.3367364665,4.022516101849435,0.2137018175494707,-0.002980613568645123,-0.002976175950059279,57584.68515625,57314.5923828125,0,56992.76953125
56992.76953125,56992.76953125,56400.856494575295,56654.533510293026,2072400.0,2024-01-16,0.0,45.4606485469398,-165.59438261702599,-111.44471263740854,-54.14966997961744,56303.239964903376,57352.3330078125,58401.426050721624,3.658414533079996,0.3286312739404723,0.005952369474775604,0.005970120027764203,57508.58203125,57352.3330078125,0,56739.09765625
56739.09765625,57415.56975945418,56654.53864334948,57077.333707852085,1826400.0,2024-01-17,0.0,43.27042877539554,-195.3941916950207,-128.23460844893097,-67.15958324608974,56249.46468152149,57331.224609375,58412.98453722851,3.7737199413550275,0.22631314126234517,-0.0044608833378807795,-0.004450948376195418,57347.9203125,57331.224609375,0,56992.76953125
56992.76953125,57331.005552206974,56908.21052601076,56908.21052601076,1228400.0,2024-01-18,0.0,46.068625477638065,-196.278972976128,-141.8434813543704,-54.43549162175759,56259.84551067447,57335.3904296875,58410.93534870052,3.7517662684516098,0.3407221807379724,0.0044608833378807534,0.004470847889348706,57212.62578125,57335.3904296875,0,57500.12109375
57500.12109375,58007.475103400735,56992.767084099265,56992.767084099265,2619900.0,2024-01-19,0.0,51.248056347369584,-154.26289095447282,-144.3273632743909,-9.935527680081918,56333.02015986503,57373.317578125,58413.614996384975,3.6264154215708486,0.560945799441227,0.008862644319928685,0.008902033831182932,57144.978125,57373.317578125,0,57753.80078125
57753.80078125,58092.03680339495,57500.123764641285,57500.123764641285,1959800.0,2024-01-22,0.0,53.6452135300491,-99.34977024287218,-135.33184466808717,35.98207442521499,56373.927269433734,57411.3380859375,58448.74890244127,3.6139579779551423,0.6650564510531364,0.0044021078508219595,0.004411811360994999,57153.43359375,57411.3380859375,0,57246.44921875
57246.44921875,57753.803273864476,57161.890209564255,57753.803273864476,2112000.0,2024-01-23,0.0,48.5080179727228,-95.66696817261254,-127.39886936899225,31.73190119637971,56391.12649978338,57419.794140625,58448.46178146663,3.5829722354014257,0.41574298879802546,-0.008823543499201086,-0.008784730279859154,57119.609765625,57419.794140625,0,56908.21484375
56908.21484375,57500.127925334324,56823.65583209509,57331.00990202452,2083500.0,2024-01-24,0.0,45.38751265285458,-118.67301961987687,-125.65369941916917,6.980679799292304,56368.13982435507,57411.33828125,58454.536738144925,3.6341199774317934,0.2588553576864261,-0.005925914067140674,-0.0059083904699056555,57102.698046875,57411.33828125,0,56908.21484375
56908.21484375,56908.21484375,56908.21484375,56908.21484375,0.0,2024-01-25,0.0,45.387512652854575,-135.345304718212,-127.59202047897774,-7.753284239234247,56323.4828566529,57360.603125,58397.7233933471,3.6161414345208676,0.28190172583793416,0.0,0.0,57051.9625,57360.603125,0,56654.53515625
56654.53515625,57077.33019472948,56654.53515625,56654.53515625,1675800.0,2024-01-26,0.0,42.98237926578146,-167.10179598079412,-135.49397557934103,-31.607820401453097,56253.778330327186,57335.235546875,58416.69276342282,3.772400012776298,0.18528556645176092,-0.004467664079184631,-0.004457698913882924,57035.05078125,57335.235546875,0,56654.53515625
56654.53515625,56908.21217933769,56569.97614855411,56739.0941639459,1732800.0,2024-01-29,0.0,42.98237926578146,-190.07794388190086,-146.410769239853,-43.667174642047854,56188.23438062981,57309.86796875,58431.501556870186,3.9142773413185816,0.20786680274156744,0.0,0.0,57035.05078125,57309.86796875,0,56569.9765625
56569.9765625,56908.212595758596,56569.9765625,56908.212595758596,1790400.0,2024-01-30,0.0,42.11954403489924,-212.65848383140838,-159.6603121581641,-52.998171673244286,56103.039824991494,57250.6767578125,58398.313690633506,4.0091645996635235,0.20343399735346998,-0.0014936449393700229,-0.0014925300069410508,56992.771484375,57250.6767578125,0,56654.53515625
56654.53515625,57669.24324860075,56569.97614855411,56823.653171641796,4020100.0,2024-01-31,0.0,43.344344574995986,-221.18091666841065,-171.96443306021342,-49.21648360819722,56112.866468575485,57166.1177734375,58219.36907829952,3.6848795961142375,0.25714123741127365,0.0014936449393699236,0.0014947609825606278,56984.315234375,57166.1177734375,0,57077.33203125
57077.33203125,57331.0090625,56823.655,56823.655,2499300.0,2024-02-01,0.0,49.13959179368648,-191.61007012568734,-175.8935604733082,-15.71650965237913,56207.64192894069,57102.6986328125,57997.755336684306,3.1349015906491235,0.485829611993984,0.0074350106635235865,0.007462718983289651,56992.771484375,57102.6986328125,0,57077.33203125
57077.33203125,57077.33203125,57077.33203125,57077.33203125,0.0,2024-02-02,0.0,49.13959179368648,-166.25843741984136,-173.96653586261485,7.70809844277349,56308.98591093047,57047.7353515625,57786.48479219453,2.589934328083013,0.5200316088646908,0.0,0.0,56950.492578125,57047.7353515625,0,57500.12109375
57500.12109375,57669.239096966914,56823.64908088236,56992.767084099265,3565900.0,2024-02-05,0.0,54.533255889688775,-110.77460125520156,-161.3281489411322,50.55354768593065,56327.0900240718,57039.2791015625,57751.4681790532,2.4971882138362838,0.8235390760352684,0.007380003131180676,0.007407302469367716,56925.124609375,57039.2791015625,0,57161.88671875
57161.88671875,57669.24074288092,57161.88671875,57584.6817388591,2392800.0,2024-02-06,0.0,49.967907735122004,-93.02363017173047,-147.66724518725186,54.64361501552139,56350.40331715791,57018.1390625,57685.87480784209,2.3421870875517645,0.6076381317405415,-0.005899693586600456,-0.00588232456847404,56916.668359375,57018.1390625,0,57161.88671875
57161.88671875,57415.56373081546,56823.65070266272,57161.88671875,2736300.0,2024-02-07,0.0,49.96790773512201,-78.05607584511745,-133.745011318825,55.688935473707545,56351.98756751379,57022.366796875,57692.746026236215,2.35128517814505,0.6040604450170267,0.0,0.0,56942.035546875,57022.366796875,0,57161.88671875
57161.88671875,57161.88671875,57161.88671875,57161.88671875,0.0,2024-02-08,0.0,49.96790773512201,-65.43983156250033,-120.08397536756007,54.64414380505974,56361.392799993446,57009.6826171875,57657.972434381554,2.274314774026142,0.6173889343359379,0.0,0.0,56967.402734375,57009.6826171875,0,57161.88671875
57161.88671875,57161.88671875,57161.88671875,57161.88671875,0.0,2024-02-09,0.0,49.96790773512201,-54.809556622414675,-107.029091618531,52.21953499611632,56381.097022168564,57026.5943359375,57672.09164970644,2.263846618531637,0.6047970145859722,0.0,0.0,57018.137890625,57026.5943359375,0,57161.88671875
57161.88671875,57161.88671875,57161.88671875,57161.88671875,0.0,2024-02-12,0.0,49.96790773512201,-45.85638330329675,-94.79454995548414,48.93816665218739,56428.52949166589,57051.9619140625,57675.39433645911,2.1854898639092837,0.5881609623902179,0.0,0.0,57068.873046875,57051.9619140625,0,57161.88671875
57161.88671875,57161.88671875,57161.88671875,57161.88671875,0.0,2024-02-13,0.0,49.967907735122004,-38.319208955799695,-83.49948175554725,45.180272799747556,56435.77933090077,57060.4177734375,57685.056215974226,2.189393162233409,0.5812221426049491,0.0,0.0,57128.0640625,57060.4177734375,0,57161.88671875
57161.88671875,57161.88671875,57161.88671875,57161.88671875,0.0,2024-02-14,0.0,49.967907735122004,-31.977329236760852,-73.19505125178998,41.217722015029125,56474.33153833865,57081.5572265625,57688.78291478635,2.127572258807552,0.5661446754850442,0.0,0.0,57178.79921875,57081.5572265625,0,57161.88671875
57161.88671875,57500.12273483728,56823.65070266272,57161.88671875,3876600.0,2024-02-15,0.0,49.967907735122004,-26.64420604678162,-63.88488221078831,37.24067616400669,56483.2834636083,57090.0130859375,57696.7427082667,2.12551929674947,0.5592303640430335,0.0,0.0,57187.2546875,57090.0130859375,1,59191.30078125
59191.30078125,59444.97778459822,57077.32575334822,57331.00275669643,11114600.0,2024-02-16,0.0,73.78798804159695,139.72838498294732,-23.162228772041185,162.8906137549885,56064.54211073245,57174.5720703125,58284.60202989254,3.8829497777961386,1.408411837686113,0.034887224636883554,0.0355029229963173,57398.6515625,57174.5720703125,1,60797.92578125
60797.92578125,61389.83882779902,59783.217701451664,59952.33571475139,6652800.0,2024-02-19,0.0,81.3557568139253,396.6487524850527,60.799967479377585,335.8487850056751,55370.270029222454,57326.7783203125,59283.286611402546,6.825809328262214,1.3870771150690067,0.026781088120578157,0.02714292436210375,57728.43203125,57326.7783203125,0,60459.6875
60459.6875,61220.71853146853,60290.56949300699,60628.805506993005,4385700.0,2024-02-20,0.0,76.3575696460742,566.4374538472766,161.9274647529574,404.5099890943192,55082.398843189316,57487.440234375,59892.48162556068,8.367189011653265,1.1179201897560045,-0.005578852318837989,-0.0055633194209120385,58058.212109375,57487.440234375,0,60290.57421875
60290.57421875,60797.928279496846,60036.89718837658,60459.69223899895,3590200.0,2024-02-21,0.0,73.91255163970187,679.5171438308244,265.4454005685308,414.0717432622936,54964.46041897056,57656.558203125,60348.655987279446,9.338392259455167,0.9892125447910339,-0.0028010438969254276,-0.0027971246336659927,58371.080859375,57656.558203125,0,60544.2578125
60544.2578125,61474.407024703214,60121.462716044,60290.5807546264,4648100.0,2024-02-22,0.0,75.19564217481893,780.6054252984904,368.47740551452273,412.1280197839677,54881.01959714287,57838.3603515625,60795.70110598213,10.226226111680354,0.957488278429471,0.004198854952616052,0.004207682494938192,58709.31796875,57838.3603515625,0,60036.89453125
60036.89453125,61474.39763974472,60036.89453125,60713.36658230634,6142500.0,2024-02-23,0.0,67.9928590612942,810.4364333538033,456.8692110823789,353.5672222714244,54950.030182320224,58007.4783203125,61064.92645830477,10.541565420614553,0.831880725255761,-0.008415349589777936,-0.008380039653326898,58996.81875,58007.4783203125,0,60036.89453125
60036.89453125,60628.8075759243,59783.217512103874,60036.89453125,3048400.0,2024-02-26,0.0,67.9928590612942,824.5725629315712,530.4098814522174,294.16268147935375,55060.62704698796,58176.5962890625,61292.56553113704,10.712105694847464,0.7985103667051852,0.0,0.0,59284.31953125,58176.5962890625,1,60882.48828125
60882.48828125,61220.72432725695,60121.45717773438,60206.016189236114,5282500.0,2024-02-27,0.0,72.9931346593555,893.7058118835994,603.0690675384939,290.6367443451055,55150.07371871221,58392.221875,61634.3700312878,11.104726116530554,0.8840457447048486,0.013986302520551878,0.014084568440825285,59656.3796875,58392.221875,0,61051.60546875
61051.60546875,61389.84151012811,60459.692396338294,61220.72348943906,3419000.0,2024-02-28,0.0,73.87227718122234,951.1761864256769,672.6904913159306,278.4856951097463,55271.234123446135,58612.075390625,61952.91665780387,11.3998395208276,0.8651071516164891,0.002773913197524568,0.002777764054562759,60045.3515625,58612.075390625,0,60882.48828125
60882.48828125,61981.75543077257,60544.25223524306,61389.84235026042,6539800.0,2024-02-29,0.0,71.37027791189851,971.8723887144733,732.5268707956392,239.34551791883416,55396.728733099306,58802.333203125,62207.9376731507,11.583229047260692,0.8054017423974812,-0.0027739131975246393,-0.0027700694552015293,60417.41171875,58802.333203125,0,60459.6875
60459.6875,60967.041520979015,60206.01048951049,60967.041520979015,4397700.0,2024-03-01,0.0,65.40602357115887,943.2841955508266,774.6783357466768,168.60585980414976,55590.689574427684,58971.4509765625,62352.21237869731,11.465756213047754,0.7201037497792276,-0.006968763986464336,-0.006944538457377858,60544.250390625,58971.4509765625,0,60882.48828125
60882.48828125,61474.40136176215,60544.25223524306,60713.37025824653,5014600.0,2024-03-04,0.0,68.26229194819798,943.8640587211848,808.5154803415784,135.34857837960647,55731.43044350275,59140.5693359375,62549.70822837225,11.528934978862786,0.7554778494325954,0.006968763986464327,0.006993102325413059,60552.706640625,59140.5693359375,1,61728.0703125
61728.0703125,61728.0703125,60628.803306934926,60882.48030821917,5440900.0,2024-03-05,0.0,73.05406679232516,1001.0159191541243,847.0155681040876,154.00035105003667,55906.50762983501,59368.878515625,62831.24940141499,11.663925519087401,0.8406902198949022,0.01379319117462421,0.01388875611232887,60679.544921875,59368.878515625,-1,60713.36328125
60713.36328125,62150.866311586,60713.36328125,61981.748308017064,4833900.0,2024-03-06,0.0,61.12723253655316,953.4401387194957,868.3004822271693,85.13965649232648,56198.26399084647,59546.45234375,62894.640696653536,11.245635033217756,0.6742600496904628,-0.01657494905347726,-0.016438340387331385,60721.823828125,59546.45234375,0,60882.48828125
60882.48828125,60967.04729275174,60290.57520073785,60628.81124674479,5067600.0,2024-03-07,0.0,62.23394358954503,918.7917051741824,878.3987268165719,40.39297835761056,56531.958453983396,59732.482421875,62933.006389766604,10.716192725047438,0.6796589981690693,0.0027817578788530252,0.0027856305574200935,60755.646875,59732.482421875,-1,59191.30078125
59191.30078125,61643.511813616075,59191.30078125,60967.0398046875,7361000.0,2024-03-08,0.0,47.63082725067687,746.2653916538038,851.9720597840184,-105.70666813021455,56855.613101452705,59833.953125,62812.293148547295,9.955350993858621,0.39211232789589595,-0.028170999788204504,-0.027777897187570066,60671.0875,59833.953125,0,59444.98828125
59444.98828125,60290.57844172297,59191.31123310811,59614.10631334459,4208400.0,2024-03-11,0.0,49.543443424045996,622.8279335776751,806.1432345427497,-183.31530096507458,57238.0627077453,59948.108203125,62658.15369850469,9.041304476855615,0.4071750044911134,0.004276733344849277,0.0042858916200800845,60611.896875,59948.108203125,0,59191.30078125
59191.30078125,59698.65478794643,59191.30078125,59529.536785714285,3844000.0,2024-03-12,0.0,47.668582608885906,498.7827406852375,744.6711357712474,-245.88839508600984,57643.9080826229,60049.57890625,62455.2497298771,8.012282075725654,0.32161355648277223,-0.004276733344849273,-0.004267601144098743,60442.778125,60049.57890625,1,59867.76953125
59867.76953125,59952.32852776307,59191.29755914548,59275.856555658545,5646500.0,2024-03-13,0.0,52.798091175342456,449.8755212887627,685.7120128747504,-235.8364915859877,58194.49376962623,60184.873046875,62175.25232412377,6.614217747700706,0.4203409321907429,0.011363704214873217,0.011428516371011721,60324.39453125,60184.873046875,0,59614.10546875
59614.10546875,60290.57758754433,59444.987439051416,60036.90054299645,5445400.0,2024-03-14,0.0,50.787757324509535,386.19580285804113,625.8087708714086,-239.61296801336744,58878.14432322137,60307.483984375,61736.82364552863,4.740173413714145,0.25744795499994355,-0.004246074036117351,-0.004237072209072212,60197.55625,60307.483984375,-1,58928.8828125
58928.8828125,60042.364609829216,58843.2303665516,60042.364609829216,4851100.0,2024-03-15,0.0,45.72317328990619,277.2415574025363,556.0953281776342,-278.8537707750979,58817.84232082158,60294.3630859375,61770.88385105341,4.897707478927775,0.03760207587385338,-0.011560874212016485,-0.011494304088974339,60044.47578125,60294.3630859375,-1,58158.01171875
58158.01171875,59185.84108638623,57901.05437684094,58928.88374447717,6796400.0,2024-03-18,0.0,40.794590523575096,127.22510624905408,470.3212837919182,-343.0961775428641,58426.21895841885,60162.3673828125,61898.51580720615,5.771542909362447,-0.07724202490421407,-0.013167694559360982,-0.01308137974043655,59772.028125,60162.3673828125,0,58072.35546875
58072.35546875,58671.92256061025,58072.35546875,58671.92256061025,3164500.0,2024-03-19,0.0,40.2750921255018,1.4080136786724324,376.53862976926905,-375.1306160905966,58079.529807521205,60043.00078125,62006.47175497879,6.540216005799422,-0.0018269531017258364,-0.001473905100350019,-0.0014728194356820046,59406.456640625,60043.00078125,0,58243.65625
58243.65625,58757.570863970584,57815.394071691175,58072.35137867647,3546900.0,2024-03-20,0.0,41.869397208413275,-83.51765765059099,284.5273722852971,-368.04502993588807,57824.096542693616,59940.6548828125,62057.21322293139,7.06217956496098,0.09911366470598144,0.0029454397991080473,0.0029497818689683264,59159.4859375,59940.6548828125,0,58586.26953125
58586.26953125,58671.92197208516,58158.00732707419,58414.96464957968,4906200.0,2024-03-21,0.0,45.030008903034044,-121.77212235129264,203.26747335797916,-325.0395957092718,57663.54853854152,59842.75546875,62021.96239895848,7.283110254996411,0.21171027402620338,0.005865179852267771,0.005882413696341349,58929.8640625,59842.75546875,0,58072.35546875
58072.35546875,58843.2274439989,58072.35546875,58757.57500230458,6066700.0,2024-03-22,0.0,41.394386603356466,-191.351846149817,124.34360945641995,-315.6954556062369,57429.3095758731,59744.528515625,62059.747455376906,7.750396554377037,0.13887366802247406,-0.008810619651375865,-0.008771919881771617,58817.96953125,59744.528515625,0,57644.09765625
57644.09765625,58414.96969028603,57472.79275979755,58158.012345607356,5450700.0,2024-03-25,0.0,38.59773707202699,-277.84824332929566,43.90523889927684,-321.75348222857247,57132.74556227912,59624.888671875,62117.03178147088,8.35940549360363,0.1025928430839195,-0.007401882035097276,-0.007374555570256791,58637.88046875,59624.888671875,0,57986.703125
57986.703125,58158.008008677985,57644.093357644015,57729.74579948301,2504200.0,2024-03-26,0.0,41.97515101965666,-315.1193633465082,-27.899681549880164,-287.21968179662804,56959.28047449934,59480.0994140625,62000.91835362565,8.476175945890148,0.20378747445437428,0.005925868696059164,0.005943461389456894,58517.420703125,59480.0994140625,0,57986.703125
57986.703125,58243.66045051698,57815.39824132201,58243.66045051698,2637700.0,2024-03-27,0.0,41.97515101965666,-340.7292794472087,-90.46560112934587,-250.2636783178628,56835.82075630273,59326.854296875,61817.88783744726,8.397659272837862,0.23100499249658354,0.0,0.0,58329.3140625,59326.854296875,0,57986.703125
57986.703125,58586.27021787297,57901.050683161004,57986.70312499999,4470700.0,2024-03-28,0.0,41.97515101965666,-356.9110737774172,-143.75469565896015,-213.15637811845704,56735.51395586532,59182.0650390625,61628.616122259686,8.26788008016403,0.25570468929257195,0.0,0.0,58166.573828125,59182.0650390625,0,57901.05078125
57901.05078125,58586.270317122784,57815.39833926591,58586.270317122784,3484600.0,2024-03-29,0.0,41.26639709155168,-372.35442070248246,-189.47464066766463,-182.87978003481783,56621.33082311383,59054.133203125,61486.93558313617,8.23922813884408,0.26301354533578997,-0.00147819517523124,-0.0014771031828687553,58063.790625,59054.133203125,0,57387.1328125
57387.1328125,57986.69987173507,57387.1328125,57901.04743470149,4988000.0,2024-04-01,0.0,37.20695310500242,-421.20685901184333,-235.8210843365004,-185.38577467534293,56497.94003768799,58879.3654296875,61260.79082168701,8.089167995002793,0.18669339333478266,-0.008915421455670291,-0.008875796929689206,57986.702734375,58879.3654296875,0,57644.09765625
57644.09765625,57729.750104476225,57130.182966892644,57387.14031157132,4322900.0,2024-04-02,0.0,40.36580975222394,-434.1828632113393,-275.4934401114682,-158.68942309987108,56648.24467629449,58675.166796875,60702.088917455505,6.908960745173238,0.24565644872194198,0.004467747934842529,0.004477743200546058,57943.876953125,58675.166796875,0,57130.1796875
57130.1796875,57644.094347357575,57130.1796875,57644.094347357575,5046100.0,2024-04-03,0.0,36.419779184864005,-480.3976006102457,-316.4742722112237,-163.923328399022,56598.32242785214,58496.0076171875,60393.69280652286,6.488255409682951,0.1401331639823091,-0.008955341131208702,-0.00891536149658645,57832.529296875,58496.0076171875,1,58414.96484375
58414.96484375,58586.26972598974,57130.17822695198,57130.17822695198,7472800.0,2024-04-04,0.0,49.666908433613585,-408.64112769646454,-334.9076433082719,-73.73348438819266,56843.09161116839,58372.6314453125,59902.17127945661,5.240606072649264,0.5138386060606219,0.022239586362575847,0.02248872948199576,57815.398828125,58372.6314453125,0,58158.01171875
58158.01171875,58414.96906065905,57986.706824143956,58414.96906065905,4233800.0,2024-04-05,0.0,47.53381212610801,-368.26247509794484,-341.5786096662065,-26.683865431738354,56838.78898411249,58320.9669921875,59803.14500026251,5.082830702287767,0.44502844039322165,-0.004408458095919853,-0.004398755108169672,57823.964453125,58320.9669921875,-1,57387.1328125
57387.1328125,58243.65718283582,57301.48037546642,58243.65718283582,3666000.0,2024-04-08,0.0,41.741776713881386,-393.92466885867907,-352.04782150470106,-41.87684735397801,56779.36651744125,58218.07421875,59656.78192005875,4.942477815061048,0.21121951821967777,-0.013343535070289765,-0.013254904758057129,57798.26796875,58218.07421875,0,57387.1328125
57387.1328125,57644.09012360074,57215.827938432834,57472.785249533576,2516000.0,2024-04-09,0.0,41.741776713881386,-409.54120620559115,-363.5464984448791,-45.99470776071206,56720.182253726976,58127.8658203125,59535.54938689803,4.843403578369866,0.23689647823011026,0.0,0.0,57738.3109375,58127.8658203125,0,57215.83203125
57215.83203125,57644.09424705277,57215.83203125,57472.789360731666,2765500.0,2024-04-10,0.0,40.47087006265362,-430.7742683724864,-376.9920524304006,-53.78221594208583,56793.04522096026,57995.2689453125,59197.49266966474,4.145937233210848,0.17583532986655181,-0.0029894673154150344,-0.0029850033074433346,57661.223828125,57995.2689453125,0,57044.52734375
57044.52734375,57301.48467412725,56958.87490029092,57130.17978720908,2947700.0,2024-04-11,0.0,39.185974125123884,-456.1660811143811,-392.82685816719675,-63.33922294718434,56859.60372771053,57866.7900390625,58873.97635041447,3.481051258146786,0.0918020896209582,-0.002998499510889658,-0.0029940085011161965,57567.00625,57866.7900390625,0,57130.1796875
57130.1796875,57472.789460738386,57044.52724419041,57215.8321308096,2509200.0,2024-04-12,0.0,40.208141824128816,-464.0288120390687,-407.06724894157117,-56.96156309749756,56851.049132301465,57776.8548828125,58702.66063332353,3.2047634035768295,0.15075006557501852,0.0015003736299383551,0.0015014997535847119,57489.919140625,57776.8548828125,-1,55588.4375
55588.4375,57130.18152927581,55588.4375,57130.18152927581,5756100.0,2024-04-15,0.0,30.327035946326333,-587.8889744496992,-443.23159404319676,-144.6573804065024,56319.73960194744,57648.376171875,58977.012741802566,4.609450111712832,-0.2752077274176302,-0.02735729697330531,-0.026986475378394936,57310.049609375,57648.376171875,-1,54817.55859375
54817.55859375,55674.082946777344,53961.034240722656,55588.43051147461,7128700.0,2024-04-16,0.0,26.78291537693346,-739.7254363873726,-502.53036251203196,-237.19507387534065,55668.22686624777,57485.636328125,59303.04579000223,6.323003720454796,-0.2340331912928155,-0.013964666069427426,-0.013867612419399267,57027.395703125,57485.636328125,0,54988.86328125
54988.86328125,55588.43032637266,54988.86328125,55160.16815128505,4589800.0,2024-04-17,0.0,28.77487044529572,-836.5903766646225,-569.3423653425501,-267.24801132207233,55229.36081121574,57322.8966796875,59416.43254815927,7.304361746302377,-0.05743812026046059,0.0031201240063789947,0.0031249966597295398,56813.2640625,57322.8966796875,0,54988.86328125
54988.86328125,55588.43032637266,54988.86328125,55160.16815128505,4589800.0,2024-04-18,0.0,28.77487044529572,-902.9479181734059,-636.0634759087213,-266.8844422646846,54894.1308061422,57143.0263671875,59391.9219282328,7.871111153947044,0.021061999665241353,0.0,0.0,56470.65390625,57143.0263671875,0,54988.86328125
54988.86328125,55160.16815128505,54217.99136609229,54988.86328125,4516100.0,2024-04-19,0.0,28.77487044529572,-944.6474402310123,-697.7802687731795,-246.8671714578328,54590.4029946759,56988.8517578125,59387.30052094911,8.417255969042428,0.08306624946471887,0.0,0.0,56153.7390625,56988.8517578125,0,54817.55859375
54817.55859375,55931.04025268555,54817.55859375,55417.12564086914,2035200.0,2024-04-22,0.0,27.82923777611856,-980.2181241481594,-754.2678398481755,-225.95028429998388,54284.20689340624,56847.5248046875,59410.842715968756,9.018221708291135,0.10403541792386704,-0.003120124006379103,-0.003115261478016662,55896.781640625,56847.5248046875,0,54389.30078125
54389.30078125,55074.52031865158,54132.34345472441,54988.86787647638,2014400.0,2024-04-23,0.0,25.567137137887116,-1031.0793330673114,-809.6301384920027,-221.44919457530864,53941.23745813694,56667.6546875,59394.07191686306,9.622481270482037,0.08217071809250168,-0.007843097224402474,-0.007812420390222008,55596.9984375,56667.6546875,0,54817.55859375
54817.55859375,55074.5158996582,54389.29641723633,54817.55859375,2401300.0,2024-04-24,0.0,31.55836287855378,-1025.01465036218,-852.7070408660383,-172.3076094961417,53737.56637215938,56509.1974609375,59280.828549715625,9.80948664398937,0.19482972065859158,0.007843097224402433,0.007873934879626843,55357.17109375,56509.1974609375,1,55417.12890625
55417.12890625,55502.781346599695,54731.909383452476,54817.56182380216,1916000.0,2024-04-25,0.0,38.96543120268226,-960.753068893915,-874.3162464716137,-86.43682242230136,53659.70249650965,56380.71875,59101.73500349035,9.652293599007551,0.3229356692533595,0.010878177070859125,0.010937559568155564,55194.43125,56380.71875,0,55674.0859375
55674.0859375,56359.30545673077,55245.82373798077,55417.12861778846,2940600.0,2024-04-26,0.0,41.86904268446824,-878.9589262889276,-875.2447824350766,-3.7141438538510556,53629.2502265994,56269.3705078125,58909.4907890256,9.383862863177203,0.3872618466384848,0.0046260631835046365,0.004636779932874147,55048.821875,56269.3705078125,0,55674.0859375
55674.0859375,55674.0859375,55674.0859375,55674.0859375,0.0,2024-04-29,0.0,41.86904268446824,-804.8585703871504,-861.1675400254913,56.308969638340955,53585.46525341091,56183.7181640625,58781.971074714085,9.24913122718012,0.4019279023082681,0.0,0.0,55057.38671875,56183.7181640625,0,55674.0859375
55674.0859375,55674.0859375,55674.0859375,55674.0859375,0.0,2024-04-30,0.0,41.86904268446823,-737.6305585508599,-836.4601437305652,98.8295851797053,53572.1012142131,56085.217578125,58598.333942036894,8.961778067139358,0.4182028244834169,0.0,0.0,55143.039453125,56085.217578125,0,55674.0859375
55674.0859375,55674.0859375,55674.0859375,55674.0859375,0.0,2024-05-01,0.0,41.86904268446823,-676.5529930546109,-804.4787135953743,127.92572054076345,53542.76966927447,56012.412890625,58482.05611197552,8.81819973073818,0.43150286847102093,0.0,0.0,55211.56171875,56012.412890625,0,56016.69921875
56016.69921875,56102.35166403861,55588.43699230695,56016.69921875,2563400.0,2024-05-02,0.0,46.43882140483603,-593.6592199529478,-762.314814866889,168.6555949139413,53696.27881813703,55892.499609375,58088.720400612976,7.858731695977313,0.5282757566703913,0.006135051435103255,0.006153909408312952,55314.3453125,55892.499609375,0,56188.00390625
56188.00390625,56530.61368616616,56102.35146127096,56188.00390625,1966400.0,2024-05-03,0.0,48.6139390894384,-508.28327769433963,-711.5085074323792,203.22522973803962,53865.17009417758,55793.99921875,57722.82834332243,6.9141095873415255,0.6021357160363644,0.003053433872645361,0.003058100350237458,55434.259375,55793.99921875,0,56359.30859375
56359.30859375,56873.22326177811,56102.35125973594,56359.30859375,2261300.0,2024-05-06,0.0,50.76708218277858,-421.9355612217041,-653.5939181902443,231.65835696854015,53941.994520444205,55742.6080078125,57543.2214951808,6.460456558171571,0.6712473527116702,0.00304413878895416,0.00304877688457883,55588.434375,55742.6080078125,1,58243.65625
58243.65625,58671.918428308825,56444.95510110294,56530.607536764706,8485900.0,2024-05-07,0.0,67.0983955163882,-199.15750239018962,-562.7066350302333,363.5491326400437,53789.934438648736,55785.4341796875,57780.93392072627,7.154196325195454,1.1159414656282693,0.03288776165708027,0.03343454175126204,55973.869921875,55785.4341796875,0,58158.01171875
58158.01171875,58243.664166053015,57472.792140325844,58243.664166053015,2964400.0,2024-05-08,0.0,66.02636727219837,-29.178729418032162,-456.0010539077931,426.82232448976094,53658.374608390804,55832.5431640625,58006.7117197342,7.788176688577339,1.0347949101326819,-0.0014715346987578888,-0.0014704525224581433,56307.915234375,55832.5431640625,-1,57044.52734375
57044.52734375,58158.00910871809,57044.52734375,58158.00910871809,2998000.0,2024-05-09,0.0,53.956396836648835,15.50307965608954,-361.70022719501657,377.2033068511061,53658.374608390804,55832.5431640625,58006.7117197342,7.788176688577339,0.7787236013798987,-0.019331501896594366,-0.019145846670012845,56470.655078125,55832.5431640625,0,56958.875
56958.875,57815.39943609022,56616.26522556391,57130.179887218044,2418100.0,2024-05-10,0.0,53.151492851841944,43.50085615682474,-280.6600105246483,324.16086668147307,53670.07875264385,55823.9779296875,57977.877106731146,7.7167527536520915,0.7634517628327928,-0.0015026281339897624,-0.0015014997535847119,56599.133984375,55823.9779296875,-1,56359.30859375
56359.30859375,57215.83304046352,56016.698815064585,57044.528151120816,2732500.0,2024-05-13,0.0,47.77849878889046,17.112040595784492,-221.10560030056178,238.21764089634627,53698.80268652336,55862.521484375,58026.24028222664,7.746584795521053,0.614799369924655,-0.01058209692773816,-0.010526303517230606,56667.65625,55862.521484375,1,56958.875
56958.875,57387.137218045114,56444.96033834587,56444.96033834587,2433100.0,2024-05-14,0.0,52.90541852904301,44.070692827495805,-168.07034167495027,212.14103450244608,53811.676169855826,55969.5873046875,58127.49843951917,7.711013208242634,0.7292234558096551,0.010582096927738134,0.010638285337597031,56796.13515625,55969.5873046875,0,57387.1328125
57387.1328125,57644.09012360074,57130.17550139925,57301.48037546642,3234900.0,2024-05-15,0.0,56.21225297770876,98.8529302702591,-114.68568728590841,213.5386175561675,53894.82837879129,56089.50078125,58284.173183708706,7.8256086144106325,0.7956322842981611,0.007490594960294417,0.007518719646411487,56967.43984375,56089.50078125,0,57558.4375
57558.4375,57986.699683779756,57387.13262648809,57472.785063244046,2911400.0,2024-05-16,0.0,57.49783905099746,154.3122887479767,-60.886092079131394,215.1983808271081,53993.94689937238,56217.9794921875,58442.01208500262,7.912175474482113,0.8013575457803395,0.002980624896785723,0.002985071375837922,57121.613671875,56217.9794921875,0,57387.1328125
57387.1328125,58072.352308768655,57215.827938432834,57644.09012360074,4169000.0,2024-05-17,0.0,55.735595665823645,182.3394772846732,-12.240978206370478,194.58045549104367,54134.372693552716,56337.89296875,58541.41324394728,7.822515749460318,0.7380826388484358,-0.0029806248967856764,-0.002976187244485229,57241.5265625,56337.89296875,0,56873.22265625
56873.22265625,57901.05198136296,56873.22265625,57472.789762565895,4920600.0,2024-05-20,0.0,50.713967082873445,161.22447604095214,22.452112643094047,138.7723633978581,54346.69953998177,56440.676171875,58534.65280376823,7.420097610158264,0.603283503212718,-0.008995484383896902,-0.008955146059119068,57292.91796875,56440.676171875,0,56701.91796875
56701.91796875,57044.52774499622,56359.30819250378,56873.22285687311,3799500.0,2024-05-21,0.0,49.12511931345251,129.17873673558643,43.79743746159252,85.3812992739939,54697.037083339055,56556.30703125,58415.57697916094,6.574934063087287,0.5391580947305711,-0.0030165900118761177,-0.0030120446758467034,57138.744140625,56556.30703125,0,56359.30859375
56359.30859375,57130.18059579217,56359.30859375,56873.22326177811,3618300.0,2024-05-22,0.0,46.01974744663928,75.26889127711911,50.09172822469784,25.17716305242127,54959.010741152786,56633.39453125,58307.778321347214,5.91306173312037,0.4181531919022918,-0.006060617492259706,-0.006042288996093936,56958.873828125,56633.39453125,1,57387.1328125
57387.1328125,57387.1328125,56359.30356809701,56530.60844216418,2991400.0,2024-05-23,0.0,55.17437424721609,114.1657432965294,62.90653123906415,51.25921205746525,55128.49776221333,56731.8947265625,58335.291690911676,5.652541562650981,0.7043280923272365,0.018072691888032705,0.018236991268980596,56993.134375,56731.8947265625,-1,56530.61328125
56530.61328125,57301.48528053977,56273.655948153406,57130.18039180871,4104100.0,2024-05-24,0.0,47.886193193646896,75.01310642231692,65.3278462757147,9.685260146602218,55246.284568781164,56774.72109375,58303.15761871883,5.384215001056487,0.4201446025032096,-0.015037791763381325,-0.014925288810794801,56950.308203125,56774.72109375,0,56616.265625
56616.265625,57044.527846066565,56359.30829236006,56616.265625,2336600.0,2024-05-27,0.0,48.61714149564713,50.315778954805864,62.32543281153294,-12.009653856727077,55380.640017113226,56821.830078125,58263.020139136774,5.072663302221223,0.42868239287582743,0.001514003054066274,0.001515149735310084,56976.00390625,56821.830078125,1,57215.83203125
57215.83203125,57644.09424705277,56616.264929126126,56787.569815447234,5347500.0,2024-05-28,0.0,53.53056274289205,78.22128096510278,65.5046024422469,12.716678522855872,55554.536591075936,56898.9173828125,58243.29817454906,4.7255056987873765,0.6178664000502925,0.010534321393900143,0.010590002707371315,57001.699609375,56898.9173828125,0,56787.5703125
56787.5703125,57644.09475160257,56530.612980769234,57387.1374198718,3357900.0,2024-05-29,0.0,49.862817198055275,65.02982741516462,65.40964743683045,-0.37982002166583584,55737.593364689135,56954.5916015625,58171.58983843586,4.273573745860991,0.4313798146940631,-0.007513174597938684,-0.007485021252790491,56941.743359375,56954.5916015625,0,56273.65625
56273.65625,56701.91847412481,56102.351360350076,56616.26602929985,4412600.0,2024-05-30,0.0,45.80685590000571,12.957568765894393,54.919231702643245,-41.96166293674885,55787.262673226905,56967.439453125,58147.616233023095,4.143337988252709,0.2060681014309964,-0.009090961021982492,-0.009049763173031522,56813.265234375,56967.439453125,0,56016.69921875
56016.69921875,56444.96144519304,55931.04677346139,56444.96144519304,4143400.0,2024-05-31,0.0,43.8847161009693,-48.48544627289084,34.238296107536435,-82.72374238042727,55752.679523125116,56958.87421875,58165.06891437489,4.235317892669395,0.10944323357685821,-0.00457666161429584,-0.0045662046572635395,56676.221875,56958.87421875,0,56016.69921875
56016.69921875,56016.69921875,56016.69921875,56016.69921875,0.0,2024-06-03,0.0,43.88471610096931,-96.07201992125192,8.176232901778764,-104.24825282303068,55690.7948435941,56941.74375,58192.6926564059,4.393785030181489,0.1302628642492903,0.0,0.0,56590.56953125,56941.74375,0,56530.61328125
56530.61328125,57044.52794744318,56530.61328125,56616.26572561553,2445200.0,2024-06-04,0.0,48.86205405472084,-91.2641165697205,-11.71183699252109,-79.55227957719941,55754.85078611647,56856.0916015625,57957.332417008525,3.8737830351172584,0.3522220046027486,0.009132472786250876,0.009174301050712153,56573.4390625,56856.0916015625,1,58671.921875
58671.921875,59271.48895985401,56701.915739051095,56701.915739051095,11865800.0,2024-06-05,0.0,63.420791426210535,84.35944614523032,7.502419635029193,76.85702651020112,55637.89574141718,56881.787109375,58125.67847733282,4.373601573262826,1.2195703787879753,0.0371789603696592,0.03787874338275099,56804.700390625,56881.787109375,-1,57558.4375
57558.4375,59100.18136160714,57558.4375,59100.18136160714,4887800.0,2024-06-06,0.0,54.69997559298301,132.16992894303985,32.43592149663132,99.73400744640853,55628.69384590565,56907.4826171875,58186.27138846936,4.4942728529538885,0.7545200964503235,-0.01916054370949217,-0.018978147287765146,56821.830859375,56907.4826171875,0,58072.35546875
58072.35546875,58757.57500230458,57815.39814366704,57901.05058536136,4127600.0,2024-06-07,0.0,57.598025732151335,209.11837959439436,67.77241311618394,141.3459664782104,55582.083520644854,56963.156640625,58344.22976060514,4.849004870615582,0.9015713621813695,0.008889005073153908,0.00892862959926588,56976.005078125,56963.156640625,0,57558.4375
57558.4375,58671.91917782738,57558.4375,58586.26674107143,4564100.0,2024-06-10,0.0,53.88554329141479,226.02620661931724,99.4231718168106,126.60303480250664,55648.3169935653,57023.1130859375,58397.909178309696,4.821890696498075,0.6946922954729983,-0.00888900507315404,-0.008849614667800987,57070.222265625,57023.1130859375,-1,56958.875
56958.875,57815.39943609022,56873.222556390974,57729.7469924812,6177100.0,2024-06-11,0.0,49.84875073781915,188.8689348397529,117.31232442139907,71.55661041835384,55648.3169935653,57023.1130859375,58397.909178309696,4.821890696498075,0.47663723140693,-0.010471219857080103,-0.01041658748988794,57044.5265625,57023.1130859375,0,57387.1328125
57387.1328125,57644.09012360074,56787.56575326492,56958.870627332086,3425100.0,2024-06-12,0.0,52.58130788491047,191.76777606841642,132.20341475080255,59.56436131761387,55648.3169935653,57023.1130859375,58397.909178309696,4.821890696498075,0.6323904426926288,0.007490594960294417,0.007518719646411487,57104.4828125,57023.1130859375,0,57301.484375
57301.484375,57729.74659005979,57215.83193198804,57387.13681801196,2803600.0,2024-06-13,0.0,51.97141874002766,185.02120622115763,142.76697304487357,42.25423317628406,55651.82805302659,57010.2654296875,58368.7028063484,4.765588675731771,0.6071889475053797,-0.0014935824587010214,-0.0014924676195243736,57207.265625,57010.2654296875,-1,56701.91796875
56701.91796875,57644.094853427116,56701.91796875,57387.13752124245,4124200.0,2024-06-14,0.0,47.79234185465776,129.79826916166348,140.17323226823154,-10.37496310656806,55623.03558073764,56976.0046875,58328.973794262354,4.749259321298764,0.3987091732619512,-0.010518491937071925,-0.01046336605045406,57275.7875,56976.0046875,0,56530.61328125
56530.61328125,57044.52794744318,56530.61328125,56787.57061434659,3617600.0,2024-06-17,0.0,46.63842036795721,71.38792153201211,126.41617012098766,-55.02824858897554,55591.82314990646,56958.87421875,58325.92528759355,4.800133737171137,0.3433632264146908,-0.0030257173676083962,-0.0030211444980470237,57327.17890625,56958.87421875,0,56444.9609375
56444.9609375,56958.87560460925,56444.9609375,56958.87560460925,2751700.0,2024-06-18,0.0,46.03986180582764,17.97862549416459,104.72866119562305,-86.75003570145846,55564.058664894445,56946.0263671875,58327.994069480555,4.853605389012182,0.3187130463121179,-0.0015162987354217586,-0.001515149735310084,57318.613671875,56946.0263671875,0,55931.046875
55931.046875,56530.613993108724,55759.74198411179,56530.613993108724,6155000.0,2024-06-19,0.0,42.51425915276255,-65.06714277473657,70.76950040155113,-135.83664317628768,55492.02341543525,56924.61328125,58357.20314706475,5.033288004036804,0.15322719713470315,-0.00914639441617197,-0.009104693385633578,57044.526171875,56924.61328125,1,56530.61328125
56530.61328125,57215.83283617424,55845.393726325754,56016.69861505682,4397100.0,2024-06-20,0.0,47.559666877496504,-81.5613260449536,40.30333511225018,-121.86466115720378,55456.222184233724,56881.7873046875,58307.35242514128,5.012378084456925,0.3768298906872389,0.010662693151593752,0.010719742249594821,56941.74375,56881.7873046875,0,56530.61328125
56530.61328125,57472.79016927083,56530.61328125,56958.87550307765,3967700.0,2024-06-21,0.0,47.559666877496504,-93.55464540429966,13.531739008940214,-107.08638441323987,55456.222184233724,56881.7873046875,58307.35242514128,5.012378084456925,0.3768298906872389,0.0,0.0,56787.56953125,56881.7873046875,0,56102.34765625
56102.34765625,57044.52448711832,55931.042777910305,56616.262291269086,3847700.0,2024-06-24,0.0,44.33608456477545,-136.04861048180464,-16.38433088920876,-119.66427959259589,55392.3586578254,56856.09140625,58319.8241546746,5.148903880732451,0.24252685443731142,-0.00760466004528767,-0.007575817776278138,56641.960546875,56856.09140625,0,56102.34765625
56102.34765625,56701.91473043893,56102.34765625,56359.30497375954,2433600.0,2024-06-25,0.0,44.33608456477544,-167.79119154843647,-46.665703021054306,-121.12548852738217,55309.83882182265,56800.4171875,58290.99555317736,5.248476822826528,0.2658393723791964,0.0,0.0,56556.3078125,56800.4171875,0,55845.390625
55845.390625,56359.305262653375,55759.7381853911,56359.305262653375,2485100.0,2024-06-26,0.0,42.33917232063068,-211.24658158298553,-79.58187873344056,-131.66470284954497,55202.675807869375,56753.308203125,58303.94059838063,5.464465224496797,0.20724280593424327,-0.0045906685826692965,-0.004580147569303583,56402.13359375,56753.308203125,0,55931.046875
55931.046875,56188.00421133231,55759.74198411179,55845.39442955589,2708400.0,2024-06-27,0.0,43.25665902734965,-236.05248167749232,-110.87599932225092,-125.1764823552414,55155.94673486037,56736.177734375,58316.40873388963,5.5704527961431785,0.24524899852543772,0.001532635476363381,0.0015338105623645681,56265.08984375,56736.177734375,0,56102.34765625
56102.34765625,56530.60985209924,55931.042777910305,56102.34765625,2731700.0,2024-06-28,0.0,45.13677739517938,-239.13222733071598,-136.52724492394395,-102.60498240677202,55167.9936386966,56740.46015625,58312.926673803406,5.542663958745476,0.29709822343535786,0.003058033106306008,0.0030627136594250093,56205.1328125,56740.46015625,0,56530.61328125
56530.61328125,56530.61328125,55931.04617069128,56359.308392518935,1909300.0,2024-07-01,0.0,49.63021716175481,-204.6563402803149,-150.15306399521816,-54.503276285096746,55227.045218022555,56766.155859375,58305.26650072745,5.422634730332055,0.42348094678949605,0.00760466004528774,0.007633648909383783,56205.1328125,56766.155859375,0,56701.91796875
56701.91796875,56787.570412811554,56359.30819250378,56530.613080626885,2042800.0,2024-07-02,0.0,51.346742608352486,-161.64772047979932,-152.4519952921344,-9.19572518766492,55239.22725063051,56774.72109375,58310.21493686949,5.409075777171975,0.4762932540152383,0.0030257173676084418,0.003030299470620168,56230.828515625,56774.72109375,0,56701.91796875
56701.91796875,56787.570412811554,56530.613080626885,56701.91796875,1332600.0,2024-07-03,0.0,51.3467426083525,-126.10936912066245,-147.18347005784003,21.074100937177576,55427.12395332902,56676.2208984375,57925.317843545985,4.407834274437017,0.5102862593704708,0.0,0.0,56307.915625,56676.2208984375,0,56873.22265625
56873.22265625,57301.48487504706,56787.57021249059,56787.57021249059,2688900.0,2024-07-04,0.0,53.196553650608905,-83.16345644189278,-134.3794673346506,51.21601089275782,55458.90588528498,56641.96015625,57825.01442721503,4.177306956544244,0.5977395989667299,0.003016590011876132,0.0030211444980470237,56342.1765625,56641.96015625,1,57558.4375
57558.4375,57815.394810267855,56873.21800595238,56873.21800595238,4180100.0,2024-07-05,0.0,59.7832105541313,6.092371015169192,-106.28509966468665,112.37747067985585,55547.189195125065,56616.2642578125,57685.33932049994,3.776565185647741,0.940648779057229,0.011976109280682577,0.012048110019921676,56444.958984375,56616.2642578125,0,57901.05078125
57901.05078125,57986.7032232341,57387.13612934542,57644.09345529771,4942400.0,2024-07-08,0.0,62.61612609399126,103.28369563520391,-64.37134060470855,167.65503623991248,55492.20497270848,56633.394921875,57774.584871041516,4.030095496626234,1.0554096670325788,0.005934796558884685,0.0059524423547807626,56624.829296875,56633.394921875,0,57815.3984375
57815.3984375,58072.35576388889,57558.44111111111,57901.05087962963,5045200.0,2024-07-09,0.0,61.45073142715245,171.42105706815346,-17.21286107013615,188.6339181382896,55424.65304272735,56676.22109375,57927.78914477265,4.416554339261229,0.9551000414316998,-0.001480383471335111,-0.0014792882442427047,56796.134375,56676.22109375,-1,57215.83203125
57215.83203125,58072.35646285554,57215.83203125,57815.399133373874,3881700.0,2024-07-10,0.0,53.88978737638654,175.0228541929173,21.234281982474542,153.78857221044274,55434.361401778275,56667.6560546875,57900.95070759672,4.352728659604424,0.7222404740300337,-0.010424505299750284,-0.01037035845905565,56933.178515625,56667.6560546875,0,56787.5703125
56787.5703125,57387.1374198718,56787.5703125,57301.48497596154,3787100.0,2024-07-11,0.0,49.23030040777293,141.6868845847639,45.324802502932414,96.36208208183149,55443.341823452254,56641.9603515625,57840.57887967274,4.232263575168369,0.5607407434152848,-0.007513174597938684,-0.007485021252790491,57018.830859375,56641.9603515625,0,56787.5703125
56787.5703125,57044.52764423077,56616.26542467949,56873.22275641026,2079900.0,2024-07-12,0.0,49.23030040777293,113.95429432669334,59.050700867684604,54.90359345900874,55446.111325591024,56646.24296875,57846.37461190897,4.237285935524617,0.558879933945414,0.0,0.0,57087.353125,56646.24296875,0,56701.91796875
56701.91796875,57301.48507718089,56701.91796875,56787.570412811554,2155300.0,2024-07-15,0.0,48.26237982104134,84.09519141138298,64.05959897642428,20.0355924349587,55455.70651914169,56654.808203125,57853.90988710831,4.23300941972713,0.519643774274632,-0.0015094324824191912,-0.0015082938621718833,57104.48359375,56654.808203125,0,56616.265625
56616.265625,57130.18029027988,56616.265625,56873.22295763994,2243700.0,2024-07-16,0.0,47.26168618780084,52.910292002961796,61.82973758173179,-8.919445578769995,55468.14208608587,56663.3734375,57858.60478891413,4.218708766898513,0.48029343338247305,-0.001511714313542145,-0.0015105722490235118,57095.918359375,56663.3734375,0,56273.65625
56273.65625,56958.875808599696,56188.00380517504,56701.91847412481,3464800.0,2024-07-17,0.0,43.38650719571036,0.5440498225361807,49.572600029892676,-49.028550207356496,55520.154262568285,56680.50390625,57840.853549931715,4.094351897791673,0.32468747309685964,-0.006069814226021122,-0.006051430118497847,57053.0921875,56680.50390625,0,56444.9609375
56444.9609375,56530.61338201821,56102.35115942716,56530.61338201821,2283000.0,2024-07-18,0.0,45.78034115281113,-26.82450159885775,34.293179704142595,-61.117681303000346,55512.91383289068,56676.2212890625,57839.528745234325,4.105098857027442,0.4006022224238441,0.003039512436533166,0.003044136438175693,57010.266015625,56676.2212890625,0,55931.046875
55931.046875,56444.96154766462,55759.74198411179,56444.96154766462,3392700.0,2024-07-19,0.0,40.27799559265807,-88.95740013015165,9.643063737283747,-98.6004638674354,55437.136352042515,56646.24296875,57855.34958545748,4.268973733613753,0.20424605908718485,-0.00914639441617197,-0.009104693385633578,56847.526953125,56646.24296875,0,56016.69921875
56016.69921875,56530.61389048165,55845.39432817278,55931.04677346139,2654800.0,2024-07-22,0.0,41.53914753694802,-129.79059634264559,-18.24366827870212,-111.54692806394347,55424.16739274657,56641.960546875,57859.753701003436,4.299968229809521,0.24328098084419908,0.0015302203653429665,0.0015313917499422125,56659.091796875,56641.960546875,0,56444.9609375
56444.9609375,56787.57071557284,56102.35115942716,56188.00360394537,3777800.0,2024-07-23,0.0,47.5078766227597,-126.13999363058974,-39.82293334907965,-86.3170602815101,55463.82833555769,56659.0912109375,57854.354086317304,4.219138887808604,0.41042544788758006,0.007616174050829003,0.007645250875593312,56522.048046875,56659.0912109375,0,56188.00390625
56188.00390625,56616.266131145196,56188.00390625,56359.308796208075,3613500.0,2024-07-24,0.0,44.5677034361555,-142.34033880056813,-60.326414439377345,-82.01392436119079,55520.90931459878,56676.221875,57831.53443540123,4.076886292630013,0.28870740893682845,-0.004562740178183838,-0.004552346692816789,56419.265234375,56676.221875,0,56188.00390625
56188.00390625,56273.65635122904,55931.04657131288,56188.00390625,1957600.0,2024-07-25,0.0,44.5677034361555,-153.4108048021153,-78.94329251192494,-74.46751229019037,55563.31211577776,56689.0697265625,57814.82733734724,3.971691954779958,0.2774539494504433,0.0,0.0,56359.30859375,56689.0697265625,0,56359.30859375
56359.30859375,56701.91837243541,56016.698815064585,56016.698815064585,2975400.0,2024-07-26,0.0,47.099034778838316,-146.67064434973872,-92.4887628794877,-54.18188147025103,55598.71510442133,56701.9177734375,57805.12044245366,3.891235825300323,0.3447206531901181,0.00304413878895416,0.00304877688457883,56316.482421875,56701.9177734375,1,57558.4375
57558.4375,57901.04724702381,56444.95582217262,56701.91313244047,5781800.0,2024-07-29,0.0,60.64633180773406,-44.06142475770321,-82.8032952551308,38.7418704974276,55589.60561340748,56753.308984375,57917.012355342515,4.100918137787879,0.8459337386621165,0.02105331678481827,0.021276501365436795,56402.134375,56753.308984375,0,57986.703125
57986.703125,58586.27021787297,57301.48359028803,57644.093357644015,6375600.0,2024-07-30,0.0,64.17497382522697,70.99617805380694,-52.04340059334325,123.0395786471502,55530.481996899354,56817.5482421875,58104.61448747564,4.530523703000922,0.9541937476383567,0.007412991734115819,0.0074405359770233215,56539.178125,56817.5482421875,1,61327.15625
61327.15625,61669.766061452516,58671.930211243016,58671.930211243016,21144900.0,2024-07-31,0.0,79.56569764674734,426.8068434696179,43.72664821924898,383.0801952503689,54659.26647442396,57048.81015625,59438.353838076044,8.377190252632307,1.3952224071669974,0.05600902275611057,0.05760722622562442,57044.528125,57048.81015625,-1,60213.66796875
60213.66796875,61584.10706903449,60042.36308121444,61498.45462526671,8865800.0,2024-08-01,0.0,68.9346713948172,611.8867116760812,157.3586609106154,454.52805076546576,54441.90567659585,57215.832421875,59989.759167154145,9.696360702491875,1.0403595376079988,-0.018323381338977436,-0.018156528841984265,57421.398828125,57215.832421875,1,61241.4921875
61241.4921875,61584.1019340035,59956.70563811189,59956.70563811189,10290200.0,2024-08-02,0.0,72.57702246211205,831.9109140552173,292.2691115395358,539.6418025156815,54092.57738576393,57399.98515625,60707.392926736065,11.52407186685811,1.0807428805014632,0.016925567500933655,0.01706961647450922,57952.443359375,57399.98515625,-1,59442.79296875
59442.79296875,60984.5368786023,58671.92101382385,60813.231999729825,12155500.0,2024-08-05,0.0,59.44217767683719,851.3281045766926,404.0809101469672,447.24719442972537,54050.76098192311,57477.072265625,60903.38354932689,11.922358424477538,0.7868567010352274,-0.02981054937593555,-0.029370597523048825,58295.052734375,57477.072265625,1,62269.3203125
62269.3203125,62783.23492305709,59956.704564993124,60213.661870271666,13496200.0,2024-08-06,0.0,68.95143600232706,1082.3172230954951,539.7281727366728,542.5890503588223,53657.29781326792,57699.768359375,61742.238905482074,14.01208587503891,1.06519298050613,0.046454466317219535,0.047550379155904654,58877.488671875,57699.768359375,1,63211.5
63211.5,63211.5,62012.36585365854,62697.58536585366,10700700.0,2024-08-07,0.0,71.36180170071141,1326.1171374837868,697.0059656860957,629.1111717976911,53276.26035098291,57999.5517578125,62722.84316464209,16.28733762134071,1.051728423388333,0.015017392968074725,0.015130720598388603,59579.83828125,57999.5517578125,-1,62269.3203125
62269.3203125,63725.411709078406,61841.05813703577,63297.149533614174,5811000.0,2024-08-08,0.0,65.85598963355315,1426.8563872183877,842.9760499925542,583.8803372258335,53221.70719437828,58273.6392578125,63325.57132124672,17.33865304373257,0.8954606875662634,-0.015017392968074653,-0.014905194268447941,60187.969921875,58273.6392578125,0,62783.23828125
62783.23828125,62868.89072092428,62098.01876385573,62354.97608287858,4527500.0,2024-08-09,0.0,67.3363421418476,1530.518983381182,980.4846366702798,550.0343467109021,53191.967869635686,58573.42265625,63954.87744286431,18.375073685539835,0.8911410382440996,0.008219277841819585,0.008253148840727587,60830.362890625,58573.42265625,0,62526.27734375
62526.27734375,63725.41142979452,62354.972474315065,62783.2346479024,5804000.0,2024-08-12,0.0,65.80018474639135,1573.7959969459844,1099.1469087254209,474.6490882205635,53282.96691873069,58864.640625,64446.31433126931,18.964436534413334,0.8280052643203838,-0.0041012256155161225,-0.0040928270751007245,61327.146875,58864.640625,1,63211.5
63211.5,63725.41463414634,62269.32317073171,62354.975609756104,6734400.0,2024-08-13,0.0,67.90299458356628,1644.429128334974,1208.2033526473315,436.22577568764245,53396.91147200543,59194.40234375,64991.89321549457,19.58796995052927,0.8464513998485331,0.01089934074177121,0.010958954944380483,61849.6265625,59194.40234375,0,63382.8046875
63382.8046875,63468.45712626689,62783.23761613176,63382.8046875,5456200.0,2024-08-14,0.0,68.42567062277305,1694.6938743994542,1305.5014569977561,389.1924174016981,53635.79563960931,59549.859765625,65463.92389164069,19.86256273076757,0.8240533785399837,0.0027063585914262507,0.0027100240858071167,62055.19140625,59549.859765625,0,63211.5
63211.5,63896.71951219512,63125.84756097561,63382.80487804878,4255800.0,2024-08-15,0.0,67.24637779992537,1701.097003801544,1384.6205663585138,316.47643744303014,53947.87583302839,59888.18671875,65828.49760447162,19.83800549386746,0.7797255350084501,-0.0027063585914262655,-0.0027026997045112022,62354.974609375,59888.18671875,0,63211.5
63211.5,63468.457317073175,62697.58536585366,63382.80487804878,7392900.0,2024-08-16,0.0,67.24637779992537,1686.7279797854935,1445.0420490439099,241.68593074158366,54442.05765531359,60252.209375,66062.3610946864,19.28610346394093,0.7546655206070698,0.0,0.0,62551.975390625,60252.209375,1,65095.85546875
65095.85546875,65095.85546875,63211.501757812504,63382.806640625,7917900.0,2024-08-19,0.0,73.14990280698223,1806.567180929218,1517.3470754209716,289.22010550824643,54870.71011227736,60706.1671875,66541.62426272265,19.22525287158706,0.8761220607626966,0.02937463648833282,0.029810326740387527,63117.281640625,60706.1671875,0,64753.25
64753.25,65267.16468253968,64496.29265873016,65095.85978835979,4177300.0,2024-08-20,0.0,70.65634532651914,1852.5402819714,1584.3857167310573,268.15456524034266,55381.24836965581,61121.581640625,66861.91491159418,18.78332699150515,0.8163290516372613,-0.005276990743168435,-0.005263091886310245,63365.674609375,61121.581640625,0,64496.29296875
64496.29296875,65181.512548763276,64324.988073746674,64410.64052124834,3991000.0,2024-08-21,0.0,68.76307843572715,1846.949526369448,1636.8984786587355,210.0510477107125,56105.772954912034,61536.99609375,66968.21923258796,17.651895554224442,0.7724337409227823,-0.003976143572853978,-0.00396824918054306,63494.15390625,61536.99609375,-1,63554.109375
63554.109375,65095.85326819407,63040.19474393531,65095.85326819407,6025900.0,2024-08-22,0.0,62.18353453603292,1746.361502093052,1658.791083345599,87.570418747453,57030.869021248356,61905.3013671875,66779.73371312665,15.748028806214034,0.6691282072245913,-0.014716089601829142,-0.014608337167633989,63622.6328125,61905.3013671875,0,64153.6796875
64153.6796875,64753.24678738318,63725.417473297726,64153.6796875,3307600.0,2024-08-23,0.0,64.51069956927557,1695.480636183136,1666.1289939131066,29.351642270029515,58086.757647859595,62295.019921875,66503.2821958904,13.510750231055507,0.7208345921191274,0.009389790899154779,0.00943401329034832,63759.676953125,62295.019921875,-1,62868.89453125
62868.89453125,64239.33364909741,62783.24208638454,64153.68120423195,6324800.0,2024-08-26,0.0,56.48869568443618,1533.805009274416,1639.6641969853686,-105.85918771095248,58988.6035882767,62560.5427734375,66132.48195859829,11.419143846294759,0.5431630749892824,-0.020229931260538167,-0.020026679101001532,63793.938671875,62560.5427734375,0,62954.54296875
62954.54296875,63211.500286989794,62183.67101403061,62868.890529336735,4265800.0,2024-08-27,0.0,56.87370117388938,1396.4891654368257,1591.0291906756602,-194.54002523883446,59958.069127356175,62808.934765625,65659.80040389382,9.077898387886966,0.5255375422065525,0.00136140694341802,0.0013623340785391402,63768.24296875,62808.934765625,0,63297.15234375
63297.15234375,63382.804782645464,62697.58527148173,63040.19502706359,3352800.0,2024-08-28,0.0,58.45722571080044,1300.3217830519643,1532.8877091509212,-232.56592609895688,60137.14253481584,62907.4345703125,65677.72660580916,8.807518711958503,0.5703387528180996,0.0054274156900211415,0.00544217079250453,63759.677734375,62907.4345703125,0,62954.54296875
62954.54296875,63382.805165816324,62868.890529336735,63125.84784757653,2042900.0,2024-08-29,0.0,56.23359264577389,1182.8278235418693,1462.8757320291108,-280.04790848724156,60581.096766499,63044.4783203125,65507.85987412599,7.8147416536550525,0.48174554984726775,-0.005427415690021103,-0.005412713879123343,63733.98203125,63044.4783203125,0,63297.15234375
63297.15234375,64068.0242938092,62868.890149272665,63040.19502706359,3675800.0,2024-08-30,0.0,57.95591527864144,1104.6252945975866,1391.225644542806,-286.6003499452195,60833.64126826746,63147.261328125,65460.88138798254,7.327697230876046,0.5323931786004285,0.0054274156900211415,0.00544217079250453,63742.547265625,63147.261328125,0,63297.15234375
63297.15234375,64068.0242938092,62868.890149272665,63040.19502706359,3675800.0,2024-09-02,0.0,57.95591527864145,1030.7671845176155,1319.133952537768,-288.36676802015245,61819.41453732679,63339.979296875,64860.544056423205,4.801279622847075,0.4859174188879263,0.0,0.0,63562.676953125,63339.979296875,0,63297.15234375
63297.15234375,64068.0242938092,62868.890149272665,63040.19502706359,3675800.0,2024-09-03,0.0,57.95591527864145,961.1545092752713,1247.5380638852687,-286.3835546099974,61956.0819529618,63391.3708984375,64826.65984391319,4.528341713181258,0.4671778442297309,0.0,0.0,63417.0671875,63391.3708984375,0,63639.7578125
63639.7578125,63811.06267875168,62611.928614989905,62783.233481241594,2839100.0,2024-09-04,0.0,59.925569833014954,922.9916870423767,1182.6287885166903,-259.63710147431357,61976.01618326729,63412.7837890625,64849.55139485771,4.531476210142433,0.5789877299996177,0.0053980564086517635,0.005412652166236542,63331.413671875,63412.7837890625,0,63982.37109375
63982.37109375,64581.93815888555,63468.45646649096,63639.761342243975,5857500.0,2024-09-05,0.0,61.850304313970035,909.9045902127036,1128.083948855893,-218.1793586431893,62146.97518484584,63498.436328125,64849.897471404154,4.256675349596168,0.6790413168856612,0.005369195879503584,0.005383635843797974,63374.23984375,63498.436328125,0,64581.94140625
64581.94140625,64667.59384843335,64068.02675314987,64153.67919533322,3641800.0,2024-09-06,0.0,65.01683151214479,937.110854489023,1089.889329982519,-152.778475493496,62198.45799482981,63588.371484375,64978.284973920185,4.371596432176966,0.8574214975782852,0.009327233157996025,0.00937086735378223,63417.066015625,63588.371484375,0,64068.0234375
64068.0234375,64324.98075075201,63554.10881099599,64324.98075075201,2638800.0,2024-09-09,0.0,60.38988268935753,906.7506725318526,1053.261598492386,-146.5109259605333,62354.81365689923,63665.4587890625,64976.10392122577,4.117287952029757,0.6535749985097241,-0.007989441785501199,-0.007957611021898847,63536.97890625,63665.4587890625,0,64153.6796875
64153.6796875,64667.59434454272,63639.765030457274,64068.02724465954,3332400.0,2024-09-10,0.0,60.889471289294924,879.4638413969587,1018.5020470733004,-139.0382056763417,62402.89512795633,63712.5677734375,65022.24041891866,4.111190903930834,0.6684054086280621,0.0013360649664488648,0.0013369578988737807,63656.892578125,63712.5677734375,0,63896.71875
63896.71875,64324.9809400134,63297.15168398123,64068.023626005364,3165200.0,2024-09-11,0.0,58.50552742777227,827.5645816314718,980.3145539849347,-152.7499723534629,62435.68594371158,63738.2634765625,65040.841009413416,4.087270226086081,0.5608237396397802,-0.004013439794896254,-0.004005396709147235,63716.84921875,63738.2634765625,0,63982.37109375
63982.37109375,64410.633283132534,63725.413780120485,64239.32840737952,2052100.0,2024-09-12,0.0,59.08062252564491,784.3044986199748,941.1125429119428,-156.80804429196803,62494.39476938708,63776.80703125,65059.21929311292,4.0215630777331,0.5801474177271921,0.0013395834559525106,0.0013404810986479276,63819.63203125,63776.80703125,-1,62440.6328125
62440.6328125,64068.02927812072,62440.6328125,64068.02927812072,5347100.0,2024-09-13,0.0,46.5692546929483,618.4856590255658,876.5871661346674,-258.1015071091016,62342.94530135533,63738.263671875,65133.58204239467,4.378275434997036,0.03500545581876375,-0.024391363430523703,-0.024096298009821715,63733.980078125,63738.263671875,-1,61584.10546875
61584.10546875,62526.2823257128,61584.10546875,62526.2823257128,4034700.0,2024-09-16,0.0,41.33245255931073,413.19537654817395,783.9088082173688,-370.71343166919485,62011.54340340212,63562.676171875,65113.80894034788,4.8806402181008925,-0.13778251073663303,-0.013812421185427998,-0.013717467379326886,63562.675390625,63562.676171875,1,62868.89453125
62868.89453125,62868.89453125,61412.80296853713,61669.76030313352,2390300.0,2024-09-17,0.0,50.35128243456805,350.1369280083454,697.1544321755641,-347.0175041672187,61994.83856180779,63468.4583984375,64942.07823506721,4.64362889477709,0.29656765867146906,0.020647709694357308,0.020862348372534978,63519.849609375,63468.4583984375,0,62783.23828125
62783.23828125,63297.1529192957,62526.280962227145,63040.19560027285,2845300.0,2024-09-18,0.0,49.80160549802924,289.9090190041097,615.7053495412732,-325.7963305371635,61962.55786168387,63382.8056640625,64803.05346644113,4.481492377936497,0.28892155938972613,-0.0013633873353530333,-0.0013624583450790873,63434.19765625,63382.8056640625,0,62783.23828125
62783.23828125,62954.543160598565,62526.280962227145,62783.23828125,1572700.0,2024-09-19,0.0,49.80160549802924,239.41810432553757,540.4479004981262,-301.0297961725886,61901.91992654517,63344.262109375,64786.60429220483,4.553978954997923,0.30551639035326306,0.0,0.0,63314.284375,63344.262109375,0,62269.3203125
62269.3203125,63382.80196870702,62269.32031250001,62954.53979324278,5232400.0,2024-09-20,0.0,46.285619237258246,156.13497874459426,463.5853161474198,-307.45033740282554,61784.3329134518,63250.044140625,64715.75536779821,4.634656772458405,0.16544438974638823,-0.00821927784181954,-0.00818559193216195,63083.022265625,63250.044140625,0,62440.6328125
62440.6328125,62697.590149176955,62183.675475823045,62611.93770361797,2930300.0,2024-09-23,0.0,47.6133332095066,102.77130509862764,391.4225139376614,-288.65120883903376,61727.39150191607,63228.6310546875,64729.870607458935,4.748606850187806,0.23755079902711648,0.0027473766682432946,0.0027511541661329186,62920.283203125,63228.6310546875,0,62307.68359375
62307.68359375,62928.10149582147,62130.421336015286,62928.10149582147,2076500.0,2024-09-24,0.0,46.64962941200807,49.18534043185355,322.9750792364999,-273.78973880464633,61643.20832591373,63196.2880859375,64749.36784596127,4.915098044720016,0.21392181037311978,-0.0021314799736725483,-0.0021292099833328804,62735.68359375,63196.2880859375,0,61687.26171875
61687.26171875,62396.31070402299,61687.26171875,62307.67958086386,4520500.0,2024-09-25,0.0,42.34259401696613,-42.85082522367884,249.80989834446413,-292.660723568143,61424.038371025876,63115.7935546875,64807.54873834913,5.360798267380675,0.0777959335565342,-0.010007295880601732,-0.009957389509858694,62514.737890625,63115.7935546875,1,62662.2109375
62662.2109375,63016.735468971005,61687.26847595474,61687.26847595474,3984100.0,2024-09-26,0.0,50.13397700585243,-36.696876874309964,192.50854330070933,-229.2054201750193,61398.53926905991,63101.176953125,64803.814637190095,5.396532255903576,0.3710923587169291,0.015681115101856716,0.015804708972090076,62382.721875,63101.176953125,0,62928.09765625
62928.09765625,63105.35990316902,62662.20428587148,62750.83540933099,2968700.0,2024-09-27,0.0,52.03751041467423,-10.246872804302257,151.95746007970703,-162.2043328840093,61381.030222734895,63082.72421875,64784.41821476511,5.39511892388856,0.4545668719340569,0.004234197988226952,0.004243174870021793,62431.468359375,63082.72421875,-1,62130.421875
62130.421875,62928.1020417261,62130.421875,62928.1020417261,2043500.0,2024-09-30,0.0,46.32431332667834,-53.039417717489414,110.95808452026776,-163.99750223775717,61274.33753060978,63024.3876953125,64774.43786001522,5.553564988725408,0.24458851570567472,-0.012757013310503662,-0.012675987531156174,62486.1,63024.3876953125,0,62130.421875
62130.421875,62662.208652817404,62130.421875,62219.05300463623,2040200.0,2024-10-01,0.0,46.32431332667834,-85.96190256152477,71.57408710390926,-157.53598966543404,61176.936699043596,62966.051171875,64755.1656447064,5.6827907722774444,0.26646846538764096,0.0,0.0,62412.252734375,62966.051171875,0,62130.421875
62130.421875,62219.05300463623,61687.26622681883,62219.05300463623,2139900.0,2024-10-02,0.0,46.32431332667834,-110.77624934746564,35.10401981363428,-145.88026916109993,61093.808826189685,62890.584375,64687.35992381031,5.713973138162032,0.2884648139542751,0.0,0.0,62346.97109375,62890.584375,0,62307.68359375
62307.68359375,62484.94585148471,61953.15907828058,62219.05246488264,2948000.0,2024-10-03,0.0,47.9115678753207,-114.81474576839537,5.120266697228349,-119.93501246562371,61069.18929535485,62806.85,64544.510704645145,5.533347730845111,0.35636827577569724,0.0028489961010215756,0.0028530583472718973,62299.415625,62806.85,-1,60712.32421875
60712.32421875,62484.946823677004,60623.69308850365,62484.946823677004,6134000.0,2024-10-04,0.0,37.23849742149786,-243.93551509227837,-44.690889660672994,-199.24462543160536,60846.43010851857,62613.369140625,64380.30817273143,5.643967275225242,-0.03794864659498194,-0.025938037989615328,-0.025604536759893715,62143.716015625,62613.369140625,-1,59471.48828125
59471.48828125,61421.37314293033,59471.48828125,60889.58636247206,5986300.0,2024-10-07,0.0,31.382770768920352,-441.30268248173525,-124.01324822488544,-317.2894342568498,60254.60201040242,62383.5423828125,64512.482755222576,6.825326972764628,-0.1839210104945056,-0.02064970320828763,-0.02043795808292892,61846.8015625,62383.5423828125,1,60446.4296875
60446.4296875,60446.4296875,59560.11840175954,59560.11840175954,2887600.0,2024-10-08,0.0,39.44061616009576,-513.1328845534445,-201.83717549059725,-311.2957090628472,60072.61255753635,62198.1798828125,64323.74720808866,6.834821627516861,0.08793349557043219,0.01626050392139694,0.016393425394692462,61660.676171875,62198.1798828125,0,60091.90234375
60091.90234375,60800.95133895649,60091.90234375,60535.05796575406,3527900.0,2024-10-09,0.0,37.70657751307451,-591.843823745774,-279.8385051416326,-312.0053186041414,59841.77764790959,62007.9390625,64174.10047709041,6.986722820789313,0.0577345469630441,-0.005882416988507915,-0.005865149448575524,61501.140234375,62007.9390625,0,60003.2734375
60003.2734375,60978.21584194978,60003.2734375,60535.06020356352,2622600.0,2024-10-10,0.0,37.2654824811997,-653.8373917170175,-354.6382824567096,-299.19910926030786,59675.696424728856,61808.9841796875,63942.27193464614,6.90284036623825,0.07677750270907424,-0.00147597806095655,-0.001474889341046448,61235.246484375,61808.9841796875,0,60003.2734375
60003.2734375,60446.42907588626,59826.01118214549,60357.79794820901,2370000.0,2024-10-11,0.0,37.2654824811997,-694.9567125866015,-422.701968482688,-272.2547441039135,59430.83005332593,61687.1162109375,63943.40236854907,7.315258991508879,0.12685522672798702,0.0,0.0,60942.7640625,61687.1162109375,0,59560.1171875
59560.1171875,60357.79732840402,59471.48606073289,60357.79732840402,2820500.0,2024-10-14,0.0,34.89810377586693,-754.6044658310202,-489.0824679523545,-265.52199787866573,59136.85181854222,61585.916796875,64034.98177520777,7.9533279870148705,0.0864136665834649,-0.007412942657972501,-0.007385534565236607,60685.73359375,61585.916796875,0,59205.59375
59205.59375,59737.380520209575,59116.962621631734,59560.11826347305,3073300.0,2024-10-15,0.0,33.087206377001465,-821.0186268819889,-555.4696997382814,-265.5489271437075,58813.745289834835,61402.7517578125,63991.75822579016,8.432867889013634,0.07567545021840906,-0.0059701489211759955,-0.005952362994584681,60393.25078125,61402.7517578125,1,59826.01171875
59826.01171875,60357.79848958333,59205.593819444446,59205.593819444446,2003900.0,2024-10-16,0.0,39.047999864990054,-814.2041444218339,-607.216588674992,-206.98755574684196,58660.07209122766,61254.8904296875,63849.708768147335,8.472199755016607,0.22466690832283615,0.010424518508821309,0.010479043101396135,60162.809765625,61254.8904296875,0,59914.640625
59914.640625,60180.53400055473,59648.74724944527,59914.640625,1655000.0,2024-10-17,0.0,39.872037612324704,-792.5163705493906,-644.2765450498717,-148.23982549951882,58555.5130861864,61111.460546875,63667.4080075636,8.364871131587774,0.2658754844763974,0.0014803480806318712,0.0014814443367319186,59923.50546875,61111.460546875,0,59737.37890625
59737.37890625,60269.16566209199,59737.37890625,59914.64115819733,1597500.0,2024-10-18,0.0,38.7438377774069,-780.6335353011891,-671.5479431001352,-109.08559220105394,58419.587457451744,60984.8634765625,63550.13949567326,8.412828603270178,0.25685178495042854,-0.0029629562313742783,-0.0029585710087032258,59826.0109375,60984.8634765625,0,59648.75
59648.75,60180.536775631495,59560.11887072808,59737.38112927191,1860000.0,2024-10-21,0.0,38.162406392423684,-769.4976251602784,-691.1378795121639,-78.35974564811454,58309.86738966892,60845.2693359375,63380.67128220607,8.333932856045628,0.26403754487558684,-0.0014847440543316235,-0.0014836423671867882,59843.737109375,60845.2693359375,0,59648.75
59648.75,60091.905646359584,59560.11887072808,59648.75,2250400.0,2024-10-22,0.0,38.162406392423684,-752.0037055323846,-703.3110447162081,-48.6926608161765,58221.338658944725,60712.32265625,63203.30665355527,8.205859661832061,0.28651555822908475,0.0,0.0,59763.969140625,60712.32265625,0,59648.75
59648.75,59914.64338781575,59560.11887072808,59648.75,1635900.0,2024-10-23,0.0,38.162406392423684,-729.7278003477622,-708.594395842519,-21.13340450524322,58120.55834488185,60610.3970703125,63100.23579574315,8.21587993407222,0.30688567084878726,0.0,0.0,59719.65390625,60610.3970703125,1,60623.69140625
60623.69140625,61155.478172971496,59648.74900059393,59648.74900059393,4365000.0,2024-10-24,0.0,48.732829225691006,-626.1860781193827,-692.1127322978917,65.92665417850901,58212.97808749312,60508.47109375,62803.96410000688,7.587344266888893,0.5250970733053734,0.016212571222969045,0.01634470808273436,59781.695703125,60508.47109375,0,60269.1640625
60269.1640625,60800.95080422794,60180.53293887868,60800.95080422794,2170200.0,2024-10-25,0.0,45.67525727080882,-566.2090060388073,-666.9319870460748,100.72298100726755,58381.94010254407,60375.5244140625,62369.10872558093,6.6039486393399915,0.4733243407494791,-0.005865166451594392,-0.005847999940720383,59808.284765625,60375.5244140625,-1,59560.1171875
59560.1171875,60269.16620163691,59116.961553664434,60003.272821335566,2923300.0,2024-10-28,0.0,40.237763324315814,-569.328042089197,-647.4111980546993,78.08315596550233,58404.05971461941,60247.0091796875,62089.958644755585,6.117978270328624,0.313643291580401,-0.011834422153945978,-0.011764670806860833,59808.284765625,60247.0091796875,0,59382.85546875
59382.85546875,59648.7488514459,59205.5932136194,59648.7488514459,2030600.0,2024-10-29,0.0,38.988151513305596,-579.4241984154141,-633.8137981268424,54.38959971142822,58458.139656428255,60109.630859375,61761.122062321745,5.494930444042712,0.2799638928356932,-0.0029806191324369684,-0.002976181497292285,59826.0109375,60109.630859375,-1,58762.4375
58762.4375,59648.748774509804,58762.4375,59382.85539215687,3431700.0,2024-10-30,0.0,34.90257916652975,-630.2231993300738,-633.0956783674886,2.8724790374147915,58481.64064889581,59941.231640625,61400.8226323542,4.870073409502517,0.09619025216493275,-0.010502723488968264,-0.010447762470373156,59719.653515625,59941.231640625,0,58585.17578125
58585.17578125,59028.33142256051,57876.12675515318,59028.33142256051,5170700.0,2024-10-31,0.0,33.81236680094351,-676.9814915785391,-641.8728410096987,-35.1086505688404,58662.99412191342,59755.10625,60847.218378086574,3.6552930673989965,-0.03562745008599096,-0.0030211411825102424,-0.003016582127826184,59586.70703125,59755.10625,0,58319.28125
58319.28125,58762.436882598784,58142.01899696049,58585.174629559275,2178000.0,2024-11-01,0.0,32.188204352236994,-727.1115521968095,-658.9205832471209,-68.19096894968857,58463.46867548971,59635.4541015625,60807.43952763529,3.930498874299947,-0.06151417171323983,-0.004548928184767774,-0.004538597481431483,59444.897265625,59635.4541015625,0,58142.01953125
58142.01953125,59028.330804592224,58142.01953125,58407.912913252665,2118800.0,2024-11-04,0.0,31.115163598671558,-772.2416051490582,-681.5847876275084,-90.65681752154978,58220.34006954436,59568.9806640625,60917.62125858064,4.527996213746742,-0.029036845922002955,-0.003044133191841202,-0.0030395045163558176,59294.22421875,59568.9806640625,0,58053.390625
58053.390625,58496.54627862596,58053.390625,58230.652886450385,1060900.0,2024-11-05,0.0,30.566494850578877,-805.8695467908547,-706.4417394601777,-99.42780733067696,58007.09258291254,59449.3287109375,60891.56483896246,4.851984570044834,0.016050784329907558,-0.0015255150494996215,-0.0015243520428863677,59134.68828125,59449.3287109375,0,58319.28125
58319.28125,58496.54350303952,57876.125617401216,58496.54350303952,2594600.0,2024-11-06,0.0,34.30895042933808,-801.8218780282623,-725.5177671737947,-76.30411085446758,57867.752062293504,59360.69765625,60853.64325020649,5.03008102297566,0.1512209117111516,0.004569648241340762,0.0045801050057099335,59001.74140625,59360.69765625,0,58407.9140625
58407.9140625,58673.80744973444,58142.02067526555,58496.545191578145,1152300.0,2024-11-07,0.0,35.55589444037743,-782.4426325245004,-736.9027402439358,-45.53989228056457,57762.284483722564,59280.9296875,60799.574891277436,5.123553938114632,0.21256761525717624,0.0015186320428035147,0.0015197857483884025,58780.163671875,59280.9296875,0,58230.65234375
58230.65234375,58673.80799324581,58142.021213850836,58496.54573344749,1592400.0,2024-11-08,0.0,34.15934783887825,-772.4832737819452,-744.0188469515377,-28.464426830407433,57644.53024339555,59192.2986328125,60740.06702222944,5.22962758725832,0.18934425343033548,-0.003039506754625884,-0.0030348921305478616,58576.3125,59192.2986328125,0,57787.4921875
57787.4921875,58319.278925421786,57344.33657256519,58230.64780243482,2737600.0,2024-11-11,0.0,30.892510836595918,-791.228936533138,-753.4608648678579,-37.768071665280104,57445.50613869076,59103.6673828125,60761.828626934235,5.611026582773218,0.10312207272410796,-0.007639534546356714,-0.0076104274709806186,58399.05,59103.6673828125,0,57521.6015625
57521.6015625,58230.65058021957,57432.97043528505,57787.49494414484,1729600.0,2024-11-12,0.0,29.094642351340354,-818.1095035144681,-766.39059259718,-51.7189109172881,57218.24767988367,59019.4677734375,60820.68786699133,6.103816796411339,0.08420788878104479,-0.004611797519423968,-0.004601179510217879,58212.924609375,59019.4677734375,0,57610.234375
57610.234375,58142.02115384616,57344.34098557693,57698.86550480769,2770700.0,2024-11-13,0.0,30.545684856789137,-822.7761677760209,-777.6677076329481,-45.10846014307276,57044.85076619144,58908.67890625,60772.507046308565,6.327855842853798,0.15167267750094024,0.001539675438816557,0.0015408613476051158,58097.704296875,58908.67890625,0,57610.234375
57610.234375,57610.234375,57344.34098557693,57610.234375,1779900.0,2024-11-14,0.0,30.545684856789137,-817.0560196302249,-785.5453700324035,-31.510649597821384,56906.701550994374,58793.45859375,60680.21563650563,6.418254982387437,0.18643969733859037,0.0,0.0,58000.21015625,58793.45859375,-1,56458.02734375
56458.02734375,57521.60085729003,56458.02734375,57521.60085729003,3688300.0,2024-11-15,0.0,23.343396735087467,-895.1771935800425,-807.4717347419314,-87.7054588381111,56530.12550290728,58629.491015625,60728.856528342716,7.161465932420357,-0.0171714164876282,-0.02020274883065872,-0.02000004068287564,57814.084765625,58629.491015625,0,56014.87109375
56014.87109375,56901.182345233385,56014.87109375,56458.026719491696,3747000.0,2024-11-18,0.0,21.266444311608012,-981.5332877734254,-842.2840453482303,-139.24924242519512,56104.97203003955,58447.7970703125,60790.62211058546,8.016812121950611,-0.01922912183810618,-0.007880272482339653,-0.007849304533823043,57601.369921875,58447.7970703125,0,55837.60546875
55837.60546875,56280.761067708336,55837.60546875,56103.498828125004,2733600.0,2024-11-19,0.0,20.48143430143486,-1052.1464793748091,-884.256532153546,-167.88994722126313,55714.28219234627,58257.23984375,60800.197495153734,8.730100012373134,0.02424800042101679,-0.0031696351991003344,-0.0031646172085858515,57379.79140625,58257.23984375,0,56369.39453125
56369.39453125,56546.656778203615,55748.97666691234,55837.60779038915,2818000.0,2024-11-20,0.0,28.954079409363132,-1053.0580122035462,-918.016828163546,-135.0411840400002,55505.59030046863,58093.2720703125,60680.95384015637,8.908714133753383,0.16690696685502515,0.009478785532958145,0.009523851498209668,57184.802734375,58093.2720703125,0,56635.2890625
56635.2890625,56812.55131308685,56192.13343603286,56458.02681191314,2253500.0,2024-11-21,0.0,32.80900699957692,-1020.560555235119,-938.5255735778608,-82.03498165725819,55521.47649482131,57893.851953125,60266.227411428685,8.195604121227003,0.23474626745529864,0.004705911533813495,0.004717001725157655,57007.540234375,57893.851953125,0,56989.81640625
56989.81640625,57432.972054821155,56635.29188739308,56635.29188739308,2176700.0,2024-11-22,0.0,37.66558099092171,-955.1878814110314,-941.8580351444949,-13.329846266536492,55608.7502239601,57729.8845703125,59851.01891666489,7.3484794301604595,0.3255489650301609,0.00624031973875663,0.006259831098571089,56883.456640625,57729.8845703125,0,56989.81640625
56989.81640625,57255.70979539269,56901.18527653577,56989.81640625,2446600.0,2024-11-25,0.0,37.66558099092171,-893.0846425869022,-932.1033566329764,39.01871404607425,55641.83795474896,57601.36953125,59560.90110775104,6.803767314726604,0.34395425612584546,0.0,0.0,56803.6890625,57601.36953125,0,57432.96875
57432.96875,57610.2309992284,57078.44425154321,57167.07537615741,1675600.0,2024-11-26,0.0,43.57769074421079,-798.8994720114497,-905.4625797086712,106.56310769722154,55732.557353257616,57503.8751953125,59275.19303736739,6.160690339698281,0.47998483286595106,0.007745914572426062,0.0077759917770396925,56794.82578125,57503.8751953125,0,57255.70703125
57255.70703125,57610.231532991485,57167.07590581463,57432.96928212074,1586400.0,2024-11-27,0.0,41.86714570257002,-730.1439401844036,-870.3988518038178,140.2549116194142,55757.261864595435,57428.538671875,59099.81547915457,5.820370310408249,0.44829353226461344,-0.0030911833045981873,-0.0030864105166076294,56759.373046875,57428.538671875,0,57167.078125
57167.078125,57610.23376937984,57167.078125,57610.23376937984,1273300.0,2024-11-28,0.0,41.00057233392273,-675.0250295343285,-831.32408734992,156.29905781559148,55774.994989444276,57357.6337890625,58940.272588680724,5.518494034947503,0.43979811941029523,-0.0015491481675388328,-0.0015479488568995725,56715.057421875,57357.6337890625,0,57255.70703125
57255.70703125,57432.96928212074,56989.813654943886,57167.07590581463,1105500.0,2024-11-29,0.0,42.28701433243473,-617.0779927197727,-788.4748684238905,171.39687570411775,55787.76858054917,57304.455078125,58821.14157570083,5.293433103964016,0.4839294254439149,0.0015491481675387597,0.0015503487174244324,56794.825390625,57304.455078125,0,57167.078125
57167.078125,57432.971511627904,56901.18473837209,57255.70925387597,1229100.0,2024-12-02,0.0,41.316830368752655,-571.7157769936166,-745.1230501378358,173.40727314421918,55790.573715171704,57255.7080078125,58720.842300453296,5.117862807463247,0.4697536658387979,-0.0015491481675388328,-0.0015479488568995725,56910.04609375,57255.7080078125,0,56635.2890625
56635.2890625,57255.70693955399,56635.2890625,57255.70693955399,2425200.0,2024-12-03,0.0,35.98242310815739,-572.0822194931388,-710.5148840088964,138.43266451575755,55745.17510048972,57184.8029296875,58624.43075888528,5.0350014529835745,0.30914724762798074,-0.009345902839045569,-0.009302365626194908,56989.814453125,57184.8029296875,0,56103.50390625
56103.50390625,56635.29067313389,56103.50390625,56546.65954531991,2745800.0,2024-12-04,0.0,31.59012321093637,-608.2714707307314,-690.0662013532634,81.79473062253203,55661.20108509586,57074.0140625,58486.827039904136,4.95080992851496,0.15653268628902794,-0.009434003794660906,-0.009389643189834262,56963.225390625,57074.0140625,1,56989.81640625
56989.81640625,57344.340925106924,56014.873979393466,56280.76736853616,2218400.0,2024-12-05,0.0,43.88480755107746,-558.9900126322027,-663.8509636090513,104.86095097684859,55737.49575192653,57003.1091796875,58268.722607448464,4.44050665296677,0.49474848593341264,0.01567432353341752,0.015797810088315378,56998.678125,57003.1091796875,0,56812.55078125
56812.55078125,57432.9686524961,56812.55078125,57167.075279104916,1677900.0,2024-12-06,0.0,42.2493439622253,-528.1497746617606,-636.7107258195932,108.56095115783262,55804.80914559568,56932.2041015625,58059.59905752932,3.9604823799044757,0.4469337166716836,-0.0031153265568776936,-0.003110478962352947,56980.9515625,56932.2041015625,0,56812.55078125
56812.55078125,57167.075279104916,56723.919656786275,57167.075279104916,1762700.0,2024-12-09,0.0,42.2493439622253,-497.9683942044503,-608.9622594965647,110.99386529211438,55829.88009060333,56883.45703125,57937.03397189667,3.704335128815639,0.46634975232256,0.0,0.0,56963.225,56883.45703125,0,56635.2890625
56635.2890625,57078.44468896713,56635.2890625,56812.55131308685,1711000.0,2024-12-10,0.0,40.498971500310375,-482.7876959777277,-583.7273467927973,100.93965081506963,55824.75051694873,56839.14140625,57853.53229555127,3.569339241249441,0.3995198271691823,-0.0031249931818788986,-0.003120115472944107,56883.45703125,56839.14140625,0,56901.1796875
56901.1796875,57255.70417153427,56635.2863244743,56635.2863244743,2024600.0,2024-12-11,0.0,44.23125098257827,-444.18148430746805,-555.8181742957315,111.63668998826347,55855.35788161865,56803.688671875,57752.01946213136,3.338976085635429,0.5514013763059634,0.004683800967555053,0.004694787108909804,56848.004296875,56803.688671875,0,57255.70703125
57255.70703125,57521.600407556114,56901.182529508515,56901.182529508515,2249800.0,2024-12-12,0.0,48.8393045525734,-380.59117156800494,-520.7727737501863,140.18160218218134,55889.261479039036,56785.9623046875,57682.66313033596,3.158177793438371,0.7619294602649656,0.006211250039029508,0.006230579852598117,56856.8671875,56785.9623046875,0,56901.1796875
56901.1796875,57167.0730505257,56812.54856649144,56989.81080850857,1396700.0,2024-12-13,0.0,44.84851043643822,-354.71386369158427,-487.56099173846593,132.84712804688166,55923.72202766174,56808.119921875,57692.51781608826,3.1136319787717754,0.5526119330642384,-0.006211250039029409,-0.0061920001015182136,56821.414453125,56808.119921875,1,57610.234375
57610.234375,57787.49663461539,56901.18533653847,56901.18533653847,2387600.0,2024-12-16,0.0,53.1023433634631,-273.83452930190106,-444.815699251153,170.98116994925192,56017.05751322582,56887.8880859375,57758.71865864918,3.0615675920194643,0.9147455955830679,0.01238415847777205,0.012461159705196234,56865.730078125,56887.8880859375,0,57255.70703125
57255.70703125,57610.231532991485,57167.07590581463,57521.600407556114,1204000.0,2024-12-17,0.0,49.14222699035918,-235.6282915543925,-402.97821771180094,167.34992615740845,56228.43066448606,56958.7931640625,57689.15566363894,2.564529404521352,0.7032647263240422,-0.00617290843874245,-0.006153895181926994,56927.771875,56958.7931640625,0,57344.3359375
57344.3359375,57698.860425521634,57344.3359375,57610.22930351623,1614100.0,2024-12-18,0.0,50.143214983390784,-195.9392946262451,-361.5704330946898,165.6311384684447,56313.57883650295,57007.540234375,57701.501632247055,2.434630208631944,0.7426616985885239,0.0015467520190043838,0.0015479488568994615,57051.855078125,57007.540234375,-1,56635.2890625
56635.2890625,57167.07581426056,56635.2890625,57078.44468896713,2626900.0,2024-12-19,0.0,42.87310891567967,-219.17314410274412,-333.0909752963007,113.9178311935566,56313.57883650295,57007.540234375,57701.501632247055,2.434630208631944,0.2317925946483004,-0.012441803025588945,-0.012364723793694243,57016.40234375,57007.540234375,1,57610.234375
57610.234375,57610.234375,56723.92307692308,56723.92307692308,3799600.0,2024-12-20,0.0,52.97011235461989,-157.10518763444998,-297.8938177639306,140.78863012948062,56294.29226889847,57038.5611328125,57782.829996726534,2.609704204077048,0.8840502202262825,0.017067959445326807,0.01721444930605176,57096.170703125,57038.5611328125,0,57078.44140625
57078.44140625,57610.22812742624,56989.81028605396,57344.33476683812,1347800.0,2024-12-23,0.0,47.987812242704486,-149.10830542840995,-268.1367152968265,119.02840986841653,56298.89019093122,57042.9923828125,57787.09457469379,2.6089171019909108,0.5238199966511808,-0.00927374523088859,-0.009230876675286881,57122.759765625,57042.9923828125,0,56989.81640625
56989.81640625,57344.340925106924,56812.55414682154,57078.44753596423,1287000.0,2024-12-24,0.0,47.191179481475565,-148.21350249857642,-244.1520727371765,95.93857023860008,56299.5865406921,57020.834765625,57742.082990557894,2.5297708386679085,0.47849675167111644,-0.0015538944756816745,-0.001552687806753883,57158.2125,57020.834765625,0,57078.44140625
57078.44140625,57521.5970072302,57078.44140625,57078.44140625,1302500.0,2024-12-25,0.0,48.118698361288516,-138.75360273873957,-223.07237873748915,84.31877599874957,56298.56193223586,57011.971484375,57725.38103651413,2.502665786025857,0.5465860890674192,0.0015538944756817226,0.001555102395281338,57175.938671875,57011.971484375,0,56989.12109375
56989.12109375,57346.419658601095,56989.12109375,57346.419658601095,1708800.0,2024-12-26,0.0,47.21856319743123,-136.88602981877193,-205.83510895374573,68.9490791349738,56293.38010618018,57003.0736328125,57712.76715944482,2.4900184548076765,0.49017002513133595,-0.0015660951947839396,-0.001564869507635458,57149.280078125,57003.0736328125,0,56989.12109375
56989.12109375,57257.09501738832,56899.79645253722,57078.44573496277,2443700.0,2024-12-27,0.0,47.21856319743122,-133.86287690633617,-191.44066254426383,57.57778563792766,56290.08638649744,56989.7443359375,57689.40228537757,2.4553819554472485,0.49955460937162105,0.0,0.0,57158.07421875,56989.7443359375,0,56542.5
56542.5,56899.79857819905,56542.5,56810.473933649286,1490800.0,2024-12-30,0.0,42.59755352216874,-165.59670045748499,-186.27187012690808,20.6751696694231,56236.777578008696,56958.5154296875,57680.2532813663,2.5342579462758343,0.21179602904307795,-0.007867823842627955,-0.007836953530399038,57051.30078125,56958.5154296875,0,56631.8203125
56631.8203125,56989.11886336751,56542.495674783124,56631.8203125,1641900.0,2024-12-31,0.0,43.782480201183766,-181.44697374734096,-185.30689085099465,3.859917103653686,56236.275503831705,56958.3419921875,57680.4084805433,2.535419617568356,0.2738977746834518,0.0015784557980760858,0.0015797022151478046,56988.912109375,56958.3419921875,0,56631.8203125
56631.8203125,56989.11886336751,56542.495674783124,56631.8203125,1641900.0,2025-01-01,0.0,43.782480201183766,-191.7975072508125,-186.6050141309582,-5.1924931198542765,56362.62778589585,56984.7578125,57606.88783910415,2.1834962557923947,0.2163474797009217,0.0,0.0,56917.660546875,56984.7578125,0,56363.84765625
56363.84765625,56989.12013421157,56363.84765625,56810.47085479397,1336600.0,2025-01-02,0.0,40.84856539827873,-219.0979091295958,-193.10359313068574,-25.994315998910054,56272.22529412732,56953.459375,57634.69345587268,2.3922482965862173,0.0672473417693012,-0.004743069596246255,-0.004731839004490812,56890.51640625,56953.459375,0,56274.5234375
56274.5234375,56542.49735863096,56185.19879712302,56453.17271825397,1776700.0,2025-01-03,0.0,39.889023437720795,-245.1158493151961,-203.5060443675878,-41.609804947608296,56182.31632369696,56926.5580078125,57670.799691928034,2.6147433119472883,0.061947023239243046,-0.0015860356751841126,-0.001584778585286939,56756.9453125,56926.5580078125,0,55827.90234375
55827.90234375,56453.174849999996,55827.90234375,56274.5255625,2103500.0,2025-01-06,0.0,35.410142437440086,-298.3348258929109,-222.47180067265245,-75.86302522025844,55985.6595528728,56877.3255859375,57768.9916190022,3.1354007027544104,-0.08846204928350823,-0.007968131887862667,-0.007936470474885993,56631.89140625,56877.3255859375,-1,55113.3046875
55113.3046875,56274.52504558347,55023.980044570504,55917.22647386548,2802100.0,2025-01-07,0.0,29.66980024594075,-393.6357194265365,-256.7045844234293,-136.93113500310722,55612.33562159526,56801.2263671875,57990.117112779735,4.186144636760968,-0.20987249498971836,-0.012882635016635927,-0.012800009068046236,56444.240234375,56801.2263671875,0,55113.3046875
55113.3046875,55470.60325921799,54666.68147285251,55381.27861628849,2053300.0,2025-01-08,0.0,29.66980024594075,-463.8157845092719,-298.12682444059783,-165.68896006867408,55305.59053252042,56711.8326171875,58118.07470185458,4.95925460268372,-0.06836868527723831,0.0,0.0,56247.7265625,56711.8326171875,0,55202.6328125
55202.6328125,55291.95746106391,54756.00956968042,55202.6328125,1500000.0,2025-01-09,0.0,31.284750807331648,-506.3886257050399,-339.7791846934863,-166.6094410115536,55076.08202064582,56609.17890625,58142.27579185418,5.416425092980519,0.04127292705454311,0.001619496630283797,0.0016208087231659452,56069.077734375,56609.17890625,0,54756.0078125
54756.0078125,55291.955686684334,54756.0078125,55113.30639528955,1189800.0,2025-01-10,0.0,27.84234062575588,-569.6008103945423,-385.74350983369754,-183.8573005608448,54767.85151547473,56501.9203125,58235.98910952527,6.13808800633503,-0.0034150037746618453,-0.008123553612577022,-0.008090646718191818,55845.76640625,56501.9203125,0,54845.33203125
54845.33203125,55291.95525626018,54577.358096243894,54666.682741245924,1101700.0,2025-01-13,0.0,29.512856884488954,-605.5092702892289,-429.69666192480383,-175.81260836442505,54562.10192147393,56363.6751953125,58165.24846915107,6.392674954554415,0.07860632534046202,0.0016299844263599139,0.0016313135730396944,55676.049609375,56363.6751953125,0,55023.984375
55023.984375,55202.63367491883,54756.01042512175,54845.335075081166,1147600.0,2025-01-14,0.0,32.86073051156235,-612.4908194769305,-466.2554934352292,-146.23532604170128,54407.21359177592,56252.0890625,58096.96453322408,6.559313623621319,0.16715783612809545,0.0032520908848302768,0.00325738466945924,55515.266015625,56252.0890625,0,55113.3046875
55113.3046875,55649.25254507698,55113.3046875,55470.60325921799,1216400.0,2025-01-15,0.0,34.534884061014765,-603.855474743912,-493.7754896969658,-110.07998504694626,54303.95671056087,56140.5375,57977.118289439124,6.54279731268738,0.22034096773556425,0.001621981671102889,0.0016232977948535954,55363.414453125,56140.5375,0,55113.3046875
55113.3046875,55649.25254507698,55113.3046875,55470.60325921799,1216400.0,2025-01-16,0.0,34.534884061014765,-590.2083473919047,-513.0620612359536,-77.14628615595109,54188.4686904156,56064.43828125,57940.4078720844,6.6921908016754115,0.24649546602539846,0.0,0.0,55238.36015625,56064.43828125,0,55381.28125
55381.28125,55559.930544354844,55381.28125,55559.930544354844,889400.0,2025-01-17,0.0,39.76136912517225,-551.4130848238929,-520.7322659535414,-30.68081887035146,54203.085339354715,55952.990625,57702.89591064528,6.254912440242004,0.3366456231403465,0.0048505016897378355,0.004862284416067286,55149.0359375,55952.990625,0,55291.953125
55291.953125,55559.9270496769,55023.979200323105,55381.27776655897,1633600.0,2025-01-20,0.0,38.65355895214253,-521.8599166030981,-520.9577960834528,-0.9021205196453366,54174.31538495656,55863.6662109375,57553.01703691845,6.048120148799648,0.3307891181793073,-0.0016142682537927883,-0.001612966023605722,55095.441015625,55863.6662109375,0,55202.6328125
55202.6328125,55470.606758191745,55023.983515372165,55381.28210962783,1403900.0,2025-01-21,0.0,37.527652982747895,-499.88387051440804,-516.7430109696438,16.859140455235774,54147.87379159816,55774.30703125,57400.740270901835,5.832195239075068,0.32425524613836154,-0.0016167368056614103,-0.0016154305907420952,55104.373828125,55774.30703125,0,55023.984375
55023.984375,55381.28297483766,55023.984375,55381.28297483766,1760900.0,2025-01-22,0.0,35.31215898601384,-491.2206457097127,-511.63853791765763,20.41789220794493,54134.92463925413,55671.5841796875,57208.243720120874,5.520444812468769,0.28928325121878795,-0.003241478301386729,-0.003236230382467342,55095.441796875,55671.5841796875,0,55381.28125
55381.28125,55649.25519153226,55023.98266129033,55023.98266129033,1781300.0,2025-01-23,0.0,42.60963743327952,-450.33294797714916,-499.37741992955597,49.04447195240681,54181.79538459881,55591.1921875,57000.588990401186,5.070575921982474,0.42553163982353887,0.0064724833608408566,0.006493475146491567,55113.306640625,55591.1921875,0,55559.9296875
55559.9296875,55827.90362489952,55202.63110430064,55291.95575010048,1576400.0,2025-01-24,0.0,45.89613377145008,-398.91527014705207,-479.28498997305525,80.36971982600318,54273.2605754612,55519.7326171875,56766.204658913804,4.490194685629395,0.5161243369152613,0.0032205992778694603,0.003225790979691334,55193.698828125,55519.7326171875,0,55559.9296875
55559.9296875,55559.9296875,55559.9296875,55559.9296875,0.0,2025-01-27,0.0,45.89613377145008,-354.08472175996576,-454.2449363304373,100.16021457047157,54320.10488904725,55470.6041015625,56621.10331407775,4.14814019479136,0.5388203594430164,0.0,0.0,55265.15859375,55470.6041015625,0,55559.9296875
55559.9296875,55559.9296875,55559.9296875,55559.9296875,0.0,2025-01-28,0.0,45.89613377145008,-314.92591921441635,-426.38113290723317,111.45521369281681,54402.437990865525,55417.0095703125,56431.58114975947,3.6615890583547097,0.5704337279314519,0.0,0.0,55318.753125,55417.0095703125,0,55559.9296875
55559.9296875,55559.9296875,55559.9296875,55559.9296875,0.0,2025-01-29,0.0,45.89613377145008,-280.6570463457974,-397.23631559494606,116.57926924914864,54520.28152005932,55363.4150390625,56206.54855806568,3.0458147078112745,0.6165382730067681,0.0,0.0,55363.415625,55363.4150390625,0,55559.9296875
55559.9296875,55559.9296875,55559.9296875,55559.9296875,0.0,2025-01-30,0.0,45.89613377145008,-250.60984342770098,-367.91102116149705,117.30117773379607,54615.05762141737,55323.219140625,56031.38065983263,2.560087898744887,0.6671303371156486,0.0,0.0,55408.078125,55323.219140625,0,55559.9296875
55559.9296875,55559.9296875,55559.9296875,55559.9296875,0.0,2025-01-31,0.0,45.89613377145008,-224.21263494853338,-339.17134391890437,114.95870897037099,54724.11422834929,55287.489453125,55850.86467790072,2.0379844711645565,0.7417928783462729,0.0,0.0,55425.94296875,55287.489453125,-1,54041.40625
54041.40625,55559.92510330579,54041.40625,55559.92510330579,7279900.0,2025-02-03,0.0,26.087435156012248,-322.1117044027633,-335.75941601567615,13.647711612912872,54457.083056141506,55198.1646484375,55939.2462407335,2.685167512420083,-0.2804527939046963,-0.027711717217340955,-0.027331269964541383,55300.88828125,55198.1646484375,0,53773.43359375
53773.43359375,54398.70607739825,53594.78431270764,54130.73215583472,7125000.0,2025-02-04,0.0,24.109880208814957,-416.5192020019167,-351.9113732129243,-64.60782878899244,54153.35356816,55131.17109375,56108.98861934001,3.547240177166696,-0.19426936236429018,-0.004970989308241823,-0.004958654388272921,55157.968359375,55131.17109375,1,54934.65625
54934.65625,54934.65625,53952.08516260163,53952.08516260163,3198100.0,2025-02-05,0.0,43.94116825207563,-393.1053862092158,-360.1501758121826,-32.95521039703317,54140.47796563042,55122.238671875,56103.99937811957,3.562122039667806,0.40446632225049134,0.021364864902162068,0.021594727705559258,55149.035546875,55122.238671875,-1,54220.0546875
54220.0546875,55023.97642092257,54041.4054134061,54934.65178387562,3024800.0,2025-02-06,0.0,37.45474004472979,-427.28664792479685,-373.5774702347055,-53.70917769009134,54013.06938548279,55073.109765625,56133.150145767206,3.8495751725422007,0.09763085722708081,-0.013093558045873024,-0.013008210322604907,55032.912890625,55073.109765625,0,54309.38671875
54309.38671875,54666.68531558388,54130.73742033306,54220.06206954153,2552300.0,2025-02-07,0.0,38.673477851964975,-442.07127329540526,-387.27623084684546,-54.7950424485598,53944.79000257596,55050.7787109375,56156.76741929904,4.01806744340131,0.16482840801972137,0.0016462270563105427,0.0016475828319404417,54907.85859375,55050.7787109375,0,54130.734375
54130.734375,54666.682240099006,54130.734375,54666.682240099006,2592100.0,2025-02-10,0.0,37.11585763821235,-462.8682889898191,-402.39464247544026,-60.473646514378856,53837.272769459174,55015.048828125,56192.824886790826,4.281650507465218,0.12458293891338588,-0.0032949521557045186,-0.003289529757998899,54764.9390625,55015.048828125,0,53952.0859375
53952.0859375,54220.05987427566,53684.11200072434,54130.73522868378,3433800.0,2025-02-11,0.0,35.57293813193006,-488.13855226618034,-419.5434244335883,-68.59512783259203,53691.44727049672,54961.45390625,56231.460542003275,4.62144483266247,0.10261311227271201,-0.003305772363722023,-0.003300314314274466,54604.1546875,54961.45390625,0,54488.03515625
54488.03515625,54488.03515625,54041.41191726435,54130.73656506148,2756600.0,2025-02-12,0.0,43.201299720959845,-459.62057524890406,-427.5588545966515,-32.061720652252575,53645.22689431938,54930.1904296875,56215.15396505562,4.678532971819638,0.32795026424200074,0.009884783920506655,0.009933799767646745,54496.965234375,54930.1904296875,0,54220.0546875
54220.0546875,54488.028598640856,53952.080776359144,54488.028598640856,2576800.0,2025-02-13,0.0,40.61200458987462,-453.4169488792468,-432.7304734531706,-20.686475426076186,53565.740005965214,54885.5279296875,56205.31585340979,4.809238331142722,0.24788629664430406,-0.004930286457390786,-0.00491815254452721,54362.977734375,54885.5279296875,0,53862.7578125
53862.7578125,54220.05637178689,53862.7578125,54220.05637178689,6401800.0,2025-02-14,0.0,37.393926553807844,-471.8917279471425,-440.562724351965,-31.329003595177483,53436.266787854984,54809.6017578125,56182.93672777002,5.011293371646385,0.15527567344265936,-0.006611563268403262,-0.006589754972754935,54193.260546875,54809.6017578125,0,53594.78515625
53594.78515625,54130.7330078125,53594.78515625,53952.083723958334,3612400.0,2025-02-17,0.0,35.14462830126523,-502.36532255364,-452.92324399230006,-49.44207856133994,53269.60147503516,54724.743359375,56179.885243714845,5.318040049211338,0.11173607354528398,-0.0049875179412984215,-0.004975100925630915,54148.5984375,54724.743359375,0,53862.7578125
53862.7578125,54041.40709214345,53594.78389303482,53952.08245232172,2436800.0,2025-02-18,0.0,39.09026733961352,-499.1389489113935,-462.1663849761188,-36.97256393527471,53172.190523073434,54657.749609375,56143.30869567657,5.435858947426412,0.23242673273460812,0.00498751794129839,0.004999976312410892,54157.530859375,54657.749609375,0,54309.38671875
54309.38671875,54398.71136795847,53862.76347270765,53862.76347270765,3072700.0,2025-02-19,0.0,45.08666279711268,-455.2944534063645,-460.79199866216794,5.497545255803459,53139.17723187527,54622.0197265625,56104.862221249736,5.429467830411007,0.3945832045774879,0.008257790324713965,0.00829197992061137,54095.00390625,54622.0197265625,0,54220.0546875
54220.0546875,54398.70396159391,54130.73005045305,54398.70396159391,2627900.0,2025-02-20,0.0,44.15043058047871,-422.881014082981,-453.2098017463306,30.3287876633496,53115.75956580932,54563.9583984375,56012.15723106568,5.308261625936764,0.38126502273400364,-0.0016462270563106262,-0.0016448727678075592,54095.00390625,54563.9583984375,1,54845.33203125
54845.33203125,55470.60454626425,54130.73487123371,54309.38416123779,4717200.0,2025-02-21,0.0,51.7091843509988,-342.78703831300663,-431.12524905966586,88.33821074665923,53149.91840221106,54528.228515625,55906.53862903894,5.055400297917216,0.6150334429599318,0.011466226145753185,0.011532215291073067,54148.5984375,54528.228515625,1,56989.12109375
56989.12109375,57078.44573496277,55023.978987068964,55023.978987068964,11512800.0,2025-02-24,0.0,67.80005491900151,-105.11443079165474,-365.92308540606365,260.8086546144089,52888.2273542971,54599.6880859375,56311.1488175779,6.269122742776978,1.1980683119507731,0.03834331277641399,0.039087903803344703,54434.437109375,54599.6880859375,-1,56185.19921875
56185.19921875,57167.770270270266,55917.22529560811,57167.770270270266,3884200.0,2025-02-25,0.0,59.75864468202425,18.16366690504219,-289.1057349438425,307.2694018488847,52825.37842180978,54630.9515625,56436.52470319022,6.6100739198165765,0.9304028513782212,-0.014207028496884006,-0.014106584898502028,54657.7484375,54630.9515625,0,56363.84765625
56363.84765625,56631.82157537639,56185.198376832406,56274.52301654121,3636600.0,2025-02-26,0.0,60.8693262327857,128.79323513573036,-205.52594092792793,334.3191760636583,52746.62085884348,54671.1474609375,56595.67406303152,7.040373913750726,0.9397705371987909,0.003174590856086099,0.0031796352061412847,54845.3296875,54671.1474609375,-1,55559.9296875
55559.9296875,56453.17614549839,55559.9296875,56453.17614549839,3520600.0,2025-02-27,0.0,53.6881936038935,149.87088527218293,-134.44657568790578,284.31746096008874,52746.62085884348,54671.1474609375,56595.67406303152,7.040373913750726,0.7309093118264626,-0.014365701612075357,-0.01426300726758234,54979.3171875,54671.1474609375,0,55559.9296875
55559.9296875,56453.17614549839,55559.9296875,55649.25433329984,4175600.0,2025-02-28,0.0,53.688193603893495,164.67678341018473,-74.62190386828769,239.2986872784724,52746.62085884348,54671.1474609375,56595.67406303152,7.040373913750726,0.7309093118264626,0.0,0.0,55149.034375,54671.1474609375,1,56453.171875
56453.171875,56453.171875,55649.25012361551,56095.873318829115,3610600.0,2025-03-03,0.0,59.79972851090871,245.65597459054698,-10.566328176520756,256.22230276706773,52735.614258045636,54791.7357421875,56847.85722632936,7.505224852947044,0.9040218794527879,0.01594922576094125,0.01607709355508713,55434.873046875,54791.7357421875,0,56721.1484375
56721.1484375,56989.12236712598,56185.20057824803,56453.17450787401,6042000.0,2025-03-04,0.0,61.4435980336047,327.6787592806868,57.08268931492076,270.59606996576605,52770.80844416298,54939.121484375,57107.43452458701,7.893511878702668,0.9109247419714722,0.0047356513840277675,0.00474688230261644,55720.712109375,54939.121484375,-1,56006.55078125
56006.55078125,56810.47256279904,56006.55078125,56810.47256279904,2275500.0,2025-03-05,0.0,54.9864133345588,331.20245266435086,111.90664198480678,219.29581067954408,52772.50051193877,54992.7162109375,57212.931909936226,8.074580969896331,0.7283189355812862,-0.012678467376217107,-0.012598434198443642,55890.428515625,54992.7162109375,0,56185.19921875
56185.19921875,56185.19921875,55559.92673141891,56006.5499366554,3125600.0,2025-03-06,0.0,56.22496850018508,344.4399515812984,158.4133039041051,186.02664767719327,52840.9970841474,55090.9734375,57340.949790852595,8.168221445225205,0.7431638402820415,0.003184700987237347,0.0031897775350915314,56086.94296875,55090.9734375,0,56006.55078125
56006.55078125,56274.52470843301,55738.57685406698,56185.20006603868,2655600.0,2025-03-07,0.0,54.606874529480635,336.6348123956486,194.05760560241384,142.57720679323478,52921.95753326054,55175.831640625,57429.705747989465,8.169787533224873,0.6842869435144248,-0.003184700987237436,-0.0031796352061412847,56203.06484375,55175.831640625,0,55827.90234375
55827.90234375,56274.5255625,55827.90234375,56274.5255625,2529500.0,2025-03-10,0.0,52.96533653839619,312.4322232912673,217.73252914018457,94.69969415108272,53045.01837956497,55260.6900390625,57476.36169856003,8.01897934293373,0.6280000812070077,-0.003194875719723248,-0.0031897775350916424,56086.94296875,55260.6900390625,0,55738.578125
55738.578125,55827.902769431086,55470.60419170673,55649.25348056891,2287600.0,2025-03-11,0.0,52.12165890493929,282.784020949759,230.74282750209946,52.04119344765954,53213.85681378583,55350.0146484375,57486.17248308917,7.718725453713937,0.590949149510261,-0.0016012737420932801,-0.0015999923873192268,56042.280859375,55350.0146484375,0,55559.9296875
55559.9296875,56095.877562299036,55559.9296875,55827.90362489952,2755400.0,2025-03-12,0.0,50.39276760269362,242.08160505884007,233.0105830134476,9.071022045392482,53305.055151708504,55403.609375,57502.163598291496,7.575514472666957,0.5372447637437783,-0.003210260306935351,-0.0032051129309284,55961.8890625,55403.609375,0,55381.28125
55381.28125,56185.20307459678,55291.95660282258,55649.25519153226,5100400.0,2025-03-13,0.0,48.65472983905157,193.18232574191643,225.04493155914136,-31.86260581722493,53438.0761330675,55461.670703125,57485.26527318249,7.297272312222199,0.4801369665854774,-0.003220599277869438,-0.0032154187110173815,55944.02421875,55461.670703125,0,55470.60546875
55470.60546875,56006.55334767512,55470.60546875,55738.579408212565,2696700.0,2025-03-14,0.0,49.59089964987933,159.7949952857307,211.99494430445924,-52.199949018728546,53663.36029339915,55542.0630859375,57420.76587847585,6.764973024612093,0.48098219221493954,0.001611596170838086,0.0016128954898457781,55935.091796875,55542.0630859375,1,56274.5234375
56274.5234375,56631.82199900794,55738.5755952381,55738.5755952381,4062100.0,2025-03-17,0.0,57.1612824830945,195.946013144443,208.785158072456,-12.839144928013013,54012.142307965965,55676.05,57339.95769203404,5.977103950564156,0.6798397352104297,0.014388669043922749,0.014492684223591068,55917.226953125,55676.05,0,55827.90234375
55827.90234375,56363.85020625,55827.90234375,56363.85020625,3281900.0,2025-03-18,0.0,52.44873148804924,186.4085636674281,204.30983919145044,-17.90127552402234,54345.81978493124,55774.3072265625,57202.79466819376,5.122385243902923,0.5187593938964894,-0.007968131887862667,-0.007936470474885993,55827.90234375,55774.3072265625,0,55649.25390625
55649.25390625,56095.877131821835,55291.955325792536,56006.552486707464,3038400.0,2025-03-19,0.0,50.6499524603514,162.5607314427907,195.9600176417185,-33.3992861989278,54587.03445145916,55841.3005859375,57095.56672041583,4.492252584798124,0.42344261141700523,-0.00320511567470936,-0.0031999847746384535,55792.17265625,55841.3005859375,0,55202.6328125
55202.6328125,55559.93140675566,54756.00956968042,55559.93140675566,3888200.0,2025-03-20,0.0,46.36850506052237,106.39609493980242,178.0472331013353,-71.65113816153288,54843.7498227453,55890.4294921875,56937.10916162969,3.7454701241417414,0.17143878888273234,-0.008058022711642895,-0.00802564387480209,55693.916015625,55890.4294921875,0,54756.0078125
54756.0078125,55202.63104098695,54666.683166802606,55202.63104098695,3325900.0,2025-03-21,0.0,42.49962594522947,25.551766113363556,147.54813970374096,-121.9963735903774,54819.923687515424,55885.96328125,56952.00287498457,3.8150531229806535,-0.029978190018023734,-0.008123553612577022,-0.008090646718191818,55568.86171875,55885.96328125,0,54845.33203125
54845.33203125,55381.27990126221,54577.358096243894,54845.33203125,2488900.0,2025-03-24,0.0,43.51472447337929,-30.953417267613986,111.84782830946997,-142.80124557708396,54749.286818910856,55778.773828125,56808.26083733914,3.691321764750055,0.04664712205181693,0.0016299844263599139,0.0016313135730396944,55470.6046875,55778.773828125,0,54845.33203125
54845.33203125,55113.305966256106,54666.682741245924,55113.305966256106,2323000.0,2025-03-25,0.0,43.51472447337929,-74.87111459154403,74.50403972926718,-149.3751543208112,54621.09006246987,55711.78046875,56802.470875030136,3.9154749573725294,0.10279817604012917,0.0,0.0,55381.280078125,55711.78046875,0,54666.68359375
54666.68359375,55291.95611851511,54666.68359375,54934.657532935045,1846000.0,2025-03-26,0.0,41.802960316121094,-122.67749224315776,35.06773333478219,-157.74522557793995,54486.872036857305,55626.922265625,56766.97249439269,4.098915353698059,0.07886124328357774,-0.00326263004023445,-0.0032573134464426445,55291.95546875,55626.922265625,0,54577.359375
54577.359375,54934.6579633797,54577.359375,54666.68402209492,2230500.0,2025-03-27,0.0,40.93586595880698,-165.86017603295477,-5.117848538765202,-160.74232749418957,54344.70041896613,55577.79375,56810.88708103386,4.4373597720721545,0.0943395565357571,-0.0016353155051553484,-0.0016339791053323616,55211.56328125,55577.79375,-1,53862.7578125
53862.7578125,54577.354931073794,53773.43317267827,54488.03029125207,5430100.0,2025-03-28,0.0,34.729501319193616,-254.80787144054193,-55.05585311912055,-199.7520183214214,54040.57043853771,55492.93515625,56945.29987396229,5.234413042391454,-0.06121486699215396,-0.013179843868766649,-0.013093370047275177,55050.778515625,55492.93515625,0,54130.734375
54130.734375,55023.98081683168,54130.734375,54309.38366336633,5301500.0,2025-03-31,0.0,38.49531671160356,-300.21539566083084,-104.08776162746261,-196.12763403336822,53877.10621067392,55376.81328125,56876.520351826075,5.416371877375122,0.08455923470063238,0.0049628381690094295,0.0049751734479108745,54836.399609375,55376.81328125,0,54309.38671875
54309.38671875,54666.68531558388,53862.76347270765,54666.68531558388,3129300.0,2025-04-01,0.0,40.94167363311022,-318.11836418772145,-146.8938821395144,-171.22448204820705,53825.38746587641,55256.2251953125,56687.06292474859,5.17891956744621,0.16913142661688788,0.003294952155704504,0.0033003864775296154,54684.548046875,55256.2251953125,0,54041.40625
54041.40625,54845.32799586777,54041.40625,54220.055526859505,4684400.0,2025-04-02,0.0,38.469883400585616,-349.89698530779424,-187.49450277317038,-162.40248253462386,53675.12817391556,55157.96796875,56640.807763584446,5.376702041215704,0.12350561313514462,-0.004946544604357831,-0.004934330599934422,54523.76328125,55157.96796875,-1,50468.421875
50468.421875,53237.48573008849,50289.772594026545,53148.16108960177,16938200.0,2025-04-03,0.0,20.60651781216572,-655.831729942518,-281.1619482070399,-374.66978173547807,52369.62815520524,54872.1291015625,57374.63004791977,9.12120957335335,-0.3798612509962698,-0.06840270385633562,-0.06611568097379039,54050.3421875,54872.1291015625,1,52254.9140625
52254.9140625,52522.88798076923,48056.656009615384,48235.30528846154,9776600.0,2025-04-04,0.0,36.486884339940374,-745.5381305259289,-374.03718467081774,-371.5009458551111,51985.382081005635,54684.547265625,57383.71245024436,9.871765680013496,0.04992876742598739,0.03478610417774091,0.0353982177593104,53800.2328125,54684.547265625,0,52254.9140625
52254.9140625,52522.88798076923,48056.656009615384,48235.30528846154,9776600.0,2025-04-07,0.0,36.486884339940374,-807.3247619741742,-460.69470013148907,-346.6300618426851,51656.57162649781,54505.8978515625,57355.224076627186,10.45511160214016,0.10499717981373036,0.0,0.0,53541.191015625,54505.8978515625,-1,48681.9296875
48681.9296875,50825.72108658257,48681.9296875,50647.07180332569,13324100.0,2025-04-08,0.0,24.92351631029942,-1131.5572038555765,-594.8672008763066,-536.6900029792699,50356.309893402846,54153.0654296875,57949.820965972154,14.022310671274454,-0.22050145050177816,-0.07082602787930575,-0.06837604537491915,52924.85078125,54153.0654296875,-1,46448.8125
46448.8125,49307.20096153846,45912.864663461536,45912.864663461536,9882600.0,2025-04-09,0.0,20.541742713198573,-1550.8306339181509,-786.0598874846755,-764.7707464334753,48635.81548723937,53697.5095703125,58759.20365338562,18.852621373232406,-0.21603468634670708,-0.0469570077770777,-0.045871583189796894,52103.063671875,53697.5095703125,1,49664.5
49664.5,49664.5,49664.5,49664.5,1514300.0,2025-04-10,0.0,37.56417086828993,-1605.1258496775117,-949.8730799232428,-655.2527697542689,48110.339037773374,53411.6705078125,58713.00197785163,19.850835668072595,0.14658213422515487,0.066939492355449,0.06923077958128632,51611.777734375,53411.6705078125,1,51361.66796875
51361.66796875,52165.58972826087,49664.49980978261,49664.49980978261,9164400.0,2025-04-11,0.0,44.341375737091695,-1493.9861853188631,-1058.695701002367,-435.2904843164961,47922.41167541947,53206.2236328125,58490.03559020553,19.861631202611726,0.32545218500048767,0.03360174271672051,0.034172657909573134,51361.66875,53206.2236328125,-1,50825.72265625
50825.72265625,51718.96910012083,50468.42407870167,51718.96910012083,5479700.0,2025-04-14,0.0,42.7628077995046,-1432.6389383390851,-1133.4843484697108,-299.1545898693744,47755.25450945026,52933.78359375,58112.31267804974,19.566064364653432,0.29646141759720773,-0.010489556948677333,-0.010434733405194074,51031.167578125,52933.78359375,-1,50289.76953125
50289.76953125,51361.6651518095,50289.76953125,50647.0680714365,4163500.0,2025-04-15,0.0,41.18384457702198,-1411.0025817214264,-1188.987995120054,-222.01458660137246,47538.018778912025,52656.876953125,57775.735127337975,19.442315877448518,0.2687856020508966,-0.010600910554175447,-0.01054491893061349,50629.205859375,52656.876953125,0,50021.80078125
50021.80078125,51093.69651227679,50021.80078125,50379.09935825893,3735600.0,2025-04-16,0.0,40.38101192852003,-1399.347643269175,-1231.059924749878,-168.28771851929696,47331.095970923874,52375.504296875,57419.91262282612,19.262471621689382,0.2667017256001766,-0.005342741352627524,-0.005328494294122521,50227.2453125,52375.504296875,0,50021.80078125
50021.80078125,50557.74864676339,48949.90505022321,49575.17755998884,7219000.0,2025-04-17,0.0,40.38101192852003,-1374.2692995442558,-1259.7017997087537,-114.56749983550208,47151.87278753991,52116.4626953125,57081.05260308508,19.051906637628015,0.28903978445600464,0.0,0.0,50182.583203125,52116.4626953125,1,50557.75
50557.75,51183.022526501765,50557.75,50647.07464664311,3037200.0,2025-04-18,0.0,42.96021125168279,-1296.206052115398,-1267.0026501900827,-29.203401925315347,47058.21650601028,51906.5498046875,56754.88310336472,18.68100776075618,0.3609006722933534,0.010657321240144152,0.010714312767222456,50012.866796875,51906.5498046875,0,50647.07421875
50647.07421875,51004.37280230379,50468.42492697311,50736.398864638446,3021400.0,2025-04-21,0.0,43.39970155210638,-1213.148230530227,-1256.2317662581115,43.08353572788451,47023.67630006317,51696.6369140625,56369.59752806184,18.078393075229993,0.3876983156921754,0.0017652170760434538,0.001766775988844449,49852.0828125,51696.6369140625,-1,50021.80078125
50021.80078125,50557.74864676339,48145.98325195313,50557.74864676339,6955000.0,2025-04-22,0.0,41.01725370897958,-1184.1287501654297,-1241.8111630395751,57.682412874145484,46972.71831665539,51455.4603515625,55938.20238646961,17.423775841395177,0.34009122551012394,-0.01242253831618749,-0.012345697103832265,49986.069921875,51455.4603515625,0,50379.09765625
50379.09765625,51183.01942736037,50379.09765625,50736.39622118794,3586000.0,2025-04-23,0.0,42.944675479970684,-1119.3960305045111,-1217.3281365325624,97.9321060280513,47001.45423392386,51241.0810546875,55480.70787545114,16.547764931964878,0.39834206701685126,0.007117433984834886,0.00714282311751413,50379.0984375,51241.0810546875,0,50289.76953125
50289.76953125,50736.39270648313,50200.44489620338,50468.41880134325,1956400.0,2025-04-24,0.0,42.570133530509956,-1063.0487526447687,-1186.4722597550037,123.42350711023505,47073.458037374854,51026.7015625,54979.94508762514,15.494803324816198,0.4067940000955709,-0.0017746926322074249,-0.00177311879640063,50441.625390625,51026.7015625,1,52076.265625
52076.265625,52076.265625,50468.42208940823,50468.42208940823,8119700.0,2025-04-25,0.0,51.65187815233712,-864.2750003740948,-1122.032807878822,257.7578075047272,47177.96965930829,50937.376953125,54696.78424694171,14.76089865120575,0.6514718388917569,0.03490762336174093,0.035524046150974486,50513.08515625,50937.376953125,-1,51361.66796875
51361.66796875,52076.26508831522,51361.66796875,52076.26508831522,2664700.0,2025-04-28,0.0,48.35774095389599,-755.6962325651693,-1048.7654928160914,293.06926025092207,47342.98945313362,50798.9236328125,54254.85781249138,13.60632837285785,0.5814171084690323,-0.013817155858888257,-0.013722137094003606,50566.6796875,50798.9236328125,0,51450.99609375
51450.99609375,51718.97003173828,51093.697509765625,51361.671447753906,2556000.0,2025-04-29,0.0,48.79734267111731,-654.889584195611,-969.9903110919954,315.10072689638446,47597.8015824992,50656.0041015625,53714.2066206258,12.074393048973114,0.6299770023783442,0.0017376876339537967,0.0017391982879986223,50682.80234375,50656.0041015625,0,51450.99609375
51450.99609375,51450.99609375,51450.99609375,51450.99609375,0.0,2025-04-30,0.0,48.79734267111731,-568.4468872200814,-889.6816263176127,321.23473909753125,47880.31791097761,50526.48359375,53172.649276522396,10.474371040931558,0.6746890805097631,0.0,0.0,50825.721875,50526.48359375,0,51450.99609375
51450.99609375,51450.99609375,51450.99609375,51450.99609375,0.0,2025-05-01,0.0,48.79734267111731,-494.24310027663887,-810.593921109418,316.35082083277916,47897.691056958,50575.6123046875,53253.533552417,10.589772918997573,0.6634446475609956,0.0,0.0,50968.64140625,50575.6123046875,0,51450.99609375
51450.99609375,51450.99609375,51450.99609375,51450.99609375,0.0,2025-05-02,0.0,48.79734267111731,-430.47383016109234,-734.569902919753,304.0960727586606,47940.78942069605,50535.41640625,53130.04339180395,10.26854895068425,0.6764376329618198,0.0,0.0,51057.966015625,50535.41640625,0,51450.99609375
51450.99609375,51450.99609375,51450.99609375,51450.99609375,0.0,2025-05-05,0.0,48.797342671117306,-375.60646662144427,-662.7772156600913,287.17074903864705,47989.36532480098,50495.2205078125,53001.075690824015,9.92511828965602,0.6907084640040649,0.0,0.0,51138.358203125,50495.2205078125,-1,50825.72265625
50825.72265625,51450.995166959576,50825.72265625,51361.670522572495,4238300.0,2025-05-06,0.0,44.920288546130536,-378.21816294654127,-605.8654051173813,227.64724217084006,48244.08161800088,50602.41015625,52960.73869449912,9.321012698672186,0.5473455026257267,-0.012227244582631035,-0.01215279557193949,51218.750390625,50602.41015625,0,50825.72265625
50825.72265625,51272.34587818541,50825.72265625,50915.04730063708,2502600.0,2025-05-07,0.0,44.920288546130536,-375.95418527593574,-559.8831611490922,183.92897587315645,49502.74239008361,50821.2556640625,52139.76893804139,5.188826040405203,0.5016939504044668,0.0,0.0,51263.412890625,50821.2556640625,0,51093.69921875
51093.69921875,51540.322463669145,50825.72527179851,50825.72527179851,2905500.0,2025-05-08,0.0,47.01282325567727,-348.51898769610125,-517.610326458494,169.09133876239275,49688.18223565837,50892.715625,52097.24901434162,4.733618061245379,0.5834279877703751,0.005258608714583617,0.005272459465306634,51343.805859375,50892.715625,0,51272.34765625
51272.34765625,51629.64624618902,51093.69836128048,51093.69836128048,3262200.0,2025-05-09,0.0,48.419687135972154,-308.8012910145044,-475.84851936969613,167.04722835519175,49690.393319671515,50888.249609375,52086.10589907849,4.707791283443196,0.6603272655395402,0.0034903881574738296,0.003496486655529596,51263.4140625,50888.249609375,0,51272.34765625
51272.34765625,51272.34765625,51272.34765625,51272.34765625,0.0,2025-05-12,0.0,48.419687135972154,-274.16433445752773,-435.51168238726245,161.34734792973472,49701.03709793954,50910.580859375,52120.12462081046,4.751639997101807,0.6495467995493053,0.0,0.0,51254.48203125,50910.580859375,1,52344.2421875
52344.2421875,52433.566832871154,51808.29431527304,51808.29431527304,5863100.0,2025-05-13,0.0,56.46342266681401,-158.39548184784508,-380.088442279379,221.69296043153395,49682.838271543944,51013.3044921875,52343.77071283105,5.216153840209701,1.0001771840057396,0.02069036959549204,0.020905899188318866,51343.806640625,51013.3044921875,1,54101.37890625
54101.37890625,54563.783854166664,53916.41692708333,54471.30286458333,4352200.0,2025-05-14,0.0,65.86179549324662,74.28213786740525,-289.2143262500222,363.4964641174275,49374.56556445965,51217.2833984375,53060.00123241536,7.195687516820039,1.2825656903712253,0.03301772922805197,0.03356886345695553,51608.844921875,51217.2833984375,-1,51974.3125
51974.3125,52714.160364768686,51881.83151690391,52714.160364768686,5034700.0,2025-05-15,0.0,51.397414930792316,86.05238714154984,-214.16098357170785,300.2133707132577,49532.985594421116,51314.908984375,53096.83237432888,6.9450513514365335,0.6850257758954691,-0.040110067484994266,-0.03931630670515629,51661.1765625,51314.908984375,1,52529.203125
52529.203125,52714.16510783451,51974.31717649648,51974.31717649648,4092100.0,2025-05-16,0.0,54.221874124999225,138.55821763107815,-143.61714333115066,282.1753609622288,49590.27848726289,51413.481640625,53236.684793987115,7.092315459614723,0.8059783772086863,0.010619658804528597,0.010676247521311577,51768.997265625,51413.481640625,-1,51789.3515625
51789.3515625,52714.161411830355,51789.3515625,51974.31353236607,2795600.0,2025-05-19,0.0,50.0458242804703,119.09675542051991,-91.07436358081655,210.17111900133648,49677.15780664202,51470.5955078125,53264.033208982975,6.968785511324656,0.5888673340812085,-0.014184705106019118,-0.014084576168791774,51802.8328125,51470.5955078125,0,51789.3515625
51789.3515625,52714.161411830355,51789.3515625,51974.31353236607,2795600.0,2025-05-20,0.0,50.0458242804703,102.49194308551523,-52.36110224755019,154.85304533306544,49896.73760105461,51558.973046875,53221.20849269539,6.447899745051807,0.569297798998414,0.0,0.0,51899.195703125,51558.973046875,0,51696.87109375
51696.87109375,52066.79503717576,51604.39010789356,51881.83306546288,3224100.0,2025-05-21,0.0,49.49322326164055,80.9371160499868,-25.7014585880428,106.6385746380296,50057.80209810114,51624.86171875,53191.921339398854,6.07094941652775,0.5229759525582649,-0.0017873005892934386,-0.0017857043187419208,51986.310546875,51624.86171875,0,51234.46875
51234.46875,51789.35469314079,51234.46875,51789.35469314079,4464400.0,2025-05-22,0.0,46.71567779568169,26.2402741013575,-15.313112050162742,41.55338615152024,50221.886313829156,51672.0966796875,53122.307045545844,5.613127622237273,0.34911570762753485,-0.00898473594311199,-0.008944493814943888,52000.3875,51672.0966796875,0,50864.54296875
50864.54296875,51419.42889204546,50864.54296875,51234.46691761364,2665200.0,2025-05-23,0.0,44.56115480947867,-46.42216039230698,-21.53492171859159,-24.887238673715387,50131.4572142787,51611.510546875,53091.563879471294,5.735361421952848,0.24765518185257793,-0.0072464442854866026,-0.007220252112987935,51959.60703125,51611.510546875,1,51511.91015625
51511.91015625,51604.3911439632,50864.543242257634,51234.46719311042,2729200.0,2025-05-26,0.0,48.99445027591941,-51.180563794550835,-27.46405013378344,-23.716513660767394,50142.788460164506,51619.02265625,53095.2568523355,5.719729356041016,0.46372103414077825,0.012646967077944098,0.012727278172886214,51983.56328125,51619.02265625,0,51511.91015625
51511.91015625,51604.3911439632,50864.543242257634,51234.46719311042,2729200.0,2025-05-27,0.0,48.99445027591941,-54.32540333995712,-32.83632077501818,-21.48908256493894,50147.04295057775,51622.068359375,53097.09376817225,5.7147086727662,0.4626588794782783,0.0,0.0,51900.330078125,51622.068359375,0,51234.46875
51234.46875,51789.35469314079,51141.987759476535,51696.873702617326,3680800.0,2025-05-28,0.0,47.1215194052013,-78.30229404260899,-41.92951542853635,-36.372778614072644,50127.77533200264,51611.2419921875,53094.708652372356,5.748618335553382,0.3730091978809465,-0.005400522792457472,-0.005385966185459723,51613.6390625,51611.2419921875,0,51049.50390625
51049.50390625,51511.90883293704,50957.02292091259,51511.90883293704,3901700.0,2025-05-29,0.0,45.86277434931418,-110.95030370659515,-55.73367308414811,-55.21663062244704,50087.83708280832,51591.1673828125,53094.49768281668,5.827859210276407,0.31984548686306885,-0.0036166965471876966,-0.0036101641778026883,51521.158203125,51591.1673828125,0,50957.0234375
50957.0234375,51326.947382599814,50957.0234375,51326.947382599814,2182300.0,2025-05-30,0.0,45.21246175870325,-142.64219706205768,-73.11537787973003,-69.52681918232764,50037.43055484397,51566.46875,53095.50694515603,5.9303583596890235,0.30070958513962737,-0.001813226986473106,-0.0018115840835561947,51363.940234375,51566.46875,0,50494.62109375
50494.62109375,51049.50703983516,50402.1401027358,50772.06406679258,2644100.0,2025-06-02,0.0,42.00530169254097,-202.7332725876986,-99.03895682132375,-103.69431576637484,49916.34308626893,51518.65,53120.956913731075,6.220298527741212,0.1804516982749938,-0.009115782162455281,-0.009074359382807096,51234.4671875,51518.65,0,50494.62109375
50494.62109375,51049.50703983516,50402.1401027358,50772.06406679258,2644100.0,2025-06-03,0.0,42.00530169254097,-247.50282438030263,-128.73173033311954,-118.77109404718308,49863.218808103,51502.094921875,53140.971035647,6.364308544178862,0.19263270735997717,0.0,0.0,51104.994140625,51502.094921875,1,51326.94921875
51326.94921875,51789.354166666664,50587.10130208333,50587.10130208333,4311900.0,2025-06-04,0.0,49.48564009732795,-213.36159345565102,-145.65770295762584,-67.70389049802517,49916.74727777504,51527.15625,53137.56522222496,6.250719385372496,0.43783969330058087,0.016349122529584297,0.01648350075653937,51068.001953125,51527.15625,1,52621.68359375
52621.68359375,53454.01250823814,51326.94972676846,51604.3926982645,8419300.0,2025-06-05,0.0,58.461134405874546,-80.89764081147587,-132.70569052839585,51.80804971691998,49935.774130032885,51603.55546875,53271.33680746711,6.463823368632358,0.8052342958169701,0.024912330277590596,0.025225235372591026,51206.7234375,51603.55546875,-1,52066.796875
52066.796875,52806.64478796625,52066.796875,52714.163798845475,2794700.0,2025-06-06,0.0,54.03026496040334,-20.45789888728177,-110.25613220017304,89.79823331289127,49970.87431259107,51643.2779296875,53315.68154678393,6.47675238343087,0.6266198365582937,-0.010600820885922794,-0.010544830207901312,51326.948828125,51643.2779296875,-1,51141.984375
51141.984375,52066.79421903255,51141.984375,51234.46535940326,3035700.0,2025-06-09,0.0,47.56032076319776,-46.64590280551056,-97.53408632124055,50.88818351572999,49957.26785882821,51636.759765625,53316.25167242179,6.505024383481335,0.3527008708340074,-0.017921677628127897,-0.017762039447524636,51289.95625,51636.759765625,0,51141.984375
51141.984375,52066.79421903255,51141.984375,51234.46535940326,3035700.0,2025-06-10,0.0,47.56032076319776,-66.63199245306896,-91.35366754760625,24.72167509453729,49917.83993681881,51576.646875,53235.453813181186,6.432395429665812,0.368983397044207,0.0,0.0,51252.963671875,51576.646875,0,51141.984375
51141.984375,51881.83225022604,50957.02240619349,51326.94634380651,2999200.0,2025-06-11,0.0,47.560320763197765,-81.5312707529738,-89.38918818867975,7.857917435705957,50263.65616051203,51428.6771484375,52593.69813636297,4.5306278618168365,0.37695810787580447,0.0,0.0,51243.715234375,51428.6771484375,0,51049.50390625
51049.50390625,51419.42784759963,50957.02292091259,51141.98489158741,1720700.0,2025-06-12,0.0,46.85949283091628,-99.65272253206786,-91.44189505735737,-8.210827474710484,50235.326674937845,51382.43671875,52529.54676256216,4.464988883618144,0.3548819207468636,-0.001809945144196067,-0.001808308181236895,51243.715234375,51382.43671875,1,51696.87109375
51696.87109375,51974.31405131932,51326.94715032424,51419.42813618068,3282700.0,2025-06-13,0.0,52.17238164038876,-61.07297067772015,-85.36811018142993,24.295139503709777,50314.89318277409,51340.8201171875,52366.747051600905,3.9965350458823545,0.6735264786502956,0.012601432490299724,0.012681165103756165,51317.7,51340.8201171875,0,52066.796875
52066.796875,52344.239842362345,51234.46797291297,51234.46797291297,4734300.0,2025-06-16,0.0,54.94443792444217,-0.6409321658647968,-68.4226745783169,67.7817424124521,50296.24149337035,51354.6923828125,52413.14327225465,4.122119480541945,0.8363899540784593,0.007130190282024251,0.007155670612621012,51474.917578125,51354.6923828125,0,52066.796875
52066.796875,52344.239842362345,51234.46797291297,51234.46797291297,4734300.0,2025-06-17,0.0,54.94443792444217,46.71341062451393,-45.39545753775074,92.10886816226466,50279.30345355648,51368.5646484375,52457.825843318526,4.240964108441972,0.8205072529177739,0.0,0.0,51632.13515625,51368.5646484375,0,51974.3125
51974.3125,52436.71741548043,51881.83151690391,52159.274466192175,3406400.0,2025-06-18,0.0,54.036340689961534,75.90437394319451,-21.135491241561688,97.0398651847562,50268.77760841587,51382.43671875,52496.09582908414,4.334785119008372,0.7657347188909607,-0.0017778433912401712,-0.0017762639638084776,51696.871484375,51382.43671875,0,51789.3515625
51789.3515625,52529.19944196429,51789.3515625,52066.79451729911,4098100.0,2025-06-19,0.0,52.17896228732529,83.15506102827203,-0.277380787594943,83.43244181586698,50284.46103444414,51410.180859375,52535.90068430587,4.3793653557068986,0.6684125546728662,-0.0035650463014905947,-0.003558699068891058,51613.63828125,51410.180859375,0,51881.83203125
51881.83203125,52159.27498328877,51511.908095198305,51789.351047237076,2628700.0,2025-06-20,0.0,53.04796978567731,95.26552208035719,18.831199785995484,76.4343222943617,50347.26515763029,51461.0453125,52574.82546736971,4.328634010857025,0.6889002586866998,0.0017841118442954232,0.0017857043187419208,51595.141796875,51461.0453125,0,51696.87109375
51696.87109375,52159.276023032195,51604.39010789356,51789.35207960644,3022700.0,2025-06-23,0.0,51.04988472541531,88.91340940514783,32.84764170982596,56.065767695321874,50351.67384851021,51470.293359375,52588.91287023979,4.3466607157428925,0.6012756045171417,-0.003571412433588835,-0.0035650425256492646,51650.63046875,51470.293359375,0,51696.87109375
51696.87109375,52159.276023032195,51604.39010789356,51789.35207960644,3022700.0,2025-06-24,0.0,51.04988472541531,82.92342472337623,42.862798312536015,40.060626410840214,50356.423974846875,51479.54140625,52602.65883765312,4.363354453918148,0.5967528779374784,0.0,0.0,51706.119140625,51479.54140625,0,52159.27734375
52159.27734375,52251.75833194814,51881.83437915559,51974.31536735372,2803800.0,2025-06-25,0.0,55.86934717906115,114.17252875078702,57.124744400186216,57.04778435060081,50369.487170928325,51525.7818359375,52682.07650094668,4.4882178350671795,0.7739334215502375,0.008904803663820937,0.008944569375609834,51807.8484375,51525.7818359375,0,52529.203125
52529.203125,53454.01303917253,52159.27915933099,52251.76015074824,6268200.0,2025-06-26,0.0,59.320001085026064,166.8640825044422,79.07261202103741,87.79147048340478,50383.961189862945,51599.766796875,52815.57240388706,4.71244613099953,0.8822306472204725,0.007067202031491684,0.007092233636828205,51955.818359375,51599.766796875,0,52159.27734375
52159.27734375,52714.16327293883,52066.796355551865,52529.20129654255,3118900.0,2025-06-27,0.0,54.71282439183236,176.73530494672013,98.60515060617396,78.13015434054617,50459.087397908996,51659.8794921875,52860.67158646601,4.648838154800965,0.707945177996263,-0.007067202031491753,-0.007042288084395887,52002.058984375,51659.8794921875,1,53638.97265625
53638.97265625,54286.33956761853,53546.491668911636,53731.45364358836,4487800.0,2025-06-30,0.0,66.06587855347067,300.4934636414109,138.98281321322136,161.51065042818956,50447.220538460206,51817.0970703125,53186.97360216479,5.287353438551209,1.1649780266963305,0.027973842745617112,0.028368784765713473,52159.2765625,51817.0970703125,0,53638.97265625
53638.97265625,54286.33956761853,53546.491668911636,53731.45364358836,4487800.0,2025-07-01,0.0,66.06587855347067,394.03055705016595,189.9923619806103,204.03819506955566,50524.1162054585,51974.3146484375,53424.513091416506,5.5804427736599305,1.0739414546580779,0.0,0.0,52316.494140625,51974.3146484375,0,53176.5703125
53176.5703125,54008.899239130435,52899.127336956524,54008.899239130435,4013600.0,2025-07-02,0.0,60.56332498385268,425.9374312216969,237.18137582882764,188.75605539286926,50555.79112186596,52066.795703125,53577.80028438404,5.804100524543517,0.8672307229043233,-0.008658013982130916,-0.008620641314540878,52436.719921875,52066.795703125,0,53361.53125
53361.53125,53638.974220103984,52991.60728986136,53269.05025996534,3775700.0,2025-07-03,0.0,61.92923880524002,460.836425302281,281.91238572351836,178.92403957876263,50502.08101309046,52103.7880859375,53705.49515878454,6.14814059279246,0.8926258382023796,0.0034722061049465283,0.003478241195568721,52593.937890625,52103.7880859375,0,53176.5703125
53176.5703125,54008.899239130435,52991.60832880435,53361.532296195655,5293100.0,2025-07-04,0.0,59.70234710594208,468.17252621667285,319.16441382214924,149.0081123945236,50487.60096130096,52159.2767578125,53830.95255432404,6.409888711737757,0.8042735788872443,-0.0034722061049466653,-0.003466184968220931,52723.41171875,52159.2767578125,0,53546.4921875
53546.4921875,53916.41614043609,53361.530211031946,53638.97317573402,3762300.0,2025-07-07,0.0,62.59902965752308,498.09432150611246,354.95039535894193,143.14392614717053,50570.43808839774,52279.5021484375,53988.56620847726,6.538180318501137,0.8706678025377883,0.006932397699485416,0.006956482391137664,52908.373828125,52279.5021484375,0,53546.4921875
53546.4921875,53916.41614043609,53361.530211031946,53638.97317573402,3762300.0,2025-07-08,0.0,62.59902965752308,515.861034949332,387.1325232770199,128.72851167231204,50689.29459913507,52399.7275390625,54110.16047898993,6.528403945048568,0.8352264276687035,0.0,0.0,53093.3359375,52399.7275390625,1,54563.78515625
54563.78515625,54748.74713983051,53546.4942465572,53638.97523834746,7163100.0,2025-07-09,0.0,69.57437946454286,605.0536423057056,430.7167470827571,174.3368952229485,50711.99506040154,52570.817578125,54429.64009584847,7.0716895926569325,1.0360833428480907,0.018820097780403076,0.018998312068469803,53333.78671875,52570.817578125,1,55673.5546875
55673.5546875,56043.47863891196,54656.263821117114,54841.22579682309,9636900.0,2025-07-10,0.0,75.0426813645848,756.5673156070698,495.88686078761964,260.6804548194501,50618.06954544299,52802.0201171875,54985.970688932015,8.27222355090774,1.1574174817561806,0.020134865835287945,0.02033893961117328,53648.221875,52802.0201171875,0,55211.1484375
55211.1484375,56043.47730841709,55211.1484375,55950.99632275963,5246100.0,2025-07-11,0.0,69.44235828370033,829.7656514915361,562.6626189284029,267.1030325631332,50610.375780476,52977.733984375,55345.092188274,8.937181815278155,0.9717102907043392,-0.008340355656624155,-0.00830567138375704,53953.408984375,52977.733984375,1,55766.03515625
55766.03515625,56228.440091210614,54841.22528632877,55488.59219527363,6083200.0,2025-07-14,0.0,72.13020123364467,921.9232238199183,634.514739906706,287.4084839132123,50531.64940157027,53162.6958984375,55793.74239530473,9.898092835222677,0.9947345592166988,0.010000097766401612,0.010050265833143168,54166.115234375,53162.6958984375,0,55766.03515625
55766.03515625,56228.440091210614,54841.22528632877,55488.59219527363,6083200.0,2025-07-15,0.0,72.13020123364467,983.6202024382292,704.3358324130107,279.28437002521844,50527.66940808783,53347.6578125,56167.64621691217,10.572117015234413,0.9287920723301893,0.0,0.0,54378.821484375,53347.6578125,0,55581.07421875
55581.07421875,56598.36509463395,55581.07421875,56043.47916233361,6553200.0,2025-07-16,0.0,69.75815000541584,1005.9942254019843,764.6675110108055,241.32671439117883,50617.93262018211,53527.9958984375,56438.059176692885,10.873051491697389,0.8527549272989253,-0.0033222435438270536,-0.003316730999106565,54619.271875,53527.9958984375,0,55581.07421875
55581.07421875,55673.55520746673,55118.669275166394,55488.59323003328,4961100.0,2025-07-17,0.0,69.75815000541586,1012.059408916015,814.1458905918473,197.91351832416763,50790.44537489132,53717.58203125,56644.71868760868,10.89824428305737,0.8183131514293838,0.0,0.0,54841.226171875,53717.58203125,0,55581.07421875
55581.07421875,56043.47916233361,55303.63125259984,55766.03619618345,6357800.0,2025-07-18,0.0,69.75815000541584,1005.277892764163,852.3722910263104,152.90560173785252,50996.397543604406,53902.544140625,56808.6907376456,10.782966345480183,0.7887896432763988,0.0,0.0,55081.6765625,53902.544140625,0,55488.59375
55488.59375,56228.441666666666,55488.59375,55766.036718749994,5503300.0,2025-07-21,0.0,68.35437567790149,981.1312214313512,878.1240771073186,103.00714432403254,51299.33051071606,54092.1302734375,56884.930036158934,10.326085323701399,0.7500113855641627,-0.0016652699483654992,-0.0016638841557113926,55275.88671875,54092.1302734375,0,55488.59375
55488.59375,56228.441666666666,55488.59375,55766.036718749994,5503300.0,2025-07-22,0.0,68.35437567790149,951.0319066101292,892.7056430078808,58.326263602248446,51664.25658448949,54281.71640625,56899.17622801051,9.64398326011347,0.7305436235766649,0.0,0.0,55470.096875,54281.71640625,0,55673.5546875
55673.5546875,55673.5546875,55026.18777252907,55488.59271179402,4735100.0,2025-07-23,0.0,69.76562174828756,931.3665705637541,900.4378285190555,30.928742044698538,51971.356870714255,54457.4302734375,56943.50367616075,9.13033681626314,0.7445873908490303,0.003327771382415094,0.003333314560706402,55581.073828125,54457.4302734375,1,57060.76953125
57060.76953125,57060.76953125,55673.554712824145,55858.51668861426,9228600.0,2025-07-24,0.0,77.77202377707933,1016.0064051221343,923.5515438396714,92.45486128246296,52113.31443280552,54684.00859375,57254.702754694474,9.401996038886912,0.9622799891191214,0.024611579051435357,0.024916943987797202,55719.7953125,54684.00859375,1,58910.390625
58910.390625,59187.83359497645,57430.69478512559,57430.69478512559,13421100.0,2025-07-25,0.0,83.89559487458472,1218.2893666835735,982.4991084084519,235.79025827512157,52097.99809045619,55021.5642578125,57945.130425168805,10.626983099417032,1.1650826669512409,0.03190065434272222,0.03241493426998088,56089.71953125,55021.5642578125,0,58540.46484375
58540.46484375,59095.35076643957,58263.02188240521,58540.46484375,8462700.0,2025-07-28,0.0,79.19636589023207,1333.3797800387401,1052.6752427345095,280.7045373042306,52026.45510356776,55266.6388671875,58506.82263080725,11.725640748323064,1.0051914050864152,-0.006299264539481941,-0.006279465766995118,56367.1625,55266.6388671875,0,58540.46484375
58540.46484375,59095.35076643957,58263.02188240521,58540.46484375,8462700.0,2025-07-29,0.0,79.19636589023207,1408.355120644199,1123.8112183164476,284.5439023277513,52055.623067413646,55511.7134765625,58967.80388571136,12.451751865335755,0.9381759457405804,0.0,0.0,56644.60546875,55511.7134765625,0,58447.984375
58447.984375,59372.79425435126,58078.06042325949,58540.46536293512,10714200.0,2025-07-30,0.0,77.9307523616033,1443.6694940314483,1187.7828734594477,255.88662057200054,52265.416368908474,55775.2841796875,59285.151990466526,12.585746042894266,0.8807408625339777,-0.0015810191284939715,-0.0015797699761496142,56931.296484375,55775.2841796875,0,58170.54296875
58170.54296875,58725.4289112182,58078.06197833863,58263.023959161364,6078500.0,2025-07-31,0.0,74.10472816988289,1432.7532983914716,1236.7769584458524,195.9763399456192,52543.414170164506,56015.734765625,59488.05536108549,12.397661514176338,0.8102835904527466,-0.004758110670744555,-0.004746808794464985,57190.243359375,56015.734765625,-1,56598.3671875
56598.3671875,58725.430006638075,55858.5192504085,58263.02504595588,10570300.0,2025-08-01,0.0,57.02083268306846,1282.4573187061178,1245.9130304979055,36.544288208212265,52976.185385815654,56186.824609375,59397.46383293434,11.428441617338299,0.5640904426609418,-0.027398955534868673,-0.027027008877922865,57291.97265625,56186.824609375,-1,55858.515625
55858.515625,56228.43956953642,55303.62970819536,55303.62970819536,3746300.0,2025-08-04,0.0,51.055782508895575,1091.0696621867537,1214.944356835675,-123.87469464892138,53334.771065351866,56302.42578125,59270.080497148134,10.54183607444648,0.4252085908323646,-0.013158149480925335,-0.01307195947983808,57328.96484375,56302.42578125,0,55858.515625
55858.515625,56228.43956953642,55303.62970819536,55303.62970819536,3746300.0,2025-08-05,0.0,51.055782508895575,928.6882257435209,1157.6931306172444,-229.0049048737235,53736.011113827655,56418.026953125,59100.04279242235,9.507655563799503,0.3956920164439472,0.0,0.0,57365.95703125,56418.026953125,0,55581.07421875
55581.07421875,56875.80806078411,55488.59323003328,55950.99817361689,9564600.0,2025-08-06,0.0,48.83401296766055,768.7508830088773,1079.904681095571,-311.15379808669377,53898.686583074086,56468.89140625,59039.09622942591,9.1030822782947,0.32728668557960433,-0.004979235473692652,-0.004966859630008313,57356.708984375,56468.89140625,1,56690.84765625
56690.84765625,57060.7716213805,55858.51873470636,55858.51873470636,5377500.0,2025-08-07,0.0,56.91129497527496,723.2120894645268,1008.5661627693623,-285.35407330483554,53975.692343609124,56519.7560546875,59063.81976576588,9.002387443487155,0.5336256519082957,0.019770029146211766,0.01996675042897289,57319.716796875,56519.7560546875,0,56320.92578125
56320.92578125,57338.216723111655,56228.4447865353,57245.73572839696,4741600.0,2025-08-08,0.0,53.85915932812789,649.7823769786191,936.8094056112137,-287.0270286325946,54103.98975036643,56575.244921875,59046.50009338356,8.736171358767008,0.448544540532059,-0.006546631115231471,-0.006525248612316625,57060.7703125,56575.244921875,0,56875.80859375
56875.80859375,57430.694531249996,56320.92265625,56413.40364583333,5787800.0,2025-08-11,0.0,57.53777216563981,629.1112040682565,875.2697653026223,-246.15856123436583,54186.290989982,56630.73359375,59075.176197518005,8.632918730326251,0.5501290150200755,0.00980394461102566,0.009852160716518732,56894.3046875,56630.73359375,0,56875.80859375
56875.80859375,57430.694531249996,56320.92265625,56413.40364583333,5787800.0,2025-08-12,0.0,57.5377721656398,605.7464822260226,821.3651086873024,-215.61862646127975,54274.25858349978,56686.222265625,59098.18594775022,8.509876247611073,0.539301240215597,0.0,0.0,56727.8390625,56686.222265625,0,57153.25390625
57153.25390625,57708.139866504855,56783.32993274676,57430.69688637743,5207000.0,2025-08-13,0.0,59.414143461998364,602.6700842615901,777.62610380216,-174.95601954056986,54402.55622176639,56764.83125,59127.106278233616,8.323023168446793,0.5822136820665711,0.0048662306593375265,0.004878089988693102,56598.366015625,56764.83125,-1,56505.88671875
56505.88671875,57430.69664868044,56228.44373977087,57338.215655687396,6210800.0,2025-08-14,0.0,53.476218953580776,541.7499388847573,730.4508708186795,-188.70093193392222,54510.97401113012,56811.071875,59111.16973886988,8.097357743683233,0.43365822362520434,-0.011391502424944532,-0.011326864933392855,56431.900390625,56811.071875,0,57060.76953125
57060.76953125,57523.17447072528,56413.402615984596,56690.84557966977,6534600.0,2025-08-15,0.0,57.40567010904403,532.1108477617818,690.7828662073,-158.67201844551823,54657.49634453924,56885.056640625,59112.61693671076,7.831794244870012,0.5394406586734736,0.009772009609085794,0.0098199116007478,56478.140625,56885.056640625,-1,56135.95703125
56135.95703125,56690.842932712105,56043.47604767298,56505.88096555807,4775600.0,2025-08-18,0.0,49.8486980993998,444.72069548295985,641.570432062432,-196.84973657947216,54757.517116392446,56917.4248046875,59077.332492982554,7.58961845412645,0.3190969508390519,-0.016340279536985768,-0.016207501363848853,56505.884765625,56917.4248046875,0,56135.95703125
56135.95703125,56690.842932712105,56043.47604767298,56505.88096555807,4775600.0,2025-08-19,0.0,49.8486980993998,371.18458534447564,587.4932627188407,-216.30867737436506,54861.83826358098,56949.79296875,59037.74767391902,7.332615612192789,0.3051116876517393,0.0,0.0,56533.62890625,56949.79296875,0,55950.99609375
55950.99609375,56598.36299070248,55858.515108471074,56228.43904958678,5257700.0,2025-08-20,0.0,48.37169956903048,294.5860814143889,528.9118264579504,-234.32574504356148,54907.97471312307,56963.6650390625,59019.35536500193,7.2175493782914195,0.2536912703887635,-0.0033003146258736896,-0.0032948745738321517,56570.62109375,56963.6650390625,0,55488.59375
55488.59375,56320.92265625,55118.66979166667,55950.998697916664,6338200.0,2025-08-21,0.0,44.798064619631795,194.3291055413647,461.99528227463327,-267.66617673326857,54727.29585684278,56885.05625,59042.816643157224,7.586387481711325,0.17640927499908707,-0.008298756270990955,-0.008264416650870854,56450.395703125,56885.05625,0,55581.07421875
55581.07421875,56320.92212848378,55118.669275166394,55581.07421875,5810000.0,2025-08-22,0.0,45.662697199625605,120.94297544949222,393.7848209096051,-272.8418454601129,54710.19544266872,56718.5904296875,58726.98541670628,7.081963679998471,0.2168096369763381,0.0016652699483655268,0.001666657280353201,56376.410546875,56718.5904296875,-1,54286.33984375
54286.33984375,55118.668734028965,54286.33984375,54471.30181936755,3360400.0,2025-08-25,0.0,36.93937076324887,-41.21520169314317,306.7848163890555,-348.00001808219866,54410.69786364948,56505.8841796875,58601.070495725515,7.41581641081969,-0.029677079061551558,-0.02357012452479068,-0.023294518740395787,56117.463671875,56505.8841796875,0,54286.33984375
54286.33984375,55118.668734028965,54286.33984375,54471.30181936755,3360400.0,2025-08-26,0.0,36.93937076324887,-167.79251766879315,211.8693495774858,-379.6618672462789,54203.929428448224,56293.1779296875,58382.42643092678,7.422741362546049,0.01972250195534249,0.0,0.0,55858.516796875,56293.1779296875,1,55211.1484375
55211.1484375,55581.072380129815,54101.376609610554,54193.85759526801,2990300.0,2025-08-27,0.0,45.55554998031528,-191.27670911502355,131.2401378389839,-322.51684695400746,54254.19954884892,56131.3361328125,58008.47271677609,6.68837306677356,0.2548959134956707,0.016892270302216083,0.0170357514691879,55664.30625,56131.3361328125,1,55950.99609375
55950.99609375,56598.36299070248,55026.18624096074,55211.14821151859,4849200.0,2025-08-28,0.0,51.289502801751574,-148.47702659721836,75.29670495174346,-223.77373154896182,54406.919381494256,56020.3587890625,57633.79819663074,5.760189482696614,0.4785047101901889,0.01331134054520001,0.013400330860487752,55608.8171875,56020.3587890625,0,56413.40625
56413.40625,56875.811219262294,56135.963268442625,56413.40625,3661100.0,2025-08-29,0.0,54.513902857625524,-76.36504604513175,44.96435475236843,-121.32940079750017,54409.54446937748,56011.1107421875,57612.67701499752,5.718744911815233,0.6255943992585007,0.008230591842415839,0.008264556281986524,55544.080859375,56011.1107421875,0,56413.40625
56413.40625,56413.40625,56413.40625,56413.40625,0.0,2025-09-01,0.0,54.513902857625524,-18.996798649110133,32.17212407207271,-51.168922721182845,54429.214566552335,56038.8552734375,57648.49598032266,5.744730862295591,0.6163461432605359,0.0,0.0,55571.82578125,56038.8552734375,0,56413.40625
56413.40625,56413.40625,56413.40625,56413.40625,0.0,2025-09-02,0.0,54.513902857625524,26.166321660013637,30.970963589660897,-4.804641929647261,54450.9297569525,56066.5998046875,57682.269852422505,5.763395866213819,0.6073258880421417,0.0,0.0,55599.570703125,56066.5998046875,0,56875.80859375
56875.80859375,56875.80859375,55766.036718749994,55766.036718749994,4767300.0,2025-09-03,0.0,57.98729424050156,98.1391376810061,44.40459840792994,53.734539273076166,54493.96905964506,56131.3365234375,57768.70398722994,5.834058353870703,0.7273381164507097,0.008163264476964801,0.00819667477090169,55692.051953125,56131.3365234375,0,56875.80859375
56875.80859375,56875.80859375,55766.036718749994,55766.036718749994,4767300.0,2025-09-04,0.0,57.98729424050156,153.4097013706123,66.20561900046641,87.2040823701459,54487.893404023045,56140.5845703125,57793.27573660196,5.887687771471514,0.7224323692272733,0.0,0.0,55830.7734375,56140.5845703125,0,57153.25390625
57153.25390625,57800.62085988066,56875.810926122576,57060.77291287419,4228100.0,2025-09-05,0.0,60.10710611920074,217.0969804565393,96.38389129168101,120.7130891648583,54469.55874833424,56182.2009765625,57894.843204790755,6.096743091082247,0.7834955584074511,0.0048662306593375265,0.004878089988693102,55987.99140625,56182.2009765625,-1,56043.4765625
56043.4765625,57245.72936004538,56043.4765625,56320.91951577971,6958800.0,2025-09-08,0.0,49.37536608654239,175.99113487762224,112.30534000886927,63.68579486875298,54458.73418672834,56140.584375,57822.43456327166,5.99156637571662,0.47113065920580277,-0.019608568156820456,-0.01941757061759597,56163.705078125,56140.584375,0,56043.4765625
56043.4765625,57245.72936004538,56043.4765625,56320.91951577971,6958800.0,2025-09-09,0.0,49.3753660865424,141.78010332857957,118.20029267281133,23.57981065576824,54452.90825479117,56098.9677734375,57745.02729208383,5.86841285670048,0.48314422707414184,0.0,0.0,56339.41875,56098.9677734375,0,55766.03515625
55766.03515625,56413.40206519486,55581.073182265754,56043.47811722637,3516800.0,2025-09-10,0.0,46.9451768478938,91.22878291746747,112.80599072174257,-21.577207804275105,54455.253983451024,56029.6068359375,57603.95968842397,5.619717650692781,0.4162920563610555,-0.00496276160069612,-0.004950467445405504,56394.907421875,56029.6068359375,0,55303.62890625
55303.62890625,56043.47678459449,55211.14792145694,55950.99579980142,3120100.0,2025-09-11,0.0,43.134584544441054,13.69629504076147,92.98405158554635,-79.28775654478488,54379.97445288296,55969.4939453125,57559.01343774203,5.679949488135972,0.2905451797748195,-0.008326466555090437,-0.008291897544883575,56330.170703125,55969.4939453125,1,56598.3671875
56598.3671875,56598.3671875,54933.70932904412,55303.63329758987,4998900.0,2025-09-12,0.0,54.31624451992859,56.07935067820654,85.60311140407839,-29.523760725871853,54411.16416414697,55946.373828125,57481.583492103025,5.488147162832769,0.7123466828907137,0.023141607965881304,0.023411452500609276,56348.666796875,55946.373828125,0,56598.3671875
56598.3671875,56598.3671875,56598.3671875,56598.3671875,0.0,2025-09-15,0.0,54.31624451992859,88.64636748044722,86.21176261935216,2.4346048610950675,54408.550709328294,55969.4943359375,57530.43796254671,5.57783715979346,0.7014399626104943,0.0,0.0,56367.162890625,55969.4943359375,1,58355.50390625
58355.50390625,58725.4278612817,58078.06093997623,58632.946872523775,3527500.0,2025-09-16,0.0,65.11340546347576,253.32207196959644,119.63382448940102,133.6882474801954,54189.07279887702,56080.4716796875,57971.87056049798,6.745303041006863,1.101415240762867,0.030573543496904058,0.031045713967841726,56561.37265625,56080.4716796875,1,59835.19921875
59835.19921875,60482.56613456336,58447.98439914992,58725.42736306993,12673100.0,2025-09-17,0.0,71.27110070441125,497.49300985175796,195.20566156187243,302.28734828988553,53748.21292627845,56274.6818359375,58801.150745596555,8.979060661861004,1.204643023549613,0.025040423475938954,0.025356568163256377,56857.31171875,56274.6818359375,0,60205.125
60205.125,61222.41589861751,59927.68202764977,59927.68202764977,9865800.0,2025-09-18,0.0,72.57439591804342,712.6353396329141,298.6915971760808,413.9437424568333,53465.66357117662,56510.5083984375,59555.35322569838,10.77620751805188,1.1067003100591744,0.006163378093066596,0.006182410789635773,57190.243359375,56510.5083984375,-1,58817.91015625
58817.91015625,60390.087000049134,58725.42916543828,60205.12501842571,5050800.0,2025-09-19,0.0,61.337120871219255,762.4119313887204,391.43566401860875,370.97626737011166,53494.33261600857,56672.3501953125,59850.36777461643,11.21540775475654,0.837562632584215,-0.02331107856239824,-0.023041474355380842,57356.708984375,56672.3501953125,-1,56783.328125
56783.328125,58078.06199104234,56783.328125,57430.69505802117,5285200.0,2025-09-22,0.0,49.28399600512652,630.4193904550775,439.23240930590254,191.18698114917498,53824.28493403621,56797.199609375,59770.11428471379,10.468525546277386,0.49766702278910546,-0.035203639303205414,-0.034591198936601564,57430.694140625,56797.199609375,0,56783.328125
56783.328125,58078.06199104234,56783.328125,57430.69505802117,5285200.0,2025-09-23,0.0,49.28399600512652,519.8221644762452,455.3503603399711,64.47180413627416,54193.4256555053,56922.0490234375,59650.672391369706,9.587228199774396,0.4745804239478774,0.0,0.0,57504.679296875,56922.0490234375,0,56968.2890625
56968.2890625,57800.61796114042,56875.80807376218,56875.80807376218,3425100.0,2025-09-24,0.0,50.313409008734226,442.0027355529237,452.6808353825616,-10.678099829637915,54402.783776789904,57009.9060546875,59617.02833258509,9.146207942867605,0.4920185960320478,0.0032520170715709907,0.003257310615764508,57624.9046875,57009.9060546875,0,57338.21484375
57338.21484375,57338.21484375,56413.40492691532,57245.73385206653,3214500.0,2025-09-25,0.0,52.39463750708035,405.50577822778723,443.2458239516068,-37.74004572381955,54517.341779459355,57079.2669921875,59641.19220491564,8.976727795326443,0.5505377460427022,0.006472546356953167,0.006493538551669564,57828.36328125,57079.2669921875,0,56875.80859375
56875.80859375,57708.1375,56875.80859375,57615.656510416666,2752800.0,2025-09-26,0.0,49.59798580342028,335.4030392610439,421.67726701349426,-86.27422775245037,54557.47380200279,57102.387109375,59647.30041674721,8.913509351185743,0.4554840404644362,-0.008097232941441932,-0.0080645386547189,57856.107421875,57102.387109375,-1,55766.03515625
55766.03515625,56598.364039179105,55673.55416925788,56505.88305218698,5130400.0,2025-09-29,0.0,43.58507631111926,188.12804888241953,374.9674233872793,-186.8393745048598,54472.28836221986,57070.0185546875,59667.74874715514,9.103659883966433,0.24901485107681323,-0.019705099098178927,-0.019512222594088136,57772.87421875,57070.0185546875,0,55766.03515625
55766.03515625,56598.364039179105,55673.55416925788,56505.88305218698,5130400.0,2025-09-30,0.0,43.58507631111926,70.59775102016283,314.09348891385605,-243.49573789369322,54389.82114783659,57037.65,59685.47885216341,9.284494898241459,0.25987593708879103,0.0,0.0,57513.92734375,57037.65,0,55488.59375
55488.59375,56228.441666666666,55488.59375,55858.51770833333,3030200.0,2025-10-01,0.0,42.10507733713439,-44.421001946218894,242.39059074184107,-286.81159268805993,54231.429623779026,56968.2892578125,59705.14889184598,9.608361668182445,0.22967274437239127,-0.004987513492192557,-0.004975096498659792,57079.266796875,56968.2892578125,1,57430.6953125
57430.6953125,57800.61927586554,55673.556486513684,56135.96144072061,4526400.0,2025-10-02,0.0,53.90464535824923,20.896293472666002,198.09173128800606,-177.19543781534006,54251.88096485984,56996.03359375,59740.18622264016,9.62927577890639,0.5791978030255911,0.03440144032068513,0.035000014079470176,56801.823828125,56996.03359375,-1,56598.3671875
56598.3671875,57893.10107741013,56598.3671875,57800.620085273695,3398700.0,2025-10-03,0.0,49.270009750088306,5.436132692899264,159.5606115689847,-154.12447887608545,54219.613012933216,56968.2892578125,59716.96550269179,9.649846539853185,0.43270905021978157,-0.014598785417701536,-0.01449273982268573,56579.86953125,56968.2892578125,1,57708.13671875
57708.13671875,57985.57968374399,57153.250788762016,57985.57968374399,4051900.0,2025-10-06,0.0,54.8447034489514,81.79014445868961,144.00651814692569,-62.216373688236075,54319.99709716067,57051.522265625,59783.04743408933,9.575643418405836,0.6201919097626608,0.019418044712345643,0.019607801185739904,56672.350390625,57051.522265625,0,57708.13671875
57708.13671875,57985.57968374399,57153.250788762016,57985.57968374399,4051900.0,2025-10-07,0.0,54.8447034489514,140.67958223008463,143.34113096355748,-2.6615487334728414,54431.257616037066,57134.7552734375,59838.25293083793,9.46358357347271,0.6060443762070503,0.0,0.0,56764.83125,57134.7552734375,-1,56783.328125
56783.328125,57985.58100061075,56783.328125,57985.58100061075,3715300.0,2025-10-08,0.0,49.57915318961938,111.4409395896655,136.9610926887791,-25.5201530991136,54553.20517874785,57185.619921875,59818.034665002146,9.206561882947014,0.4235888269648006,-0.01615541751203979,-0.016025618679341602,56746.33515625,57185.619921875,1,58632.9453125
58632.9453125,58725.42629879732,57060.768545445586,57615.6544632295,5919700.0,2025-10-09,0.0,58.21894291219565,234.81099875071232,156.53107390116577,78.27992484954655,54800.95479500199,57352.0857421875,59903.216689373,8.896384200056824,0.7510375979966043,0.03205398158600376,0.03257324374204251,56875.808203125,57352.0857421875,0,58170.54296875
58170.54296875,58725.4289112182,57893.0999975159,58632.94792080684,3297300.0,2025-10-10,0.0,55.65154535596716,291.9057470392727,183.60600852878716,108.29973851048553,54880.463499045436,57430.69453125,59980.92556345457,8.8810732763014,0.6450551789538121,-0.007917653251440828,-0.007886391196715525,57005.281640625,57430.69453125,1,59187.83203125
59187.83203125,59280.31301879883,57153.25030517578,57523.174255371094,6305000.0,2025-10-13,0.0,59.84679715615407,414.46280271220166,229.77736736547007,184.6854353467316,54926.300535181865,57560.1677734375,60194.03501169313,9.151701046538967,0.8089875287128137,0.017336888700546563,0.017488044817572046,57347.461328125,57560.1677734375,0,59187.83203125
59187.83203125,59280.31301879883,57153.25030517578,57523.174255371094,6305000.0,2025-10-14,0.0,59.84679715615407,505.76006510310253,284.9739069129966,220.78615819010594,54889.85878662846,57601.7841796875,60313.70957274654,9.416115947378472,0.7924209964665443,0.0,0.0,57689.641015625,57601.7841796875,0,58725.42578125
58725.42578125,59557.75465059055,58540.46381028543,59557.75465059055,5359800.0,2025-10-15,0.0,57.004076765706465,534.6385035563289,334.9068262416631,199.73167731466583,54985.58385873668,57546.2955078125,60107.00715688832,8.89965766337879,0.7302348790155767,-0.007843199806642383,-0.007812522171041114,58013.32421875,57546.2955078125,1,61581.81640625
61581.81640625,62356.43044909591,61581.81640625,61775.469916961476,4645400.0,2025-10-16,0.0,67.32805007809444,779.0315350674791,423.7317680068263,355.2997670606528,54703.512679787505,57615.130078125,60526.7474764625,10.10712774366525,1.1811826187035996,0.04749385780822603,0.048639760154995715,58428.436328125,57615.130078125,-1,59257.9765625
59257.9765625,59257.9765625,58289.70897160948,58870.669526143785,5158400.0,2025-10-17,0.0,55.62580517241556,776.2521672620569,494.2358478578725,282.0163194041844,54680.934482841,57637.1333984375,60593.332314034,10.25796649240241,0.7741431159302496,-0.0384662422711677,-0.0377358119549418,58694.397265625,57637.1333984375,-1,53254.71484375
53254.71484375,57515.09203125,53254.71484375,57030.95825994318,8737700.0,2025-10-20,0.0,37.49513564257086,286.3357486280438,452.6558280119068,-166.320079383863,53925.471468365446,57460.702734375,60995.93400038456,12.304866100757437,-0.09486743216272976,-0.10681405414484452,-0.10130723435043887,58249.055078125,57460.702734375,0,53254.71484375
53254.71484375,57515.09203125,53254.71484375,57030.95825994318,8737700.0,2025-10-21,0.0,37.49513564257086,-100.76498675334005,341.97166505885747,-442.7366518121975,53284.96219076573,57284.2720703125,61283.581949859275,13.963029414558664,-0.003781570811806566,0.0,0.0,57803.712890625,57284.2720703125,1,54707.1171875
54707.1171875,56159.518528761066,54319.81016316372,54319.81016316372,7068100.0,2025-10-22,0.0,42.73252207972982,-287.0395641261857,216.16941922184884,-503.20898334803456,53009.73563174254,57171.2134765625,61332.69132138247,14.557948281178165,0.20393975638609896,0.026907471744340845,0.027272746610537135,57596.091796875,57171.2134765625,0,54513.46484375
54513.46484375,55481.73242534413,53932.504294793514,55288.07890902531,3846700.0,2025-10-23,0.0,42.224496267062136,-445.1581286447836,83.90390964852236,-529.0620382933059,52703.87909680796,57029.9759765625,61356.072856317034,15.171308792177726,0.20914762165990994,-0.0035460815731807203,-0.0035398016511505315,57184.14375,57029.9759765625,0,54803.9453125
54803.9453125,55288.079105013254,54513.46503699205,54707.11855399735,2327300.0,2025-10-24,0.0,43.31314674017199,-540.7949366306348,-41.03585960730908,-499.7590770233257,52486.99910528478,56926.3828125,61365.76651971522,15.596928832936168,0.26095358725689144,0.005314453608342445,0.005328600366580893,56847.483984375,56926.3828125,0,55191.25
55191.25,56546.824561403504,55191.25,56546.824561403504,2998800.0,2025-10-27,0.0,44.8064685476103,-578.665054008372,-148.56169848752165,-430.1033555208503,52419.35988746985,56897.6435546875,61375.92722190515,15.741543541828126,0.30948130115351985,0.007042240109424453,0.0070670949927333915,56447.82578125,56897.6435546875,0,55191.25
55191.25,56546.824561403504,55191.25,56546.824561403504,2998800.0,2025-10-28,0.0,44.8064685476103,-601.7409003412613,-239.19753885826958,-362.5433614829917,52352.825667971214,56868.904296875,61384.982925778786,15.882418290770369,0.31425762982317396,0.0,0.0,56048.167578125,56868.904296875,0,55578.55859375
55578.55859375,55578.55859375,54997.59805095819,55384.90507948607,2079100.0,2025-10-29,0.0,46.4427685221893,-582.0664089315178,-307.7713128729192,-274.2950960585986,52362.937059274635,56873.4025390625,61383.86801885037,15.861423014703346,0.3564622707883577,0.006993063850938943,0.0070175724186352095,55733.480859375,56873.4025390625,0,55675.3828125
55675.3828125,56062.68982336957,55288.07580163044,55675.3828125,1973000.0,2025-10-30,0.0,46.866852472109194,-552.294816628375,-356.67601362401035,-195.61880300436462,52252.57615090027,56785.6369140625,61318.697677224736,15.965518780822752,0.37753814039015915,0.0017405988852477062,0.0017421146067808646,55142.8375,56785.6369140625,0,55288.078125
55288.078125,56062.692179290716,55191.251368213656,55965.86542250438,1905200.0,2025-10-31,0.0,45.32093600588239,-553.5716374264375,-396.0551383844958,-157.5164990419417,52138.05652957742,56720.1224609375,61302.188392297576,16.156756130121877,0.343733770160698,-0.0069807891183636134,-0.0069564800084866985,54745.84765625,56720.1224609375,0,55481.73046875
55481.73046875,56449.99801619764,55481.73046875,55869.03748772906,2642700.0,2025-11-03,0.0,46.275159397765755,-532.8154366992603,-423.40719804744873,-109.40823865181159,52019.62936986648,56608.8021484375,61197.974927008516,16.213636764605827,0.3772031764689357,0.003496485973902778,0.003502605811549042,54968.54921875,56608.8021484375,0,55481.73046875
55481.73046875,56062.69099721859,54513.46292130236,55772.21073298429,4175200.0,2025-11-04,0.0,46.275159397765755,-510.4814852839627,-440.82205549475157,-69.65942978921112,51912.5794471663,56497.4818359375,61082.384224708694,16.23046634922686,0.3892286813264381,0.0,0.0,55191.25078125,56497.4818359375,0,55481.73046875
55481.73046875,56062.69099721859,54513.46292130236,55772.21073298429,4175200.0,2025-11-05,0.0,46.275159397765755,-487.1659223770039,-450.09082887120206,-37.07509350580182,51827.675502361984,56432.401953125,61037.12840388802,16.319441637759407,0.39677220845361266,0.0,0.0,55268.712109375,56432.401953125,1,56159.51953125
56159.51953125,56643.6533203125,55772.2125,56159.51953125,2241200.0,2025-11-06,0.0,50.0832000165464,-409.278351895744,-441.9283334761105,32.6499815803665,51821.48947680126,56308.7306640625,60795.971851323746,15.937994461399219,0.4833738452441451,0.012142418508451545,0.012216436956337562,55433.317578125,56308.7306640625,0,55772.2109375
55772.2109375,56546.82497829861,55675.38418240017,55772.2109375,3251100.0,2025-11-07,0.0,47.98993664767099,-374.4875978646014,-428.4401863538087,53.9525884892073,51783.63188626582,56188.8140625,60593.99623873418,15.679925799231862,0.4527144271980893,-0.006920470860317713,-0.006896579546669446,55530.144140625,56188.8140625,-1,55191.25
55191.25,56062.69078947368,55191.25,55869.037280701756,2675800.0,2025-11-10,0.0,44.954773110899374,-389.3066819101223,-420.61348546507145,31.30680355494917,51799.29499846298,55988.9849609375,60178.67492341202,14.966122230640869,0.404797852814586,-0.010471307239859708,-0.010416673962433398,55530.144140625,55988.9849609375,1,57030.9609375
57030.9609375,57127.7876963073,55191.25252016129,55191.25252016129,5152700.0,2025-11-11,0.0,54.72080166851808,-249.72296434567397,-386.435381241192,136.712416895518,51934.13398226761,55881.14140625,59828.148830232385,14.126438095772098,0.6456571280134402,0.03278986848532384,0.03333338051774515,55714.115234375,55881.14140625,1,57902.3984375
57902.3984375,58096.05194397993,56643.65064538043,56934.13090510033,5161900.0,2025-11-12,0.0,58.478664910410444,-68.00027435249649,-322.74835986345295,254.74808551095646,52002.19245783668,55839.9900390625,59677.78762028831,13.74569579450537,0.7686968703777698,0.015164512801157255,0.01528007744696791,55946.49921875,55839.9900390625,1,59838.93359375
59838.93359375,60032.58710052589,57805.57177260316,57902.3985259911,9741800.0,2025-11-13,0.0,65.35895898395157,229.6314214324957,-212.27240360426322,441.9038250367589,52417.78884687975,55752.8458984375,59087.90294999526,11.963719511764772,1.112596371238079,0.03289770503533946,0.03344481763290519,56362.854296875,55752.8458984375,1,60807.203125
60807.203125,61291.33690784236,59645.28204617835,59742.108802746814,10146900.0,2025-11-14,0.0,68.19664411348413,537.4426394670954,-62.329394989991485,599.7720344570869,52103.50650586822,55830.3072265625,59557.10794725678,13.350457505349963,1.1677169335620305,0.016051741858106212,0.016181263152576175,56914.766796875,55830.3072265625,-1,60129.4140625
60129.4140625,61291.33510718599,59838.9338013285,60904.02809229066,4198400.0,2025-11-17,0.0,64.23025007935433,718.4119290729213,93.8188698225911,624.5930592503303,52188.31697044472,56174.0421875,60159.767404555285,14.190629913195728,0.9961922435187704,-0.011209113913364379,-0.011146525866461698,57379.53515625,56174.0421875,-1,58773.83984375
58773.83984375,60323.067912119026,58580.18633520387,60032.587649299836,5559900.0,2025-11-18,0.0,57.079868131447924,743.8729797860651,223.8296918152859,520.0432879707791,52552.03770674049,56449.9984375,60347.959168259506,13.810312980168565,0.7980842505559577,-0.022802285201666793,-0.022544277869413154,57708.74609375,56449.9984375,0,58967.49609375
58967.49609375,59935.763681496304,58580.18905865148,58773.84257620074,4458500.0,2025-11-19,0.0,57.802585301338794,770.792273310195,333.2222081142678,437.5700651959272,52700.97158471745,56663.0173828125,60625.06318090754,13.984591647591454,0.7908192924026141,0.003289523141332209,0.0032949395600974096,58057.32265625,56663.0173828125,0,58773.83984375
58773.83984375,59645.28063220758,58580.18633520387,59451.62712366145,2656100.0,2025-11-20,0.0,56.773066316985734,767.6505685406664,420.10788019954754,347.5426883411189,52942.58877937277,56876.0361328125,60809.48348625223,13.831650800188159,0.741239241358843,-0.0032895231413322093,-0.0032841185878422774,58318.7546875,56876.0361328125,-1,57999.2265625
57999.2265625,58773.8406067404,57805.5730514399,58386.5335846202,4191100.0,2025-11-21,0.0,52.72764658561492,694.6484518432771,475.0159945282935,219.63245731498364,53198.32449948743,57035.8001953125,60873.275891137564,13.4563754087225,0.6255286604467162,-0.013267179962246122,-0.013179558853212647,58541.45625,57035.8001953125,1,61000.85546875
61000.85546875,61388.162487599206,58192.87958209326,58192.87958209326,9900300.0,2025-11-24,0.0,63.562567549858265,868.9830201505247,553.8093996527398,315.1736204977849,53207.484892000604,57326.28046875,61445.0760454994,14.369659231579337,0.946073971325862,0.05045821282464818,0.05175291265333404,59122.416796875,57326.28046875,-1,59935.76171875
59935.76171875,61194.50954159935,59935.76171875,61000.85603039176,4907900.0,2025-11-25,0.0,58.443723247995955,910.7022486516362,625.1879694525192,285.514279199117,53416.04561463295,57563.5060546875,61710.96649474205,14.410034149463746,0.7859889441201392,-0.01761453749386947,-0.017460308413963732,59412.896875,57563.5060546875,1,60807.203125
60807.203125,61194.510151273884,60323.06934215764,60323.06934215764,3651000.0,2025-11-26,0.0,61.19712409452286,1002.5265740596151,700.6556903739383,301.87088368567674,53547.17690006507,57824.93828125,62102.69966243493,14.795558830962086,0.8485777463964017,0.014434903746498523,0.014539590075442144,59703.37734375,57824.93828125,-1,60032.58984375
60032.58984375,61388.164453125,60032.58984375,61000.857421875,3962300.0,2025-11-27,0.0,57.54716358722524,1001.2513926235915,760.774830823869,240.4765617997225,53782.2013034104,58042.7986328125,62303.39596221459,14.68088179674201,0.7335108268981544,-0.012820675581077105,-0.01273884081886889,59722.74296875,58042.7986328125,1,61969.125
61969.125,62453.2587890625,60226.243359374996,60226.243359374996,11898300.0,2025-11-28,0.0,63.420909841467825,1143.3234835341354,837.2845613659224,306.03892216821305,53980.17735560225,58376.8509765625,62773.524597522744,15.063072253504902,0.9085217977418277,0.03174869831458027,0.032258064516129004,59838.93515625,58376.8509765625,1,62840.56640625
62840.56640625,63808.83399340331,62259.60585395801,62259.60585395801,9107300.0,2025-12-01,0.0,65.71945815111145,1311.1208921986981,932.0518275324775,379.0690646662206,54141.4434372156,58744.7927734375,63348.14210965939,15.67236556259802,0.9448688697797185,0.01396454967456447,0.01406250945531351,60110.050390625,58744.7927734375,0,62937.390625
62937.390625,63518.35115384615,62453.25685096154,62743.73711538461,6764300.0,2025-12-02,0.0,65.97528476905713,1435.3684190903296,1032.715145844048,402.6532732462815,54420.266876399786,59117.57578125,63814.88468610022,15.891412470062871,0.9065960873688593,0.0015396058285767496,0.0015407916301080071,60526.40546875,59117.57578125,0,62550.0859375
62550.0859375,63131.0464880031,61969.12538699691,63034.219729585915,5383600.0,2025-12-03,0.0,63.92038396636527,1485.4597722779,1123.2640711308186,362.1957011470813,54862.71611910359,59470.9935546875,64079.270990271405,15.497563299817049,0.8340827918732235,-0.00617282182926147,-0.006153809105427954,60884.664453125,59470.9935546875,0,62550.0859375
62550.0859375,63131.0464880031,61969.12538699691,63034.219729585915,5383600.0,2025-12-04,0.0,63.92038396636527,1507.77681796869,1200.166620498393,307.61019747029695,55263.526074830115,59790.521875,64317.51767516988,15.142854279259069,0.8047897749757625,0.0,0.0,61262.2890625,59790.521875,-1,61388.1640625
61388.1640625,62453.25839166009,61388.1640625,61581.81757689274,3598900.0,2025-12-05,0.0,57.67069615358582,1415.3901165245188,1243.2113197036183,172.17879682090052,55912.024970014674,60071.31953125,64230.61409248533,13.847854828864218,0.6583014273048852,-0.018750561953568636,-0.018575863767173573,61601.1828125,60071.31953125,0,61484.98828125
61484.98828125,62453.25581323819,61194.50802165354,61291.33477485236,3322000.0,2025-12-08,0.0,58.03887415640476,1334.6014406320755,1261.4893438893098,73.11209674276574,56880.325430277866,60386.0064453125,63891.68746034714,11.610905312009637,0.6567429881989193,0.0015760031698382085,0.0015772457155001085,61649.59609375,60386.0064453125,-1,60516.72265625
60516.72265625,62065.95075625,60516.72265625,61484.99021875,5389200.0,2025-12-09,0.0,53.06787588500817,1178.8557735866343,1244.9626298287747,-66.10685624214034,57430.47944737676,60560.29453125,63690.10961512324,10.336195053536965,0.4930392253484062,-0.01587331764453376,-0.015748000480554247,61707.6921875,60560.29453125,0,61097.68359375
61097.68359375,62453.258190124805,60323.06953867868,60419.8962955626,3470500.0,2025-12-10,0.0,55.529027461631244,1089.7430234959174,1213.9187085622032,-124.17568506628572,57845.72006678849,60720.0587890625,63594.397511336516,9.467509681633468,0.56568898817686,0.009554219351704715,0.00960000660974325,61736.740234375,60720.0587890625,-1,59548.453125
59548.453125,61484.98818597561,59548.453125,61000.85442073171,4852300.0,2025-12-11,0.0,48.26097543659955,883.921281347968,1147.9192231193563,-263.99794177138824,57809.594996102285,60705.534765625,63601.47453514772,9.540941466716362,0.3002234623795885,-0.025683634342900025,-0.0253566154659991,61688.3265625,60705.534765625,-1,58289.70703125
58289.70703125,60032.58863683555,58289.70703125,59742.10836923796,4396400.0,2025-12-12,0.0,43.3017874273085,612.1789598634059,1040.7711704681662,-428.59221060476034,57489.95832948622,60579.6599609375,63669.36159238878,10.200458812226934,0.12942167192178505,-0.021364793403637863,-0.021138182903050806,61320.384765625,60579.6599609375,1,60032.58984375
60032.58984375,60613.550390625,58386.5349609375,58386.5349609375,4242600.0,2025-12-15,0.0,50.83507570846253,531.3324199838971,938.8834203713125,-407.55100038741534,57481.84496680727,60574.81875,63667.792533192725,10.212077714859781,0.4123450529719198,0.02946205283463733,0.02990035293136084,61039.587109375,60574.81875,1,62162.77734375
62162.77734375,62356.430855724306,59742.108444071266,60032.58871203271,6863300.0,2025-12-16,0.0,58.153372390969345,631.8655306767832,877.4798424324067,-245.61431175562348,57695.723090833,60744.265625,63792.808159167,10.03730147298821,0.732654080245202,0.03486880679910842,0.03548385144709476,60962.12578125,60744.265625,-1,60904.03125
60904.03125,62065.95235492846,60904.03125,62065.95235492846,2090400.0,2025-12-17,0.0,53.12149645170265,603.0172477503802,822.5873234960015,-219.57007574562135,57909.38687291398,60841.0923828125,63772.79789271102,9.637254674693262,0.5107341728176643,-0.020457018517136643,-0.02024919328795982,60797.5203125,60841.0923828125,0,60904.03125
60904.03125,62065.95235492846,60904.03125,62065.95235492846,2090400.0,2025-12-18,0.0,53.12149645170265,573.5433252553339,772.7785238478681,-199.23519859253418,58182.05055082852,60947.601953125,63713.15335542148,9.075177082187656,0.49212260110428285,0.0,0.0,60632.91484375,60947.601953125,1,61969.125
61969.125,61969.125,61000.857421875,61678.644726562496,2685700.0,2025-12-19,0.0,56.790540463189835,628.8798580554576,743.998790689386,-115.11893263392847,58722.880597097515,61146.096875,63569.31315290249,7.925988417073391,0.6698214337088397,0.017336910032608427,0.017488066522690193,60691.0109375,61146.096875,-1,61194.51171875
61194.51171875,61872.29903209059,61097.68495970134,61872.29903209059,2650700.0,2025-12-22,0.0,53.51035215141141,603.2754569523531,715.8541239419794,-112.5786669896263,58733.45956614906,61155.7796875,63578.09980885094,7.92180275921182,0.5079948209381179,-0.012578769440192318,-0.012499987392915468,60661.96328125,61155.7796875,0,60613.55078125
60613.55078125,62065.95215779752,60323.07050594049,61484.99160717851,4394700.0,2025-12-23,0.0,51.12526095428956,529.9956325045932,678.6824256545023,-148.68679314990902,58820.84248899607,61189.669140625,63558.49579225393,7.7425705511985505,0.37839583808742744,-0.009539029368910653,-0.009493677148207258,60671.64609375,61189.669140625,-1,59548.453125
59548.453125,60904.02766768293,59548.453125,60807.200914634144,4870200.0,2025-12-24,0.0,46.99002726383049,381.5777731651324,619.2614951566284,-237.683721991496,58650.65874059788,61126.731640625,63602.80454065213,8.10144051078798,0.18129401286858038,-0.017728158936476775,-0.017571939649169588,60516.723046875,61126.731640625,0,59548.453125
59548.453125,60904.02766768293,59548.453125,60807.200914634144,4870200.0,2025-12-25,0.0,46.99002726383049,260.9475098858966,547.5986981024821,-286.6511882165855,58572.534242492744,61102.5248046875,63632.51536688225,8.28113263823974,0.19287006384337085,0.0,0.0,60516.723046875,61102.5248046875,0,59548.453125
59548.453125,60323.06714939025,59257.97286585366,59645.27987804878,2399200.0,2025-12-26,0.0,46.990027263830484,163.46285905588593,470.77153029316287,-307.30867123727694,58395.081041425205,60981.4912109375,63567.901380449795,8.482607158837082,0.22296774447656154,0.0,0.0,60642.59765625,60981.4912109375,0,60129.4140625
60129.4140625,60226.24081622383,59451.62678643317,59548.453540157,1943000.0,2025-12-29,0.0,49.75849045021845,131.56763351606787,402.93075093774394,-271.36311742167607,58388.82506768653,60845.93359375,63303.04211981347,8.076492153013367,0.3541945698267682,0.009708821098712118,0.009756104600743942,60652.280078125,60845.93359375,0,59838.93359375
59838.93359375,60323.067360689725,59742.10684036206,60129.41385391384,1581000.0,2025-12-30,0.0,48.397488690531425,81.90691932087793,338.72598461437076,-256.8190652934928,58404.326143552455,60691.0107421875,62977.695340822545,7.535496841035559,0.3136872157738507,-0.004842627944741893,-0.004830921326591797,60419.895703125,60691.0107421875,0,59257.9765625
59257.9765625,60032.590635212415,59257.9765625,59935.76387612336,1879600.0,2025-12-31,0.0,45.704923449556254,-4.278610468194529,270.1250655978577,-274.40367606605224,58331.05478823173,60526.4052734375,62721.75575864327,7.254190878470075,0.21111020324879648,-0.009756116065902789,-0.009708679556259314,60255.290234375,60526.4052734375,0,59257.9765625
59257.9765625,59257.9765625,59257.9765625,59257.9765625,0.0,2026-01-01,0.0,45.704923449556254,-71.7541268503046,201.74922710822526,-273.50335395852983,58316.797857241545,60361.7998046875,62406.801752133455,6.775815015665411,0.23011682371107578,0.0,0.0,60090.684765625,60361.7998046875,0,59257.9765625
59257.9765625,59257.9765625,59257.9765625,59257.9765625,0.0,2026-01-02,0.0,45.704923449556254,-123.80184906591603,136.639011873397,-260.44086093931304,58213.476282516334,60255.2904296875,62297.10457685866,6.7772112045622865,0.25577751075698313,0.0,0.0,59819.569921875,60255.2904296875,-1,58386.53515625
58386.53515625,59548.45625388681,58096.0548818408,59354.80273761401,2814700.0,2026-01-05,0.0,41.39077400623885,-232.68582510018314,62.774044478680985,-295.45986957886413,57982.63101316893,60100.3677734375,62218.10453370607,7.047333780890917,0.09536221655562271,-0.014815095623856434,-0.014705892046969926,59538.772265625,60100.3677734375,0,58870.66796875
58870.66796875,58967.494725277546,58386.53418611225,58580.18769916735,2963300.0,2026-01-06,0.0,44.523703833488455,-276.72181187803653,-5.12512679266252,-271.596685085374,57841.33750482264,60018.0650390625,62194.792573302366,7.253574512351074,0.23643989606784105,0.008257668623202678,0.008291857209961062,59364.483984375,60018.0650390625,0,58967.49609375
58967.49609375,59548.45664639778,58580.18905865148,58870.66933497537,3228100.0,2026-01-07,0.0,45.15515846739613,-300.34523528657155,-64.16914849144433,-236.17608679512722,57748.8374889786,59911.5556640625,62074.2738391464,7.219702947493954,0.2817423506241455,0.0016434089509638251,0.001644760087509134,59306.38828125,59911.5556640625,1,60226.2421875
60226.2421875,61388.16325864148,59161.14787228697,59161.14787228697,5636400.0,2026-01-08,0.0,52.69351499618098,-215.01808392247767,-94.338935577651,-120.67914834482667,57785.443835439386,59945.4451171875,62105.44639893561,7.206556820207171,0.5649992832608995,0.021121795634784137,0.021346439600365086,59374.1671875,59945.4451171875,-1,59064.3203125
59064.3203125,60516.721631659835,59064.3203125,60419.894877049184,4184100.0,2026-01-09,0.0,46.35919178957943,-238.40490312242764,-123.15212908660634,-115.2527740358213,57923.69360329587,59984.17578125,62044.65795920413,6.870085822195131,0.2767863564674624,-0.019481149181705983,-0.019292617848921,59325.75390625,59984.17578125,1,60710.375
60710.375,60710.375,59161.14692982456,59161.14692982456,4146300.0,2026-01-12,0.0,54.67222420126804,-122.70183878480748,-123.06207102624657,0.3602322414390926,57932.092385718,60018.0650390625,62104.037692407,6.9511492980883425,0.6659441603482908,0.027487581145018977,0.02786885007380069,59383.85,60018.0650390625,0,61291.3359375
61291.3359375,62840.56401806872,60807.202162322275,60904.02891735782,6761300.0,2026-01-13,0.0,57.19372414488629,15.691484001465142,-95.31136002070423,111.00284402216937,58046.7429041692,59974.49296875,61902.24303333079,6.4285664426884255,0.8415491958591532,0.009523888219939618,0.009569384763312705,59529.090234375,59974.49296875,1,65551.7109375
65551.7109375,65551.7109375,61388.16061207533,61581.81411558345,24838300.0,2026-01-14,0.0,70.25935774780933,463.79945502773626,16.51080298898387,447.2886520387524,57067.540147185755,60206.876953125,63346.213759064245,10.428499084526257,1.3512680089411275,0.06720081687784767,0.06951023231643028,60158.463671875,60206.876953125,1,68747.0
68747.0,70102.57464788732,67294.5985915493,67778.73239436619,19260600.0,2026-01-15,0.0,76.14125716932388,1064.490588822926,226.1067601557723,838.3838286671537,55653.31191196418,60599.025390625,65544.73886928582,16.32274924152807,1.3237410683545372,0.04759378810329243,0.04874455627171259,61107.366015625,60599.025390625,-1,67391.421875
67391.421875,70683.53156429598,66907.28809716235,68843.82320851293,13372500.0,2026-01-16,0.0,69.83143259332678,1414.8493122941145,463.85527058344076,950.9940417106737,55084.954061633194,60870.140234375,66655.32640711681,19.008289287543835,1.063618995647147,-0.019915361296715676,-0.01971836043754638,61920.710546875,60870.140234375,1,68359.6875
68359.6875,68746.99451133145,66132.6721848442,67585.07347733711,10385300.0,2026-01-19,0.0,71.6393088372386,1750.4638114547924,721.1769787577111,1029.2868326970813,54541.47675619881,61228.3990234375,67915.32129067619,21.84255141042971,1.0332265122551894,0.014265548915930615,0.014367787443273938,62918.02578125,61228.3990234375,1,71070.8359375
71070.8359375,73104.19772862739,68843.82064245573,69231.1276502895,21521900.0,2026-01-20,0.0,75.97975952862632,2209.7352880170874,1018.8886406095864,1190.846647407501,53758.84977194251,61751.26328125,69743.6767905575,25.885829972111,1.083026181352915,0.0388937820905634,0.03966004726835526,64138.042578125,61751.26328125,-1,68069.2109375
68069.2109375,70683.53340593884,67778.73066322901,70683.53340593884,11234100.0,2026-01-21,0.0,64.25479860347924,2304.935330474538,1276.0979785825768,1028.8373518919614,53781.09119467898,62177.301171875,70573.51114907101,27.007315592507318,0.8508672235227172,-0.043152073475483374,-0.04223427177133021,65048.2140625,62177.301171875,0,68650.171875
68650.171875,70489.88028913963,67778.73104724965,68843.82539227785,8055200.0,2026-01-22,0.0,65.36872663209371,2399.599651283381,1500.7983131227377,898.8013381606431,53857.98926485448,62632.387109375,71406.78495389552,28.018724016371216,0.8429172504061356,0.00849864038726113,0.008534856354269094,65890.60703125,62632.387109375,-1,65067.578125
65067.578125,67875.55396670387,65067.578125,67197.76669456846,16050400.0,2026-01-23,0.0,54.16006251083333,2160.6300348084333,1632.7646574598768,527.8653773485564,54195.38576483175,62908.343359375,71621.30095391825,27.70048336758431,0.6239094040224231,-0.053597242571088693,-0.052186231325440535,66490.9328125,62908.343359375,1,66713.6328125
66713.6328125,67100.93982447387,65261.23151759797,65261.23151759797,8864800.0,2026-01-26,0.0,57.74508924243321,2080.089768655045,1722.2296796989108,357.8600889561344,54469.31705378098,63237.554296875,72005.79153996902,27.731108011959666,0.6982199169144746,0.024982928747874986,0.025297617260900518,67091.25859375,63237.554296875,-1,65551.7109375
65551.7109375,66423.15170328655,64002.482909435006,66229.49819977843,8357800.0,2026-01-27,0.0,54.504682358019664,1900.5947693194248,1757.9026976230139,142.69207169641095,54849.42954590085,63523.1931640625,72196.95678222414,27.308966020520277,0.6169341166497825,-0.017570010901634816,-0.01741655829574751,67517.29609375,63523.1931640625,0,65551.7109375
65551.7109375,67294.59246907312,65067.57717872969,65551.7109375,9816800.0,2026-01-28,0.0,54.504682358019664,1738.3055844346018,1753.9832749853315,-15.677690550729722,55361.22972801367,63837.8798828125,72314.53003761133,26.55680348520176,0.601091293340522,0.0,0.0,67517.29609375,63837.8798828125,1,68843.8203125
68843.8203125,68843.8203125,65745.36426468003,66326.32477364627,10036800.0,2026-01-29,0.0,61.587743679488845,1853.9645995882602,1773.9795399059171,79.98505968234304,55846.86361989529,64317.1720703125,72787.48052072972,26.339181832053644,0.7672068124015325,0.04900115420898067,0.050221562914488205,67526.978125,64317.1720703125,0,68359.6875
68359.6875,70199.39580382436,68262.86074716714,69231.12827549575,7844800.0,2026-01-30,0.0,60.10575361160862,1884.8325540580627,1796.1501427363464,88.68241132171624,56470.08910366049,64772.2576171875,73074.4261307145,25.634951810986458,0.7160537862467727,-0.007057178486473352,-0.007032335078187013,67623.8046875,64772.2576171875,1,70296.2265625
70296.2265625,70296.2265625,68069.21112043734,68650.17167054063,10777700.0,2026-02-02,0.0,63.85266724913182,2042.019024180474,1845.323919025172,196.69510515530192,57288.61699098863,65367.7421875,73446.86738401138,24.718997248940656,0.8050134918770756,0.027934834316730706,0.028328670497506314,67817.45859375,65367.7421875,-1,69327.9609375
69327.9609375,71264.49615921787,69037.48065424232,70586.70883161662,7261000.0,2026-02-03,0.0,60.778912058042195,2064.6593822629147,1889.1910116727208,175.4683705901939,58239.71264600276,65890.6068359375,73541.50102587226,23.223019356870957,0.7246374094471567,-0.013869819614285479,-0.013774076822446801,67643.17109375,65890.6068359375,0,69715.265625
69715.265625,70296.226171875,68553.34453125,69521.612109375,7672500.0,2026-02-04,0.0,61.575693467935245,2089.764773127943,1929.3057639637655,160.4590091641776,59335.08277791107,66427.9953125,73520.90784708894,21.355190687966566,0.7317292294575369,0.005571011242748779,0.005586558183200641,67807.7765625,66427.9953125,-1,66907.2890625
66907.2890625,69908.91852840087,66907.2890625,69618.43825750724,8057000.0,2026-02-05,0.0,53.14593691053597,1861.62112539394,1915.7688362498004,-54.147710855860396,60297.47455813964,66762.04765625,73226.62075436035,19.366012053421993,0.5112336425039774,-0.04111139699988491,-0.040277786182500774,67633.48828125,66762.04765625,0,66907.2890625
66907.2890625,68456.5171739327,66035.8482498191,66132.67500678364,6695900.0,2026-02-06,0.0,53.14593691053597,1661.661046680485,1864.9472783359374,-203.2862316554524,61799.486779598126,67154.19609375,72508.90540790187,15.947504774464067,0.4769448706956463,0.0,0.0,67817.459375,67154.19609375,0,67391.421875
67391.421875,68166.03591954023,67100.9416082974,67197.76836386495,2573300.0,2026-02-09,0.0,54.39436808679317,1524.68114046134,1796.894050761018,-272.212910299678,63075.39740416819,67488.2484375,71901.09947083182,13.077390910266399,0.48902902434631973,0.007209822138760364,0.007235875482083154,67885.23828125,67488.2484375,-1,66229.5
66229.5,68262.86184210527,65939.0197368421,67391.42105263157,5090400.0,2026-02-10,0.0,50.88971934767736,1307.2964929624577,1698.974539201306,-391.6780462388483,64349.07343425657,67735.156640625,71121.23984699344,9.998008048711265,0.277669869749034,-0.0173917549147342,-0.017241391302815545,67953.0171875,67735.156640625,1,66907.2890625
66907.2890625,67681.90311821635,66229.5017637482,66229.5017637482,2672900.0,2026-02-11,0.0,52.80015935639096,1176.1515633782692,1594.4099440366986,-418.25838065842936,64549.194137103106,67802.935546875,71056.6769566469,9.597641705416871,0.3623666770682627,0.010181932775973786,0.010233945032047664,68088.575,67802.935546875,0,66810.4609375
66810.4609375,67585.07497735508,66810.4609375,67100.94120244565,1951100.0,2026-02-12,0.0,52.486038744706946,1052.275069392068,1485.9829691077725,-433.70789971570457,64455.40190136914,67706.10859375,70956.81528613086,9.602402973373469,0.36223800837687714,-0.0014482466527306706,-0.0014471984496270407,67885.2390625,67706.10859375,0,67294.59375
67294.59375,67585.07401079137,66423.15296762591,66810.45998201439,3341400.0,2026-02-13,0.0,53.960849125429554,981.8493788684718,1385.1562510599124,-403.30687219144056,64448.29949141707,67701.2671875,70954.23488358292,9.609769007938258,0.4374919342129201,0.007220233672049685,0.007246362406523321,67778.7296875,67701.2671875,0,67294.59375
67294.59375,67294.59375,67294.59375,67294.59375,0.0,2026-02-16,0.0,53.960849125429554,915.4833890979353,1291.221678667517,-375.73828956958164,64405.57387280348,67648.0125,70890.45112719652,9.586205144449792,0.4455010887429548,0.0,0.0,67478.56640625,67648.0125,0,67294.59375
67294.59375,67294.59375,67294.59375,67294.59375,0.0,2026-02-17,0.0,53.96084912542955,853.0543841312901,1203.5882197602718,-350.5338356289817,64644.3946679277,67459.200390625,70274.0061133223,8.345209271376081,0.470760568074434,0.0,0.0,67275.2296875,67459.200390625,0,67294.59375
67294.59375,67294.59375,67294.59375,67294.59375,0.0,2026-02-18,0.0,53.960849125429554,794.4213530704728,1121.754846422312,-327.33349335183925,64619.72322627321,67420.46953125,70221.2158362268,8.308296647737295,0.4775281715044441,0.0,0.0,67033.1625,67420.46953125,0,67294.59375
67294.59375,67294.59375,67294.59375,67294.59375,0.0,2026-02-19,0.0,53.96084912542955,739.43055832971,1045.2899888037916,-305.8594304740816,64612.28529142241,67352.690625,70093.09595857759,8.137478423350176,0.489399948560866,0.0,0.0,67071.89296875,67352.690625,0,67294.59375
67294.59375,67294.59375,67294.59375,67294.59375,0.0,2026-02-20,0.0,53.96084912542955,687.9200432669459,973.8159996964225,-285.89595642947666,64942.333221915775,67464.04140625,69985.74959058424,7.475710413342107,0.466402207578443,0.0,0.0,67110.6234375,67464.04140625,1,68359.6875
68359.6875,69037.47476983002,67585.07347733711,67778.72698300282,4211800.0,2026-02-23,0.0,58.39298369272113,724.6880010580353,923.9903999687451,-199.30239891070983,65020.31535140202,67546.344140625,70072.37292984799,7.479394544178536,0.6609924959772889,0.01570338403537188,0.015827330111491955,67207.45,67546.344140625,0,67972.3828125
67972.3828125,69037.47713007478,67972.3828125,68359.68983707266,3552500.0,2026-02-24,0.0,56.27157518861546,714.3401524492656,882.0603504648493,-167.72019801558372,65317.9604907288,67667.377734375,70016.7949780212,6.944017404867436,0.5649107941447744,-0.005681799279553589,-0.005665688385424472,67381.73828125,67667.377734375,1,70005.7421875
70005.7421875,71070.83646697787,68166.03388658368,68166.03388658368,9804200.0,2026-02-25,0.0,63.723024946804784,860.2975414030807,877.7077886524957,-17.410247249414965,65540.66283275298,67890.079296875,70239.49576099703,6.921236470643424,0.9502528442558644,0.02947578236436815,0.029914493075944737,67691.58359375,67890.079296875,-1,68359.6875
68359.6875,69134.30152266289,67391.41997167138,68940.64801699716,14298200.0,2026-02-26,0.0,55.48096529322305,833.5384546415007,868.8739218502967,-35.33546720879599,65548.0678922311,67865.87265625,70183.67742026888,6.830545820161747,0.6065264105536159,-0.0237939830848146,-0.02351313815217171,67846.50625,67865.87265625,-1,66035.84375
66035.84375,68359.68575879766,65842.19024926686,67972.37875733137,13371400.0,2026-02-27,0.0,46.36369627986016,617.6964954449068,818.6384365692188,-200.94194112431205,65306.50823841641,67749.68046875,70192.85269908358,7.2123505629241,0.14925994625520236,-0.034585605120966714,-0.033994358882930786,67720.63125,67749.68046875,-1,64486.62109375
64486.62109375,67585.07736251877,64389.794335350976,64777.10136894707,12468700.0,2026-03-02,0.0,41.47091323250243,317.96555773595173,718.5038608025654,-400.5383030666137,64911.62079556223,67459.2001953125,70006.77959506276,7.552948722707472,-0.08341245455468281,-0.02373990434609319,-0.023460329546406422,67439.833984375,67459.2001953125,0,64486.62109375
64486.62109375,67585.07736251877,64389.794335350976,64777.10136894707,12468700.0,2026-03-03,0.0,41.470913232502426,79.51008736299991,590.7051061146523,-511.19501875165236,64502.638192610204,67217.133203125,69931.62821363981,8.076794951405638,-0.0029502907167190478,0.0,0.0,67159.03671875,67217.133203125,-1,62840.56640625
62840.56640625,62840.56640625,60032.59040350539,61388.16502552003,13382500.0,2026-03-04,0.0,36.69861702087264,-239.5293028136657,424.6582243289887,-664.1875271426544,63776.6803911346,66873.3982421875,69970.11609324039,9.261434090242808,-0.1511461537521602,-0.025856950569565277,-0.025525522342176754,66713.633984375,66873.3982421875,-1,61194.51171875
61194.51171875,63131.0468997231,61000.85820065269,62937.39338162579,8165700.0,2026-03-05,0.0,32.65211473364923,-618.0684661678824,216.1128862296145,-834.181352397497,62583.34853871603,66587.759375,70592.17021128396,12.027468333128493,-0.17341337799081252,-0.026543319114756714,-0.026194141485909483,66103.62578125,66587.759375,-1,60419.89453125
60419.89453125,61000.85505558894,60226.241023137016,61000.85505558894,6471800.0,2026-03-06,0.0,30.924072595012902,-969.3940425432083,-20.988499524950043,-948.4055430182583,61407.49041876097,66263.3896484375,71119.28887811402,14.656356263812192,-0.10169031942377853,-0.012739077335127831,-0.012658278753168939,65416.155859375,66263.3896484375,-1,56256.34375
56256.34375,57224.61128442341,56256.34375,57127.78453098107,18046300.0,2026-03-09,0.0,23.67229087022166,-1565.737003249873,-329.9382002699346,-1235.7988029799383,59142.41277573081,65706.6357421875,72270.8587086442,19.980395868121064,-0.21983325676768423,-0.071399617860284,-0.06891026231594222,64205.821484375,65706.6357421875,1,60129.4140625
60129.4140625,60129.4140625,57611.918465680355,58096.05223429952,10762100.0,2026-03-10,0.0,38.192298148124145,-1706.1512409459829,-605.1808084051443,-1100.9704325408386,58388.19588522716,65401.6314453125,72415.06700539785,21.447280152177363,0.12413446750565525,0.06658032798873645,0.06884681894208589,63421.524609375,65401.6314453125,1,61000.85546875
61000.85546875,61678.64275173611,59645.28090277778,59742.10765749008,7507500.0,2026-03-11,0.0,40.91577472830242,-1727.2023834748907,-829.5851234190936,-897.617260055797,57866.073528794266,65106.309765625,72346.54600245574,22.241273581300273,0.21648340174380273,0.014388747660735298,0.014492763979775392,62521.0359375,65106.309765625,-1,59645.28125
59645.28125,60710.37555803572,59354.80098417208,60032.5882711039,6298800.0,2026-03-12,0.0,38.10315041412574,-1832.1492005305845,-1030.0979388413919,-802.0512616891926,57162.03095433068,64748.05078125,72334.07060816932,23.432426877369753,0.16367280552427502,-0.022472850030605212,-0.022222216530134453,61649.5953125,64748.05078125,1,61097.68359375
61097.68359375,61194.510350633915,59645.28224049129,60032.58926802694,5388500.0,2026-03-13,0.0,42.65186386817828,-1777.6321414513586,-1179.6047793633852,-598.0273620879734,56784.21732622826,64438.2052734375,72092.19322064675,23.75605563417001,0.28177900835958947,0.024058915614057846,0.024350666361389717,61155.779296875,64438.2052734375,-1,59838.93359375
59838.93359375,60904.0278810174,59742.10684036206,60613.54762085356,2965000.0,2026-03-16,0.0,39.91417306917281,-1815.0745351476871,-1306.6987305202456,-508.37580462744154,56272.21637111763,64065.422265625,71858.62816013236,24.32889886277669,0.22883504368505028,-0.020817441188929732,-0.020602254062030645,60691.010546875,64065.422265625,0,59548.453125
59548.453125,61000.85442073171,59548.453125,60710.374161585365,3816100.0,2026-03-17,0.0,39.28746892148799,-1846.897364922319,-1414.7384574006603,-432.15890752165865,55791.25603621482,63678.115234375,71564.97443253518,24.771019585399596,0.2381934934036635,-0.0048661931539703196,-0.0048543724178323755,60197.19375,63678.115234375,0,59742.109375
59742.109375,60710.37694995948,59645.28261750405,59838.93613249595,2596400.0,2026-03-18,0.0,39.964244498169386,-1835.3341561711422,-1498.8575971547566,-336.47655901638564,55419.49017997845,63300.491015625,71181.49185127154,24.900283423397806,0.27424303620613244,0.003246802027989741,0.0032520785988090495,59887.348046875,63300.491015625,-1,59064.3203125
59064.3203125,60032.58785860656,58870.66680327869,59451.627330942625,6400100.0,2026-03-19,0.0,38.35281501119141,-1859.4278163385025,-1570.9716409915059,-288.4561753469966,55026.62544110444,62888.97734375,70751.32924639554,25.003910811492702,0.2567739857864248,-0.01141009653653408,-0.01134524826108052,59674.32890625,62888.97734375,-1,58096.0546875
58096.0546875,59548.4560546875,58096.0546875,59064.322265625,5734800.0,2026-03-20,0.0,36.11263208238991,-1934.355117707928,-1643.6483363347904,-290.7067813731376,54575.64699202441,62429.050390625,70282.45378922559,25.159451727876796,0.2241326159371168,-0.016529268883447145,-0.016393410097281347,59441.944921875,62429.050390625,1,58870.66796875
58870.66796875,59064.3214818051,57321.439864309206,57321.439864309206,5908000.0,2026-03-23,0.0,39.17356431349281,-1909.2223984223456,-1696.7631487523017,-212.45924967004385,54472.01200870377,61954.5994140625,69437.18681942123,24.155066697631895,0.2939261328839331,0.013245213479405108,0.013333319885776351,59703.37734375,61954.5994140625,0,59257.9765625
59257.9765625,59838.937117034315,58967.49628523284,59838.937117034315,2689900.0,2026-03-24,0.0,40.703333384768214,-1836.87758924222,-1724.7860368502857,-112.09155239193433,54511.97563677546,61518.8791015625,68525.78256634955,22.77968508892769,0.33866607050999115,0.0065574270006537785,0.006578973996958837,59616.23359375,61518.8791015625,1,60129.4140625
60129.4140625,60226.24081622383,59451.62678643317,59548.453540157,3445600.0,2026-03-25,0.0,44.10927386667009,-1689.7477234829494,-1717.7783741768185,28.03065069386912,55253.33519733712,61025.0626953125,66796.79019328789,18.915924844821923,0.4224106965265876,0.014598744010644678,0.014705826127574317,59529.089453125,61025.0626953125,-1,59064.3203125
59064.3203125,60129.41461321722,59064.3203125,60129.41461321722,2044000.0,2026-03-26,0.0,41.0088528629548,-1640.1833959110663,-1702.2593785236681,62.07598261260182,55881.93251996635,60560.2943359375,65238.656151908646,15.45026115632641,0.3401177503703869,-0.017872115607256402,-0.017713356542821357,59470.993359375,60560.2943359375,0,59548.453125
59548.453125,59935.760137195124,58967.49260670732,59064.3193597561,2137400.0,2026-03-27,0.0,42.97107125053814,-1544.0391155238613,-1670.615325923707,126.57621039984565,56318.3141343764,60235.9248046875,64153.5354749986,13.007555484584293,0.41225880548858784,0.00816329450854424,0.008196705048640673,59316.0703125,60235.9248046875,-1,58677.015625
58677.015625,59548.45645111386,58289.70859117161,58677.015625,4075600.0,2026-03-30,0.0,40.368179687593134,-1520.6328945307614,-1640.618839645118,119.98594511435658,56524.89820421302,59945.44453125,63365.99085828698,11.412197720058023,0.31458679623427743,-0.014742225881617025,-0.01463409130327431,59199.878515625,59945.44453125,0,58580.1875
58580.1875,59548.45506198347,58580.1875,59064.32128099174,5323200.0,2026-03-31,0.0,40.077688792669946,-1492.6897183164401,-1611.0330153793825,118.34329706294238,56932.81009684992,59650.1228515625,62367.435606275074,9.110837077316761,0.3031262044262422,-0.001651551366204593,-0.001650188305738376,59103.051953125,59650.1228515625,1,59354.80078125
59354.80078125,60226.24157575449,59064.32051641517,59354.80078125,5446200.0,2026-04-01,0.0,43.575748856140905,-1391.9936949340918,-1567.2251512903244,175.23145635623268,57210.59365909373,59475.8345703125,61741.075481531276,7.6173488865996495,0.4732845657909778,0.013136464960557339,0.01322312737988418,59064.32109375,59475.8345703125,0,58870.66796875
58870.66796875,59742.108777497946,58870.66796875,59548.45526444285,2855300.0,2026-04-02,0.0,41.92830626998859,-1335.857904450102,-1520.9517019222799,185.0937974721778,57231.331175889296,59359.6423828125,61487.9535897357,7.1709030630529895,0.3851261947801834,-0.00819003762532203,-0.008156590640144734,59044.955859375,59359.6423828125,-1,58096.0546875
58096.0546875,59742.109570312496,58096.0546875,59064.322265625,3788600.0,2026-04-03,0.0,39.36400076555672,-1338.445932581446,-1484.4505480541131,146.00461547266718,57105.14690747699,59243.450390625,61381.753873773014,7.218700021855538,0.23170419630149816,-0.013245213479405233,-0.013157881640839975,59044.955859375,59243.450390625,1,58967.49609375
58967.49609375,59064.32285252463,58096.055264778326,58096.055264778326,2587400.0,2026-04-06,0.0,43.54699661257308,-1255.7039514725911,-1438.7012287378088,182.9972772652177,57756.50501463377,59379.0080078125,61001.51100099124,5.464904341161317,0.37318608477378307,0.014888622430369087,0.015000010085667759,59054.638671875,59379.0080078125,0,59064.3203125
59064.3203125,59257.973821721316,58386.533030225415,58967.49355788935,1825200.0,2026-04-07,0.0,44.00916932327797,-1168.8437271540097,-1384.7297284210492,215.88600126703955,57737.39775309966,59325.7533203125,60914.10888752533,5.354691608000194,0.41770324818666144,0.0016406464530782697,0.001641993049799284,59035.273046875,59325.7533203125,1,60613.55078125
60613.55078125,60710.377539686495,59742.10995532148,60226.24374750399,5568500.0,2026-04-08,0.0,50.93128207506227,-963.8853518798569,-1300.5608531128107,336.6755012329538,57796.51855276897,59306.3880859375,60816.25761910603,5.091760202899778,0.9328727305892982,0.02589145344502101,0.026229548745389186,59083.68671875,59306.3880859375,-1,59838.93359375
59838.93359375,60129.41385391384,59451.62658019822,59838.93359375,2921000.0,2026-04-09,0.0,47.752411478505046,-854.1138038516219,-1211.271443260573,357.1576394089511,57794.61125046736,59316.070703125,60837.53015578264,5.130007549800442,0.671829387142615,-0.012861965782506538,-0.012779604189425253,59161.148046875,59316.070703125,1,60807.203125
60807.203125,61969.12420382166,60516.72285529459,60613.54961186306,6158400.0,2026-04-10,0.0,51.802001561414606,-681.1360893269157,-1105.2443724738416,424.10828314692594,57847.651941133554,59301.5466796875,60755.44141824144,4.9033956783860555,1.0178010503050732,0.016051741858106212,0.016181263152576175,59287.023046875,59301.5466796875,0,60807.203125
60807.203125,60807.203125,60226.24258558917,60419.896098726116,3418300.0,2026-04-13,0.0,51.802001561414606,-537.850004279615,-991.7654988349964,453.91549455538143,57762.3809717898,59349.96015625,60937.53934071021,5.349891323534519,0.9589512709079374,0.0,0.0,59500.041796875,59349.96015625,-1,60032.58984375
60032.58984375,61484.9912109375,60032.58984375,61388.164453125,4247700.0,2026-04-14,0.0,48.326718676187085,-481.2519942222716,-889.6627979124515,408.41080369017993,57759.31481831653,59374.1669921875,60989.01916605847,5.439578374492231,0.7038647444688985,-0.012820675581077105,-0.01273884081886889,59645.28203125,59374.1669921875,-1,59354.80078125
59354.80078125,60613.54859553426,59257.974026305055,60129.41482080954,4403200.0,2026-04-15,0.0,45.45327242726072,-485.49311390130606,-808.8288611102225,323.3357472089165,57749.26548956318,59354.8015625,60960.337635436816,5.409961892455172,0.49999975670120084,-0.011354571718263583,-0.011290351861615755,59645.28203125,59354.8015625,0,59161.1484375
59161.1484375,59742.108978621116,59161.1484375,59548.45546491408,2272100.0,2026-04-16,0.0,44.636651949449124,-498.7312936196249,-746.809347612103,248.0780539924781,57757.21407031502,59359.64296875,60962.071867184975,5.399051673132801,0.4380644809127383,-0.0032679570533710304,-0.003262623093685413,59674.330078125,59359.64296875,0,59354.80078125
59354.80078125,60710.375350479204,59354.80078125,59354.80078125,3115500.0,2026-04-17,0.0,45.68749920381637,-487.97148912691773,-695.0417759150661,207.07028678814834,57934.30375025591,59422.5802734375,60910.8567966191,5.009127898294476,0.47722886468617876,0.003267957053370943,0.003273302646492393,59800.2046875,59422.5802734375,0,59548.453125
59548.453125,60419.89390243903,59354.79961890244,59451.62637195122,3251900.0,2026-04-20,0.0,46.775461477621256,-458.5324640072504,-647.7399135335029,189.2074495262525,57990.40710408075,59456.46953125,60922.53195841925,4.931548875093218,0.531370967581377,0.0032573122872642593,0.003262623093685413,59858.300390625,59456.46953125,0,59645.28125
59645.28125,60710.37555803572,59548.45449472403,59935.76151582792,5306600.0,2026-04-21,0.0,47.34343748210013,-422.5180786399069,-602.6955465547837,180.17746791487684,58010.580298618355,59475.834765625,60941.08923263164,4.927226234926286,0.5578215211727571,0.0016247187288421993,0.0016260392994045247,59916.396484375,59475.834765625,0,59838.93359375
59838.93359375,60323.067360689725,59548.45333358616,59645.28008697411,3939900.0,2026-04-22,0.0,48.526500018343,-374.0386087949446,-556.9641590028159,182.9255502078713,58017.73575598943,59461.3107421875,60904.885728385576,4.855510139886182,0.6307943318403701,0.0032414744251281187,0.003246733684401981,59838.934765625,59461.3107421875,0,60032.58984375
60032.58984375,60516.7236328125,59064.322265625,60032.58984375,4234100.0,2026-04-23,0.0,49.742543615815194,-316.34520810394315,-508.8403688230414,192.49516071909824,58057.289048710154,59509.72421875,60962.15938878985,4.88133725742329,0.6799962007893453,0.003231066277029039,0.0032362917981583195,59858.300390625,59509.72421875,0,59451.62890625
59451.62890625,60129.41620648412,58580.18809166327,60129.41620648412,5855700.0,2026-04-24,0.0,46.215180287229984,-313.8832144502667,-469.8489379484865,155.9657234982198,58052.34591519874,59504.8830078125,60957.420100426265,4.882076963072278,0.48166859151711056,-0.009724556462462303,-0.009677425861721045,59722.74296875,59504.8830078125,0,59451.62890625
59451.62890625,59451.62890625,59451.62890625,59451.62890625,0.0,2026-04-27,0.0,46.215180287229984,-308.3772853546543,-437.5546074297201,129.17732207506577,58143.664474693476,59543.613671875,60943.56286905652,4.702264813473282,0.4671471058342014,0.0,0.0,59587.185546875,59543.613671875,0,59257.9765625
59257.9765625,59354.80332158905,58580.18924887663,59257.9765625,3220800.0,2026-04-28,0.0,44.98205641900294,-315.9973023982093,-413.24314642341795,97.24584402520867,58244.54022002319,59577.503125,60910.466029976815,4.474718929325093,0.3801442405835137,-0.003262625880469652,-0.0032573093002274955,59509.72421875,59577.503125,0,58967.49609375
58967.49609375,59354.80312884852,58386.53554110222,58386.53554110222,2407200.0,2026-04-29,0.0,43.123339301580714,-341.53852348761575,-398.9022218362575,57.363698348641776,58200.5265981492,59558.137890625,60915.74918310081,4.558944723788975,0.28247021067500105,-0.004914018049689962,-0.004901964015656679,59470.99375,59558.137890625,0,58967.49609375
58967.49609375,58967.49609375,58967.49609375,58967.49609375,0.0,2026-04-30,0.0,43.12333930158072,-357.6572747857281,-390.65323242615165,32.99595764042357,58215.03434591657,59562.979296875,60910.92424783343,4.526116614281418,0.2791144205475193,0.0,0.0,59451.628515625,59562.979296875,0,58967.49609375
58967.49609375,58967.49609375,58967.49609375,58967.49609375,0.0,2026-05-01,0.0,43.123339301580714,-366.21005970834085,-385.7645978825895,19.55453817424865,58410.47876018917,59606.5513671875,60802.62397418583,4.013225323606788,0.23285264218144802,0.0,0.0,59412.898046875,59606.5513671875,0,58967.49609375
58967.49609375,59645.28340517241,58773.84257620074,59161.14961129926,1873800.0,2026-05-04,0.0,43.123339301580714,-368.73762556271686,-382.359203418615,13.621577855898124,58410.47876018917,59606.5513671875,60802.62397418583,4.013225323606788,0.23285264218144802,0.0,0.0,59354.80234375,59606.5513671875,0,59161.1484375
59161.1484375,59257.97519435352,58483.36113952537,59161.1484375,2751900.0,2026-05-05,0.0,45.155471034887405,-351.0677238040298,-376.100907495698,25.03318369166817,58423.80774449736,59611.3927734375,60798.977802377645,3.984423022806216,0.3104370108389955,0.003278671620987251,0.0032840523437203117,59306.3890625,59611.3927734375,0,59548.453125
59548.453125,59742.10663109756,58773.83910060976,59257.97286585366,2590900.0,2026-05-06,0.0,49.074410132768975,-302.3269114711147,-361.34610829078133,59.019196819666604,58468.2687019096,59558.137890625,60648.00707934041,3.6598497781004697,0.49555691374465866,0.006525269340635116,0.006546605292984786,59277.341015625,59558.137890625,0,59548.453125
59548.453125,59838.933384146345,59161.146112804876,59645.27987804878,4751300.0,2026-05-07,0.0,49.074410132768975,-260.6943444128992,-341.21575551520493,80.5214111023057,58461.78800776148,59543.6138671875,60625.43972661352,3.63372589993963,0.5022366158889315,0.0,0.0,59228.92734375,59543.6138671875,0,58967.49609375
58967.49609375,59838.936922721674,58967.49609375,59838.936922721674,2787000.0,2026-05-08,0.0,43.64858271404626,-271.44951124006184,-327.2625066601763,55.812995420114476,58519.717413985745,59451.628515625,60383.53961726426,3.1350229586876077,0.24024752949964875,-0.009803940961622494,-0.00975603900290234,59180.5140625,59451.628515625,0,58677.015625
58677.015625,59161.14941728548,58580.1888665429,59161.14941728548,3875800.0,2026-05-11,0.0,41.196000628830284,-299.9547133982196,-321.800948007785,21.846234609565386,58596.68433863597,59345.119140625,60093.55394261403,2.5223129141101897,0.05366618852473442,-0.0049382849199945305,-0.0049261116376414504,59103.052734375,59345.119140625,0,58192.87890625
58192.87890625,58773.83942777663,57999.225399074465,58677.01267418885,4102800.0,2026-05-12,0.0,37.42188790256495,-357.4901546087567,-328.93878932797935,-28.55136528077736,58413.766742854736,59253.13359375,60092.50044464526,2.8331559868212524,-0.13158003343182934,-0.008285101823154362,-0.008250874956628351,58996.54296875,59253.13359375,-1,57418.265625
57418.265625,58192.87966378584,56837.305095910626,58192.87966378584,8534300.0,2026-05-13,0.0,32.31998121560868,-460.2863300773097,-355.20829747784546,-105.07803259946422,57985.122532092246,59156.3068359375,60327.49113978276,3.959626171706046,-0.24200158131864014,-0.013400522519809818,-0.013311135242130234,58841.619921875,59156.3068359375,1,58192.87890625
58192.87890625,58192.87890625,57418.26487754784,57418.26487754784,3058300.0,2026-05-14,0.0,40.98472867140783,-473.78670346346917,-378.9239786749702,-94.86272478849895,57860.0119682659,59107.893359375,60355.774750484095,4.222384930966835,0.13337282707944464,0.01340052251980985,0.013490711933185517,58764.158203125,59107.893359375,0,57902.3984375
57902.3984375,58386.53220369983,57902.3984375,58192.8786972199,2010300.0,2026-05-15,0.0,38.96988549224071,-502.1368715328208,-403.56655724654036,-98.57031428628045,57683.197337817495,59035.2732421875,60387.3491465575,4.580569649684582,0.08106094449802402,-0.005004184176597872,-0.004991684106537719,58657.6484375,59035.2732421875,1,58580.1875
58580.1875,58773.8410123967,57611.91993801653,57611.91993801653,4850600.0,2026-05-18,0.0,45.680155644420154,-464.55754099988553,-415.7647539972094,-48.79278700267611,57642.83681987059,58986.8599609375,60330.883102004416,4.557025554358916,0.3487107667600589,0.011637734633547583,0.011705716529715193,58618.917578125,58986.8599609375,-1,57902.3984375
57902.3984375,58773.8392166597,57805.57168426004,58580.185710179765,2739700.0,2026-05-19,0.0,40.84391535160484,-483.8895856991585,-429.3897203375993,-54.499865361559216,57510.20264204838,58899.7158203125,60289.22899857662,4.71823389607908,0.14112705139708645,-0.011637734633547616,-0.01157027813371203,58493.042578125,58899.7158203125,-1,57224.61328125
57224.61328125,57999.22733581853,56740.47949714467,57902.40057899746,5727600.0,2026-05-20,0.0,36.66369903871024,-547.5896948857699,-453.0297152472334,-94.55997963853645,57264.39965844683,58768.9998046875,60273.59995092816,5.120387113073361,-0.013221578269895132,-0.01177469955992701,-0.01170564906705207,58260.65859375,58768.9998046875,0,57127.78515625
57127.78515625,57708.74568326271,56934.13164724576,57611.91892876059,3271300.0,2026-05-21,0.0,36.095347851031036,-598.9810303466802,-482.2199782671228,-116.76105207955737,57072.65240566008,58623.7595703125,60174.86673496491,5.291735555758885,0.017772063673715206,-0.0016935044557809813,-0.001692071286250596,58018.591796875,58623.7595703125,0,57611.91796875
57611.91796875,57805.571474527314,56837.30394564076,57224.61095719538,6005000.0,2026-05-22,0.0,41.01850761233791,-593.798621173919,-504.53570684848205,-89.2629143254369,56969.22463594283,58531.7740234375,60094.32341093217,5.339149252059191,0.2056553661441823,0.008438851982462041,0.00847455946656872,57883.033984375,58531.7740234375,0,57224.61328125
57224.61328125,57902.40057899746,57224.61328125,57611.92030853426,1587500.0,2026-05-25,0.0,38.46547990812046,-613.8674936605166,-526.402064210889,-87.46542944962766,56817.00786996076,58420.4232421875,60023.838614414235,5.489228880042938,0.12710537093179344,-0.006745347526680975,-0.0067226487358064135,57737.79375,58420.4232421875,0,57224.61328125
57224.61328125,57515.093551713195,57127.78652442893,57224.61328125,1880800.0,2026-05-26,0.0,38.46547990812046,-622.5953283020353,-545.6407170291183,-76.95461127291708,56681.44620444972,58318.755078125,59956.063951800286,5.615033693644217,0.1658719028319403,0.0,0.0,57640.9671875,58318.755078125,0,56934.1328125
56934.1328125,57321.43983843537,56837.306056016154,57224.61308195153,2976500.0,2026-05-27,0.0,36.489954824994015,-645.5105030547711,-565.6146742342489,-79.89582882052218,56498.869217325366,58217.0869140625,59935.304610799634,5.90279516827591,0.12666136427333752,-0.0050890729902116445,-0.005076145597041171,57592.55390625,58217.0869140625,0,57127.78515625
57127.78515625,57902.399192266945,57127.78515625,57127.78515625,3798600.0,2026-05-28,0.0,38.74844906405146,-640.6596922849203,-580.6236778443832,-60.03601444053709,56379.27748871914,58125.1013671875,59870.92524565585,6.007125449776507,0.21437089868066728,0.003395568534430572,0.0034013400078956035,57486.04453125,58125.1013671875,0,57321.44140625
57321.44140625,57418.26816538218,57030.961128853465,57127.78788798564,1960700.0,2026-05-29,0.0,41.00770434412738,-614.109872538902,-587.320916783287,-26.788955755615007,56309.029056957916,58042.7986328125,59776.56820866708,5.974107440348179,0.29196854166536595,0.003384145802225502,0.003389878488555542,57427.948828125,58042.7986328125,0,57224.61328125
57224.61328125,57418.26679489213,56934.1330107868,57321.440038071065,2259500.0,2026-06-01,0.0,40.20910795511744,-594.0345095180819,-588.663635330246,-5.370874187835852,56242.49948794924,57955.6544921875,59668.80949642577,5.91195119526845,0.28663891792367274,-0.0016906413464445964,-0.0016892130174075426,57292.39140625,57955.6544921875,0,56740.48046875
56740.48046875,57321.44101962457,56740.48046875,57224.61426114548,2961900.0,2026-06-02,0.0,36.392946163649924,-610.156606045719,-592.9622294733407,-17.194376572378246,56138.10913589733,57834.62109375,59531.13305160267,5.866769508535808,0.1775322979789403,-0.00849621070541422,-0.008460219907831634,57176.199609375,57834.62109375,0,56450.0
56450.0,56934.133790737564,56256.34648370497,56740.48027444253,3814300.0,2026-06-03,0.0,34.29009684492691,-639.0067577434966,-602.1711351273719,-36.835622616124624,56078.96435172769,57679.6984375,59280.43252327231,5.550424600457362,0.11589546682680053,-0.005132606651014684,-0.005119457331877575,57098.73828125,57679.6984375,0,56740.48046875
56740.48046875,56934.13398570819,56353.17343483362,56740.48046875,2126500.0,2026-06-04,0.0,38.13946370642637,-631.1557935295714,-607.9680668078119,-23.18772672175953,56150.10757803698,57539.2998046875,58928.49203133802,4.828672685854786,0.21248783263654877,0.005132606651014603,0.005145801040743914,57060.0078125,57539.2998046875,0,56546.82421875
56546.82421875,57030.957987746144,56449.99746495077,56934.131233946915,1866100.0,2026-06-05,0.0,36.60010418517206,-633.2604563986679,-613.0265447259831,-20.233911672684826,56135.25232623984,57418.2662109375,58701.280095635164,4.469009495982529,0.1603926104849389,-0.0034188550811504906,-0.003413017450683342,56953.4984375,57418.2662109375,0,56159.51953125
56159.51953125,56934.13359375,55965.866015625,56353.173046874996,3179800.0,2026-06-08,0.0,33.6729068073918,-658.5888658385666,-622.1390089484997,-36.449856890066826,56035.645753326775,57292.39140625,58549.13705917322,4.387129327564164,0.04928355138332549,-0.00687283783981191,-0.00684927390443224,56846.9890625,57292.39140625,0,56450.0
56450.0,56643.653516295024,56159.51972555746,56256.34648370497,1228000.0,2026-06-09,0.0,37.697517742206536,-647.7555439229618,-627.2623159433922,-20.49322797956961,55969.88602043378,57205.2474609375,58440.608901441214,4.319049371641228,0.19432125846928308,0.005159086269947757,0.005172417270919993,56769.527734375,57205.2474609375,1,57030.9609375
57030.9609375,57030.9609375,56353.173625848896,56546.827143463495,2353200.0,2026-06-10,0.0,44.89878299868275,-585.5416067363913,-618.918174101992,33.37656736560075,55952.439566514106,57185.8822265625,58419.32488661089,4.313801281098244,0.4371996388318447,0.010239004115198774,0.01029160208148805,56779.210546875,57185.8822265625,0,57321.44140625
57321.44140625,57708.74844277871,56643.654092324745,56934.13436972128,1804500.0,2026-06-11,0.0,48.127257463815475,-506.9534236074687,-596.5252240030874,89.57180039561865,56000.48147769347,57142.3103515625,58284.13922543152,3.996439299860413,0.5784404120385076,0.005080454587674833,0.005093381980155298,56798.576171875,57142.3103515625,0,57127.78515625
57127.78515625,57902.399192266945,57127.78515625,57418.26541975635,3489300.0,2026-06-12,0.0,46.18444380954296,-455.052600089286,-568.2306992203271,113.17809913104111,56019.202748972886,57103.5796875,58187.95662602712,3.7979298126715717,0.5111610031023328,-0.0033841458022256404,-0.003378426034815085,56779.210546875,57103.5796875,1,57805.57421875
57805.57421875,57902.400976235345,57418.267188808626,57418.267188808626,2021700.0,2026-06-15,0.0,53.29141373320661,-355.13513394153415,-525.6115861645685,170.47645222303436,56162.47521933855,57064.8490234375,57967.22282753645,3.1626257478691593,0.9104314597497327,0.011794607302758279,0.011864437955124263,56837.306640625,57064.8490234375,-1,57224.61328125
57224.61328125,57902.40057899746,57224.61328125,57902.40057899746,2029500.0,2026-06-16,0.0,47.50091846632924,-319.14955708571506,-484.31918034879783,165.16962326308277,56214.176762526535,57030.959765625,57847.74276872346,2.8643494917677064,0.6185464896370145,-0.010101102846977336,-0.01005025804780535,56885.719921875,57030.959765625,0,57127.78515625
57127.78515625,57805.57243776483,57127.78515625,57224.611910752115,2838900.0,2026-06-17,0.0,46.5922377494128,-295.0428779868671,-446.4639198764117,151.4210418895446,56213.02893720905,57026.118359375,57839.20778154096,2.8516386720972884,0.5625188288664309,-0.0016935044557809813,-0.001692071286250596,56953.4984375,57026.118359375,0,57321.44140625
57321.44140625,57805.57520191089,57224.61464711782,57611.921683646535,2482800.0,2026-06-18,0.0,48.70569343924201,-257.3452048696781,-408.64017687506504,151.2949720053869,56213.058919295654,57035.801171875,57858.54342445434,2.8850028777540797,0.6735903519477108,0.003384145802225502,0.003389878488555542,57011.59453125,57035.801171875,0,57127.78515625
57127.78515625,57515.09217425847,57030.95840174788,57321.43866525424,3349900.0,2026-06-19,0.0,46.71488825530712,-240.32564382494456,-374.97727026504094,134.65162644009638,56232.914253900155,57011.59453125,57790.27480859984,2.7316558456298603,0.5746074020234888,-0.0033841458022256404,-0.003378426034815085,57069.690625,57011.59453125,0,56740.48046875
56740.48046875,57708.748053540956,56740.48046875,57611.92129506186,2997800.0,2026-06-22,0.0,42.93510033342542,-255.1485765525722,-351.0115315225472,95.86295496997502,56206.49289180549,56987.387890625,57768.28288944452,2.7405888486002405,0.34190741248935236,-0.006802706249633217,-0.006779620222290839,57127.78671875,56987.387890625,0,56546.82421875
56546.82421875,57127.78474154537,56546.82421875,56837.304480147686,2295600.0,2026-06-23,0.0,41.14256814227905,-279.30267112205183,-336.66975944244814,57.367088320396306,56157.272298177406,56953.4984375,57749.72457682259,2.7960569979607506,0.24462392110362904,-0.0034188550811504906,-0.003413017450683342,57137.469140625,56953.4984375,0,56450.0
56450.0,56837.30703259005,56256.34648370497,56740.48027444253,1532100.0,2026-06-24,0.0,40.23802699773397,-302.7677521679798,-329.8893579875545,27.12160581957471,56101.76501516892,56929.291796875,57756.81857858107,2.907209120600721,0.21040707837463388,-0.0017137515698642215,-0.0017122839361488618,57079.373046875,56929.291796875,0,56450.0
56450.0,56740.48027444253,56353.173241852484,56643.653516295024,1803300.0,2026-06-25,0.0,40.23802699773397,-317.7017301707092,-327.45183242418545,9.750102253476257,56046.85528447441,56895.4025390625,57743.949793650594,2.98283241429044,0.2375499498382598,0.0,0.0,56992.22890625,56895.4025390625,0,56300.0
56300.0,56800.0,55900.0,56800.0,3173400.0,2026-06-26,0.0,38.708964939029826,-337.74741971505864,-329.51094988236014,-8.236469832698504,55980.924478332134,56844.33046875,57707.73645916786,3.0377910454676553,0.18477722254014156,-0.00266075545002629,-0.0026572187776793266,56909.450390625,56844.33046875,0,56100.0
56100.0,56500.0,56000.0,56500.0,1470900.0,2026-06-29,0.0,36.70610684958018,-365.5581745465024,-336.7203948151886,-28.837779731313788,55883.47343540766,56788.0998046875,57692.72617396735,3.1859716116268935,0.1196773452252531,-0.0035587226169941063,-0.003552397868561319,56738.89296875,56788.0998046875,-1,54800.0
54800.0,56200.0,54700.0,56100.0,9320000.0,2026-06-30,0.0,26.946389449913468,-486.8850260577892,-366.75332106370877,-120.13170499408045,55422.08056059244,56691.07578125,57960.07100190756,4.476878249952946,-0.24510752698898783,-0.0234456185746808,-0.02317290552584672,56496.431640625,56691.07578125,0,54800.0
54800.0,56200.0,54700.0,56100.0,9320000.0,2026-07-01,0.0,26.946389449913468,-576.3931287967425,-408.6812826103156,-167.71184618642695,55084.65547591074,56608.57578125,58132.496086589264,5.384061634859285,-0.09339578812402759,0.0,0.0,56263.653125,56608.57578125,1,55500.0
55500.0,56000.0,55300.0,55300.0,3669400.0,2026-07-02,0.0,37.349177485320574,-584.1115212127625,-443.76733033080495,-140.3441908819575,54946.1778516734,56546.5517578125,58146.9256639516,5.660376650351607,0.1730289859770011,0.012692826798418879,0.012773722627737127,56081.508984375,56546.5517578125,-1,54900.0
54900.0,55700.0,54700.0,55500.0,4133600.0,2026-07-03,0.0,33.010140685623696,-631.3654010690443,-481.2869444784528,-150.0784565905915,54702.55969707,56464.210546875,58225.861396680004,6.239884814620863,0.05603843206270294,-0.010869672236903879,-0.010810810810810811,55858.73046875,56464.210546875,0,55300.0
55300.0,55400.0,54600.0,55000.0,3211000.0,2026-07-06,0.0,38.16744664161164,-629.2837923972547,-510.8863140622132,-118.39747833504151,54587.81234339936,56421.2345703125,58254.656797225645,6.499050369514052,0.1942235798569216,0.007259560012804102,0.007285974499089187,55714.682421875,56421.2345703125,0,55100.0
55100.0,55300.0,54900.0,55200.0,1611400.0,2026-07-07,0.0,36.64822390737621,-636.4359930971696,-535.9962498692046,-100.43974322796498,54427.70596556213,56353.7345703125,58279.76317506288,6.835495888377271,0.17452856950818912,-0.0036231923694202838,-0.003616636528028905,55570.0,56353.7345703125,1,55700.0
55700.0,55700.0,55000.0,55000.0,3705000.0,2026-07-08,0.0,43.86683746287909,-586.9234894506953,-546.1816977855028,-40.74179166519252,54367.718676671306,56287.1865234375,58206.654370203694,6.820265731231546,0.34704444921368255,0.010830430774369591,0.010889292196007316,55495.0,56287.1865234375,0,55700.0
55700.0,55900.0,55400.0,55600.0,2469400.0,2026-07-09,0.0,43.86683746287909,-541.4430550900506,-545.2339692464124,3.790914156361737,54334.197557244515,56206.114453125,58078.03134900549,6.660901270596231,0.36481385625643825,0.0,0.0,55420.0,56206.114453125,1,56600.0
56600.0,56700.0,55800.0,55900.0,5573700.0,2026-07-10,0.0,53.15302011555387,-427.845073125558,-521.7561900222415,93.91111689668355,54348.06864340894,56179.7251953125,58011.381747216066,6.520703138136367,0.6147253299890539,0.01602883827589899,0.016157989228007263,55450.0,56179.7251953125,-1,55400.0
55400.0,56600.0,55300.0,56600.0,1951400.0,2026-07-13,0.0,42.950464029538914,-429.69457360209344,-503.3438667382119,73.64929313611844,54366.654697712045,56059.446484375,57752.23827103796,6.03927399509653,0.3052192568599987,-0.021429391455899165,-0.021201413427561877,55380.0,56059.446484375,1,56000.0
56000.0,56000.0,55200.0,55500.0,1755100.0,2026-07-14,0.0,48.29453459735114,-378.3835603161642,-478.3518054538024,99.96824513763818,54396.75132658033,55998.2158203125,57599.68031404467,5.7196982806415235,0.5005570462830999,0.01077209698191104,0.010830324909747224,55500.0,55998.2158203125,0,56200.0
56200.0,56400.0,55500.0,56000.0,2491200.0,2026-07-15,0.0,49.976651804767364,-317.9161446611979,-446.2646732952815,128.3485286340836,54436.70827995906,55951.8265625,57466.94484504094,5.415795607131808,0.5818990307092725,0.0035650661644961446,0.0035714285714285587,55640.0,55951.8265625,0,56200.0
56200.0,56300.0,55300.0,56100.0,1991100.0,2026-07-16,0.0,49.976651804767364,-266.91841279863,-410.39542119595126,143.47700839732124,54517.20568302515,55895.7544921875,57274.30330134985,4.932570717352163,0.6103499222480806,0.0,0.0,55710.0,55895.7544921875,1,59000.0
59000.0,59400.0,56200.0,56300.0,12982500.0,2026-07-17,0.0,67.26698112837214,-0.5592962362352409,-328.42819620400803,327.8688999677728,54099.220929890595,55989.365234375,57879.509538859405,6.7517975836023245,1.2964034170518643,0.048620687006074116,0.04982206405693956,56120.0,55989.365234375,0,58500.0
58500.0,58800.0,57700.0,58800.0,4583900.0,2026-07-20,0.0,63.07441070373623,168.24695515864732,-229.09316593147696,397.3401210901243,53898.28378709363,56077.3412109375,58256.39863478137,7.771614619342405,1.0558960407727382,-0.00851068966790862,-0.008474576271186418,56440.0,56077.3412109375,0,58400.0
58400.0,58800.0,58100.0,58100.0,3543700.0,2026-07-21,0.0,62.23889430801346,290.6080130303162,-125.15293013911833,415.76094316943454,53761.375146646285,56170.0,58578.624853353715,8.576196736171319,0.9629197437896978,-0.00171086440362943,-0.0017094017094017033,56770.0,56170.0,1,59100.0
59100.0,60100.0,58400.0,58700.0,10506300.0,2026-07-22,0.0,65.66730179148189,439.00362232544285,-12.321619646206088,451.32524197164895,53560.53086508528,56302.5,59044.46913491472,9.74013280019437,1.0101260922995416,0.011915034577871244,0.011986301369863117,57110.0,56302.5,-1,57800.0
57800.0,59100.0,56900.0,59100.0,4827500.0,2026-07-23,0.0,55.57564957836733,446.56139459569386,79.4549832021739,367.1064113935199,53547.459151387135,56370.0,59192.540848612865,10.014336876398316,0.7533178573310589,-0.022242148733720758,-0.021996615905245376,57320.0,56370.0,1,58900.0
58900.0,59500.0,58300.0,58500.0,4176800.0,2026-07-24,0.0,61.0325839184203,535.1429951539103,170.59258559252117,364.55040956138913,53459.916898645526,56500.0,59540.083101354474,10.761356110989288,0.8947260518850139,0.018852314979209195,0.01903114186851207,57550.0,56500.0,-1,57900.0
57900.0,59800.0,57900.0,59200.0,3671400.0,2026-07-27,0.0,54.480752184538865,518.6739586094554,240.20886019590804,278.46509841354737,53493.720398865065,56590.0,59686.279601134935,10.942850684343293,0.7115442028426345,-0.017123706078591514,-0.01697792869269954,57800.0,56590.0,1,59600.0
59600.0,59600.0,57700.0,57700.0,5256600.0,2026-07-28,0.0,61.95736906680374,635.4725885691005,319.26160587054653,316.21098269855395,53577.72953801835,56830.0,60082.27046198165,11.445611339016894,0.9258563413437951,0.028938189492354546,0.029360967184801412,58160.0,56830.0,0,60000.0
60000.0,61000.0,59400.0,59900.0,6199800.0,2026-07-29,0.0,63.477450618885065,751.6484657332767,405.7389778430926,345.9094878901841,53692.84949127489,57090.0,60487.15050872511,11.90103523813317,0.9283001286704939,0.00668898815079671,0.006711409395973256,58540.0,57090.0,1,61200.0
61200.0,61400.0,59800.0,60300.0,6944300.0,2026-07-30,0.0,67.6531930199805,929.8301533606718,510.55721294660844,419.2729404140634,53603.70956051756,57375.0,61146.29043948244,13.146110464426819,1.0071208464820502,0.01980262729617973,0.020000000000000018,59040.0,57375.0,0,60900.0
60900.0,61300.0,60100.0,61200.0,4479800.0,2026-07-31,0.0,65.63287952342668,1034.9032117199022,615.4264127012673,419.4767990186349,53780.131581171874,57675.0,61569.868418828126,13.506262397323365,0.9140062838079555,-0.00491401480242904,-0.004901960784313708,59230.0,57675.0,0,60300.0
60300.0,61000.0,60000.0,60900.0,6377600.0,2026-08-03,0.0,61.666498473141985,1057.5683917823335,703.8548085174805,353.713583264853,54030.13158117183,57925.0,61819.86841882817,13.447970371439515,0.804888348540739,-0.00990107098271157,-0.009852216748768461,59410.0,57925.0,-1,59500.0
59500.0,60400.0,59000.0,60400.0,5531900.0,2026-08-04,0.0,56.74263611552758,999.4562862268795,762.9751040593603,236.48118216751914,54429.04577672719,58145.0,61860.95422327281,12.781681050039772,0.6823219445914741,-0.013355791181555735,-0.013266998341625258,59520.0,58145.0,-1,58600.0
58600.0,60100.0,58600.0,59400.0,5288700.0,2026-08-05,0.0,51.73767477480779,870.7421717748657,784.5285176024614,86.21365417240429,54753.78138327836,58290.0,61826.21861672164,12.133191342328503,0.543832131663765,-0.01524161596861709,-0.015126050420168013,59470.0,58290.0,0,59000.0
59000.0,59600.0,58600.0,58700.0,3231300.0,2026-08-06,0.0,53.692658875578836,791.8836243064798,785.9995389432652,5.884085363214581,55125.72000829854,58455.0,61784.27999170146,11.390916060906555,0.5818495292313147,0.00680274732275262,0.006825938566553003,59590.0,58455.0,1,62000.0
62000.0,63100.0,59000.0,59000.0,13239500.0,2026-08-07,0.0,65.10835460516132,960.3917865542535,820.8779884654629,139.51379808879062,55161.51560230472,58725.0,62288.48439769528,12.13617504536495,0.9595221466548495,0.049596941139372186,0.05084745762711873,59900.0,58725.0,0,62100.0
62100.0,62700.0,61600.0,61600.0,3480200.0,2026-08-10,0.0,65.41441776610476,1089.4464232263927,874.5916754176488,214.8547478087438,55553.37469172736,59060.0,62566.62530827264,11.87478939476004,0.9334651884289145,0.0016116038943416128,0.001612903225806539,60320.0,59060.0,0,62000.0
62000.0,63300.0,61800.0,62500.0,4475100.0,2026-08-11,0.0,64.80225849012007,1170.1650539726397,933.706351128647,236.45870284399268,55929.85499769629,59360.0,62790.14500230371,11.557092325821126,0.8848233818434726,-0.0016116038943415328,-0.0016103059581320522,60560.0,59360.0,0,61800.0
61800.0,62500.0,61400.0,61900.0,2755600.0,2026-08-12,0.0,63.521907144843965,1204.116516192953,987.7883841415082,216.32813205144475,56386.24104021081,59640.0,62893.75895978919,10.911331186415804,0.8319237882544231,-0.0032310205814464203,-0.003225806451612856,60740.0,59640.0,0,61600.0
61600.0,63000.0,61500.0,61800.0,4257000.0,2026-08-13,0.0,62.19846974554929,1201.040123161074,1030.4387319454213,170.6013912156527,56977.85510518353,59910.0,62842.14489481647,9.788499064651875,0.7881849398008317,-0.0032414939241709557,-0.003236245954692518,60780.0,59910.0,0,61600.0
61600.0,62600.0,61000.0,61600.0,3663300.0,2026-08-14,0.0,62.198469745549296,1184.9427767895322,1061.3395409142436,123.60323587528865,57047.79961267921,60040.0,63032.20038732079,9.967356386811415,0.7606777284386395,0.0,0.0,60850.0,60040.0,0,62200.0
62200.0,63000.0,61700.0,61700.0,2965800.0,2026-08-17,0.0,64.75344759644338,1206.6905222045461,1090.4097371723042,116.28078503224197,57176.70453152158,60225.0,63273.29546847842,10.12302355659085,0.823951536263943,0.009693129205659751,0.009740259740259827,61040.0,60225.0,0,62100.0
62100.0,62600.0,61800.0,62200.0,1844100.0,2026-08-18,0.0,63.97731274399746,1202.0006871626974,1112.7279271703828,89.2727599923146,57379.00224869607,60410.0,63440.99775130393,10.034755011766022,0.7787860860789103,-0.0016090108057006626,-0.001607717041800627,61300.0,60410.0,1,63100.0
63100.0,63200.0,61600.0,61900.0,4664900.0,2026-08-19,0.0,68.09554052929658,1264.4003812220617,1143.0624179807187,121.337963241343,57419.28980022691,60610.0,63800.71019977309,10.528659296396942,0.8901952612583048,0.015974780607734464,0.016103059581320522,61750.0,60610.0,1,64000.0
64000.0,64300.0,62700.0,63100.0,6309900.0,2026-08-20,0.0,71.27808738364591,1370.6747810552333,1188.5848905956218,182.08989045961152,57674.53352635279,60920.0,64165.46647364721,10.654847254258737,0.9745080599367181,0.01416231381250442,0.014263074484944571,62250.0,60920.0,0,63800.0
63800.0,64100.0,63400.0,64100.0,3581800.0,2026-08-21,0.0,69.61618390137434,1422.363558348392,1235.340624146176,187.022934202216,57823.22297509245,61165.0,64506.77702490755,10.927089102943015,0.8942513190377953,-0.0031298930089277044,-0.0031250000000000444,62430.0,61165.0,0,63200.0
63200.0,64400.0,63200.0,64000.0,3332500.0,2026-08-24,0.0,64.73949547963255,1398.787944451593,1268.0300882072595,130.75785624433342,58347.89545585449,61430.0,64512.10454414551,10.034525619877954,0.7871414604287404,-0.009448889197932507,-0.009404388714733591,62540.0,61430.0,0,62600.0
62600.0,63800.0,62500.0,63100.0,3343900.0,2026-08-25,0.0,60.19816864953361,1316.5131706640532,1277.7267046986183,38.7864659654349,58582.03577845328,61580.0,64577.96422154672,9.736811372350495,0.6701154391151738,-0.009539023046758948,-0.009493670886076,62600.0,61580.0,0,62800.0
62800.0,63500.0,62400.0,62700.0,2402700.0,2026-08-26,0.0,61.175809380345434,1253.0042946690955,1272.7822226927137,-19.777928023618188,58771.601683698565,61720.0,64668.398316301435,9.554109903763559,0.6831502877390709,0.003189795368100081,0.0031948881789136685,62700.0,61720.0,0,62500.0
62500.0,63200.0,62300.0,62700.0,2651300.0,2026-08-27,0.0,58.84109933264585,1165.035753138356,1251.2329287818422,-86.19717564348616,58827.56512284347,61785.0,64742.43487715653,9.573310276463632,0.620881782642573,-0.004788516731797233,-0.004777070063694322,62790.0,61785.0,0,62300.0
62300.0,63000.0,62300.0,62900.0,2385900.0,2026-08-28,0.0,57.27186437713947,1066.8833544673907,1214.363013918952,-147.47965945156125,58919.57211941843,61855.0,64790.42788058157,9.491319636509806,0.57579814904392,-0.0032051309489483358,-0.0031999999999999806,62860.0,61855.0,0,62300.0
62300.0,62300.0,62300.0,62300.0,0.0,2026-08-31,0.0,57.27186437713947,977.8251121529102,1167.0554335657437,-189.23032141283352,59107.6743849912,61955.0,64802.3256150088,9.191592655988373,0.5605831658629836,0.0,0.0,62870.0,61955.0,0,62300.0
62300.0,62300.0,62300.0,62300.0,0.0,2026-09-01,0.0,57.27186437713947,896.9068298591956,1113.025712824434,-216.11888296523853,59490.97477577276,62095.0,64699.02522422724,8.387229967717982,0.539362137911094,0.0,0.0,62890.0,62095.0,0,62300.0
62300.0,62300.0,62300.0,62300.0,0.0,2026-09-02,0.0,57.27186437713948,823.2881547873694,1055.0782012170212,-231.79004642965174,60261.558704557196,62280.0,64298.441295442804,6.481828180612731,0.5049543179792139,0.0,0.0,62810.0,62280.0,-1,61200.0
61200.0,62300.0,61200.0,62200.0,3947400.0,2026-09-03,0.0,47.834515720198446,668.4782167135854,977.7582043163341,-309.27998760274863,60974.44729039315,62390.0,63805.55270960685,4.537755119752676,0.07966948460347045,-0.01781423627512704,-0.017656500802568198,62530.0,62390.0,1,61900.0
61900.0,62100.0,61200.0,61400.0,1906600.0,2026-09-04,0.0,53.12767774662451,595.4108496561894,901.2887333843051,-305.87788372811576,60962.95551183978,62385.0,63807.04448816022,4.558930794775101,0.32947087660124086,0.01137299017226998,0.011437908496731986,62340.0,62385.0,-1,60700.0
60700.0,62200.0,60600.0,61900.0,3004700.0,2026-09-07,0.0,44.745624622268934,435.65253244989435,808.161493197423,-372.5089607475287,60708.07420012411,62315.0,63921.92579987589,5.157428548105244,-0.0025123126795065323,-0.019576481625097827,-0.01938610662358642,62090.0,62315.0,0,61000.0
61000.0,61100.0,60400.0,60700.0,1874400.0,2026-09-08,0.0,46.997033852799,329.4526824170389,712.4197310413463,-382.9670486243074,60557.70913279135,62265.0,63972.29086720865,5.483950428679511,0.12953002786566073,0.004930166107858586,0.0049423393739702615,61930.0,62265.0,0,61000.0
61000.0,61000.0,61000.0,61000.0,0.0,2026-09-09,0.0,46.997033852799,242.49322518426925,618.4344298699309,-375.94120468566166,60436.2927337875,62225.0,64013.7072662125,5.7491595539172335,0.1575739297481924,0.0,0.0,61750.0,62225.0,0,61600.0
61600.0,61900.0,61100.0,61300.0,1890400.0,2026-09-10,0.0,51.573884728949466,219.46238860378799,538.6400216167024,-319.1776330129144,60436.2927337875,62225.0,64013.7072662125,5.7491595539172335,0.3252928213000982,0.009788006366162944,0.009836065573770592,61660.0,62225.0,-1,59900.0
59900.0,61300.0,59800.0,61200.0,4047300.0,2026-09-11,0.0,40.8188913466021,63.304754375734774,443.5729681685089,-380.26821379277413,60084.55792948235,62140.0,64195.44207051765,6.615520020977319,-0.044894947935912255,-0.02798536541807045,-0.02759740259740262,61420.0,62140.0,-1,59300.0
59300.0,60100.0,58600.0,59700.0,3853000.0,2026-09-14,0.375,37.82109955977579,-107.62564001235296,333.33324653233655,-440.9588865446895,59579.71969590298,61995.0,64410.28030409702,7.79185516282609,-0.057906259457441975,-0.010067199117723856,-0.01001669449081799,61120.0,61995.0,0,59300.0
