close,high,low,open,volume,time,sentiment_score,RSI_14,MACD_12_26_9,MACDs_12_26_9,MACDh_12_26_9,BBL_5_2.0_2.0,BBM_5_2.0_2.0,BBU_5_2.0_2.0,BBB_5_2.0_2.0,BBP_5_2.0_2.0,log_ret,price_change,sma_10,sma_20,target_3class,target_price_next
24866.0703125,26436.112639016737,24866.0703125,25460.139770834387,1068796.0,2021-01-28,0.0,47.690284169364055,319.2933237040743,568.9964437002986,-249.70311999622436,24899.01138580297,27134.14296875,29369.274551697028,16.47467978274603,-0.007368933792151978,-0.07239992757436486,-0.0698411747472305,27382.37890625,27134.14296875,1,26605.84375
26605.84375,26605.84375,25035.80158703135,25035.80158703135,674115.0,2021-01-29,0.0,56.82768890164233,258.07604400740456,506.8123637617199,-248.73631975431533,25175.783920605365,27210.52333984375,29245.262759082132,14.955533150359965,0.35141104946251933,0.06762664532601073,0.06996575717979159,27216.88828125,27210.52333984375,1,26945.3125
26945.3125,27751.551432271364,26436.110886379513,27327.215884528883,423413.0,2021-02-01,0.0,58.35624768433461,234.25287850138193,452.30046670965237,-218.04758820827044,25396.303421594577,27280.538671875,29164.773922155426,13.813768657163545,0.4110445015225379,0.012678467508227577,0.0127591800203668,27098.07421875,27280.538671875,1,28006.15234375
28006.15234375,28006.15234375,26733.145656231936,26775.579560372713,685176.0,2021-02-02,0.0,62.78999811711796,297.54385740975704,421.3491448496733,-123.80528743991624,25467.813348649994,27350.5541015625,29233.294854475003,13.767477952521237,0.6741074126040253,0.03861486358413455,0.0393701072774717,27267.8083984375,27350.5541015625,1,29703.494140625
29703.494140625,29958.094067774306,28048.584177450033,28642.65357321632,875937.0,2021-02-03,0.0,68.55811587692459,479.14047872788797,432.9074116253163,46.23306710257168,25404.506090873336,27511.8015625,29619.097034126666,15.319211043590958,1.0200249816968445,0.0588404741198237,0.060606033133065784,27552.1130859375,27511.8015625,1,30764.3359375
30764.3359375,31061.37153377399,29788.36481737276,29788.36481737276,923202.0,2021-02-04,0.0,71.52873634655055,700.5822999816628,486.4423892965856,214.1399106850772,25219.6474478292,27723.96953125,30228.2916146708,18.066114815181642,1.107023838183183,0.03509140823912482,0.03571437730028215,27844.905078125,27723.96953125,0,30934.0625
30934.0625,31146.230247802047,30467.29484639598,30976.498136901133,437580.0,2021-02-05,0.0,71.98479044009134,879.6322013915233,565.0803517155732,314.55184967595005,25079.95326132815,27927.65029296875,30775.347324609345,20.393387927501742,1.0278672860257219,0.005501828084194262,0.005516990935374277,28099.5056640625,27927.65029296875,-1,30255.134765625
30255.134765625,30934.070339081863,29533.763544513276,30934.070339081863,846994.0,2021-02-08,0.0,67.33824862287008,955.7296872024745,643.2102188129535,312.51946838952097,25047.72284321625,28067.68115234375,31087.63946147125,21.51911511845947,0.8621661939288872,-0.022192008654405595,-0.021947577508612093,28281.9703125,28067.68115234375,0,30255.134765625
30255.134765625,30255.134765625,30255.134765625,30255.134765625,0.0,2021-02-09,0.0,67.33824862287008,1004.4587181118804,715.4599186727389,288.9987994391415,25011.731013170505,28184.3734375,31357.01586182949,22.51348557643091,0.8263464726193713,0.0,0.0,28506.8685546875,28184.3734375,0,30255.134765625
30255.134765625,30255.134765625,30255.134765625,30255.134765625,0.0,2021-02-10,0.0,67.33824862287008,1031.1899107832214,778.6059170948355,252.58399368838593,24980.991577043897,28286.2140625,31591.436547956102,23.369847079238145,0.7978499498579594,0.0,0.0,28859.067578125,28286.2140625,0,30255.134765625
30255.134765625,30255.134765625,30255.134765625,30255.134765625,0.0,2021-02-11,0.0,67.33824862287008,1040.3817009299055,830.9610738618496,209.42062706805586,24970.737684710515,28390.17646484375,31809.615244976983,24.088887114651147,0.7726994721497229,0.0,0.0,29397.9740234375,28390.17646484375,0,30255.134765625
30255.134765625,30255.134765625,30255.134765625,30255.134765625,0.0,2021-02-12,0.0,67.33824862287008,1035.7270441966211,871.914267928804,163.81277626781718,24971.459830937398,28489.895703125,32008.3315753126,24.699534942851134,0.7508556538508767,0.0,0.0,29762.903125,28489.895703125,0,30255.134765625
30255.134765625,30255.134765625,30255.134765625,30255.134765625,0.0,2021-02-15,0.0,67.33824862287008,1020.2770761668799,901.5868295764192,118.69024659046067,24995.802942310427,28595.97978515625,32196.156628002074,25.17960125789865,0.7304268724695814,0.0,0.0,30093.8853515625,28595.97978515625,0,30255.134765625
30255.134765625,30255.134765625,30255.134765625,30255.134765625,0.0,2021-02-16,0.0,67.33824862287008,996.545311173013,920.578525895738,75.966785277275,25289.642968434426,28793.29599609375,32296.949023753077,24.33658882355566,0.7086163723963064,0.0,0.0,30318.78359375,28793.29599609375,1,33055.75
33055.75,33522.51774599635,32207.078840805254,32376.810985303066,658836.0,2021-02-17,0.0,77.43283919871133,1190.0063081658773,974.4640823497659,215.54222581611134,25241.712917797737,29103.0611328125,32964.40934782727,26.53568432127063,1.0118275595836648,0.08852961559500971,0.09256660914156556,30654.0091796875,29103.0611328125,0,33183.046875
33183.046875,33225.47903743095,32504.10792379376,33098.179071236525,470783.0,2021-02-18,0.0,77.7691602771447,1338.1717253749193,1047.2056109547966,290.9661144201227,25154.25529649484,29370.39267578125,33586.53005506766,28.710119240339786,0.9521501384122412,0.0038435792230440942,0.003850975246364019,30895.8802734375,29370.39267578125,-1,32504.11328125
32504.11328125,33098.18452660993,32249.513306896966,32801.14890392996,781323.0,2021-02-19,0.0,71.63706118979174,1384.845976674027,1114.7336840986427,270.11229257538434,25164.649817633326,29576.1955078125,33987.74119799167,29.83173200227102,0.8318471550635334,-0.020672465380815155,-0.02046025478936675,31052.8853515625,29576.1955078125,0,32588.974609375
32588.974609375,32886.01017290459,32291.939045845404,32504.10680852348,486776.0,2021-02-22,0.0,71.93493682948103,1412.401966383597,1174.2673405556336,238.13462582796342,25210.907536690163,29784.11982421875,34357.33211174733,30.70906452511589,0.8066613365844895,0.00260738517566607,0.0026107873606862064,31286.2693359375,29784.11982421875,-1,32037.345703125
32037.345703125,32673.849121906205,31655.44226029541,32376.81349736121,707193.0,2021-02-23,0.0,67.00847239211141,1373.891082992137,1214.1920890429344,159.69899394920253,25387.14155561298,29985.6794921875,34584.21742876202,30.67156065462935,0.7230780999564611,-0.017071753457845857,-0.016926856793196277,31464.4904296875,29985.6794921875,0,32037.345703125
32037.345703125,32037.345703125,32037.345703125,32037.345703125,0.0,2021-02-24,0.0,67.00847239211141,1328.0618600160124,1236.96604323755,91.09581677846245,25833.942735629113,30250.88955078125,34667.836365933385,29.202095414335115,0.7022274918746355,0.0,0.0,31642.7115234375,30250.88955078125,0,32334.373046875
32334.373046875,32376.805205699387,31613.00199455148,32291.937409149337,404545.0,2021-02-25,0.0,68.36157019693209,1300.7156545074686,1249.7159654915338,50.99968901593479,26918.673439041864,30624.3046875,34329.935935958136,24.200590258433998,0.7307391433087868,0.009228569862040186,0.00927128440983882,31850.6353515625,30624.3046875,0,32334.373046875
32334.373046875,32419.24084342505,31782.73758765158,31825.16974647597,406329.0,2021-02-26,0.0,68.36157019693209,1264.4675942998329,1252.6662912531938,11.801303046639077,27654.60843053184,30910.73115234375,34166.853874155655,21.067911372035066,0.7186099874237926,0.0,0.0,32058.5591796875,30910.73115234375,1,33055.75
33055.75,33098.18216639898,32588.978775101754,32588.978775101754,436153.0,2021-03-01,0.0,71.6379861206752,1279.203969665079,1257.973826935571,21.23014272950809,28411.340774320928,31216.25302734375,34021.16528036657,17.970845191226953,0.8279063312361814,0.022064684577910637,0.02230991001678695,32338.620703125,31216.25302734375,0,33055.75
33055.75,33480.08557959738,32631.414420402627,33480.08557959738,382339.0,2021-03-02,0.0,71.6379861206752,1276.1717398838337,1261.6134095252235,14.558330358610192,28990.4116855706,31468.73291015625,33947.0541347419,15.751007399384628,0.8201798608872997,0.0,0.0,32618.6822265625,31468.73291015625,0,32970.87109375
32970.87109375,33140.60318113372,32843.57115848702,33098.17102901298,335683.0,2021-03-03,0.0,70.63973445713155,1252.481826708965,1259.787092961972,-7.305266253006948,29213.68883588191,31632.1017578125,34050.514679743086,15.290877226223445,0.7767867562642652,-0.0025710524512774042,-0.0025677501266799796,32610.1943359375,31632.1017578125,-1,32207.076171875
32207.076171875,33013.3116189579,31867.60495320683,32970.879456075185,608968.0,2021-03-04,0.0,62.23552774130223,1158.7185468160205,1239.5733837327816,-80.85483691676109,29308.851617950826,31704.23876953125,34099.62592111167,15.1108321445173,0.6049595264823874,-0.02343829223594586,-0.023165748933451358,32512.597265625,31704.23876953125,0,32207.076171875
32207.076171875,32249.50833475772,31613.005018107302,32037.340562540914,526275.0,2021-03-05,0.0,62.23552774130223,1072.0525178763528,1206.0692105614958,-134.01669268514297,29391.0904600119,31767.889453125,34144.688446238106,14.963530999565966,0.5923903788293758,0.0,0.0,32482.8935546875,31767.889453125,0,32164.638671875
32164.638671875,32461.67423159851,31994.906551248285,32249.506471639063,347688.0,2021-03-08,0.0,61.762036805399816,988.5493326059404,1162.5652349703848,-174.0159023644444,29591.326525864093,31863.3646484375,34135.40277101091,14.26113122478936,0.5663003891625427,-0.0013185140787710249,-0.001317645220992092,32440.4599609375,31863.3646484375,-1,31825.17578125
31825.17578125,32122.211386049217,31613.00798909369,31825.17578125,458043.0,2021-03-09,0.0,57.963181886177686,884.7814288529844,1107.0084737469047,-222.22704489392027,29798.96898382217,31941.86669921875,34084.76441461533,13.417485806795334,0.4727726346595231,-0.010610003420902394,-0.010553915872893893,32419.24296875,31941.86669921875,1,32376.80078125
32376.80078125,32886.0040120639,31825.165397410277,32207.0686902459,546193.0,2021-03-10,0.0,62.04824932952588,837.4030834185869,1053.087395681241,-215.6843122626542,30051.580656236652,32047.95,34044.319343763345,12.458639905287836,0.5823622097477429,0.017184473261487004,0.017332975748243662,32453.1884765625,32047.95,0,32546.541015625
32546.541015625,32716.273130954585,32291.93762427868,32461.673218509557,310161.0,2021-03-11,0.0,63.23227652215403,804.2807735449824,1003.3260712539893,-199.04529770900695,30344.310692800973,32162.5203125,33980.72993219903,11.306387696192942,0.6056040785848903,0.005228955147090765,0.005242649992561965,32474.4052734375,32162.5203125,0,32461.6796875
32461.6796875,32716.279650681918,32376.81187347203,32673.84748311893,432942.0,2021-03-12,0.0,62.187690994352444,762.3950883685684,955.1398746769052,-192.74478630833676,30689.320899309812,32272.84755859375,33856.37421787769,9.813368073015113,0.5596239184857293,-0.0026107890789788504,-0.0026073839331884896,32487.1359375,32272.84755859375,0,32461.6796875
32461.6796875,32886.015278737854,32291.944059444064,32504.11185506299,369579.0,2021-03-15,0.0,62.187690994352444,720.8904052432445,908.2899807901731,-187.39957554692865,31115.608145667247,32383.1748046875,33650.74146370775,7.828550885855521,0.530966767015306,0.0,0.0,32427.72890625,32383.1748046875,1,34371.1875
34371.1875,34583.35528112467,32504.10963454221,32673.845251002644,1072700.0,2021-03-16,0.0,73.5782996580115,832.4826253844512,893.1285097090288,-60.64588432457754,31445.71429724421,32588.97744140625,33732.24058556829,7.0162566236856225,1.279440003683505,0.057158333617150614,0.058823444469982,32559.27265625,32588.97744140625,0,34286.3203125
34286.3203125,34583.355907232515,33946.85255233505,34583.355907232515,336480.0,2021-03-17,0.0,72.53249777327,903.655413952245,895.2338905576721,8.421523394572887,31289.711184176038,32650.50595703125,34011.30072988646,8.335520280427176,1.1010510872394426,-0.0024721908332449947,-0.0024691374861575133,32690.817578125,32650.50595703125,0,34371.1875
34371.1875,34371.1875,33946.85193775066,34371.1875,379359.0,2021-03-18,0.0,72.94659872674342,955.8895348933656,907.3650194248108,48.524515468554796,31160.55436366427,32709.91298828125,34259.27161289823,9.473327704491648,1.0361168438744899,0.0024721908332450563,0.002475249216786324,32907.2287109375,32709.91298828125,-1,33861.98046875
33861.98046875,34159.0160259928,33692.248349540816,33946.84826780528,471769.0,2021-03-19,0.0,66.47129060810704,945.2998717715236,914.9519898941534,30.34788187737024,31149.429791137052,32777.80634765625,34406.18290417545,9.935848294714427,0.8329003100521373,-0.014925775828701186,-0.014814938565913649,33072.719140625,32777.80634765625,-1,33395.21875
33395.21875,33777.1186955276,33225.48312160863,33734.68652788075,437559.0,2021-03-22,0.0,61.11585496031871,888.9959259863645,909.7607771125956,-20.76485112623118,31169.63040105784,32818.1185546875,34466.60670831716,10.046207559904143,0.6750392303523188,-0.013880126378317717,-0.013784241567936562,33195.7771484375,32818.1185546875,0,33437.6484375
33437.6484375,33946.851806003346,33225.48065719875,33310.348465099596,462094.0,2021-03-23,0.0,61.420140018663766,838.1368446619636,895.4359906224693,-57.29914596050571,31260.454923946414,32888.13369140625,34515.81245886609,9.898273843888884,0.6688031929516797,0.0012697253607688865,0.0012705318032988355,33357.0244140625,32888.13369140625,-1,32673.845703125
32673.845703125,33480.08467411573,32461.677919064474,33055.74910599467,520525.0,2021-03-24,0.0,53.32968172176525,727.8084363845919,861.9104797748938,-134.1020433903019,31338.075813573578,32919.95869140625,34501.84156923893,9.610479117919594,0.4222088462647589,-0.023107531619154915,-0.022842597194077885,33386.72890625,32919.95869140625,0,32504.11328125
32504.11328125,32886.01672168169,32461.681111825208,32886.01672168169,483859.0,2021-03-25,0.0,51.69993323525817,619.5347787369683,813.4353395673088,-193.9005608303405,31358.011294111497,32928.445703125,34498.880112138504,9.538466669044542,0.36489966742974245,-0.0052082884522190506,-0.005194748834195684,33382.4861328125,32928.445703125,0,32291.939453125
32291.939453125,32588.975020400932,31613.003995552717,32334.3750935367,560927.0,2021-03-26,0.0,49.6570470485738,510.7192170402632,752.8921150618996,-242.17289802163646,31352.399464173664,32926.3240234375,34500.24858270133,9.560281057451098,0.2984704646170538,-0.006548997276968367,-0.006527599331478839,33365.512109375,32926.3240234375,1,32928.4375
32928.4375,33140.60523153195,32291.934305404153,32461.669882190086,419278.0,2021-03-29,0.0,55.3561415524731,470.41947053811236,696.3975861571423,-225.97811561902995,31347.208482127855,32919.9583984375,34492.70831474714,9.554993340357878,0.5026956293160699,0.019518999577633304,0.01971074074999235,33412.187890625,32919.9583984375,0,32716.27734375
32716.27734375,33098.180740495605,32673.84517917904,33055.74857592465,317444.0,2021-03-30,0.0,53.194492069562074,416.56023251746956,640.4301154292077,-223.86988291173816,31329.07843187658,32902.984765625,34476.89109937342,9.566951721612432,0.4406866158831905,-0.006463913978879611,-0.006443067827011206,33246.696875,32902.984765625,0,32970.87109375
32970.87109375,33140.60318113372,32504.10002591812,32716.267744323322,288250.0,2021-03-31,0.0,55.44304719540577,389.925171589417,590.3291266612497,-200.40395507183268,31329.07843187658,32902.984765625,34476.89109937342,9.566951721612432,0.5215661906523126,0.007751745384708185,0.0077818679468015794,33115.151953125,32902.984765625,1,33819.546875
33819.546875,33819.546875,33055.74367368424,33055.74367368424,524890.0,2021-04-01,0.0,61.99699875056293,432.3142867843708,558.726158685874,-126.41187190150322,31394.67256353091,32983.60830078125,34572.54403803159,9.634699289178172,0.763049837265711,0.025414467709653554,0.025740168612374825,33059.987890625,32983.60830078125,0,33861.98046875
33861.98046875,34159.0160259928,33861.98046875,34116.58386591585,409309.0,2021-04-02,0.0,62.29562786506636,463.98348950936634,539.7776248505725,-75.79413534120613,31475.325724811035,33066.353515625,34657.38130643896,9.623243095505813,0.7500355297747383,0.0012539196727756243,0.0012547061587442343,33059.987890625,33066.353515625,0,33777.11328125
33777.11328125,34159.016644462674,33480.08119753063,34116.58448361746,312092.0,2021-04-05,0.0,61.25882170555234,476.73794974110206,527.1696898286784,-50.43174008757637,31585.19076128494,33146.97724609375,34708.76373090257,9.42340215950077,0.7017356537802878,-0.0025094136343351255,-0.0025062676879847867,33098.17734375,33146.97724609375,0,33692.25390625
33692.25390625,33946.853866504476,33564.950447220814,33564.950447220814,316038.0,2021-04-06,0.0,60.180275207588615,474.52844052389264,516.6414399677213,-42.1129994438287,31792.14104036697,33240.33115234375,34688.52126432054,8.713451772424197,0.6560301890507216,-0.0025154947581269337,-0.002512333552408874,33123.637890625,33240.33115234375,0,33777.11328125
33777.11328125,33819.548920996654,33564.94551922106,33607.381158967706,315618.0,2021-04-07,0.0,60.921236851357904,474.15902087481663,508.14495614914046,-33.98593527432382,31903.119870173126,33310.34677734375,34717.57368451438,8.449187974997363,0.6658462119818085,0.0025154947581269766,0.0025186612696237454,33233.9646484375,33310.34677734375,0,33777.11328125
33777.11328125,34201.44880530788,33734.681120404784,34031.716683025596,337866.0,2021-04-08,0.0,60.921236851357904,468.46606792040984,500.20917850339436,-31.743110582984514,31998.050742981435,33371.875390625,34745.700038268566,8.23342788837997,0.6474853036448569,0.0,0.0,33361.2646484375,33371.875390625,1,34837.95703125
34837.95703125,35219.85693157647,33904.41814339376,33904.41814339376,833310.0,2021-04-09,0.0,69.22411980409373,543.2928447462182,508.82591175195915,34.466932994259025,32039.466417365536,33490.6892578125,34941.91209825946,8.666425640125818,0.9641836304831571,0.03092406038519428,0.03140717624880285,33615.86640625,33490.6892578125,0,34837.95703125
34837.95703125,34965.25699802549,34583.35361879743,34965.25699802549,424483.0,2021-04-12,0.0,69.22411980409373,595.7264408946867,526.2060175805047,69.52042331418193,32124.301612048876,33609.503125,35094.70463795113,8.837985538955374,0.9135647235535845,0.0,0.0,33806.818359375,33609.503125,-1,34243.890625
34243.890625,34880.39402595568,34159.02280909217,34795.52621004784,427757.0,2021-04-13,0.0,60.83027687764063,582.6280756589258,537.490429196189,45.137646462736825,32130.644086807948,33603.13828125,35075.63247569205,8.764027824530181,0.7175738098555935,-0.01719933878216587,-0.017052274498103204,33959.5796875,33603.13828125,0,34371.1875
34371.1875,34371.1875,33734.68415662599,33946.85193775066,531124.0,2021-04-14,0.0,61.8964703869725,575.8809239709808,545.1685281511474,30.712395819833432,32126.13481391481,33607.381640625,35088.628467335184,8.81500881294268,0.7578253149987829,0.0037104678600077853,0.0037173601678035517,34099.611328125,33607.381640625,-1,33946.84765625
33946.84765625,34540.91876003335,33861.979858723615,34371.18316498059,439952.0,2021-04-15,0.0,56.38659062213455,530.1814765776217,542.1711178364422,-11.989641258820598,32139.224331217505,33586.1646484375,35033.1049656575,8.616287881428647,0.6246364495895305,-0.012422643591817878,-0.012345801079756136,34112.34140625,33586.1646484375,0,33819.546875
33819.546875,34456.050122579996,33437.643534891504,33861.97903327817,460604.0,2021-04-16,0.0,54.81028565788718,478.18006400074955,529.3729070693038,-51.192843068554225,32138.681953637675,33584.04296875,35029.40398386232,8.607427143046674,0.5814688869381537,-0.003757051909658881,-0.0037500030205768198,34108.098046875,33584.04296875,1,34583.3515625
34583.3515625,34583.3515625,33734.6805292559,33946.84828756692,499684.0,2021-04-19,0.0,61.72420839967754,492.9191595430748,522.082157564058,-29.162998020983196,32134.497006095768,33643.449609375,35152.40221265423,8.970260902489333,0.8114418408777118,0.02233345230751141,0.02258471085739533,34188.721875,33643.449609375,1,35177.4296875
35177.4296875,36026.10088986755,34625.790622839435,34710.658438856604,995422.0,2021-04-20,0.0,66.07218095945495,546.2404191897003,526.9138098891865,19.326609300513837,32077.699056453213,33730.438671875,35383.178287296796,9.799692387634868,0.9377552888921684,0.017032277335442023,0.01717815359585284,34337.239453125,33730.438671875,0,35177.4296875
35177.4296875,35177.4296875,35177.4296875,35177.4296875,0.0,2021-04-21,0.0,66.07218095945495,581.7913728252097,537.8893224763912,43.902050348818534,32161.11581523793,33855.61787109375,35550.11992694958,10.010167661436222,0.8900295699961996,0.0,0.0,34477.27109375,33855.61787109375,-1,33946.84765625
33946.84765625,35601.75753185983,33946.84765625,34795.51867371119,476681.0,2021-04-22,0.0,51.9069284990482,504.8484950003258,531.2811569811781,-26.432661980852345,32357.200823900454,33927.75458984375,35498.308355787056,9.258224040641021,0.5060784504231148,-0.03560867773329441,-0.03498214742185324,34494.24453125,33927.75458984375,1,35219.85546875
35219.85546875,35219.85546875,33819.54893457697,33946.84889606517,664566.0,2021-04-23,0.0,61.17901388850835,540.3628350805375,533.09749260105,7.265342479487458,32602.914978091634,34074.150390625,35545.385803158366,8.63549286287211,0.8893683731253366,0.03681400223670976,0.03750003020576864,34532.434375,34074.150390625,-1,34371.1875
34371.1875,35134.990816268466,34159.01971887533,35007.69084337401,535468.0,2021-04-26,0.0,53.74047204698029,494.32947056981357,525.3438881948027,-31.014417624989164,32773.38996256306,34146.287890625,35519.185818686936,8.041271909025715,0.5819068937238779,-0.024391358644891902,-0.024096293339505914,34485.757421875,34146.287890625,0,34243.890625
34243.890625,34540.92624122639,33989.28717727649,34116.590640589275,270137.0,2021-04-27,0.0,52.705319388247304,442.4753234965174,508.7701752551457,-66.29485175862834,33026.09912178044,34222.6685546875,35419.23798759456,6.992847042275237,0.508867880847056,-0.0037104678600078725,-0.003703592580267978,34485.757421875,34222.6685546875,0,34286.3203125
34286.3203125,34498.48809746582,33989.284717767485,33989.284717767485,286844.0,2021-04-28,0.0,53.030077154832256,400.19110557872773,487.05436131986215,-86.86325574113442,33247.03692623887,34288.441015625,35329.84510501113,6.0743740954076655,0.4989818058395317,0.0012382770267629468,0.0012390440083063226,34477.270703125,34288.441015625,0,34328.75390625
34328.75390625,34710.65380903509,34286.31826445059,34286.31826445059,439805.0,2021-04-29,0.0,53.37489657852576,365.8868784428123,462.8208647444522,-96.93398630163989,33296.134917749514,34313.9013671875,35331.667816625486,5.932094042860543,0.5072966342478187,0.0012368593823674778,0.001237624608393162,34515.461328125,34313.9013671875,0,34328.75390625
34328.75390625,34328.75390625,34328.75390625,34328.75390625,0.0,2021-04-30,0.0,53.37489657852576,334.8406961745859,437.224831030479,-102.38413485589308,33341.94851139394,34337.2400390625,35332.53156673106,5.797155080235354,0.4957368607204084,0.0,0.0,34566.38203125,34337.2400390625,0,34328.75390625
34328.75390625,34328.75390625,34328.75390625,34328.75390625,0.0,2021-05-03,0.0,53.37489657852576,306.70091580860026,411.12004798610326,-104.419132177503,33404.943845617534,34364.8220703125,35324.70029500746,5.5864000851277185,0.48121211465446095,0.0,0.0,34540.922265625,34364.8220703125,1,35177.4296875
35177.4296875,35432.029656649436,33946.855052506224,33946.855052506224,495759.0,2021-05-04,0.0,60.6001416170032,348.85954433030565,398.6679472549438,-49.80840292463813,33468.54814306351,34439.080859375,35409.61357568648,5.63622891258021,0.8803832759657508,0.024421365592354125,0.024722009530776745,34540.922265625,34439.080859375,0,35177.4296875
35177.4296875,35856.36525783321,35092.56187148283,35856.36525783321,487196.0,2021-05-05,0.0,60.60014161700321,377.9142014988174,394.51719810371856,-16.602996604901136,33537.59768118638,34509.0966796875,35480.59567818862,5.630393675722938,0.8439699931979547,0.0,0.0,34540.922265625,34509.0966796875,0,35092.55859375
35092.55859375,35432.02634720947,34880.390812975114,35219.85856643458,413255.0,2021-05-06,0.0,59.53020631540434,389.60076357957587,393.53391119889,-3.933147619314127,33634.409120995224,34574.8689453125,35515.32876962977,5.4401352948282184,0.7752321976184999,-0.0024155727671056034,-0.002412657618932279,34655.493359375,34574.8689453125,0,35219.85546875
35219.85546875,35644.19099297828,34922.819906009914,35092.5555072618,567916.0,2021-05-07,0.0,60.65234204784107,404.47174368752894,395.72147769661785,8.750265990911089,33616.24286628676,34593.9638671875,35571.68486808824,5.652552593593424,0.8200767913269166,0.003620897270520901,0.0036274606384121277,34655.493359375,34593.9638671875,1,36407.9921875
36407.9921875,36492.85998333964,35219.8534824488,35262.289119819245,945365.0,2021-05-10,0.0,69.22855646568568,506.29356898648984,417.8358959545923,88.45767303189757,33403.514731976065,34672.465625,35941.41651802393,7.319646123516385,1.1838430754259581,0.0331783167425077,0.03373485503948803,34859.173828125,34672.465625,0,36153.38671875
36153.38671875,36747.45771936235,36153.38671875,36492.85437099961,436279.0,2021-05-11,0.0,65.91316436600772,559.988368292099,446.26639042209365,113.72197787000539,33355.53190514206,34767.9404296875,36180.34895423294,8.124775336645593,0.9904552277140858,-0.007017686749790129,-0.006993120286303944,35050.1234375,34767.9404296875,0,36238.265625
36238.265625,36238.265625,35771.49441584161,36068.5300073239,387125.0,2021-05-12,0.0,66.48933275565136,602.4462763002884,477.50236759773264,124.9439087025558,33318.507452438855,34861.2943359375,36404.08121943614,8.851001736376894,0.9462610175748593,0.0023449926171774356,0.002347744262807261,35245.31796875,34861.2943359375,-1,35644.1875
35644.1875,36238.258567263736,35644.1875,36068.52298264521,536937.0,2021-05-13,0.0,58.97547976303975,581.4546868331963,498.2928314448254,83.1618553883709,33428.64466930107,34946.161328125,36463.67798694893,8.684883267007745,0.7299896241059933,-0.016529531910733947,-0.016393668812619944,35376.861328125,34946.161328125,0,35983.65625
35983.65625,36577.72733475822,35686.62418652209,35771.488502429376,390105.0,2021-05-14,0.0,61.642934258863995,585.4621487967743,515.7266949152153,69.73545388155901,33566.76632956166,35054.366796875,36541.967264188344,8.487390321059562,0.8123451066143206,0.009478752225494547,0.009523817873531293,35542.3515625,35054.366796875,1,36365.55859375
36365.55859375,36747.461920504735,36153.39085197539,36407.99075054448,366136.0,2021-05-17,0.0,64.44388228253553,612.3951091095951,535.0603777540913,77.33473135550378,33563.99739090014,35143.4771484375,36722.95690597486,8.988750605786793,0.8868620156354212,0.010557291926119951,0.010613216764208122,35746.03203125,35143.4771484375,1,36917.19921875
36917.19921875,37086.93482760235,36577.7314799469,36662.59928437308,447780.0,2021-05-18,0.0,68.07078956626971,670.5230895927452,562.1529201218221,108.37016947092309,33462.702259498394,35230.465625,36998.2289905016,10.035424364344339,0.9770812730558515,0.015055411702526644,0.015169315317345555,35920.008984375,35230.465625,1,38529.6796875
38529.6796875,38656.97966334929,36832.3339202028,37129.36951645236,603680.0,2021-05-19,0.0,75.83140856801134,837.0545864574015,617.1332533889381,219.92133306846335,33096.4168773767,35398.078125,37699.7393726233,13.004441876734225,1.1802915862909236,0.04275129933308057,0.04367829908209919,36255.233984375,35398.078125,1,40524.0546875
40524.0546875,40524.0546875,38359.944629621474,38529.6802525108,739598.0,2021-05-20,0.0,81.74228262201207,1117.084339425921,717.1234705963346,399.9608688295863,32575.651534821962,35726.9384765625,38878.22541830304,17.640957082330676,1.2611360532417792,0.05046689542322049,0.05176204464131651,36798.38359375,35726.9384765625,-1,39802.69140625
39802.69140625,40990.83046167324,39463.220122784274,40014.85921896495,676382.0,2021-05-21,0.0,74.63244130812889,1266.2059144505401,826.9399593671758,439.26595508336436,32329.427355063435,35956.0802734375,39582.73319181157,20.172682287914736,1.0303252364355073,-0.017961207422798692,-0.017800866345008437,37256.6671875,35956.0802734375,0,39675.3828125
39675.3828125,39845.118432316114,39081.31510094724,39802.686266813,560276.0,2021-05-24,0.0,73.41874927638726,1358.4536889490191,933.2427052835445,425.2109836654746,32317.459100577566,36221.2900390625,40125.120977547434,21.55544948440481,0.9423978430246807,-0.0032036182024757585,-0.0031984920931755756,37583.40625,36221.2900390625,0,39802.69140625
39802.69140625,40396.75919451049,39378.355780820115,39675.38793549922,452565.0,2021-05-25,0.0,73.87625959696636,1425.4023039241947,1031.6746250116746,393.7276789125201,32401.45609997106,36499.230078125,40597.00405627894,22.45402968436779,0.9030799826608807,0.003203618202475745,0.00320875527154052,37948.33671875,36499.230078125,1,40439.1796875
40439.1796875,40524.04399765641,39760.24085394196,39972.408587134916,418250.0,2021-05-26,0.0,76.09184698657228,1512.3850155409382,1127.8167031175274,384.5683124234108,32490.58396443007,36806.873046875,41123.162129319935,23.453712446303,0.920767303955404,0.01586457598887012,0.015991086501001117,38368.428125,36806.873046875,-1,39802.69140625
39802.69140625,40481.627015376915,39675.38793549922,40439.194844394835,366409.0,2021-05-27,0.0,69.72362536093662,1512.5247128555857,1204.7583050651392,307.76640779044646,32731.829682391268,37080.569921875,41429.310161358735,23.45562783229108,0.8129781654535152,-0.015864575988870228,-0.015739396450881626,38784.278515625,37080.569921875,1,40227.0234375
40227.0234375,40311.88777188175,39760.25220389056,39887.552184365144,393379.0,2021-05-28,0.0,71.43972505897815,1529.2472621009001,1269.6560964722914,259.5911656286087,33012.52877175391,37375.4833984375,41738.43802512109,23.346612431324353,0.8267900176663124,0.010604461319858937,0.010660887901247973,39208.615234375,37375.4833984375,1,41542.4609375
41542.4609375,41584.89658213235,40184.58640839957,40524.05417094922,679530.0,2021-05-31,0.0,75.98420945913206,1629.8568404315447,1341.6962452641421,288.16059516740256,33242.96253664505,37736.16875,42229.374963354945,23.813791183319044,0.9235608167934445,0.0321770646941757,0.03270034388807752,39726.30546875,37736.16875,1,42942.2109375
42942.2109375,43632.441031466995,42892.90878793093,43336.62813405257,637854.0,2021-06-01,0.0,79.68795271023353,1801.769110172856,1433.710818245885,368.0582919269709,33237.509686742604,38124.4078125,43011.3059382574,25.636585096831908,0.9929305871557645,0.03313922083070675,0.0336944410227864,40328.806640625,38124.4078125,-1,42153.3828125
42153.3828125,43139.42595050363,41906.872027999096,42942.21732290291,557352.0,2021-06-02,0.0,72.8677692925234,1852.9987689710688,1517.5684083909218,335.43036058014695,33477.35062875231,38473.20546875,43469.060308747685,25.970567199323114,0.8683230859998031,-0.018540342369596147,-0.018369527506352568,40691.176953125,38473.20546875,0,42005.46875
42005.46875,42104.073045979254,41561.74941809336,41906.864454020746,582336.0,2021-06-03,0.0,71.6298027645985,1860.2197585540416,1586.0986784235458,274.1210801304958,33851.33797455562,38818.8509765625,43786.363978569374,25.59330261993633,0.8207457909169144,-0.003515119611467471,-0.0035089488110107148,40839.318359375,38818.8509765625,0,41758.9609375
41758.9609375,41956.16954328351,41315.24157448709,41906.86739183764,697278.0,2021-06-04,0.0,69.51032600383584,1825.0137025742733,1633.8816832536913,191.132019320582,34316.8287256692,39145.80625,43974.783774330805,24.671748965859162,0.7705701853377468,-0.00588575664035205,-0.005868469507318563,41034.9453125,39145.80625,-1,40772.9140625
40772.9140625,41758.956998404785,39934.77405217756,41709.65485160955,6773125.0,2021-06-07,0.0,61.65194240869778,1697.9737233585038,1646.700091274654,51.27363208384986,34663.221722549664,39364.05234375,44064.88296495034,23.883875471711733,0.6498524231437052,-0.02389607156696151,-0.02361282112540586,41144.6984375,39364.05234375,0,40772.9140625
40772.9140625,40772.9140625,40772.9140625,40772.9140625,0.0,2021-06-08,0.0,61.65194240869778,1579.0908482081577,1633.1782426613547,-54.08739445319702,35109.40004627756,39595.0287109375,44080.65737559744,22.657534598129267,0.6312954593012213,0.0,0.0,41241.720703125,39595.0287109375,-1,40279.8984375
40279.8984375,40477.1070532878,38948.7367661285,39737.57122927969,6526561.0,2021-06-09,0.0,57.85890932370121,1428.6247753899952,1592.267549207083,-163.6427738170878,35592.888042990846,39797.1103515625,44001.332660134154,21.128279271696364,0.5574170501109303,-0.012165443498447635,-0.012091743657180465,41225.792578125,39797.1103515625,0,40378.4921875
40378.4921875,40674.30503383456,39934.769403195205,40279.88790538848,4042303.0,2021-06-10,0.0,58.40997383793714,1302.3226553713102,1534.2785704399287,-231.95591506861842,36308.26354769107,40033.8255859375,43759.387624183924,18.612071085982286,0.5462569939816022,0.0024447251759254127,0.002447715953231233,41283.37265625,40033.8255859375,1,41167.3359375
41167.3359375,41364.54454719896,40082.6885841557,40181.292889005184,4306387.0,2021-06-11,0.0,62.621546429687385,1251.454425665841,1477.7137414851113,-226.25931581927034,37065.93474394568,40293.0095703125,43520.08439667931,16.018038169799514,0.6354673216815148,0.019347853248365764,0.01953623593315368,41377.40390625,40293.0095703125,0,41315.2421875
41315.2421875,41709.65940491918,40920.82497008082,41167.33573096781,4649497.0,2021-06-14,0.0,63.37051928753013,1209.137599820635,1423.9985131522162,-214.8609133315813,37870.517339399004,40540.49375,43210.470160601,13.17189882819815,0.6450852588854159,0.0035863672521737446,0.0035928059620993213,41354.68203125,40540.49375,0,41019.421875
41019.421875,41660.34973769009,41019.421875,41315.23473470312,3246216.0,2021-06-15,0.0,60.74867029334634,1138.605844103491,1366.9199793424714,-228.31413523898027,38687.431241209735,40745.6048828125,42803.77852441526,10.102555343194583,0.5665194098915463,-0.007185833300882545,-0.007160076931353454,41162.403125,40745.6048828125,0,40970.125
40970.125,41709.65724435308,40772.91640150584,41019.42714962354,4493273.0,2021-06-16,0.0,60.30093581161639,1066.4378421131041,1306.823551896598,-240.3857097834939,39092.733814009785,40867.6271484375,42642.52048286522,8.686060132539783,0.5288743693985266,-0.0012025162430917555,-0.0012017935101626964,41044.07734375,40867.6271484375,0,40723.609375
40723.609375,40970.12009359664,40477.09865640335,40477.09865640335,4081541.0,2021-06-17,0.0,57.99889391863688,978.0777583073723,1241.0743931787529,-262.9966348713806,39108.61003676861,40877.6048828125,42646.59972885639,8.65508070306578,0.4564737262641302,-0.006035135377741813,-0.0060169605291661155,40915.89140625,40877.6048828125,1,41315.2421875
41315.2421875,41512.45079620959,40772.91851354863,40970.12712225822,3069186.0,2021-06-18,0.0,61.77092643964178,944.8993670543787,1181.839387953878,-236.94002089949936,39249.60934332603,40953.232421875,42656.85550042397,8.319846702205536,0.606247024410275,0.0144234849217161,0.014528005291770674,40871.51953125,40953.232421875,1,42202.68359375
42202.68359375,42547.7986808018,41019.43186671524,41216.6404878877,7078091.0,2021-06-21,0.0,66.61429357154103,978.9298636703534,1141.257483097173,-162.32761942681964,39400.315583394746,41079.5974609375,42758.87933848025,8.175746508419792,0.8343947635687836,0.021252319177984907,0.021479758056906606,41014.496484375,41079.5974609375,0,42104.07421875
42104.07421875,42695.700011104724,42104.07421875,42449.18926429025,3212635.0,2021-06-22,0.0,65.61946217124199,986.5697628575654,1110.3199390492516,-123.75017619168625,39569.2638739788,41194.6666015625,42820.0693291462,7.891326046183118,0.7797483976600097,-0.0023393004909016937,-0.0023365664598306024,41147.6125,41194.6666015625,0,41857.56640625
41857.56640625,42202.68147598364,41463.14918369727,42054.775017526365,2919897.0,2021-06-23,0.0,63.08320676907171,961.648037715262,1080.5855587824537,-118.93752106719171,39655.27238470404,41265.5859375,42875.89949029596,7.804631952808851,0.6838090686506842,-0.005871931966912577,-0.005854725868553179,41305.379296875,41265.5859375,0,41758.9609375
41758.9609375,41857.565240391756,41364.54372593297,41561.75233171648,3025567.0,2021-06-24,0.0,62.05007052965115,923.2975542679924,1049.1279578795616,-125.83040361156918,39895.90744588714,41363.3994140625,42830.89138223786,7.095606207242483,0.6347746808895078,-0.0023585173312262535,-0.0023557382145197314,41443.426171875,41363.3994140625,0,42005.46875
42005.46875,42104.073045979254,41512.44727010373,41758.958010051865,2743780.0,2021-06-25,0.0,63.652690222562676,902.3934106353045,1019.7810484307101,-117.38763779540568,40061.21916352905,41452.3216796875,42843.424195845946,6.711819554561243,0.6988160699471762,0.005885756640352107,0.005903111738554623,41527.239453125,41452.3216796875,0,42251.9765625
42251.9765625,42449.18514079481,42104.07012877888,42449.18514079481,3392402.0,2021-06-28,0.0,65.23379785908335,895.396275616702,994.9040938679086,-99.50781825120657,40051.560292104914,41487.7974609375,42924.03462977009,6.923660723058942,0.7660351361689254,0.005851317112960006,0.005868469507318563,41620.912890625,41487.7974609375,1,43681.74609375
43681.74609375,43878.95821998002,42547.79657804922,42695.703036618885,8938729.0,2021-06-29,0.0,72.66189540338121,993.7659327176079,994.6764616378485,-0.9105289202406084,39904.57681981863,41524.77421875,43144.97161768137,7.803521774236595,1.1656509498233585,0.033279170058154825,0.03383911588455635,41887.1453125,41524.77421875,0,43385.93359375
43385.93359375,43928.26079519018,43385.93359375,43878.9586418596,3013340.0,2021-06-30,0.0,69.35999065757457,1035.9136306431828,1002.9238954389155,32.98973520426739,39782.21104912518,41586.4017578125,43390.59246649982,8.676830081113614,0.9987088746418592,-0.0067950274834144096,-0.006771993485908845,42128.726171875,41586.4017578125,1,43829.65234375
43829.65234375,43829.65234375,43385.92949093191,43435.2316396002,3102767.0,2021-07-01,0.0,71.45534986539363,1092.526415278393,1020.8443994068109,71.68201587158205,39617.87573242235,41677.6109375,43737.346142577655,9.884132793342905,1.022407298021802,0.010175304646746082,0.010227249093100577,42439.33046875,41677.6109375,1,45308.71484375
45308.71484375,45604.5277229629,43829.650447685475,44026.859033827415,7069331.0,2021-07-02,0.0,77.08158209700913,1242.418609334156,1065.15924139228,177.259367941876,39231.31356410539,41855.0986328125,44478.88370151961,12.537469290062466,1.158136265071303,0.033188812168156674,0.03374570458373505,42838.677734375,41855.0986328125,0,45308.71484375
45308.71484375,45308.71484375,45308.71484375,45308.71484375,0.0,2021-07-05,0.0,77.08158209700913,1345.696896878304,1121.2667724894848,224.4301243888192,39093.21371590758,42081.888671875,45070.56362784242,14.204091357548176,1.0398422744889115,0.0,0.0,43149.280859375,42081.888671875,0,45308.71484375
45308.71484375,45308.71484375,45308.71484375,45308.71484375,0.0,2021-07-06,0.0,77.08158209700913,1411.2773569555939,1179.2688893827067,232.00846757288718,39061.06700083172,42308.6787109375,45556.29042104328,15.351988334564656,0.9618834393713253,0.0,0.0,43469.744921875,42308.6787109375,0,45308.71484375
45308.71484375,45308.71484375,45308.71484375,45308.71484375,0.0,2021-07-07,0.0,77.08158209700913,1446.575126452546,1232.7301367966747,213.84498965587136,39197.22662496014,42560.11953125,45923.01243753986,15.803023785309806,0.9086653053029292,0.0,0.0,43814.859765625,42560.11953125,0,45308.71484375
45308.71484375,45308.71484375,45308.71484375,45308.71484375,0.0,2021-07-08,0.0,77.08158209700913,1457.7448874378897,1277.7330869249179,180.01180051297183,39394.64236044928,42806.6306640625,46218.61896767571,15.941400903003967,0.8666607205302923,0.0,0.0,44169.83515625,42806.6306640625,-1,44224.06640625
44224.06640625,45358.015745445155,43780.347099608414,44174.764261067605,5378422.0,2021-07-09,0.0,63.736861377187275,1363.358985646475,1294.8582666692294,68.5007189772457,39582.998721040305,42959.4671875,46335.93565395969,15.719321898117727,0.6872665525107011,-0.024230264910354456,-0.02393906870323914,44391.694921875,42959.4671875,0,44224.06640625
44224.06640625,44224.06640625,44224.06640625,44224.06640625,0.0,2021-07-12,0.0,63.736861377187275,1273.8730627541008,1290.6612258862037,-16.78816313210291,39776.39571919589,43104.9083984375,46433.421077679115,15.44377567619314,0.6681168310987916,0.0,0.0,44588.90390625,43104.9083984375,-1,42892.90625
42892.90625,43040.81268995573,41906.86331696177,42843.60410334809,4028615.0,2021-07-13,0.0,51.13609147231921,1083.056523091931,1249.1402853273491,-166.08376223541813,40014.893006499035,43198.5826171875,46382.27222787597,14.739787362475946,0.45199337803514716,-0.030562672949189743,-0.030100356308751186,44510.019921875,43198.5826171875,0,42892.90625
42892.90625,42892.90625,42892.90625,42892.90625,0.0,2021-07-14,0.0,51.13609147231921,921.2138607002998,1183.5550004019392,-262.34113970163935,40282.88579596352,43294.7216796875,46306.55756341148,13.913178174498054,0.43329393678803707,0.0,0.0,44460.7171875,43294.7216796875,-1,42104.07421875
42104.07421875,42695.700011104724,41758.95917320975,41758.95917320975,4954280.0,2021-07-15,0.0,45.01923720275259,720.9891186048626,1091.041824042524,-370.0527054376614,40542.781038880945,43363.744921875,46184.70880486905,13.010702318613662,0.2767304447393287,-0.01856194598527243,-0.01839073404474667,44288.159375,43363.744921875,0,42104.07421875
42104.07421875,42104.07421875,42104.07421875,42104.07421875,0.0,2021-07-16,0.0,45.01923720275259,555.9014817083807,984.0137555756954,-428.1122738673147,40682.54337705162,43403.1865234375,46123.82966982338,12.536605555063332,0.26124904392307974,0.0,0.0,43967.6953125,43403.1865234375,0,41758.9609375
41758.9609375,42597.09751207994,41660.356634608244,42005.47169472939,6002224.0,2021-07-19,0.0,42.44318269029717,392.69385222586425,865.7497749057293,-473.05592267986503,40612.32421557527,43381.000390625,46149.67656567473,12.764464397405026,0.2070731009024804,-0.008230449298138895,-0.008196671881608886,43612.719921875,43381.000390625,1,42794.30859375
42794.30859375,42794.30859375,41364.546119099876,41808.2655077844,4660630.0,2021-07-20,0.0,51.42351169099842,342.94131905891845,761.1880837363672,-418.2467646774487,40697.10342191221,43415.512109375,46133.92079683779,12.522753068600965,0.3857413312262486,0.02449105546403258,0.02479342476455737,43361.279296875,43415.512109375,0,42695.69140625
42695.69140625,43336.619218795546,42449.18070911709,42794.29568510316,6148958.0,2021-07-21,0.0,50.61346025298078,292.18635282773175,667.3877375546401,-375.2013847269084,40815.36505630188,43457.418359375,46099.471662448115,12.159274079396162,0.3558456500027853,-0.0023071056554631805,-0.0023044463327164255,43099.976953125,43457.418359375,1,44076.1640625
44076.1640625,44174.768362018694,42498.491755397285,42498.491755397285,8113442.0,2021-07-22,0.0,60.09075271005732,359.2144817454391,605.7530863927999,-246.53860464736078,41044.008432341536,43573.278515625,46102.54859890847,11.609271413334172,0.5994131765916745,0.03182112757387021,0.03233283291081501,42976.721875,43573.278515625,1,44618.48046875
44618.48046875,45801.73187094529,43731.03840230053,44076.15690941049,12329490.0,2021-07-23,0.0,63.087555144647574,450.8974928576499,574.7819676857699,-123.88447482812,41246.72649303529,43703.9291015625,46161.13171008971,11.244767502788935,0.6860960435280636,0.01222899460595657,0.012304074498883155,43016.16328125,43703.9291015625,1,46196.16015625
46196.16015625,46294.76446356826,44470.58477818049,44519.88693183962,10536196.0,2021-07-26,0.0,70.11750472177326,643.4452687392113,588.5146278964583,54.930640842753064,41305.3934890291,43901.13828125,46496.883073470904,11.825409972704671,0.942073866791117,0.0347485476441159,0.03535933252153178,43213.37265625,43901.13828125,0,45949.64453125
45949.64453125,46787.781054867315,45604.529492113455,46541.27031262693,9138025.0,2021-07-27,0.0,67.94021308524744,767.3040145867126,624.2725052345091,143.03150935220344,41265.52154787463,44014.533203125,46763.54485837537,12.491381619629173,0.8519649188152967,-0.005350568350926141,-0.0053362795558377085,43519.046484375,44014.533203125,-1,45358.0234375
45358.0234375,46196.160047736426,45210.11697687004,45752.44066584655,6107894.0,2021-07-28,0.0,62.8927342155106,808.4052921500042,661.0990626176082,147.30622953239606,41317.97530452299,44113.1376953125,46908.30008610201,12.672698143104558,0.7226857634979615,-0.012959029322511063,-0.012875422645492796,43765.558203125,44113.1376953125,1,46048.25390625
46048.25390625,46294.76467567508,45210.117290204755,45358.0237518598,6776228.0,2021-07-29,0.0,66.060734446478,886.4556718830645,706.1703844706996,180.28528741236494,41303.01418134816,44224.0677734375,47145.12136552684,13.210243829464389,0.8122479741132922,0.01510276117810301,0.015217384190056027,44159.976171875,44224.0677734375,0,46344.0625
46344.0625,46738.47969423283,45752.436708650755,46097.55175360448,8259993.0,2021-07-30,0.0,67.3473421035369,961.1014620940623,757.1565999953722,203.94486209869012,41239.42616041729,44275.83515625,47312.24415208271,13.715874517633297,0.8405712712925887,0.006403337766647196,0.006423882963124683,44583.975,44275.83515625,1,47132.90234375
47132.90234375,47625.92740840858,46344.06786398259,46344.06786398259,7803731.0,2021-08-02,0.0,70.55320176773286,1071.5593027910654,820.0371405545109,251.52216223655455,41099.22496154634,44367.04453125,47634.864100953666,14.730841795882842,0.9231962251133123,0.016878138298184377,0.017021378817405175,45121.369140625,44367.04453125,0,47231.5
47231.5,47330.104296080084,46689.17637155956,47231.5,6583320.0,2021-08-03,0.0,70.93728433735335,1153.7541841458005,886.7805492727689,266.97363487303164,40973.13569611051,44463.1837890625,47953.231882014494,15.698597336210133,0.8966014417577796,0.0020897221766244087,0.0020919071677552026,45565.08828125,44463.1837890625,0,47231.5
47231.5,47231.5,47231.5,47231.5,0.0,2021-08-04,0.0,70.93728433735335,1205.003687382181,950.4251768946513,254.57851048752968,40870.90971593678,44559.323046875,48247.73637781321,16.55506896753401,0.8622393578711642,0.0,0.0,46018.669140625,44559.323046875,0,47625.91796875
47625.91796875,47823.126549604276,46787.777985316076,46935.68442095678,4536344.0,2021-08-05,0.0,72.59559668973021,1262.8877379960759,1012.9176891149363,249.97004888113963,40749.698020701566,44675.183203125,48600.66838554844,17.573448617212836,0.8758433198063091,0.008316065316874826,0.008350739839937393,46373.64453125,44675.183203125,0,47625.91796875
47625.91796875,47921.730840031414,47231.49729223819,47724.52225917714,6230538.0,2021-08-06,0.0,72.59559668973021,1293.846606847459,1069.103472661441,224.7431341860181,40712.747290623105,44845.27578125,48977.80427187689,18.430162012091902,0.8364335168900657,0.0,0.0,46674.38828125,44845.27578125,0,48069.640625
48069.640625,48168.24492229755,47280.80273181612,47823.129881756126,5355609.0,2021-08-09,0.0,74.49444063450599,1338.7541193310462,1123.033601995362,215.72051733568424,40675.25871317193,45037.5544921875,49399.85027120307,19.371814603176478,0.8475333042979432,0.009273697605879176,0.009316831573538353,46861.736328125,45037.5544921875,0,48069.640625
48069.640625,48069.640625,48069.640625,48069.640625,0.0,2021-08-10,0.0,74.49444063450599,1358.681610657717,1170.163203727833,188.51840692988412,40856.267516672095,45296.3912109375,49736.51490520291,19.60475691579276,0.8122941617194425,0.0,0.0,47073.7359375,45296.3912109375,-1,47379.40625
47379.40625,48217.54627805016,47379.40625,48168.24413021212,8912084.0,2021-08-11,0.0,66.21705596498205,1303.7493347950585,1196.8804299412782,106.86890485378035,41138.92145536558,45520.7162109375,49902.51096650942,19.251870885630247,0.712092320926143,-0.0144631388081786,-0.01435905003710436,47275.87421875,45520.7162109375,-1,46245.4609375
46245.4609375,47330.108285812166,46048.25232871597,47231.50398142015,15329324.0,2021-08-12,0.0,55.3383824187635,1155.3965087226534,1188.5836456975533,-33.187136974899886,41644.57593992202,45727.785546875,49810.99515382798,17.858768178342384,0.5633907441028122,-0.024224349742878015,-0.02393329512228748,47295.594921875,45727.785546875,1,46837.0859375
46837.0859375,46837.0859375,45851.04291097672,45900.345062302884,6604308.0,2021-08-13,0.0,59.11266149138172,1073.1939069995715,1165.505697957957,-92.31179095838547,42231.95997239074,45964.4361328125,49696.912293234265,16.240713362117244,0.6168995818300003,0.012712006424759552,0.012793147435584462,47344.897265625,45964.4361328125,0,47136.04296875
47136.04296875,47435.00280178854,47036.389691070486,47335.34952410903,3480005.0,2021-08-16,0.0,60.91032561550662,1020.408453361837,1136.486249038733,-116.0777956768959,43040.69890049156,46233.290234375,49425.881568258446,13.810790093886563,0.6413824445355641,0.006362628195661321,0.006382912712565636,47345.211328125,46233.290234375,0,47136.04296875
47136.04296875,47136.04296875,47136.04296875,47136.04296875,0.0,2021-08-17,0.0,60.91032561550662,967.4237423537925,1102.673747701745,-135.25000534795254,43679.822299351115,46450.376953125,49220.931606898885,11.929094382031673,0.6237416512774846,0.0,0.0,47335.665625,46450.376953125,0,46837.08203125
46837.08203125,47285.521770233194,46737.4287559204,46737.4287559204,3560672.0,2021-08-18,0.0,57.95512740116163,891.0379966369001,1060.346597488776,-169.308600851876,44522.267772690444,46657.446484375,48792.62519605956,9.152574230137535,0.5420656935861994,-0.006362711596455528,-0.00634251241026329,47296.223828125,46657.446484375,0,47086.21875
47086.21875,47335.35195700348,46737.43226019512,47335.35195700348,4967056.0,2021-08-19,0.0,59.70943997215476,840.9114897033069,1016.4595759316824,-175.5480862283755,45047.38717484125,46807.94921875,48568.51126265875,7.522491684824837,0.5790286068624408,0.0053051223922664405,0.005319219471951131,47242.25390625,46807.94921875,-1,46239.1640625
46239.1640625,47185.87021259379,45392.11119136345,47086.21693363655,7937689.0,2021-08-20,0.0,51.796264949206964,724.4842343883429,958.0645076230146,-233.58027323467172,45429.24937393788,46888.9833984375,48348.71742293712,6.226341109149602,0.27741858275851,-0.018153216698966263,-0.017989439585228917,47103.578515625,46888.9833984375,-1,45342.28125
45342.28125,46089.68078775268,45342.28125,46089.68078775268,6271966.0,2021-08-23,0.0,44.99647902822973,553.4638614562427,877.1443783896602,-323.6805169334175,45257.033467810325,46846.289453125,48435.54543843967,6.784981281836224,0.02682002867297566,-0.019587187861900078,-0.01939660525193998,46830.842578125,46846.289453125,0,45790.7265625
45790.7265625,45840.553204432705,44794.193723845856,45591.41999476917,5623891.0,2021-08-24,0.0,48.627946771043945,448.93967555266863,791.503437822262,-342.5637622695933,45228.75273112369,46838.3435546875,48447.9343782513,6.872962198949158,0.17457040110729458,0.009841635711957092,0.009890223873550763,46602.951171875,46838.3435546875,0,45790.7265625
45790.7265625,46039.85977216353,45342.286785105636,46039.85977216353,2452867.0,2021-08-25,0.0,48.627946771043945,361.93138545097463,705.5890273480045,-343.65764189702986,45324.228624708114,46859.9787109375,48395.72879716689,6.554634161073285,0.15187950890409627,0.0,0.0,46444.083203125,46859.9787109375,0,45541.58984375
45541.58984375,46288.989415151715,45441.936567563105,45840.549672310684,3209715.0,2021-08-26,0.0,46.64375859670325,269.76376879921736,618.4239756382472,-348.6602068390298,45227.46254060447,46834.6455078125,48441.82847502053,6.863222513085672,0.09772605532624094,-0.005455622861461346,-0.005440767977549998,46373.69609375,46834.6455078125,0,45840.5546875
45840.5546875,45840.5546875,45142.98167787371,45342.28825205265,3460659.0,2021-08-27,0.0,49.316345935476775,218.32748951308895,538.4046784132155,-320.07718890012654,45154.85646894527,46809.4701171875,48464.08376542973,7.069567948963767,0.20720795434123826,0.00654320188975333,0.006564655401265718,46274.04296875,46809.4701171875,0,45940.19921875
45940.19921875,46338.81229113538,45890.37258470183,46338.81229113538,2728084.0,2021-08-30,0.0,50.21149182566776,183.48919923748326,467.4215825780691,-283.93238334058583,45058.73183320466,46749.8349609375,48440.93808867034,7.234691327342063,0.26061905128372287,0.002171360904317301,0.0021737200155906855,46154.45859375,46749.8349609375,0,46039.859375
46039.859375,46438.47250702301,45840.55280898849,45990.03273349712,3563410.0,2021-08-31,0.0,51.1409370834602,162.05329539776722,406.34792514200876,-244.29462974424155,44986.68050681924,46690.2529296875,48393.82535255576,7.297336450216833,0.309108921359372,0.0021669956895642058,0.0021693453216311553,46044.840234375,46690.2529296875,0,46039.859375
46039.859375,46338.81922401726,45890.37945049137,45890.37945049137,2469840.0,2021-09-01,0.0,51.1409370834602,143.41202264132153,353.7607446418714,-210.34872200054986,44923.452892705944,46630.6708984375,48337.888904169056,7.3222965607761035,0.32696658497801734,0.0,0.0,45965.11796875,46630.6708984375,0,46039.859375
46039.859375,46039.859375,46039.859375,46039.859375,0.0,2021-09-02,0.0,51.1409370834602,127.17271181913384,308.4431380773239,-181.27042625819007,44892.13030626968,46551.36796875,48210.60563123031,7.128631165443573,0.34586035945406174,0.0,0.0,45860.48203125,46551.36796875,0,46039.859375
46039.859375,46039.859375,46039.859375,46039.859375,0.0,2021-09-03,0.0,51.1409370834602,113.00034337645775,269.35457913715067,-156.35423576069292,44878.770871644614,46472.0650390625,48065.35920648039,6.8569974933484446,0.3643672735076475,0.0,0.0,45840.5515625,46472.0650390625,1,47285.52734375
47285.52734375,47285.52734375,45990.03461176626,46039.8612553041,5702551.0,2021-09-06,0.0,62.81213461360793,199.97840727890434,255.47934476550142,-55.50093748659708,44972.00047622416,46432.859375,47893.71827377584,6.292349506101642,0.7918378939487283,0.0266967434186889,0.027056293951810195,46034.876171875,46432.859375,-1,46587.9453125
46587.9453125,47484.82472250103,46587.9453125,47484.82472250103,4180459.0,2021-09-07,0.0,54.90276017013661,210.19708838732913,246.42289348986696,-36.225805102537834,45112.961058415385,46358.774609375,47604.58816033462,5.374661265130508,0.5919763246067089,-0.014862449472562236,-0.014752548410400745,46114.598046875,46358.774609375,0,46587.9453125
46587.9453125,46587.9453125,46587.9453125,46587.9453125,0.0,2021-09-08,0.0,54.90276017013661,215.80776916017203,240.29986862392798,-24.49209946375595,45162.82301290002,46319.2015625,47475.580112099975,4.993084986750635,0.6162005945600458,0.0,0.0,46194.319921875,46319.2015625,0,46438.46875
46438.46875,46787.255212302174,46239.16220011304,46388.64211252826,2543572.0,2021-09-09,0.0,53.23682568194051,205.82019761000265,233.40393442114294,-27.583736811140284,45171.843260637484,46328.851953125,47485.86064561251,4.994765221716102,0.5473707749936305,-0.003213639752738983,-0.003208481539534569,46284.0078125,46328.851953125,0,46587.9453125
46587.9453125,47036.385017500514,46538.11867861105,46538.11867861105,2628254.0,2021-09-10,0.0,54.716573490403704,207.5737041150278,228.2378883599199,-20.664184244892112,45177.198314169866,46316.394921875,47455.59152958013,4.919193774155752,0.6191850418041663,0.0032136397527388967,0.0032188090288829407,46358.746875,46316.394921875,0,46338.8203125
46338.8203125,46837.08673923287,46288.99366982671,46637.78016853972,2920080.0,2021-09-13,0.0,51.775941869370534,186.70880232704803,219.93207115334553,-33.2232688262975,45204.270653005275,46276.5337890625,47348.79692511973,4.634154930206363,0.5290444207876668,-0.005361761924130576,-0.0053474133346927966,46398.608984375,46276.5337890625,0,46737.4375
46737.4375,47185.87732288153,46338.8243241053,46488.30426506581,4604966.0,2021-09-14,0.0,55.86331972033706,200.0324434922877,215.95214562113398,-15.919702128846268,45238.13862422664,46256.603515625,47275.06840702336,4.40354377101784,0.7360582031035013,0.008565441584583283,0.008602229940507744,46468.366796875,46256.603515625,0,46886.9140625
46886.9140625,47036.39399268966,46488.30091532757,46737.434132310336,3084517.0,2021-09-15,0.0,57.324036872550444,220.1156779551602,216.7848520879392,3.3308258672209945,45234.42593738921,46259.0951171875,47283.764296985784,4.43013066815296,0.806352019603094,0.0031931156159792414,0.0031982190401431687,46553.072265625,46259.0951171875,0,47185.8671875
47185.8671875,47335.34709635268,46936.73400607887,47036.38727864732,3512673.0,2021-09-16,0.0,60.1636591998408,257.1900775718823,224.86589718472783,32.324180387154456,45221.65885522795,46264.0775390625,47306.49622289705,4.506384820725736,0.9421398343737893,0.006355805099184869,0.006376046088285792,46667.673046875,46264.0775390625,1,47684.13671875
47684.13671875,48331.88658567995,47534.656799965014,47584.48343956001,6069568.0,2021-09-17,0.0,64.41381281285345,323.0540275984167,244.50352326746565,78.55050433095107,45116.052304635654,46336.326171875,47556.600039114346,5.267028994543042,1.0522574001868052,0.010504355273005823,0.010559719698910008,46832.10078125,46336.326171875,-1,47036.39453125
47036.39453125,47933.2741226571,46886.91459934881,47833.62083472298,4610258.0,2021-09-20,0.0,56.04297537535619,319.30356861523614,259.4635323370198,59.84003627821636,45257.412809100926,46421.0318359375,47584.65086277408,5.01332685128185,0.7644175976502502,-0.013677125251392646,-0.01358401833550027,46807.1875,46421.0318359375,0,47036.39453125
47036.39453125,47036.39453125,47036.39453125,47036.39453125,0.0,2021-09-21,0.0,56.04297537535619,312.7263877182704,270.1161034132699,42.610284305000505,45328.43123812101,46483.315234375,47638.19923062898,4.969025941591768,0.7394523167127549,0.0,0.0,46852.032421875,46483.315234375,0,47036.39453125
47036.39453125,47036.39453125,47036.39453125,47036.39453125,0.0,2021-09-22,0.0,56.04297537535619,304.009492283687,276.8947811873534,27.11471109633362,45413.857620164476,46545.5986328125,47677.339645460524,4.862934609891124,0.7168322491420303,0.0,0.0,46896.87734375,46545.5986328125,-1,46388.6484375
46388.6484375,46737.43494735831,46338.82179323453,46438.47508176547,2544484.0,2021-09-23,0.0,48.216871647396175,242.04346710236132,269.924518370355,-27.881051267993655,45555.35611302105,46587.9515625,47620.547011978946,4.432886249972466,0.40349409098182265,-0.01386687022514116,-0.013771168054125593,46891.8953125,46587.9515625,0,46189.34375
46189.34375,46438.47698151917,46189.34375,46438.47698151917,264449745.0,2021-09-24,0.0,46.08443528588684,174.83730743490742,250.90707618326547,-76.06976874835806,45615.02618335121,46605.391015625,47595.755847898785,4.250001172361176,0.2899525245308881,-0.004305666837135726,-0.004296410742997248,46852.03515625,46605.391015625,0,45890.37890625
45890.37890625,46587.95187901734,45890.37890625,46288.992033545626,2821709.0,2021-09-27,0.0,43.01152961515351,96.3414135224084,219.99394365109407,-123.65253012868567,45605.26648786731,46602.9,47600.53351213269,4.2814224528202836,0.14289436697710323,-0.006493631511231576,-0.0064725934485700964,46807.191015625,46602.9,0,46338.8203125
46338.8203125,46338.8203125,45591.420672400694,45691.07395774727,2543207.0,2021-09-28,0.0,48.553003055298554,69.51697732575121,189.89855038602553,-120.38157306027432,45647.14028334306,46617.848046875,47588.555810406935,4.1645327023927585,0.35627613950477155,0.009724576252147591,0.009772013588428274,46767.329296875,46617.848046875,0,46438.46875
46438.46875,46538.12202494348,45990.02901275434,46338.815475056515,2148813.0,2021-09-29,0.0,49.722927218847566,55.657627999869874,163.0503659087944,-107.39273790892452,45701.27202018568,46637.778515625,47574.28501106433,4.016085350744427,0.39358869020363557,0.002148122171391637,0.0021504310387703285,46722.484765625,46637.778515625,0,46338.8203125
46338.8203125,46787.260096559585,46338.8203125,46587.95352586644,1819392.0,2021-09-30,0.0,48.53433883160078,36.21572535993619,137.68343779902276,-101.46771243908657,45747.37861515337,46652.7265625,47558.07450984663,3.881222016611384,0.32663778554974987,-0.002148122171391568,-0.0021458166081326224,46637.780078125,46652.7265625,0,46288.98828125
46288.98828125,46388.641554995775,46089.68173375845,46288.98828125,1926157.0,2021-10-01,0.0,47.917471924691924,16.59554586586455,113.46585941239111,-96.87031354652656,45788.95221755607,46665.1830078125,47541.41379806893,3.7553942094676147,0.2853335384092098,-0.0010759627549018754,-0.0010753841145273446,46498.265234375,46665.1830078125,1,47136.04296875
47136.04296875,47435.00280178854,46039.85691427534,46338.81674731388,415709889.0,2021-10-04,0.0,57.748005895900235,68.60580143755942,104.49384781742478,-35.88804637986536,45801.43514634202,46657.7087890625,47513.98243178298,3.670448742314615,0.7793115166827862,0.018133853163830795,0.018299269846930644,46508.230078125,46657.7087890625,0,47036.39453125
47036.39453125,47833.62083472298,47036.39453125,47335.35439505237,2541929.0,2021-10-05,0.0,56.39934477836473,100.62358156994742,103.71979456792931,-3.096212997981894,45808.20630974079,46680.13125,47552.05619025921,3.7357433105298328,0.7042969897982787,-0.0021162980875679533,-0.0021140603076517106,46508.230078125,46680.13125,0,47036.39453125
47036.39453125,47036.39453125,47036.39453125,47036.39453125,0.0,2021-10-06,0.0,56.39934477836473,124.56202946204576,107.88824154675261,16.673787915293147,45817.64251405204,46702.5537109375,47587.46490782296,3.789562353967044,0.6886295605070246,0.0,0.0,46508.230078125,46702.5537109375,0,46986.56640625
46986.56640625,47335.35290302556,46886.913121456986,47285.52626062905,2732099.0,2021-10-07,0.0,55.64569284508922,137.9228202098384,113.89515727936977,24.027662930468622,45845.535026764264,46729.95859375,47614.38216073574,3.7852529452231365,0.6450706551016956,-0.001059914071371179,-0.0010593525608536547,46568.021875,46729.95859375,0,46986.56640625
46986.56640625,46986.56640625,46986.56640625,46986.56640625,0.0,2021-10-08,0.0,55.64569284508922,146.81890617794124,120.47990705908407,26.338999118857174,45860.98626415415,46749.8896484375,47638.79303272085,3.8028042032525384,0.6331285053005578,0.0,0.0,46647.744140625,46749.8896484375,0,46986.56640625
46986.56640625,46986.56640625,46986.56640625,46986.56640625,0.0,2021-10-11,0.0,55.64569284508922,152.1156241737117,126.8070504820096,25.308573691702094,45909.378820170736,46782.276953125,47655.17508607927,3.7317471051222837,0.6170179230614198,0.0,0.0,46757.362890625,46782.276953125,1,49328.421875
49328.421875,49428.07515923528,49079.28866441181,49428.07515923528,2053728.0,2021-10-12,0.0,75.14326244109239,341.3466443365178,169.71496925291126,171.63167508360652,45478.06399898088,46911.826171875,48345.58834476912,6.112583072938247,1.342746359477101,0.048638683840287876,0.049840957700592714,47056.323046875,46911.826171875,0,49527.73046875
49527.73046875,50574.08999600797,49079.29067135373,49328.42389212944,5899474.0,2021-10-13,0.0,76.10594937838707,501.613836907527,236.09474278383442,265.5190941236926,45193.79783486595,47043.8669921875,48893.93614950904,7.865293716729463,1.1712893587606585,0.004032300652585886,0.004040441315050769,47365.24921875,47043.8669921875,0,49527.73046875
49527.73046875,49527.73046875,49527.73046875,49527.73046875,0.0,2021-10-14,0.0,76.10594937838707,621.4629041707667,313.1683750612209,308.2945291095458,45002.34032448259,47160.96015625,49319.579988017416,9.154265836045928,1.0482137886600802,0.0,0.0,47684.140234375,47160.96015625,0,49278.59375
49278.59375,49876.51343741918,49029.460546908675,49527.726953091325,3107147.0,2021-10-15,0.0,72.0600366322323,688.4053935032716,388.21577874963106,300.18961475364057,44891.35693841898,47240.6830078125,49590.009077206014,9.946198572128994,0.9337224127244272,-0.005042941303767817,-0.005030247023073198,47983.10078125,47240.6830078125,0,49278.59375
49278.59375,49278.59375,49278.59375,49278.59375,0.0,2021-10-18,0.0,72.0600366322323,733.0081370714324,457.1742504139914,275.83388665744104,44836.45455952727,47352.79296875,49869.13137797273,10.628046421183056,0.8826593383051489,0.0,0.0,48197.355859375,47352.79296875,0,49129.10546875
49129.10546875,49577.54515801166,49129.10546875,49328.41199731074,2800174.0,2021-10-19,0.0,69.48931695091525,747.6749463533706,515.2743896018673,232.40055675150336,44825.11868846709,47457.428515625,50089.738342782905,11.093352124172675,0.8175304319951395,-0.0030381443204578387,-0.003033533830295254,48406.626953125,47457.428515625,-1,48630.84765625
48630.84765625,49577.55383255795,48132.58124766687,49178.94070569144,4103807.0,2021-10-20,0.0,61.60107558202873,710.898462071651,554.3992040958241,156.49925797582694,44862.295929380845,47537.151171875,50212.00641436915,11.253746497441396,0.7044403126943035,-0.010193583589743064,-0.010141805102006796,48566.072265625,47537.151171875,0,48182.40625
48182.40625,49079.28575494971,48182.40625,49029.45911578584,4167684.0,2021-10-21,0.0,55.495125390027546,638.2104666278974,571.1614566022388,67.04901002565862,44994.171516778544,47626.8390625,50259.50660822146,11.055394804877341,0.6055141178769211,-0.009264116128705079,-0.009221336412226111,48685.65625,47626.8390625,0,47933.26953125
47933.26953125,48531.192753776515,47883.442892055704,48331.88619699934,3692806.0,2021-10-22,0.0,52.38830580709882,554.1139744952889,567.7519601808488,-13.637985685559897,45167.73151092171,47714.0353515625,50260.3391922033,10.673185874467897,0.5430494931885909,-0.005184113302804957,-0.005170698977907562,48780.3265625,47714.0353515625,0,47933.26953125
47933.26953125,47933.26953125,47933.26953125,47933.26953125,0.0,2021-10-25,0.0,52.38830580709882,481.91172026608547,550.5839121978961,-68.67219193181063,45418.32684654411,47816.1798828125,50214.0329190809,10.029463006643502,0.5244155181044196,0.0,0.0,48874.996875,47816.1798828125,0,47933.26953125
47933.26953125,47933.26953125,47933.26953125,47933.26953125,0.0,2021-10-26,0.0,52.38830580709882,419.8511311091206,524.4373559801411,-104.58622487102048,45601.0533569954,47895.90234375,50190.7513305046,9.58265268825887,0.5081415351763179,0.0,0.0,48735.481640625,47895.90234375,0,47933.26953125
47933.26953125,47933.26953125,47933.26953125,47933.26953125,0.0,2021-10-27,0.0,52.38830580709882,366.4435341216522,492.8385916084434,-126.39505748679119,45780.68258747041,47970.6423828125,50160.602178154586,9.130416798949243,0.491467228840916,0.0,0.0,48576.035546875,47970.6423828125,1,48830.15234375
48830.15234375,49029.458899526384,48431.53923219722,48929.805621638196,3001659.0,2021-10-28,0.0,62.54233840589011,391.9701878024498,472.6649108472447,-80.6947230447949,46015.42074165893,48095.208984375,50174.99722709107,8.648629610453495,0.6766870646444298,0.01853817238971017,0.018711071063393314,48506.277734375,48095.208984375,-1,48282.0625
48282.0625,48830.15556453672,48282.0625,48830.15556453672,4348546.0,2021-10-29,0.0,54.84465627480307,363.78053932954936,450.88803654370565,-87.1074972141563,46296.38243579761,48194.8626953125,50093.342954827385,7.878351149237886,0.5229656864353658,-0.011287883079412277,-0.011224413962332314,48406.624609375,48194.8626953125,0,48282.0625
48282.0625,48282.0625,48282.0625,48282.0625,0.0,2021-11-01,0.0,54.84465627480307,337.54898523449083,428.22022628186267,-90.67124104737184,46420.22962289112,48252.163671875,50084.09772085888,7.593168511329032,0.5081604542864364,0.0,0.0,48306.971484375,48252.163671875,0,48331.890625
48331.890625,47883.44727897154,47584.48741641611,47584.48741641611,3849212.0,2021-11-02,0.0,55.4231351924558,317.1253789180191,406.001256809094,-88.87587789107488,46576.68668071661,48316.9384765625,50057.19027240839,7.203485364413353,0.5042959727072805,0.0010314892995528097,0.0010320214675998418,48227.25,48316.9384765625,0,47883.4375
47883.4375,48182.40085369511,47434.99779774924,47933.26413358342,4891316.0,2021-11-03,0.0,49.301521765755666,261.7359750641699,377.1482004601092,-115.41222539593929,46711.48387229432,48359.290625,50007.097377705686,6.814850802852051,0.35561015446178545,-0.00932193198783311,-0.009278617475974249,48152.508984375,48359.290625,0,47833.6171875
47833.6171875,48232.23386103806,47684.137266996375,47883.44382766788,3214460.0,2021-11-04,0.0,48.65852640437098,211.3827023859194,343.9951008452713,-132.61239845935188,46862.42909744853,48401.6431640625,49940.857230676476,6.360172779244892,0.3154818134516962,-0.001040991433798115,-0.0010404497901805865,48117.630078125,48401.6431640625,1,48630.84765625
48630.84765625,48730.50093796662,47833.617850321876,47933.271132038506,3960175.0,2021-11-05,0.0,58.080213942041915,233.11994548830262,321.82006977387755,-88.70012428557493,47094.53598707152,48483.8572265625,49873.178466053476,5.7310672828638785,0.5529000872905957,0.016529374243290595,0.016666740163617355,48187.387890625,48483.8572265625,0,48531.1953125
48531.1953125,49079.28837253449,48481.36867067868,48630.848596142634,3080501.0,2021-11-08,0.0,56.68004995116093,239.54443678802636,305.36494317670736,-65.820506388681,47363.759949763684,48561.088671875,49758.41739398631,4.9312268520238804,0.48751664483489354,-0.002051261493628672,-0.002049159094540176,48247.18046875,48561.088671875,-1,48032.921875
48032.921875,48630.84508589195,47833.615322100995,48581.0184476672,3368859.0,2021-11-09,0.0,50.16767266526436,202.09971060646785,284.71189666265946,-82.6121860561916,47334.11745373149,48496.313671875,49658.50989001852,4.792926019106977,0.30063960386344146,-0.01032014529632316,-0.010267075317052066,48257.145703125,48496.313671875,0,48331.890625
48331.890625,48331.890625,47783.79399145306,48032.92721024925,2906209.0,2021-11-10,0.0,53.61165525781126,194.30890279349114,266.63129788882577,-72.32239509533463,47379.46141472806,48436.5216796875,49493.58194464695,4.364724089602562,0.45050847233789587,0.006204955968292463,0.006224246586081783,48297.0078125,48436.5216796875,-1,47833.6171875
47833.6171875,48830.15354305255,47733.96390716425,48331.88714137381,3873121.0,2021-11-11,0.0,47.69532737258804,146.2423386631708,242.5535060436948,-96.31116738052398,47396.30081893745,48351.816015625,49307.33121231255,3.952344608437343,0.22883799759468867,-0.010362923421631235,-0.0103094133305488,48197.354296875,48351.816015625,1,48830.15234375
48830.15234375,48929.805621638196,47783.78937372898,47933.26929056127,4088659.0,2021-11-12,0.0,57.73993078839764,186.4124522942584,231.32529529380753,-44.91284299954913,47447.216278297165,48329.3939453125,49211.57161232783,3.6506878940529197,0.7838194714970025,0.020619317201490638,0.02083336395706281,48252.16328125,48329.3939453125,0,48481.3671875
48481.3671875,49079.28687106379,48481.3671875,49079.28687106379,3483837.0,2021-11-15,0.0,53.84259067958279,187.9370878052723,222.64765379610049,-34.71056599082817,47523.54994466361,48289.5326171875,49055.51528971139,3.1724584232205055,0.6252212205273603,-0.007168455523188417,-0.00714282342997119,48272.09375,48289.5326171875,1,48979.6328125
48979.6328125,49577.55248656671,48232.23321991661,48481.366417444406,6398990.0,2021-11-16,0.0,58.18482796382578,226.73755479761166,223.46563399640274,3.271920801208921,47548.32971950184,48282.058984375,49015.78824924816,3.0393453813169358,0.9753618681446428,0.010225012387891775,0.010277466455782314,48336.86796875,48282.058984375,0,48979.6328125
48979.6328125,49029.459452005554,48830.15289398332,48979.6328125,2164874.0,2021-11-17,0.0,58.18482796382578,254.5528773152837,229.68308266017894,24.869794655104755,47515.97359226534,48299.4982421875,49083.022892109664,3.2444421927256655,0.9340224461221894,0.0,0.0,48446.4875,48299.4982421875,-1,48082.7578125
48082.7578125,49178.94398446594,48082.7578125,48979.63740774486,3659225.0,2021-11-18,0.0,48.63378945987474,201.8990373810957,224.12627360436232,-22.22723622326663,47506.60104338329,48294.5158203125,49082.43059724171,3.2629575575859326,0.3656212486344014,-0.01848090740256975,-0.018311182597741116,48471.4015625,48294.5158203125,-1,47484.828125
47484.828125,48730.49761367602,47385.17485008151,48581.01770129828,4528496.0,2021-11-19,0.0,43.506394029420576,110.64709042546019,201.4304369685819,-90.7833465431217,47418.13869726586,48272.09375,49126.04880273414,3.538089966251533,0.039047387518007806,-0.012513395286740017,-0.012435428305332286,48356.799609375,48272.09375,0,47335.3515625
47335.3515625,47833.617972354295,47335.3515625,47584.484767427144,3048016.0,2021-11-22,0.0,42.30561153688141,25.968408019478375,166.33803117876118,-140.3696231592828,47300.90030006173,48242.1978515625,49183.49540306327,3.902382534050669,0.018299878918914516,-0.0031528454557762688,-0.003147880457869956,48237.215234375,48242.1978515625,1,48132.58203125
48132.58203125,48132.58203125,47285.52557067375,47335.35221234323,2100267.0,2021-11-23,0.0,50.20027580505399,22.925507253879914,137.65552639378495,-114.73001913990504,47320.465786770226,48252.1634765625,49183.86116635477,3.861786177711287,0.4358260481792329,0.01670192223123771,0.016842179099427756,48247.18125,48252.1634765625,1,48780.32421875
48780.32421875,49029.457405880836,48032.92110516264,48182.404569636004,4463342.0,2021-11-24,0.0,55.52523990457111,71.95195030358445,124.51481117574487,-52.562860872160414,47346.97944663696,48294.5162109375,49242.052975238046,3.9239931927755864,0.7563531179558577,0.013367710416772796,0.013457457717091836,48292.024609375,48294.5162109375,1,49826.6875
49826.6875,50723.56704378634,48979.63459753513,49079.28788017805,10014779.0,2021-11-25,0.0,62.50076825031005,193.0135910798126,138.21456715655842,54.7990239232542,47194.91182386491,48344.34296875,49493.774113635096,4.755183644250127,1.1448165850761705,0.021223694748695465,0.021450519200276297,48491.331640625,48344.34296875,-1,49278.59375
49278.59375,50225.29992174703,49228.76710938173,49876.51343741918,3643164.0,2021-11-26,0.0,57.42049074674008,241.9402915047176,158.95971202619026,82.98057947852735,47172.009774803424,48394.16953125,49616.32928769658,5.050855374870649,0.8618284001272701,-0.011060951164322482,-0.011000003763043664,48536.17578125,48394.16953125,0,48879.984375
48879.984375,49278.59753052669,48581.02450835499,48581.02450835499,3637324.0,2021-11-29,0.0,53.98378199023512,245.71812327345833,176.3113942756439,69.40672899781444,47184.326579339664,48424.065625,49663.80467066034,5.120342662927071,0.6838769019964016,-0.008121787698003513,-0.008088895089462644,48576.0375,48424.065625,-1,48381.71484375
48381.71484375,49079.28782141528,48331.8882024882,48879.98125636806,4677785.0,2021-11-30,0.0,49.958582209902914,206.1297596504155,182.27506735059822,23.854692299817287,47187.39756944402,48426.5568359375,49665.71610243098,5.117684788912746,0.4819062838006309,-0.010246045346373654,-0.010193733439588515,48516.245703125,48426.5568359375,1,48929.8046875
48929.8046875,49129.11123947135,48182.405117607435,48581.01822155013,2290255.0,2021-12-01,0.0,54.01989293608349,216.48644509218138,189.11734289891487,27.369102193266514,47247.9375903926,48478.8751953125,49709.81280023241,5.078243255276379,0.683165048490349,0.011264763764767092,0.011328450128732959,48511.262890625,48478.8751953125,-1,48431.5390625
48431.5390625,48979.63208896463,48431.5390625,48630.845617578045,1739090.0,2021-12-02,0.0,50.043594570379966,182.38589015234174,187.77105234960027,-5.3851621972585235,47315.34699220016,48508.7712890625,49702.195585924834,4.920447437230486,0.46764259502443917,-0.010235478596911615,-0.01018327434949462,48546.141015625,48508.7712890625,-1,47584.484375
47584.484375,48730.50066040886,47584.484375,48730.50066040886,3667802.0,2021-12-03,0.0,44.10060461538518,86.01914536867844,167.4206709534159,-81.40152558473747,47195.71798207445,48456.453125,49717.18826792555,5.203579963532672,0.15418242091015785,-0.01764448543142853,-0.017489733010691455,48556.106640625,48456.453125,-1,47086.21875
47086.21875,48082.75513020908,46936.73882579791,47584.48516400696,4368804.0,2021-12-06,0.0,41.01504559715424,-30.209825847785396,127.89457159317567,-158.10439744096107,46983.6434909708,48384.204296875,49784.76510277921,5.78933073823295,0.03661935226117522,-0.010526386926405633,-0.010471178400785153,48531.193359375,48384.204296875,1,47833.6171875
47833.6171875,47833.6171875,47086.21758498189,47335.35078582126,2648147.0,2021-12-07,0.0,47.00471049166674,-61.306610836785694,90.0543351071834,-151.3609459439691,46960.38126278767,48374.2390625,49788.096862212326,5.8454988734214925,0.30881320769670223,0.01574831808086436,0.015872976368483505,48501.296875,48374.2390625,0,47634.31640625
47634.31640625,48082.7597743651,47335.35652897027,48082.7597743651,1943313.0,2021-12-08,0.0,45.67284358525577,-100.8701758043826,51.8694329248702,-152.7396087292528,46887.20532307442,48339.3603515625,49791.51538005058,6.008168159143383,0.257242191267085,-0.004175246352915553,-0.004166542130166984,48386.69609375,48339.3603515625,1,48331.890625
48331.890625,48331.890625,47385.18084137916,47385.18084137916,1812457.0,2021-12-09,0.0,50.91526577490446,-75.07080696641788,26.48138494661259,-101.55219191303047,46931.68722768226,48364.2740234375,49796.86081919274,5.924153002114756,0.4886975789064043,0.014538169774546706,0.014644362958853518,48237.21640625,48364.2740234375,-1,47733.9609375
47733.9609375,48331.88413451107,47534.65438922793,48032.92075990811,2117058.0,2021-12-10,0.0,46.75089554870274,-101.70021321056265,0.8450653151775391,-102.54527852574019,46868.0748748997,48309.464453125,49750.8540313503,5.967317562064436,0.300365035130341,-0.012448490265056433,-0.012371328325209707,48082.753125,48309.464453125,0,47833.6171875
47833.6171875,48082.753940534436,47634.310626828505,48082.753940534436,1642910.0,2021-12-13,0.0,47.521308234021596,-113.4549450176637,-22.01493675139071,-91.440008266273,46822.89824340812,48277.076953125,49731.255662841875,6.024303050198437,0.3475222602759269,0.002085566843425155,0.00208774315063609,47978.11640625,48277.076953125,0,47684.13671875
47684.13671875,48032.92319591496,47534.656799965014,47833.616637534986,2088769.0,2021-12-14,0.0,46.43605514976297,-133.29592676093307,-44.27113475329918,-89.02479200763389,46774.57019563103,48212.3021484375,49650.03410124397,5.964170507269851,0.31631992366292144,-0.0031299017128508418,-0.0031250086767233842,47908.35859375,48212.3021484375,0,47783.79296875
47783.79296875,47983.09953952125,47634.313040671565,47684.139683364374,1475370.0,2021-12-15,0.0,47.3001409486829,-139.3720272519713,-63.29131325303361,-76.0807139989377,46750.11223456508,48152.51015625,49554.90807793492,5.824817510589915,0.3685404542467514,0.0020877437381040843,0.0020899245924863585,47793.757421875,48152.51015625,0,47584.484375
47584.484375,48581.02073868533,47584.484375,48581.02073868533,2272187.0,2021-12-16,0.0,45.71188810788997,-158.44348067370447,-82.32174673716779,-76.12173393653669,46702.46168012704,48127.596484375,49552.731288622956,5.922318621128897,0.30945237329264563,-0.004179773179712143,-0.004171050085545636,47709.051953125,48127.596484375,0,48032.921875
48032.921875,48331.885256543435,47584.48213097723,47634.30876920198,2102640.0,2021-12-17,0.0,49.796508569285024,-135.80708685114223,-93.01881475996268,-42.78827209117955,46761.173762130864,48155.001171875,49548.82858161914,5.7889206762524426,0.45620716882823653,0.009379898607797569,0.009424027724373119,47753.895703125,48155.001171875,0,47733.9609375
47733.9609375,48082.75094917098,47584.48102629594,48082.75094917098,1861185.0,2021-12-20,0.0,47.24442581015589,-140.37309711151465,-102.48967123027307,-37.88342588124158,46819.58430088598,48174.931640625,49530.27898036402,5.62677431428291,0.3373218841415545,-0.006243534296763965,-0.006224083937221403,47818.669921875,48174.931640625,0,47435.00390625
47435.00390625,47783.79038624933,47385.177266250095,47684.137106249524,2030003.0,2021-12-21,0.0,44.773304761568454,-166.19918630854227,-115.23157424592691,-50.96761206261536,46744.800691155564,48140.052734375,49535.304777594436,5.796636953923148,0.2473399764754494,-0.006282678709615203,-0.006262983950597323,47778.80859375,48140.052734375,0,47335.3515625
47335.3515625,47534.65812644172,47136.044998558275,47335.3515625,3048746.0,2021-12-22,0.0,43.94812750527614,-192.48876867021318,-130.68301313078416,-61.805755539429015,46662.53893775057,48067.8041015625,49473.069265374426,5.847012111652706,0.23938991802954648,-0.0021030285258516156,-0.002100818710734198,47748.912109375,48067.8041015625,-1,46438.46875
46438.46875,47335.34822449132,46338.815475056515,47335.34822449132,3522894.0,2021-12-23,0.0,37.28738177784482,-282.43862287186494,-161.03413507900032,-121.40448779286461,46571.17050621674,47898.3931640625,49225.615821908264,5.541825394015763,-0.049992273501466906,-0.01912922303532062,-0.018947420540772475,47559.569921875,47898.3931640625,0,46737.4375
46737.4375,47086.22402890786,46239.17103013163,46587.95755903949,2165786.0,2021-12-24,0.0,40.52334652002745,-325.8441226267605,-193.99613258855237,-131.84799003820814,46515.84546489235,47771.3353515625,49026.82523823265,5.256247820709426,0.08824923141968234,0.006417319413191819,0.00643795452450191,47459.917578125,47771.3353515625,0,47086.21875
47086.21875,47335.35195700348,46488.29905319164,46936.73882579791,1448542.0,2021-12-27,0.0,44.14434243450909,-328.31495152159187,-220.8598963751603,-107.45505514643156,46505.8729326332,47681.6470703125,48857.4212079918,4.931768132696732,0.2467930696758916,0.00743485962015636,0.007462566812739713,47385.177734375,47681.6470703125,0,47086.21875
47086.21875,47285.52531560278,46886.91218439721,47086.21875,1035350.0,2021-12-28,0.0,44.14434243450909,-326.50930519678514,-241.98977813948528,-84.51952705729985,46460.91402569024,47616.872265625,48772.83050555977,4.855246407140686,0.27047029153278485,0.0,0.0,47325.3859375,47616.872265625,0,46637.7734375
46637.7734375,47235.69306328415,46637.7734375,47235.69306328415,1664810.0,2021-12-29,0.0,40.47030394150106,-357.1471365070174,-265.02124981299175,-92.12588669402567,46444.03881056739,47502.270703125,48560.502595682614,4.455500239856929,0.09153694397944116,-0.009569561097055262,-0.009523918556318511,47210.783984375,47502.270703125,0,46637.7734375
46637.7734375,46986.559885874085,46587.94680201799,46687.600072982015,1479750.0,2021-12-30,0.0,40.47030394150106,-377.08108255911793,-287.43321636221697,-89.64786619690096,46382.278829397714,47412.582421875,48442.88601435228,4.346118856423767,0.12398996274873185,0.0,0.0,47116.112890625,47412.582421875,0,46338.8203125
46338.8203125,47036.393309926025,46338.8203125,46737.4334538863,2933585.0,2021-12-31,0.0,38.02358180964216,-412.24973878159653,-312.3965208460929,-99.85321793550361,46218.17713788627,47350.29921875,48482.42129961373,4.781900429534886,0.05328187509676036,-0.006430740107684442,-0.006410107150604638,46946.702734375,47350.29921875,0,46338.8203125
46338.8203125,46338.8203125,46338.8203125,46338.8203125,0.0,2022-01-03,0.0,38.02358180964216,-435.10552654813364,-336.9383219865011,-98.16720456163256,46097.805496295,47312.929296875,48528.053097455006,5.136540132425335,0.09917294685939049,0.0,0.0,46807.188671875,47312.929296875,0,46587.9453125
46587.9453125,46936.73174972262,46488.292044722104,46538.11867861105,3531471.0,2022-01-04,0.0,41.44492252138673,-428.18079586324893,-355.18681676185065,-72.99397910139828,46020.29284247297,47250.645703125,48480.99856377704,5.20777162869824,0.2306868574785122,0.005361761924130647,0.005376161894496967,46722.4828125,47250.645703125,0,46637.7734375
46637.7734375,46936.73325039208,46587.94680201799,46687.600072982015,2178744.0,2022-01-05,0.0,42.13300844460897,-413.90099067294796,-366.9296515440701,-46.971339128877844,45955.266208030145,47200.8185546875,48446.37090134486,5.2776726539784224,0.2739777381903996,0.0010689781835539005,0.0010695497443762303,46652.725,47200.8185546875,0,46587.9453125
46587.9453125,46837.07848194473,46587.9453125,46637.771946388944,2176189.0,2022-01-06,0.0,41.60647768496156,-401.9711818694559,-373.9379576091473,-28.0332242603086,45960.74156288924,47113.6212890625,48266.501015235764,4.89403995969592,0.27201612421992527,-0.0010689781835539127,-0.001068407029910512,46667.67265625,47113.6212890625,0,46538.12890625
46538.12890625,46687.6088407679,46388.6489717321,46388.6489717321,1855710.0,2022-01-07,0.0,41.054094703964616,-392.01755573430273,-377.55387723417846,-14.463678500124274,45912.432124006715,47053.8296875,48195.22725099329,4.851454477026352,0.27409239438374067,-0.0010698703111811751,-0.0010692982039848253,46647.741796875,47053.8296875,-1,45840.5546875
45840.5546875,46587.95434067103,45790.72804395526,46438.47441003682,3435474.0,2022-01-10,0.0,34.20580841063804,-435.3986403921226,-389.1228298657673,-46.275810526355315,45752.9843771425,46954.1765625,48155.368747857494,5.116444471169068,0.036451415279328166,-0.015102780228826978,-0.014989305224437532,46523.175390625,46954.1765625,-1,44594.8828125
44594.8828125,45940.20201364678,44395.57626418196,45840.548739487764,4579597.0,2022-01-11,0.0,25.89795505941865,-563.7946979970657,-424.05720349202704,-139.73749450503863,45249.85150667786,46799.7138671875,48349.57622769714,6.623383916012754,-0.2112989872089293,-0.02755005554822806,-0.027174014003361835,46274.041796875,46799.7138671875,0,44644.7109375
44644.7109375,45142.977324901345,44096.614359163555,44395.57774379933,3176864.0,2022-01-12,0.0,26.66523603663424,-653.9899958585156,-470.04376196532485,-183.94623389319077,44890.000587560426,46642.759765625,48395.518943689574,7.515675259663049,-0.06997243350089842,0.0011167269613058628,0.0011173507330315413,46074.735546875,46642.759765625,1,45890.37890625
45890.37890625,46189.33875172172,44744.36616527509,45292.45921530657,3306625.0,2022-01-13,0.0,42.651838422330805,-617.8334254980218,-499.60169467186427,-118.23173082615756,44833.4026098118,46558.0544921875,48282.7063745632,7.4086080322153425,0.30643178117262215,0.02751964095065225,0.027901803877594,45999.99609375,46558.0544921875,0,45491.76953125
45491.76953125,45890.38269142441,45292.46295116279,45691.07611133721,1253261.0,2022-01-14,0.0,39.67156887168828,-614.2626903096243,-522.5338937994163,-91.72879651020799,44791.52509823164,46430.996875,48070.46865176835,7.061971041380335,0.21355794071632156,-0.008724065038293306,-0.008686120805721065,45915.291015625,46430.996875,-1,44345.75390625
44345.75390625,45491.766669663346,44345.75390625,45093.153534563055,2862408.0,2022-01-17,0.0,32.6154100581325,-695.8850109989435,-557.2041172393218,-138.68089375962165,44493.810808107824,46261.5865234375,48029.36223876718,7.64252092579691,-0.04187660815054609,-0.02551445655725506,-0.02519171350792937,45715.984375,46261.5865234375,-1,43897.3125
43897.3125,44644.71571324843,43847.48585592979,43996.96578814041,2208127.0,2022-01-18,0.0,30.341243848339005,-787.6769127669468,-603.2986763448469,-184.37823642209992,44114.87602264058,46084.701953125,48054.527883609415,8.548719410133211,-0.05522404778859732,-0.010163864085737419,-0.010112386570268583,45446.92109375,46084.701953125,0,43996.95703125
43996.95703125,44445.40029082174,43847.47712879097,43897.30376294398,1359479.0,2022-01-19,0.0,31.48444068160306,-842.6684183513644,-651.1726247461504,-191.49579360521398,43831.822750546315,45917.7822265625,48003.741702578685,9.085628159147026,0.039582331920240056,0.0022673736176578316,0.002269946053075511,45182.839453125,45917.7822265625,0,44246.09765625
44246.09765625,45342.283704288326,43996.96091131907,44046.78754986626,2435711.0,2022-01-20,0.0,34.38399242981717,-856.2754065630725,-692.1931811095349,-164.0822254535376,43610.01046423099,45808.163671875,48006.316879519014,9.597211638473167,0.1446867283424642,0.005646705859748547,0.005662678553497225,44948.6546875,45808.163671875,0,43947.13671875
43947.13671875,44744.366532071734,43947.13671875,44345.75340150844,1535232.0,2022-01-21,0.0,32.60108696012037,-881.0267637766519,-729.9598976429584,-151.06686613369357,43367.070190894316,45668.6486328125,47970.22707473069,10.079468128884043,0.12601493768169028,-0.006779705603224344,-0.006756775248805913,44689.55546875,45668.6486328125,-1,42502.16015625
42502.16015625,44096.61252978743,42352.68024623087,43947.132619768294,3694266.0,2022-01-24,0.0,25.67216651019224,-1005.6474473339986,-785.0974075811664,-220.55003975283216,42838.69822490583,45439.445703125,48040.19318134417,11.447091565381092,-0.06470025857455941,-0.03343257155795766,-0.03287987956411054,44355.716015625,45439.445703125,1,43100.0859375
43100.0859375,43598.352375226605,41854.41984318348,42452.33956845541,2176554.0,2022-01-25,0.0,32.102837360540434,-1044.1265821315392,-836.903242491241,-207.22333964029815,42560.98973674209,45240.1390625,47919.288388257904,11.844125068035785,0.10060958446304634,0.013970089172632124,0.014068126868183928,44206.236328125,45240.1390625,0,42850.953125
42850.953125,43349.21956745176,42601.81990377412,43349.21956745176,1667365.0,2022-01-26,0.0,30.903129236910615,-1082.249016578251,-885.972397308643,-196.27661926960798,42254.83959281554,45050.798046875,47846.75650093447,12.412470257020944,0.10660271638138308,-0.005797102930268077,-0.005780332152034884,44026.860546875,45050.798046875,0,42801.12109375
42801.12109375,43199.734197541446,42551.98790388035,42850.94773172393,1313305.0,2022-01-27,0.0,30.656346419103627,-1103.758903420232,-929.5296985309609,-174.22920488927105,41995.80071366695,44858.9654296875,47722.130145708055,12.765183898448635,0.140634657792645,-0.0011635920630532375,-0.0011629153523058378,43717.934765625,44858.9654296875,1,44594.8828125
44594.8828125,44594.8828125,42801.12032544278,42850.94696252229,2833025.0,2022-01-28,0.0,47.04837197341678,-964.9408269041742,-936.6119242056036,-28.328902698570573,41993.39962151521,44771.7685546875,47550.13748785979,12.4112538899534,0.46816734090358275,0.04105482127379249,0.04190922277061415,43628.24609375,44771.7685546875,0,44594.8828125
44594.8828125,44594.8828125,44594.8828125,44594.8828125,0.0,2022-01-31,0.0,47.04837197341678,-845.1837489852769,-918.3262891615384,73.14254017626149,42005.5927848251,44684.5716796875,47363.550574549896,11.990621344951572,0.4832606245313281,0.0,0.0,43653.158984375,44684.5716796875,0,44594.8828125
44594.8828125,44594.8828125,44594.8828125,44594.8828125,0.0,2022-02-01,0.0,47.04837197341678,-741.7252549008335,-883.0060823093975,141.28082740856394,42060.21927645433,44584.9185546875,47109.617832920674,11.325351083175791,0.5019733553810558,0.0,0.0,43722.916015625,44584.9185546875,0,44594.8828125
44594.8828125,44594.8828125,44594.8828125,44594.8828125,0.0,2022-02-02,0.0,47.04837197341678,-652.2153207332449,-836.8479299941671,184.6326092609222,42149.751514581396,44482.7740234375,46815.79653229361,10.489554934801776,0.5240265125254763,0.0,0.0,43782.70859375,44482.7740234375,0,44594.8828125
44594.8828125,44594.8828125,44594.8828125,44594.8828125,0.0,2022-02-03,0.0,47.04837197341678,-574.6538017046987,-784.4091043362735,209.75530263157475,42268.68784289378,44383.1208984375,46497.553953981216,9.528095423402988,0.5500753413562316,0.0,0.0,43817.587109375,44383.1208984375,0,44594.8828125
44594.8828125,44594.8828125,44594.8828125,44594.8828125,0.0,2022-02-04,0.0,47.04837197341678,-507.33746854325,-728.9947771776688,221.65730863441877,42425.092792386306,44285.95859375,46146.8243951137,8.403863709642344,0.5830055070396828,0.0,0.0,43882.36171875,44285.95859375,0,44594.8828125
44594.8828125,44893.84263497706,44345.74962710245,44844.01599789755,946105.0,2022-02-07,0.0,47.04837197341678,-448.8151281057144,-672.958847363278,224.1437192575636,42503.853558352006,44223.675,45943.496441648,7.777831406584807,0.6079204513650824,0.0,0.0,44091.633984375,44223.675,1,45142.98046875
45142.98046875,45740.900175271956,44594.88740443821,44594.88740443821,1542349.0,2022-02-08,0.0,52.7783509532637,-354.12669930871925,-609.1924177523663,255.06571844364703,42489.394728986845,44251.0798828125,46012.76503663815,7.962224463181547,0.7531384748292461,0.01221567913285889,0.012290595280953776,44295.9234375,44251.0798828125,0,45192.8046875
45192.8046875,45691.07108288214,45142.97804796179,45691.07108288214,2085484.0,2022-02-09,0.0,53.2733513883597,-271.930394917239,-541.7400131853408,269.80961826810176,42474.473301625796,44278.4845703125,46082.49583899921,8.148477917404817,0.7534130836813199,0.0011030894061754785,0.0011036980330638713,44530.10859375,44278.4845703125,1,45840.5546875
45840.5546875,45840.5546875,44943.67510369477,45541.59482623159,1779241.0,2022-02-10,0.0,59.2534324254662,-152.7602943835518,-463.944069424983,311.1837750414312,42481.24049842318,44275.993359375,46070.74622032682,8.10711505164592,0.935870966461437,0.014231287009193733,0.014333033864109002,44834.051953125,44275.993359375,0,45641.24609375
45641.24609375,46039.85922446972,45541.59281107007,45740.89937642993,1170952.0,2022-02-11,0.0,56.84285222930075,-73.55180948526686,-385.8656174370398,312.31380795177296,42466.292349115014,44283.4671875,46100.64202588498,8.207012475743646,0.873596111273676,-0.004357345557146204,-0.004347866100414932,44938.68828125,44283.4671875,0,45342.28125
45342.28125,45641.24106510107,45043.32143489892,45342.28125,1412771.0,2022-02-14,0.0,53.33759207242201,-34.50472982723295,-315.5934399150784,281.08871008784547,42455.296575022,44333.2935546875,46211.290534353,8.47217442732464,0.7686340037384446,-0.006571869183102696,-0.006550321679121285,45013.428125,44333.2935546875,0,45342.28125
45342.28125,45342.28125,45342.28125,45342.28125,0.0,2022-02-15,0.0,53.33759207242201,-3.519072205388511,-253.17856637314046,249.65949416775194,42487.41653286519,44405.5419921875,46323.66745150981,8.639126439036726,0.7441809145642269,0.0,0.0,45088.16796875,44405.5419921875,0,45491.76953125
45491.76953125,46089.68927151162,45491.76953125,45691.07611133721,1120945.0,2022-02-16,0.0,54.94864083892097,32.722534660220845,-195.99834616646822,228.72088082668907,42513.32127141459,44480.2826171875,46447.243962960405,8.84419446117844,0.7571191640944636,0.0032914620656855935,0.003296884874975259,45177.856640625,44480.2826171875,1,46239.1640625
46239.1640625,46239.1640625,45342.28455188483,45790.72430719242,1558045.0,2022-02-17,0.0,62.01068534199452,120.36526578386838,-132.7256237764009,253.0908895602693,42466.43766000483,44579.9359375,46693.43421499517,9.481836315145205,0.8925312224447253,0.016295725796214484,0.016429225307153406,45342.284765625,44579.9359375,0,45940.19921875
45940.19921875,46089.679120894514,45691.06604850914,45990.02585279817,1129340.0,2022-02-18,0.0,58.088165897262144,163.81049191169586,-73.41840063878156,237.22889255047744,42504.663895523474,44679.5890625,46854.51422947653,9.735654300374772,0.7898054092597663,-0.006486612217333735,-0.006465619563232106,45476.81640625,44679.5890625,1,46587.9453125
46587.9453125,46837.07848194473,45840.545804165806,45940.1990719437,2529519.0,2022-02-21,0.0,63.478509309915175,247.6540413205512,-9.20391224691501,256.8579535674662,42804.66452875614,44883.8783203125,46963.09211186886,9.264857981826388,0.909786381541831,0.014001289635690795,0.014099766756902277,45676.12265625,44883.8783203125,0,46288.98828125
46288.98828125,46488.29482874155,45840.548549394014,46338.81491812289,2113772.0,2022-02-22,0.0,59.664477897408815,286.6727394605914,49.97141809458627,236.70132136600512,43052.881471943074,45043.3234375,47033.76540305693,8.83790010885308,0.8129116209628996,-0.00643772467903245,-0.006417046925866199,45790.7234375,45043.3234375,0,46338.8203125
46338.8203125,46787.260096559585,46139.513741806855,46139.513741806855,1777233.0,2022-02-23,0.0,60.094876356980976,317.95122352232283,103.56737918013359,214.38384434218926,43435.79619040868,45217.716796875,46999.63740334132,7.881515178977244,0.8145772913665972,0.001075962754901902,0.0010765418104889957,45905.325,45217.716796875,-1,45840.5546875
45840.5546875,46587.95434067103,44844.021816605295,46338.82112294735,2463087.0,2022-02-24,0.0,53.90158410811936,299.08609737670486,142.67112281944785,156.414974557257,43980.369870845905,45369.6884765625,46759.007082279095,6.1244352887029505,0.6694594058555174,-0.010810888615877647,-0.010752660979278184,45905.325,45369.6884765625,0,45990.02734375
45990.02734375,46538.12033604853,45890.374072422994,46039.85397941351,1934370.0,2022-02-25,0.0,55.38694372822028,292.82108397341653,172.70111505024158,120.11996892317495,44074.03429615638,45439.445703125,46804.85711009362,6.009806615553478,0.7016174897232478,0.0032554032643292512,0.0032607078441562187,45940.203125,45439.445703125,1,46488.296875
46488.296875,46587.95015313218,45990.03048433912,45990.03048433912,2745970.0,2022-02-28,0.0,60.012434686241235,324.3236020737022,203.0256124549337,121.2979896187685,44152.796980731204,45534.11640625,46915.4358317688,6.0671844961032315,0.8453873344290456,0.010776024698774941,0.010834295172857944,46054.8046875,45534.11640625,0,46538.12890625
46538.12890625,46837.08877528579,46089.689102696306,46837.08877528579,2011022.0,2022-03-01,0.0,60.45403259351476,349.2842714306389,232.27734425007475,117.00692718056416,44254.76312322812,45631.2787109375,47007.79429864688,6.033210668626024,0.8294006269923778,0.0010713522657227787,0.0010719263685652347,46174.389453125,45631.2787109375,0,46388.6484375
46388.6484375,46538.12837029642,46189.34186043811,46338.82179323453,1987296.0,2022-03-02,0.0,58.371631327158404,352.9355359959809,256.408982599256,96.52655339672492,44395.99313236383,45720.9669921875,47045.940852011176,5.795913546841979,0.7519602331631479,-0.003217169516729701,-0.0032119999721330617,46264.07734375,45720.9669921875,0,46538.12890625
46538.12890625,46837.08877528579,46438.4756165714,46438.4756165714,1747667.0,2022-03-03,0.0,59.860630224483685,363.6985238492198,277.86689084924876,85.83163299997102,44557.40540634025,45818.129296875,47078.853187409746,5.503166147906151,0.7855500775310948,0.0032171695167296337,0.0032223501607595573,46293.973828125,45818.129296875,0,46587.9453125
46587.9453125,46737.42521416683,46338.81214305527,46488.292044722104,2452502.0,2022-03-04,0.0,60.369384911796224,371.9603100009044,296.6855746795799,75.27473532132456,44752.726535371294,45917.782421875,47082.83830837871,5.074530280228352,0.7876097612090232,0.00106987031118129,0.0010704428265768673,46358.7484375,45917.782421875,0,46737.4375
46737.4375,46787.26414698683,45940.2111482106,46388.65097109214,3098934.0,2022-03-07,0.0,61.92881205244553,386.11965815391886,314.5723913744477,71.54726677947116,44984.6995166622,46024.91015625,47065.1207958378,4.520207148939077,0.8424918553190104,0.0032036796604527577,0.003208816926723035,46373.69765625,46024.91015625,1,47235.69921875
47235.69921875,47534.65907060068,46139.5130952975,46737.43279899886,4065298.0,2022-03-08,0.0,66.6405094773365,432.56031409256684,338.16997591807154,94.3903381744953,45042.88845418431,46129.54609375,47216.2037333157,4.711330292985149,1.0089703899022386,0.010604443044929353,0.010660869431491582,46468.36875,46129.54609375,0,47584.484375
47584.484375,48082.75433294021,47136.04460982939,47136.04460982939,4022410.0,2022-03-09,0.0,69.48724752611564,491.8392984280581,368.9038404200689,122.93545800798921,45073.744607162706,46249.130078125,47424.5155490873,5.082843586362864,1.0680495164627704,0.007356803501632689,0.007383931264249188,46592.93515625,46249.130078125,0,47136.04296875
47136.04296875,47983.09582902587,47136.04296875,47983.09582902587,1421166.0,2022-03-10,0.0,62.144430525539185,496.9048372415855,394.50403978437225,102.40079745721323,45091.47908541805,46313.9044921875,47536.32989895696,5.278870007497045,0.8362734740335565,-0.009468797722216591,-0.009424109815206916,46722.483984375,46313.9044921875,-1,46438.46875
46438.46875,47136.041674604356,46189.335562641296,47086.21503713261,2078731.0,2022-03-11,0.0,52.79802405836421,439.56388481923204,403.51600879134423,36.04787602788781,45172.39201397254,46353.765625,47535.13923602746,5.097206645883852,0.5358494231669574,-0.014909768237537263,-0.014799168000005358,46767.328125,46353.765625,-1,45740.8984375
45740.8984375,46338.818121306,45093.15211337683,46338.818121306,3546072.0,2022-03-14,0.0,45.43851517002071,333.9827275388234,389.60935254084006,-55.62662500201668,45252.2436759267,46373.696484375,47495.149292823306,4.836590108041791,0.21786684107083676,-0.01513535295993254,-0.015021389190400525,46692.58828125,46373.696484375,0,45342.28125
45342.28125,45740.89433680143,44744.36161979785,45740.89433680143,3416493.0,2022-03-15,0.0,41.84874748758448,215.6578545693992,354.8190529465519,-139.1611983771527,45252.2436759267,46373.696484375,47495.149292823306,4.836590108041791,0.04014327370488295,-0.008752872567585676,-0.008714677698005158,46573.003515625,46373.696484375,0,45641.24609375
45641.24609375,45990.03258312976,45093.15303901038,45392.11288705017,2079826.0,2022-03-16,0.0,45.33682290245639,144.34459001137293,312.72416035951613,-168.3795703481432,45282.708309282934,46381.1703125,47479.63231571706,4.736672213383207,0.1631999028719321,0.006571869183102772,0.006593511299125554,46498.26328125,46381.1703125,0,45840.5546875
45840.5546875,46189.34119231314,45591.421469776324,45740.90140041053,2154654.0,2022-03-17,0.0,47.593664971517505,102.72668263671949,270.72466481495684,-167.99798217823735,45237.74958879088,46361.23984375,47484.73009870912,4.846679073922909,0.2682733989228295,0.00435734555714626,0.004366852590759862,46428.505859375,46361.23984375,1,47385.1796875
47385.1796875,48132.58287788383,46338.82019403596,46338.82019403596,5137698.0,2022-03-18,0.0,61.02396405367159,192.16733432168985,255.01319871630346,-62.84586439461361,45240.31765305105,46433.4888671875,47626.66008132396,5.139270139916695,0.8988073166017815,0.03314034214459343,0.033695600119367564,46508.229296875,46433.4888671875,0,47484.828125
47484.828125,47833.61458721472,47335.34821262226,47435.00148754075,2848355.0,2022-03-21,0.0,61.7057801325101,268.0011409486833,257.61078716277945,10.39035378590387,45196.589881629334,46478.3330078125,47760.076133995666,5.515443619579554,0.8926274682606208,0.002100737133772687,0.00210294522796306,46582.968359375,46478.3330078125,1,48032.921875
48032.921875,48331.885256543435,47534.655492752485,47833.615322100995,3794643.0,2022-03-22,0.0,65.30122590411068,368.08352630090667,279.70533499040494,88.37819131050173,45112.225593647134,46565.5296875,48018.83378135286,6.241973853216956,1.004846918723592,0.011476396076454525,0.011542502555915046,46662.690625,46565.5296875,0,48082.7578125
48082.7578125,48581.0242543027,47833.621039403304,48082.7578125,3605933.0,2022-03-23,0.0,65.61733105174909,446.2764838982257,313.0195647719691,133.2569191262566,45054.63830387888,46652.7265625,48250.81482112112,6.850996185529206,0.9474193594394694,0.001036999210285418,0.0010375370798738626,46712.51796875,46652.7265625,0,47833.6171875
47833.6171875,48431.54042170956,47484.83070632488,47833.6171875,3328343.0,2022-03-24,0.0,62.5495239672674,482.57853490582784,346.93135879874086,135.64717610708698,45119.35063252567,46752.3796875,48385.40874247433,6.98586495870261,0.8310527441953565,-0.005194966663624262,-0.005181496160672205,46782.275390625,46752.3796875,0,47684.13671875
47684.13671875,48082.75338770498,47634.310079155,47883.443277129976,2241343.0,2022-03-25,0.0,60.715382603431834,493.59647440003755,376.2643819190002,117.33209248103736,45194.83296464857,46837.08515625,48479.33734785143,7.012614837677557,0.757893265977012,-0.0031299017128508418,-0.0031250086767233842,46906.8421875,46837.08515625,1,48879.984375
48879.984375,49178.94424164502,47435.00813402039,47584.48806734289,6390595.0,2022-03-28,0.0,68.63829058411892,591.9989867598852,419.4113028871772,172.58768387270794,45088.572343603395,46956.66953125,48824.76671889661,7.956685200611914,1.0147791176145804,0.024769216168338645,0.025078521674898546,47220.75078125,46956.66953125,1,52268.1875
52268.1875,52268.1875,49129.106083683044,49129.106083683044,15009758.0,2022-03-29,0.0,80.585501421142,932.6325549989779,522.0555533095373,410.5770016894405,44235.39807690044,47243.1724609375,50250.94684497456,12.733160062542396,1.3353377609922126,0.06701992119850604,0.06931678003426112,47913.34140625,47243.1724609375,1,52816.2890625
52816.2890625,53464.03539392735,52068.8894493146,52716.63578074195,5166169.0,2022-03-30,0.0,81.79376903302209,1232.6056170951415,664.1655660666581,568.4400510284834,43691.964003616726,47564.5544921875,51437.14498075827,16.28351418368418,1.1780647974284937,0.01043173170453085,0.010486331910782187,48630.845703125,47564.5544921875,0,53314.55078125
53314.55078125,55108.309695099364,52118.711505350424,52567.151233812765,6337121.0,2022-03-31,0.0,82.83933680530527,1493.3278328588567,829.9980194250979,663.3298134337588,43293.35310951855,47903.3755859375,52513.39806235645,19.247171707758586,1.086892495968467,0.009389643580799573,0.009433864582200746,49378.2453125,47903.3755859375,1,55307.6171875
55307.6171875,55307.6171875,52866.111957426285,53264.72505621383,7879288.0,2022-04-01,0.0,86.24273757545295,1839.570446473066,1031.9125048346916,807.6579416383745,42715.36430122131,48339.3591796875,53963.35405815369,23.268801961402204,1.1195114112295323,0.03670135034862818,0.03738316045140411,50170.4890625,48339.3591796875,-1,54460.5703125
54460.5703125,56553.29286234776,54460.5703125,56553.29286234776,4905369.0,2022-04-04,0.0,79.06581689589801,2022.3086927921904,1229.9917424261914,792.316950365999,42532.82070073042,48725.5158203125,54918.21093989458,25.41869497049221,0.9630499630163072,-0.01543368270906747,-0.015315193784762093,50868.06328125,48725.5158203125,0,54311.09375
54311.09375,55606.586543120044,54311.09375,54360.92039588923,3401710.0,2022-04-05,0.0,77.8348676556425,2130.5093743209363,1410.0952688051404,720.4141055157959,42451.813806608734,49079.285546875,55706.75728714126,27.00720544897277,0.8947061872281035,-0.002748448465571173,-0.00274467493899333,51495.88046875,49079.285546875,1,56304.15625
56304.15625,56802.422647938714,54012.12726728689,54012.12726728689,7626883.0,2022-04-06,0.0,81.8846418319934,2349.9934196859613,1598.0748989813046,751.9185207046567,42191.20993858505,49515.269140625,56839.32834266495,29.583032988225828,0.9634647892717818,0.036039844828325084,0.036697152688073054,52318.0203125,49515.269140625,0,56453.640625
56453.640625,58247.39979915228,55855.72090028258,56652.94719990581,7145435.0,2022-04-07,0.0,82.14809570854037,2507.0979817846383,1779.8795155419716,727.2184662426666,42128.048321029724,49981.1490234375,57834.24972584528,31.424250365773894,0.9120978354179273,0.0026514257411282952,0.002654943879031979,53180.02265625,49981.1490234375,-1,54061.953125
54061.953125,56752.595187140236,54061.953125,56453.63535270187,7427405.0,2022-04-08,0.0,65.68785851921592,2410.8247984513073,1906.0685721238387,504.75622632746854,42493.200928459184,50362.3232421875,58231.445555915816,31.25003696071158,0.7350725872158702,-0.04328911239617709,-0.042365513960154755,53817.804296875,50362.3232421875,0,54061.953125
54061.953125,54061.953125,54061.953125,54061.953125,0.0,2022-04-11,0.0,65.68785851921592,2307.92330383457,1986.4395184659852,321.4837853685849,43059.603849860374,50778.3759765625,58497.148103264626,30.401807770555077,0.7127007440133111,0.0,0.0,54336.001171875,50778.3759765625,1,54709.703125
54709.703125,55556.756046404866,53115.25056706144,54311.08998551536,5770990.0,2022-04-12,0.0,67.7195181538292,2252.6737191196444,2039.6863585967171,212.98736052292725,43784.2918150264,51246.7470703125,58709.2023255986,29.123625134868853,0.7320252474702936,0.011910412688135561,0.011981624091573106,54580.152734375,51246.7470703125,1,57350.515625
57350.515625,57350.515625,54709.70016652352,54809.353446005836,6064276.0,2022-04-13,0.0,74.37989572674589,2394.378617486931,2110.6248103747603,283.75380711217076,44384.171139725826,51832.210546875,59280.24995402418,28.739038248864436,0.8704535365930075,0.04714075265851252,0.0482695454217017,55033.575390625,51832.210546875,1,58097.9140625
58097.9140625,59243.926753692314,57400.34112003511,57400.34112003511,6441331.0,2022-04-14,0.0,75.89573132674622,2537.736135524123,2196.047075404633,341.68906011949,45055.96718146707,52445.078515625,59834.189849782924,28.17847372258765,0.8825111905367715,0.01294792629398091,0.013032113649806387,55511.91171875,52445.078515625,-1,57300.69140625
57300.69140625,58745.66401979465,56802.424987786326,57350.51804809636,5696711.0,2022-04-15,0.0,71.06576841460307,2557.537100034475,2268.3450803306014,289.1920197038735,45651.29961764846,52940.8541015625,60230.40858547654,27.538484626370614,0.799046897468728,-0.013817070600030958,-0.013722053005076451,55711.219140625,52940.8541015625,0,57549.82421875
57549.82421875,59094.45010533918,56802.424596206845,57300.69101123561,6125050.0,2022-04-18,0.0,71.67246453740567,2563.778796872677,2327.431823639017,236.34697323366026,46353.52007619971,53444.10390625,60534.687736300286,26.53457841668885,0.7895191997519112,0.004338390679420734,0.004347815120304466,56020.14453125,53444.10390625,-1,55805.890625
55805.890625,58297.22264919971,55805.890625,58048.08944677974,8634311.0,2022-04-19,0.0,61.889705067413544,2400.3349530493506,2342.012449521084,58.32250352826668,47150.66326193502,53832.75234375,60514.84142556498,24.825366680664512,0.6476438174567153,-0.03077165018225777,-0.030303022075640285,56169.62421875,53832.75234375,0,55805.890625
55805.890625,56304.15702983994,54610.04770118905,55805.890625,6013539.0,2022-04-20,0.0,61.889705067413544,2244.926414976384,2322.595242612144,-77.66882763575995,48064.10782194852,54218.908984375,60373.71014680147,22.703522729312716,0.628922250999198,0.0,0.0,56119.79765625,54218.908984375,0,55805.890625
55805.890625,57749.12960387578,55407.273948932954,55407.273948932954,7425215.0,2022-04-21,0.0,61.889705067413544,2097.5843818425565,2277.5930704582265,-180.00868861567005,49217.596835782744,54617.52265625,60017.44847671726,19.773602162269928,0.6100355827339093,0.0,0.0,56055.02265625,54617.52265625,0,55357.44921875
55357.44921875,56752.59875264141,52816.290466374776,56055.02576179331,10419027.0,2022-04-22,0.0,59.29059507669405,1922.4682678420722,2206.568109934996,-284.0998420929236,50696.041810496536,55001.18828125,59306.33475200346,15.65473985303366,0.5413761691872997,-0.008068196574791933,-0.008035736034810448,56184.572265625,55001.18828125,-1,51520.796875
51520.796875,55257.79878525583,51520.796875,54859.18562706272,8405997.0,2022-04-25,0.0,42.74937773076865,1457.3028261141517,2056.715053170827,-599.4122270566754,51510.692670977514,55133.22890625,58755.76514152248,13.14102695284668,0.0013946311874124865,-0.07182568502623242,-0.06930688458185852,55930.456640625,55133.22890625,0,51969.234375
51969.234375,52318.020849122615,48331.886164097705,49926.338617229674,9912576.0,2022-04-26,0.0,44.691634490893755,1112.0223196194638,1867.7765064605546,-755.7541868410908,51443.87239182113,55118.28125,58792.69010817887,13.332813632242452,0.07148932024935985,0.008666347884141374,0.008704009394264745,55656.409765625,55118.28125,-1,51321.484375
51321.484375,51819.75076525695,50075.818399357646,51072.35117987153,4616828.0,2022-04-27,0.0,42.45132576508446,777.1584205752588,1649.6528892834954,-872.4944687082366,51119.63698232613,55043.541015625,58967.44504892387,14.25745495619553,0.025720225438869596,-0.012542433616921726,-0.012464105115075563,55053.506640625,55043.541015625,1,52567.15625
52567.15625,53214.90258625638,51072.35346029013,51271.66002529209,4618106.0,2022-04-28,0.0,47.863868702051484,605.3139948787939,1440.7851104025551,-835.4711155237612,50999.57139324193,55006.1712890625,59012.771184883066,14.567819580699467,0.19562533039464142,0.023982055589626777,0.024271937769726692,54500.430859375,55006.1712890625,0,52318.01953125
52318.01953125,53364.378927260426,51919.40642800793,52318.01953125,7284687.0,2022-04-29,0.0,46.913520364116984,443.9057294342274,1241.4092342088895,-797.5035047746621,50678.06386826623,54856.69140625,59035.31894423377,15.234704940690913,0.19623137598129456,-0.0047506653910674886,-0.004739398828522368,54002.163671875,54856.69140625,0,52318.01953125
52318.01953125,52318.01953125,52318.01953125,52318.01953125,0.0,2022-05-02,0.0,46.913520364116984,312.38750745418656,1055.604888857949,-743.2173814037624,50421.00934350901,54749.5638671875,59078.11839086599,15.8121972776944,0.2191274451279032,0.0,0.0,53478.983203125,54749.5638671875,0,52318.01953125
52318.01953125,52318.01953125,52318.01953125,52318.01953125,0.0,2022-05-03,0.0,46.913520364116984,205.7861938521164,885.6411498567825,-679.8549560046661,50189.101642607886,54649.91015625,59110.718669892114,16.325035122246973,0.23862466659703327,0.0,0.0,53130.19609375,54649.91015625,0,52068.88671875
52068.88671875,52766.45965447468,51869.57661349088,52268.1932718142,2917159.0,2022-05-04,0.0,45.77829553753804,100.04766175530676,728.5224522364874,-628.4747904811807,49906.442311706756,54438.1466796875,58969.85104766825,16.649003114103664,0.23859063074835943,-0.004773266963673347,-0.004761893029058384,52756.495703125,54438.1466796875,0,52168.55078125
52168.55078125,52567.163969792586,50773.40106915529,52118.724132682175,4005802.0,2022-05-05,0.0,46.33772492475257,24.0143477278325,587.6208313347565,-563.606483606924,49688.22334633614,54223.8921875,58759.56102866386,16.72941081204587,0.2734246614747785,0.0019122513995066253,0.0019140809181947827,52392.76171875,54223.8921875,-1,49926.33984375
49926.33984375,51819.75217835891,49926.33984375,50972.699291823345,4436514.0,2022-05-06,0.0,37.070953825106756,-214.6954101025549,427.1575830472943,-641.8529931498492,49090.15125096346,54017.1115234375,58944.07179591154,18.242220413197323,0.08485846714232287,-0.04393112179988186,-0.04298012699072096,51849.65078125,54017.1115234375,-1,46837.08203125
46837.08203125,49328.41746668485,46837.08203125,48979.63100303126,8211082.0,2022-05-09,0.0,28.588108918467796,-645.7085739571048,212.5843516464145,-858.2929256035193,47775.53808408251,53655.86796875,59536.197853417485,21.91868329515155,-0.07979620797121109,-0.0638734757981885,-0.061876312627125785,51381.279296875,53655.86796875,1,49029.4609375
49029.4609375,49228.767501560826,45840.55236033165,46837.08518063578,5140618.0,2022-05-10,0.0,39.218001720875804,-801.1478229291097,9.837916731309662,-810.9857396604193,47166.14297711023,53371.855859375,59577.56874163977,23.254626553049537,0.15012924346813772,0.04574612078426767,0.046808614268225135,51087.301953125,53371.855859375,1,50773.39453125
50773.39453125,50773.39453125,48232.23578150679,48830.155487328724,3043635.0,2022-05-11,0.0,46.09201633616314,-774.6836108225107,-147.06638877945443,-627.6172220430562,47030.97701801773,53042.9998046875,59055.022591357265,22.6684871097297,0.3112444551549432,0.03495112663178507,0.03556909581308809,51032.49296875,53042.9998046875,-1,47634.31640625
47634.31640625,50773.39866988269,47335.35652897027,49477.905868337184,4729617.0,2022-05-12,0.0,37.80432090570943,-995.532028849273,-316.7595167934182,-678.7725120558548,46538.9145231489,52519.819921875,58500.7253206011,22.775803144880914,0.0915749213601015,-0.06381905329583737,-0.06182525619924739,50539.208984375,52519.819921875,-1,46637.7734375
46637.7734375,49328.41530572338,46388.640260089946,47883.4393245503,7489457.0,2022-05-13,0.0,35.61495161467903,-1236.712627045752,-500.750138843885,-735.962488201867,45900.10230998499,51986.6740234375,58073.245736890014,23.41589196765487,0.060598244976282065,-0.021142632825004247,-0.020920694237552828,49971.184375,51986.6740234375,0,46438.46875
46438.46875,48581.01771347968,46438.46875,48581.01771347968,3177229.0,2022-05-16,0.0,35.17618608774404,-1427.4771434156937,-686.0955397582468,-741.3816036574469,45455.17174123112,51431.10625,57407.040758768875,23.23859992324734,0.08227140101067248,-0.004282617936292823,-0.004273460605212831,49383.229296875,51431.10625,1,49677.203125
49677.203125,49677.203125,46089.68171909841,46338.8149033836,3733687.0,2022-05-17,0.0,46.67326767553268,-1302.3083996210262,-809.3381117308027,-492.9702878902235,45473.581337065,51124.671875,56775.762412935,22.107097535029414,0.3719301398302381,0.06741795460128878,0.06974248854835463,49119.14765625,51124.671875,-1,48680.67578125
48680.67578125,49876.51519830741,48581.022496495214,49677.20862879784,3530376.0,2022-05-18,0.0,44.082559988649336,-1268.8956574073018,-901.2496208661025,-367.64603654119924,45472.70703738329,50768.4111328125,56064.11522824171,20.862201425116115,0.30288406282325603,-0.020263988098736117,-0.02006005332551619,48780.3265625,50768.4111328125,0,48331.890625
48331.890625,48680.67713131467,47385.18084137916,47385.18084137916,2242256.0,2022-05-19,0.0,43.17916453962628,-1256.0805509588536,-972.2158068846527,-283.86474407420087,45561.08576101016,50394.7111328125,55228.33650461485,19.18306609224761,0.2866176679882696,-0.007190545966708761,-0.00716475584310472,48396.660546875,50394.7111328125,0,48581.01953125
48581.01953125,49278.59248195565,48331.88633456941,48680.67280992224,2574050.0,2022-05-20,0.0,44.06097809510236,-1211.8523861378853,-1020.1431227352994,-191.70926340258598,45767.75680567969,50055.8896484375,54344.02249119531,17.133379799560373,0.3280288681263228,0.005141305830509664,0.005154545022518553,48262.128515625,50055.8896484375,-1,48082.7578125
48082.7578125,48929.810763564594,47883.447683583574,48929.810763564594,2074899.0,2022-05-23,0.0,42.635823761501804,-1203.1377800258706,-1056.7420541934137,-146.39572583245695,45567.56407832299,49883.9876953125,54200.41131230201,17.30584829486322,0.29135158609979445,-0.010309262588516483,-0.0102563042842172,48386.69609375,49883.9876953125,1,48929.8046875
48929.8046875,48929.8046875,47833.615099462666,48082.751841621764,2527146.0,2022-05-24,0.0,45.842819734668105,-1115.0284344392421,-1068.3993302425795,-46.62910419666264,45511.76451347516,49732.0162109375,53952.267908399845,16.971971052057157,0.4049569100440295,0.017463066210257033,0.01761643702516147,48376.73046875,49732.0162109375,1,52318.01953125
52318.01953125,52318.01953125,49178.93779102382,49577.550894265885,6881898.0,2022-05-25,0.0,56.353976532414585,-763.0050743278989,-1007.3204790596435,244.3154047317446,45460.260878713205,49781.84296875,54103.4250587868,17.362081563551687,0.7934314921781808,0.06695413981522494,0.06924644121082268,48531.19296875,49781.84296875,0,52616.98046875
52616.98046875,53364.38005309688,52118.71407918541,52417.67391292416,2603251.0,2022-05-26,0.0,57.14434712890391,-454.6593461856537,-896.7882524848455,442.12890629919184,45455.9395262401,49784.3341796875,54112.728833134905,17.388581065782052,0.8272167299724393,0.005698036810955813,0.00571430150029717,49029.459375,49784.3341796875,1,55706.23046875
55706.23046875,55805.88729596817,52567.15230551621,52616.97894302786,7078273.0,2022-05-27,0.0,64.33201444496133,38.53926527834119,-709.7227489322082,748.2620142105494,44989.31235129643,49953.7447265625,54918.17710182857,19.87611700560368,1.079369936717004,0.057053108037892375,0.058712035021370124,49936.305078125,49953.7447265625,0,55457.09375
55457.09375,56005.190279923336,54410.73442888161,55357.44048132206,4556967.0,2022-05-30,0.0,63.40838889384457,404.63508569567784,-486.85118200663106,891.4862677023089,44657.1450306796,50110.6984375,55564.2518443204,21.766024329604114,0.9901753878318688,-0.004482362103324447,-0.004472331311122568,50838.167578125,50110.6984375,-1,54759.5234375
54759.5234375,55457.09635096207,53563.684157279306,55457.09635096207,3936632.0,2022-05-31,0.0,60.777244241911646,631.2044347611591,-263.2400586530731,894.4444934142322,44470.607135675644,50232.7736328125,55994.94012994936,22.941860782988737,0.8927992888557434,-0.012658338548015534,-0.012578558761925707,51346.399609375,50232.7736328125,1,55706.23046875
55706.23046875,56254.32703357299,54709.69771851705,54759.5243560287,3716714.0,2022-06-01,0.0,63.01997677246266,877.0436089177529,-35.18332513890792,912.2269340566608,44196.87208849598,50414.6408203125,56632.40955212903,24.66652000547957,0.9255215879420104,0.017140700651339987,0.017288445403118358,52048.955078125,50414.6408203125,0,55706.23046875
55706.23046875,55706.23046875,55706.23046875,55706.23046875,0.0,2022-06-02,0.0,63.01997677246266,1059.6578495370995,183.78490979629356,875.872939740806,43975.1648579304,50591.5248046875,57207.884751444595,26.156001315635642,0.886519604829646,0.0,0.0,52786.3890625,50591.5248046875,1,56802.421875
56802.421875,56802.421875,55257.7925102135,55556.75234490863,3204605.0,2022-06-03,0.0,65.65702148861985,1278.1012801558172,402.6481838681983,875.4530962876189,43772.47463585677,50935.32890625,58098.18317664322,28.12528916256516,0.9095499326993786,0.01948696517710807,0.019678075450912713,53608.529296875,50935.32890625,0,56304.15625
56304.15625,57798.955443816136,55805.88985206129,56802.422647938714,4668842.0,2022-06-06,0.0,63.44245111763496,1394.933476165861,601.1052423277308,793.8282338381302,44135.759639238284,51408.6826171875,58681.605595136716,28.294531614850815,0.8365547557464236,-0.0088106077734233,-0.008771908108011428,54430.669140625,51408.6826171875,1,57599.6484375
57599.6484375,57599.6484375,54111.78012680997,56154.67589469493,7132295.0,2022-06-07,0.0,66.59710005235077,1573.9161008043156,795.6674140230479,778.2486867812678,44156.07163321248,51837.1919921875,59518.31235116252,29.63555726603656,0.8751052044497222,0.022748108478546705,0.02300881984178571,55297.653515625,51837.1919921875,0,57300.69140625
57300.69140625,58596.18409425554,57051.55819701816,57948.43775025277,4855363.0,2022-06-08,0.0,65.19888872189648,1672.359862905054,971.005903799449,701.3539591056049,44126.32730622776,52163.5568359375,60200.78636564725,30.815496554378303,0.819583666941637,-0.005203774092997277,-0.005190257915799412,55795.920703125,52163.5568359375,0,57450.171875
57450.171875,57749.13172890498,56453.639028650105,57549.825159634995,3114082.0,2022-06-09,0.0,65.58792377770607,1742.3543023668317,1125.2755835129256,617.0787188539061,44582.9216823561,52654.349609375,60725.7775363939,30.65816209638187,0.7970863587576064,0.002605305947633685,0.002608702706398791,56279.23984375,52654.349609375,-1,54809.35546875
54809.35546875,57151.21117520592,54809.35546875,56503.46483466571,5424961.0,2022-06-10,0.0,54.084941928838774,1566.6739441546379,1213.555255641268,353.11868851336976,45460.17463256035,53062.9287109375,60665.68278931465,28.655614241699567,0.6148548762598728,-0.047057096406636814,-0.045967075816516045,56189.55234375,53062.9287109375,-1,52109.1875
52109.1875,54889.955831527106,51988.283904477306,53197.31626833052,5160785.0,2022-06-13,0.0,45.33073907213719,1195.7807891404664,1210.0003623411078,-14.219573200641435,46388.28611403977,53346.4646484375,60304.64318283522,26.086746629803248,0.41109187969804,-0.05051962283291442,-0.0492647276301128,55854.76171875,53346.4646484375,1,53862.28515625
53862.28515625,54345.89957874146,51686.031029160404,51988.28824753057,3510635.0,2022-06-14,0.0,50.88877117195352,1031.4160985123817,1174.2835095753626,-142.86741106298086,46813.79921165651,53555.71875,60297.63828834349,25.177216161788486,0.5227358398825778,0.033089237406833893,0.03364277472662569,55765.037890625,53555.71875,1,54708.6015625
54708.6015625,54769.0515638326,53197.31561544837,54769.0515638326,2680694.0,2022-06-15,0.0,53.35424991939026,958.3987340059175,1131.1065544614737,-172.7078204555562,47505.151796541584,53857.1150390625,60209.07828158341,23.5882045962315,0.5670254605487588,0.015590432647454022,0.015712597484397683,55665.275,53857.1150390625,1,55615.37109375
55615.37109375,56703.49980887205,54527.24597000147,55010.85673707043,3828802.0,2022-06-16,0.0,55.90828187556771,962.6043656289839,1097.406116694976,-134.801751065992,48389.231899863036,54221.2890625,60053.346225136964,21.512056476246613,0.6195188929372278,0.016438674732638013,0.016574533169415595,55656.1890625,54221.2890625,0,55615.37109375
55615.37109375,55978.08186258186,53801.828023711285,54587.695969120025,3530559.0,2022-06-17,0.0,55.90828187556771,954.9295258393176,1068.9107985238443,-113.98127268452663,49357.282433278546,54573.006640625,59788.73084797145,19.11466685972836,0.5999251888795052,0.0,0.0,55537.483984375,54573.006640625,0,55615.37109375
55615.37109375,57126.660576822454,55192.2103257996,56522.14622014288,3777701.0,2022-06-20,0.0,55.90828187556771,938.0340869632055,1042.7354562117166,-104.70136924851113,50710.86561210731,54949.6373046875,59188.408997267696,15.427842295216038,0.5785290925467677,0.0,0.0,55468.60546875,54949.6373046875,-1,53862.28515625
53862.28515625,56522.15370583106,53801.83514912556,55857.18567059229,3741656.0,2022-06-21,0.0,49.3796445641057,774.2597613541293,989.0403172401992,-214.78055588606992,51982.094898717514,55196.261328125,58410.42775753249,11.64631934145048,0.29248489442394676,-0.032029107380092015,-0.03152160819973404,55094.869140625,55196.261328125,-1,51081.51171875
51081.51171875,54648.151583149636,51021.06171739308,54285.440800887154,4519127.0,2022-06-22,0.0,41.16763575505739,415.2949897361468,874.2912517393888,-458.996262003242,51650.8789637726,55134.4359375,58617.9929112274,12.63659241087125,-0.08172210894162278,-0.05300788834270206,-0.05162746863474521,54472.951171875,55134.4359375,1,51686.02734375
51686.02734375,52471.898928575996,50597.90215347967,50779.255753295765,3075969.0,2022-06-23,0.0,43.37237094125804,177.54554627777543,734.9421106470662,-557.3965643692908,51441.61665251426,55087.88828125,58734.15990998574,13.23801562376027,0.033515151382246595,0.011764854995536384,0.011834333101345962,53896.53671875,55087.88828125,0,51686.02734375
51686.02734375,53076.41332221215,51686.02734375,52048.73813475594,1372437.0,2022-06-24,0.0,43.37237094125804,-10.748696275397378,585.8039492625735,-596.5526455379709,50952.28475006428,54886.878125,58821.471499935724,14.337100266388017,0.09324249341238536,0.0,0.0,53584.20390625,54886.878125,1,52290.546875
52290.546875,53136.86854579231,51927.83963973135,52230.09686624659,1908393.0,2022-06-27,0.0,45.73102331278722,-109.9264029478145,446.65787882049597,-556.5842817683105,50638.78671601611,54728.55078125,58818.31484648389,14.945632606208317,0.2019383187682034,0.011628125803671391,0.011695995268305337,53602.33984375,54728.55078125,1,54224.99609375
54224.99609375,54527.253312792585,52713.70640716309,54104.092487858165,3492841.0,2022-06-28,0.0,52.542922731025875,-32.0619744524447,350.91390816590786,-382.97588261835256,50605.93096194091,54701.8244140625,58797.717866184095,14.975344957849845,0.441791903782859,0.03632637802911122,0.036994243402622695,53638.6109375,54701.8244140625,0,54406.34375
54406.34375,54406.34375,53318.218598859334,53741.375786088654,1798586.0,2022-06-29,0.0,53.13678802133534,43.774777994949545,289.4860821317162,-245.71130413676667,50566.87282789193,54636.830078125,58706.78732835807,14.898218818381132,0.4716844288583374,0.003338775439464193,0.003344355358485762,53608.38515625,54636.830078125,-1,52109.1875
52109.1875,54345.89503873554,52109.1875,54104.08784769016,2291198.0,2022-06-30,0.0,45.38864779278759,-80.55675245788734,215.47751521379553,-296.03426767168287,50269.77823763674,54456.9779296875,58644.17762173826,15.378009765643222,0.2196467087365465,-0.04313948333191509,-0.04222221328739817,53257.766796875,54456.9779296875,1,53197.3125
53197.3125,53680.9232564596,51262.86229141471,52592.79815658214,2580164.0,2022-07-01,0.0,49.169579322289806,-90.24747571913758,154.3325170272089,-244.57999274634648,50205.87992551087,54276.7224609375,58347.564996364126,15.00032555707976,0.36742179886056764,0.020666601371603865,0.020881634356705314,53015.9609375,54276.7224609375,-1,52411.44140625
52411.44140625,53499.57010634089,51988.28064414504,53499.57010634089,1529239.0,2022-07-04,0.0,46.65716402202496,-159.50203303813032,91.56560701414105,-251.06764005227137,50047.31732717016,54082.08671875,58116.856110329834,14.920908701479533,0.2929689220917473,-0.01488296321410201,-0.014772759314674033,52695.56796875,54082.08671875,-1,51625.578125
51625.578125,53076.41412831086,51625.578125,53076.41412831086,2122533.0,2022-07-05,0.0,44.22367106349749,-274.63356296853453,18.32577301760594,-292.95933598614045,49966.42113124367,53783.383203125,57600.34527500633,14.193834022920123,0.2173399895664349,-0.015107665174471954,-0.014994116936388746,52471.897265625,53783.383203125,-1,50476.9921875
50476.9921875,51927.82798571583,50476.9921875,50839.69934136731,3395201.0,2022-07-06,0.0,40.86859304064997,-453.3316904015446,-76.00571966622418,-377.3259707353204,49730.58578432685,53442.1982421875,57153.81070004815,13.890193816655858,0.10055015328881768,-0.022499617549246433,-0.022248388864894664,52411.4453125,53442.1982421875,0,50235.19140625
50235.19140625,51141.96658886816,50235.19140625,50718.80579467935,1956301.0,2022-07-07,0.0,40.177542062742624,-607.4601238986143,-182.29660051270218,-425.1635233859121,49615.69004852168,53081.44921875,56547.20838897832,13.058268834921352,0.08937455364036527,-0.004801827092463641,-0.00479031675167596,52266.36171875,53081.44921875,0,50537.453125
50537.453125,50779.26034084956,50235.19590087508,50718.810332574205,1384604.0,2022-07-08,0.0,41.50897639663843,-697.1813506538892,-285.2735505409396,-411.90780011294964,49324.78495601554,52867.8541015625,56410.923247109466,13.403491425017947,0.1711324446643358,0.005998902313397613,0.006016931762151012,52151.504296875,52867.8541015625,0,50053.83203125
50053.83203125,51141.960688298044,50053.83203125,51141.960688298044,1517985.0,2022-07-11,0.0,39.97591114239833,-798.1101329333251,-387.8408670194167,-410.2692659139084,49016.11366876923,52765.086328125,56514.05898748077,14.210050320177277,0.1384003641492408,-0.009615640546105989,-0.00956955809691884,51927.8328125,52765.086328125,0,50053.83203125
50053.83203125,50053.83203125,50053.83203125,50053.83203125,0.0,2022-07-12,0.0,39.97591114239834,-868.0901175347826,-483.89071712248995,-384.1994004122927,48676.428718073075,52574.663671875,56472.89862567693,14.829329116135842,0.17667012500536317,0.0,0.0,51510.71640625,52574.663671875,0,49872.484375
49872.484375,50779.25596931166,49872.484375,50779.25596931166,1734862.0,2022-07-13,0.0,39.34397537728889,-927.4914556267031,-572.6108648233326,-354.8805908033705,48392.224670870724,52332.8578125,56273.49095412927,15.059881330188055,0.18782003436093203,-0.0036296315498229683,-0.0036230523996000352,51057.33046875,52332.8578125,0,50053.83203125
50053.83203125,50476.99277661609,49691.12487314954,50053.83203125,1355555.0,2022-07-14,0.0,40.35929324495579,-948.9947826288917,-647.8876483844444,-301.10713424444725,48309.37442009523,52054.780859375,55800.187298654775,14.390249569575243,0.2328796139265228,0.0036296315498230004,0.0036362266392508946,50851.794921875,52054.780859375,0,49691.12890625
49691.12890625,50779.25406024064,49691.12890625,50779.25406024064,2102305.0,2022-07-15,0.0,38.95482046543399,-983.9609458627601,-715.1023078801077,-268.85863798265245,48270.61821040258,51758.56875,55246.51928959742,13.477770440077785,0.20363114094091722,-0.0072726425524408,-0.007246260881155986,50501.1765625,51758.56875,0,50174.7421875
50174.7421875,51081.51379291519,49751.58138669815,50053.83858850321,1923754.0,2022-07-18,0.0,41.86002185559322,-961.5640205945601,-764.3946504229982,-197.16937017156192,48445.03126471082,51486.5373046875,54528.043344664184,11.814762457135652,0.2843510583333314,0.009685332064282508,0.009732386683394045,50277.506640625,51486.5373046875,0,50174.7421875
50174.7421875,50174.7421875,49691.131382886655,50114.288592314704,1802845.0,2022-07-19,0.0,41.86002185559322,-933.058577485921,-798.1274358355829,-134.93114165033808,48424.37463605263,51302.16015625,54179.94567644737,11.218964314300047,0.30411709614261384,0.0,0.0,50132.423046875,51302.16015625,1,51323.32421875
51323.32421875,51927.83866037942,50779.259784733906,51383.77422636333,4332820.0,2022-07-20,0.0,48.59811594323651,-808.4673295092289,-800.1954145703122,-8.271914938916666,48438.33724596617,51314.25078125,54190.164316533825,11.209024750429265,0.5015774878814476,0.022633555579155824,0.022891637927262565,50217.05625,51314.25078125,0,51383.76953125
51383.76953125,51927.83391555304,51081.51233805358,51927.83391555304,2743962.0,2022-07-21,0.0,48.93353159462251,-696.8179526954773,-779.5199221953453,82.70196949986803,48428.27810004867,51299.137890625,54169.997681201334,11.192623925561076,0.5147397725418014,0.0011770427391450625,0.0011777357258149213,50331.9140625,51299.137890625,0,51444.2265625
51444.2265625,52290.5446051814,51444.2265625,52230.09459905199,1988087.0,2022-07-22,0.0,49.289955766489065,-596.5796412722193,-742.9318660107201,146.3522247385008,48421.01576615319,51287.0478515625,54153.07993697181,11.176436178211384,0.5274209614989451,0.0011758867334358055,0.0011765783593054024,50422.59140625,51287.0478515625,0,51625.578125
51625.578125,52592.80332433184,51444.22452242959,52592.80332433184,3415733.0,2022-07-25,0.0,50.40810859044764,-496.77993199448247,-693.7014792074726,196.92154721299016,48421.55470718017,51253.7994140625,54086.04412094483,11.051842943394547,0.5656332254826144,0.0035190083108404334,0.0035252072898730447,50579.766015625,51253.7994140625,0,51262.86328125
51262.86328125,51988.281225633225,51262.86328125,51988.281225633225,1716763.0,2022-07-26,0.0,48.12258938988658,-441.86248426127713,-643.3336802182337,201.47119595695654,48641.80586631152,51105.6927734375,53569.579680563475,9.642318784519428,0.5318948299449009,-0.007050672386467779,-0.007025874710240854,50700.669140625,51105.6927734375,0,51504.671875
51504.671875,51504.671875,51021.061095914454,51141.964688529246,1172746.0,2022-07-27,0.0,49.758057133773406,-374.5109495357028,-589.5691340817276,215.0581845460248,49031.33818272627,50960.6091796875,52889.88017664872,7.5716166977463,0.6410021443771897,0.004705942195417303,0.004717032531392773,50863.887890625,50960.6091796875,0,51323.32421875
51323.32421875,51867.38865276609,50235.19535071782,51504.67783296402,2531952.0,2022-07-28,0.0,48.522586202448224,-331.9412017503055,-538.0435476154432,206.10234586513775,49059.71725505277,50921.316015625,52782.914776197234,7.311667907408398,0.6079739124346607,-0.0035272075923706357,-0.0035209943030046764,50990.837109375,50921.316015625,-1,50476.9921875
50476.9921875,51504.66724528844,50476.9921875,51444.21725010165,2953235.0,2022-07-29,0.0,43.13920902183301,-362.31969584435865,-502.8987772612263,140.57908141686767,49256.03331796599,50785.3,52314.56668203402,6.022477693482233,0.3991974989967299,-0.016627679765825402,-0.016490202926894737,51069.4234375,50785.3,0,50779.2578125
50779.2578125,50900.16141440487,50235.19339961502,50779.2578125,2760540.0,2022-08-01,0.0,45.466275007411404,-357.87915337281447,-473.89485248354396,116.01569911072949,49379.334512045156,50703.6908203125,52028.04712857984,5.223904953825531,0.528529705984625,0.005970328208871152,0.005988186139879614,51129.875,50703.6908203125,1,51383.76953125
51383.76953125,51444.223124713506,50476.997951660735,50779.255144857154,2858788.0,2022-08-02,0.0,49.88375856587653,-302.0985439193537,-439.53559077070594,137.43704685135225,49398.63761351992,50691.600390625,51984.56316773008,5.101290024941501,0.7676678528111833,0.011834394296099168,0.01190469779968284,51250.777734375,50691.600390625,0,51262.86328125
51262.86328125,51504.67045983558,50900.15610474514,51383.766870542786,3421208.0,2022-08-03,0.0,49.02832643733515,-264.59801179576607,-404.54807497571795,139.95006317995188,49417.783498223434,50730.8939453125,52044.00439240156,5.176768414546713,0.7025607735879279,-0.0023557773421917527,-0.002353004676437176,51244.731640625,50730.8939453125,1,52048.734375
52048.734375,52350.99154998444,51323.316436762645,51444.22002503112,4633801.0,2022-08-04,0.0,54.49106378090392,-169.51131947049726,-357.54072387467386,188.0294044041766,49406.11015297233,50821.57109375,52237.03203452766,5.570315558197053,0.9334853918949502,0.015213901824148949,0.015330222376350289,51311.228125,50821.57109375,0,51867.3828125
51867.3828125,52713.70078066139,51746.47921951305,52048.73640629361,2696663.0,2022-08-05,0.0,53.07740124783927,-107.54823708493495,-307.5422265167261,199.99398943179114,49405.44334437824,50888.067578125,52370.691811871766,5.8270015125671275,0.8302641397881897,-0.003490348783584475,-0.00348426459697182,51353.54375,50888.067578125,0,51988.28125
51988.28125,52230.08842869892,51565.120482963655,51927.83125101203,2413324.0,2022-08-08,0.0,53.93537125584079,-48.13172183032293,-255.66012557944546,207.52840374912253,49479.099365234,50984.7900390625,52490.480712891,5.906430810737491,0.8332328573125627,0.002328202187187868,0.0023309145544714305,51389.8140625,50984.7900390625,0,52109.1875
52109.1875,52895.059075210644,51806.93030688012,51988.283904477306,3529646.0,2022-08-09,0.0,54.82498423207327,8.613131680620427,-202.8054741274323,211.41860580805272,49568.89437952153,51087.5578125,52606.221245478475,5.945335803884869,0.8363581638020777,0.002322944175685465,0.002325644300849028,51474.446484375,51087.5578125,0,51988.28125
51988.28125,52411.442017036345,51988.28125,52169.63842971094,1705509.0,2022-08-10,0.0,53.70797441388327,43.328251876584545,-153.57872892662894,196.9069808032135,49737.60202424781,51193.34765625,52649.09328825219,5.6872453107663175,0.7730331372029166,-0.0023229441756854393,-0.002320248228779187,51522.807421875,51193.34765625,0,51988.28125
51988.28125,52471.895607397826,51806.92766166257,52109.18483934946,2817877.0,2022-08-11,0.0,53.70797441388327,70.03293861842394,-108.85639541761837,178.88933403604233,49897.42048360933,51290.0701171875,52682.71975076567,5.430484420848893,0.7506772399812331,0.0,0.0,51589.303125,51290.0701171875,0,52290.546875
52290.546875,52290.546875,51806.93603085043,51806.93603085043,1890599.0,2022-08-12,0.0,56.290045557969925,114.26967536922893,-64.23118126024892,178.50085662947785,50178.73535182825,51420.041015625,52661.34667942175,4.828100636557476,0.8506412178578175,0.005797274039025138,0.00581411075212257,51770.65859375,51420.041015625,1,53741.375
53741.375,53862.278590885726,52350.99268324809,52350.99268324809,4691899.0,2022-08-15,0.0,66.07211421227342,263.36144575382787,1.2873441425664396,262.0741016112614,50110.119166816636,51598.37265625,53086.62614568337,5.7686063060482855,1.219972222126595,0.027367582369570053,0.027745514470678412,52066.8703125,51598.37265625,0,53620.47265625
53620.47265625,54043.63341016305,53257.76189945021,53741.37265047652,2103065.0,2022-08-16,0.0,64.77123795380116,367.52533591835527,74.53494249772422,292.99039342063105,50181.93049846018,51770.6591796875,53359.38786091482,6.137564042648581,1.0821678359622373,-0.002252241322158368,-0.0022497069297165995,52290.540625,51770.6591796875,0,53378.671875
53378.671875,53862.282683919264,53197.31827057701,53801.83267956955,2290741.0,2022-08-17,0.0,62.13629742235652,425.6579472476151,144.7595434477024,280.89840379991267,50146.63135818962,51873.4265625,53600.22176681038,6.657725616910387,0.9358494014642414,-0.004519684599827459,-0.004509486195695023,52502.121484375,51873.4265625,0,53378.671875
53378.671875,54224.993484139086,53136.86467485345,53136.86467485345,3882641.0,2022-08-18,0.0,62.13629742235652,466.35263763666444,209.07816228549484,257.2744753511696,50138.380962051524,51973.1716796875,53807.96239732347,7.060530109433588,0.883013763314492,0.0,0.0,52635.115234375,51973.1716796875,-1,52532.34375
52532.34375,53499.56883924238,52109.18299791729,53197.31167223665,2977264.0,2022-08-19,0.0,53.32969899713389,425.4080273986183,252.34413530811955,173.06389209049874,50194.29683526977,52027.5775390625,53860.858242855225,7.047342161630696,0.6376674640968051,-0.015982211761550003,-0.015855173897580177,52701.611328125,52027.5775390625,0,52471.890625
52471.890625,52774.147773986464,51927.8263202751,52350.98704713078,2485109.0,2022-08-22,0.0,52.754540772102416,383.6584905750933,278.6070063615143,105.05148421357899,50236.61255517896,52069.8931640625,53903.173772946044,7.041614635571531,0.6096388242447818,-0.001151441787828441,-0.0011507791330935824,52749.972265625,52069.8931640625,0,52592.80078125
52592.80078125,52592.80078125,52048.73640847277,52048.73640847277,1651213.0,2022-08-23,0.0,53.82713084844545,356.2218176013848,294.12996860948846,62.09184899189637,50330.0819133699,52136.3900390625,53942.6981647551,6.929164540695084,0.6263380083651281,0.002301633555643285,0.0023042843474825325,52798.33359375,52136.3900390625,0,52715.11328125
52715.11328125,53082.041669881415,52653.96036637853,52898.575658998605,1533042.0,2022-08-24,0.0,54.94153528814709,340.4234633615706,303.3886675599049,37.03479580166572,50398.629168355226,52196.912109375,53995.195050394774,6.890380554510952,0.6440822131085605,0.0023229508644200592,0.002325651005139262,52871.016796875,52196.912109375,0,52776.2578125
52776.2578125,53020.87304942303,52592.79184339101,52715.10127841921,1739728.0,2022-08-25,0.0,55.519494441859464,329.04399215246667,308.51973247841727,20.524259674049404,50502.7545294777,52269.5587890625,54036.363048647305,6.760356507751922,0.6433942160510104,0.0011592329773198427,0.0011599051475765787,52949.814453125,52269.5587890625,1,53326.64453125
53326.64453125,53693.57283434485,52776.25752630775,52837.410426923554,2945326.0,2022-08-26,0.0,60.43861284964665,360.2841561806272,318.87261721885926,41.41153896176792,50801.17720819064,52412.04140625,54022.90560430936,6.1469240840036,0.7838858564557589,0.010374676719923455,0.010428680273341318,53053.42421875,52412.04140625,0,52898.5703125
52898.5703125,53204.34575535499,51797.7925241306,53204.34575535499,3388509.0,2022-08-29,0.0,55.314784230507215,346.5058950923776,324.39927279356294,22.10662229881467,51091.05958665556,52518.00703125,53944.954475844446,5.4341264082826335,0.633348737786961,-0.008059791391225942,-0.008027398358041116,52969.14375,52518.00703125,0,52837.41796875
52837.41796875,53204.34632421891,52592.79906510406,52898.57087809455,1753873.0,2022-08-30,0.0,54.60263270766042,326.8839264181879,324.89620351848794,1.9877228996999747,51262.31694296075,52590.689453125,53919.06196328925,5.051740237588063,0.5928687223414812,-0.001156698898119391,-0.0011560301798090311,52890.83828125,52590.689453125,0,52959.73046875
52959.73046875,53204.34938647535,52470.49626643338,52470.49626643338,1785050.0,2022-08-31,0.0,55.82760029584639,317.5425386943389,323.4254705536581,-5.882931859319228,51495.807129554414,52675.5328125,53855.25849544559,4.479216896181584,0.6204507371325519,0.0023122089073247293,0.0023148841238294082,52848.944140625,52675.5328125,0,52959.73046875
52959.73046875,52959.73046875,52959.73046875,52959.73046875,0.0,2022-09-01,0.0,55.82760029584639,306.605069238969,320.0613902907203,-13.456321051751274,51573.34144008483,52721.0826171875,53868.823794290176,4.354012171701882,0.603964141185966,0.0,0.0,52807.05,52721.0826171875,0,52959.73046875
52959.73046875,52959.73046875,52959.73046875,52959.73046875,0.0,2022-09-02,0.0,55.82760029584639,294.541751925055,314.9574626175872,-20.41571069253223,51697.132737269916,52775.7,53854.26726273008,4.087363171800965,0.5853124673393957,0.0,0.0,52849.788671875,52775.7,0,52715.11328125
52715.11328125,53020.88512187574,52531.65090350139,52898.575658998605,1552661.0,2022-09-05,0.0,52.30238535742029,262.2202119848007,304.41001249102993,-42.18980050622923,51798.144680749516,52812.0416015625,53825.93852237549,3.839642968027157,0.4522001111144611,-0.004629628315222753,-0.004618928105088127,52874.1109375,52812.0416015625,0,52470.49609375
52470.49609375,52837.420835996374,52470.49609375,52592.801919076075,1781857.0,2022-09-06,0.0,48.97218181872704,214.39518183805194,286.4070463604344,-72.01186452238244,51856.880131813254,52830.10703125,53803.33393068675,3.6843646705506985,0.31524815142896007,-0.00465116150285475,-0.0046403616017079985,52861.88046875,52830.10703125,-1,51369.7109375
51369.7109375,52531.6452603112,51369.7109375,52287.02636083501,3401284.0,2022-09-07,0.0,37.42428137886112,86.67025764230493,246.45968861680848,-159.78943097450355,51684.301606433735,52799.178515625,53914.05542481626,4.223084299924603,-0.14108762426604618,-0.021202315066416365,-0.020979126141350113,52727.340234375,52799.178515625,0,51553.17578125
51553.17578125,51981.257059406984,51247.40395872844,51430.86632561458,1727105.0,2022-09-08,0.0,39.965204849969616,0.2485494958673371,197.21746079262027,-196.96891129675294,51581.85972539082,52777.4232421875,53972.986758984174,4.530586918995337,-0.011995993411406938,0.00356509701423112,0.0035714595313416364,52605.03203125,52777.4232421875,0,51553.17578125
51553.17578125,51981.257059406984,51553.17578125,51736.641781270126,1742010.0,2022-09-09,0.0,39.965204849969616,-67.46359847636631,144.28124893882298,-211.7448474151893,51440.83285288803,52740.5546875,54040.27652211197,4.928737827325187,0.04321806611624312,0.0,0.0,52427.68515625,52740.5546875,0,51736.63671875
51736.63671875,52103.56141661806,51553.17073668235,52042.40851135126,1088946.0,2022-09-12,0.0,42.66520698759593,-105.11055018137995,94.4028891147824,-199.51343929616235,51356.464507822406,52640.3177734375,53924.17103905259,4.8778325052700575,0.14805905826997065,0.0035523567327235906,0.003558673829881176,52311.491796875,52640.3177734375,0,51736.63671875
51736.63671875,52164.71432188486,51553.17073668235,51981.25197295083,1591443.0,2022-09-13,0.0,42.66520698759593,-133.40818413622765,48.84067446458039,-182.24885860080803,51288.9093182193,52546.1259765625,53803.3426349057,4.785192571204819,0.17806294466409933,0.0,0.0,52201.413671875,52546.1259765625,0,51369.7109375
51369.7109375,51675.482745278336,51063.939129721664,51063.939129721664,1991129.0,2022-09-14,0.0,38.63484347973022,-183.32880657508213,2.4067782566478897,-185.73558483173002,51148.162598287825,52445.6779296875,53743.19326108718,4.948035310513943,0.08537407375879814,-0.00711745374695474,-0.007092184659097112,52042.41171875,52445.6779296875,0,51186.25
51186.25,51675.484179395986,51186.25,51675.484179395986,1187042.0,2022-09-15,0.0,36.76479619455646,-234.98624872432265,-45.07182713954622,-189.91442158477642,51000.53493980613,52336.0568359375,53671.578732068876,5.103639734716555,0.06952902110097701,-0.003577776104322131,-0.003571383489449853,51865.063671875,52336.0568359375,-1,50452.39453125
50452.39453125,51308.557029603086,50452.39453125,51186.24758224782,2068542.0,2022-09-16,0.0,30.421612711831813,-331.3218747104911,-102.3218366537352,-229.0000380567559,50658.22499066079,52232.059375,53805.893759339204,6.0263156504700115,-0.06539139742369104,-0.014440732163515824,-0.014336964883147285,51614.330078125,52232.059375,0,50819.3203125
50819.3203125,51125.092120773246,50085.46724601744,50452.39559582563,2712784.0,2022-09-19,0.0,36.33614515959822,-373.7523242043753,-156.60793416386323,-217.1443900405121,50459.37960648298,52149.430859375,53839.482112267026,6.481571227304003,0.10648810365990016,0.007246394265720009,0.007272712914007107,51424.75078125,52149.430859375,0,51002.78515625
51002.78515625,51247.4004174837,50330.0850133064,50819.319168907554,874503.0,2022-09-20,0.0,39.1226580313141,-388.1008959679093,-202.90652652467247,-185.19436944323684,50319.19430052246,52069.930078125,53820.66585572754,6.724555900020449,0.1952295898881014,0.0036036387471687493,0.003610139659913525,51277.9796875,52069.930078125,-1,50330.0859375
50330.0859375,50941.62955151442,50330.0859375,50941.62955151442,1179286.0,2022-09-21,0.0,33.357464328871885,-448.58246797959873,-252.04171481565774,-196.540753163941,50065.25046860413,51950.6787109375,53836.10695327087,7.25853170398107,0.07023217933982893,-0.01327721387262851,-0.013189460471406567,51174.0171875,51950.6787109375,0,50697.015625
50697.015625,50758.172172279934,50085.471951005595,50146.62849828553,1783073.0,2022-09-22,0.0,38.66666050648461,-461.5855197781566,-293.95047580815753,-167.63504396999906,49924.03118529886,51846.7166015625,53769.402017826134,7.4168068579513236,0.2010168780505144,0.007264017184951209,0.007290464156084475,51088.401171875,51846.7166015625,0,50391.2421875
50391.2421875,50819.3234723264,50207.77981775556,50819.3234723264,1278447.0,2022-09-23,0.0,36.08662815079832,-490.90504517842055,-333.34138968221015,-157.5636554962104,49804.977744512114,51699.946484375,53594.91522423789,7.330641011149189,0.154689739903125,-0.006049651595180435,-0.006031389298371548,50972.2078125,51699.946484375,-1,49840.85546875
49840.85546875,50146.62729843103,49107.002350888724,49840.85546875,2834302.0,2022-09-26,0.0,31.953660744981846,-552.1873170569379,-377.1105751571557,-175.07674189978218,49567.75489290505,51547.0607421875,53526.36659146995,7.679607026216074,0.06898897811673538,-0.01098235522455443,-0.010922269324143197,50782.6296875,51547.0607421875,-1,49229.3046875
49229.3046875,50146.62004383721,49229.3046875,50146.62004383721,1418824.0,2022-09-27,0.0,28.102357674015025,-642.6924377787727,-430.22694768147915,-212.46549009729358,49230.99826565181,51366.655078125,53502.31189059818,8.315343131551023,-0.00039650053836368516,-0.012345968718127135,-0.012270069915502169,50531.896484375,51366.655078125,-1,47700.4453125
47700.4453125,49168.15143390412,47700.4453125,48984.68907701205,3115360.0,2022-09-28,0.0,21.217427960027905,-828.2371698226198,-509.8289921097073,-318.40817771291245,48541.41003427905,51103.6908203125,53665.97160634595,10.027771947207402,-0.164104716072298,-0.031548336371985994,-0.031055879921623175,50164.969921875,51103.6908203125,-1,47088.90234375
47088.90234375,48984.68974587766,47088.90234375,48801.22738648049,1983068.0,2022-09-29,0.0,19.19198182653497,-1012.952428391749,-610.4536793661157,-402.4987490256333,47831.79219759974,50810.1494140625,53788.50663052526,11.723473561124601,-0.12471470006073163,-0.012903379311356872,-0.012820487623199317,49755.23515625,50810.1494140625,1,49229.3046875
49229.3046875,49412.767032140735,47027.74565241055,47088.898556246284,3208894.0,2022-09-30,0.0,40.574321865611864,-975.3843963915933,-683.4398227712112,-291.94457362038213,47746.56920529439,50623.628125,53500.68704470561,11.366466712348505,0.2576825020944176,0.04445171568334273,0.0454544964358059,49632.926171875,50623.628125,-1,47088.90234375
47088.90234375,49106.99919652038,46721.973991821826,48678.91793583776,1894401.0,2022-10-03,0.0,31.57630556716613,-1105.579607899832,-767.8677797969355,-337.71182810289645,47235.271702611826,50342.317578125,53449.36345363818,12.343674367758014,-0.0235544251237763,-0.044451715683342816,-0.04347821602065971,49259.884375,50342.317578125,0,47394.67578125
47394.67578125,48311.991242868884,47211.213415553015,47700.44760178962,3102585.0,2022-10-04,0.0,33.83377000126636,-1170.5930223817923,-848.4128283139069,-322.1801940678854,46885.68283853551,50088.5265625,53291.370286464495,12.78873204612243,0.07945953449212557,0.006472542870803348,0.0064935350428823035,48899.0734375,50088.5265625,1,47945.06640625
47945.06640625,48617.762956707236,47945.06640625,48311.99113683868,1478138.0,2022-10-05,0.0,37.8110277139874,-1164.2835619630205,-911.5869750437296,-252.6965869192909,46637.593895474405,49917.2943359375,53196.99477640059,13.140537699784355,0.19932803841545052,0.011546008553275566,0.011612920985899944,48660.571484375,49917.2943359375,-1,46783.12890625
46783.12890625,48250.83499663746,46783.12890625,48250.83499663746,1926492.0,2022-10-06,0.0,33.26500722876631,-1238.762234717964,-977.0220269785766,-261.7402077393874,46211.58369218524,49678.7919921875,53146.00029218976,13.958504870841123,0.08242152830338871,-0.024533261181245835,-0.024234766725623524,48269.1828125,49678.7919921875,-1,45254.27734375
45254.27734375,46599.67420877556,45254.27734375,46599.67420877556,3134523.0,2022-10-07,0.0,28.42276541225965,-1404.9571914664994,-1062.6090598761612,-342.3481315903382,45492.72611642132,49363.8470703125,53234.96802420368,15.684032682368784,-0.030798414143019134,-0.03322545186177053,-0.03267954919312277,47755.486328125,49363.8470703125,0,45254.27734375
45254.27734375,46171.592892658206,44092.34286187921,44948.50186097962,2472334.0,2022-10-10,0.0,28.42276541225965,-1519.1560072499196,-1153.9184493509129,-365.2375578990068,44927.132884629435,49039.7291015625,53152.32531849557,16.772507892185853,0.039773471776002677,0.0,0.0,47296.828515625,49039.7291015625,-1,43419.640625
43419.640625,45254.27527195912,43419.640625,45254.27527195912,2423666.0,2022-10-11,0.0,23.634672519788282,-1737.6684814278196,-1270.6684557662943,-467.00002566152534,44008.291545185304,48623.879296875,53239.46704856469,18.984860189821724,-0.06376770975373702,-0.04138530491215333,-0.04054062569189121,46715.862109375,48623.879296875,1,44275.80078125
44275.80078125,44826.19150835953,43419.638235331615,43419.638235331615,2225192.0,2022-10-12,0.0,29.595243354665982,-1820.7675472346818,-1380.6882740599717,-440.0792731747101,43455.99234955316,48269.1837890625,53082.375228571844,19.943123382997747,0.08516266618520472,0.019526382338275576,0.019718269058105475,46373.39765625,48269.1837890625,0,44642.72265625
44642.72265625,44642.72265625,43725.407258473715,44153.48850406273,1261109.0,2022-10-13,0.0,32.04333116598812,-1835.854044123429,-1471.7214280726632,-364.1326160507658,43074.42585934638,47942.007421875,52809.58898440362,20.306123269705378,0.16109609841739525,0.008253037578235173,0.008287187775842142,46128.7796875,47942.007421875,1,45254.27734375
45254.27734375,45560.04919338607,45009.65841078742,45498.89264357827,1283922.0,2022-10-14,0.0,36.03551278868306,-1777.9675461687584,-1532.9706516918825,-244.99689447687592,42823.80985078489,47682.1015625,52540.39327421511,20.377842219672438,0.2501360187063662,0.013605884995642348,0.013698866267834564,45731.276953125,47682.1015625,0,45131.95703125
45131.95703125,45193.10993322735,44398.10404185461,44948.49105905108,1075866.0,2022-10-17,0.0,35.58521914173734,-1722.1108841396708,-1570.7986981814402,-151.31218595823066,42648.0401611002,47397.7333984375,52147.4266357748,20.041858109163822,0.2614818206177768,-0.002706615404878539,-0.002702955823840947,45535.582421875,47397.7333984375,1,45804.65625
45804.65625,46049.27513893985,45254.26919958582,45254.26919958582,1336849.0,2022-10-18,0.0,40.02386611850326,-1605.060731092497,-1577.6511047636518,-27.409626328845206,42657.4956166957,47137.826953125,51618.158289554296,19.009494607736794,0.35121963053434596,0.01479517359241131,0.014905163945897915,45376.58046875,47137.826953125,0,46171.58984375
46171.58984375,46599.671131599316,45682.35201013132,45804.66146853599,1556919.0,2022-10-19,0.0,42.35711989842945,-1465.792424433399,-1555.2793686976013,89.4869442642023,42694.04159608767,46929.9021484375,51165.76270078732,18.05186185537724,0.41048899092454466,0.007978919688747638,0.008010836098131469,45199.2328125,46929.9021484375,1,47578.13671875
47578.13671875,48006.21798128216,46049.27766194503,46355.049473306026,2631570.0,2022-10-20,0.0,50.33338360656624,-1227.771722071615,-1489.777839372404,262.0061173007891,42908.602271497824,46773.958203125,50639.31413475218,16.527811971102036,0.6040238635005168,0.030008672601185768,0.03046347071348232,45278.73359375,46773.958203125,-1,45193.12109375
45193.12109375,47516.99007290795,45193.12109375,47516.99007290795,2380017.0,2022-10-21,0.0,40.18047269524579,-1217.5542219639974,-1435.3331158907229,217.77889392672546,42988.717743432455,46514.0521484375,50039.38655344254,15.158147880794628,0.31265166606434197,-0.05142845602469798,-0.05012839487806364,45272.61796875,46514.0521484375,-1,43480.79296875
43480.79296875,45560.046510209424,43419.640055678,45193.118132375144,2168919.0,2022-10-24,0.0,34.75937911570642,-1332.269772056723,-1414.720447123923,82.45067506719988,42788.82947981192,46196.0490234375,49603.26856706309,14.751129655685222,0.10154371916430313,-0.03862558742656138,-0.0378891318757979,45095.26953125,46196.0490234375,1,44765.03125
44765.03125,45560.040819438254,43480.78753769227,43664.25352026025,2379561.0,2022-10-25,0.0,41.17018530834797,-1304.517707419327,-1392.6798991830037,88.16219176367667,42827.44193074118,45972.8353515625,49118.228772383816,13.68370428653326,0.3080042875451937,0.029107982537446803,0.029535760356831364,45229.80859375,45972.8353515625,0,45131.95703125
45131.95703125,45560.03824449177,44459.25694383196,45560.03824449177,950698.0,2022-10-26,0.0,42.89671076733773,-1238.6379054821082,-1361.8715004428245,123.23359496071635,42787.52199660156,45844.4109375,48901.29987839844,13.335928539101166,0.3834674860578019,0.00816329503146782,0.008196705575850505,45315.42421875,45844.4109375,1,46355.05078125
46355.05078125,46599.66969049445,45070.806957417575,45315.42586666202,1423386.0,2022-10-27,0.0,48.3392596095899,-1075.3384121639829,-1304.5648827870561,229.22647062307328,42796.449182304,45807.718359375,48818.987536446,13.14743141514585,0.5908806867952232,0.02673967933690026,0.0271003925035449,45486.65703125,45807.718359375,-1,45865.81640625
45865.81640625,46660.82240830635,45682.350408508275,46660.82240830635,1331982.0,2022-10-28,0.0,46.43288274807839,-974.1698884855214,-1238.4858839267492,264.31599544122787,43093.039861546364,45639.5439453125,48186.048029078636,11.159200393489822,0.5444280577400166,-0.010610157539393488,-0.010554068364819646,45547.8109375,45639.5439453125,0,46232.73828125
46232.73828125,46477.35717438126,45070.8039885771,45865.81357468683,1649693.0,2022-10-31,0.0,48.086483035353794,-854.5350278999977,-1161.6957127213989,307.1606848214012,43125.13564725645,45596.7357421875,48068.335837118546,10.841127351334702,0.6286621044332507,0.007968068935917495,0.007999898481039658,45657.8890625,45596.7357421875,0,46171.58984375
46171.58984375,46966.59587367926,45865.81801430536,46660.82404423462,853971.0,2022-11-01,0.0,47.82154014719548,-755.9436588896788,-1080.5453019550548,324.60164306537604,43194.19610269368,45535.5814453125,47876.96678793132,10.283761701520328,0.635818822058169,-0.00132349745226532,-0.001322622015767494,45694.582421875,45535.5814453125,-1,45254.27734375
45254.27734375,46477.364742294274,45254.27734375,45988.12687636912,1487719.0,2022-11-02,0.0,43.91279824253919,-743.2608921848514,-1013.0884200010142,269.82752781616284,43351.579818110324,45401.0419921875,47450.504166264676,9.028260516266753,0.46419435052428215,-0.02006747787628035,-0.019867466186550886,45602.851171875,45401.0419921875,0,45315.421875
45315.421875,46293.893792653995,45070.80298730309,45560.0407626969,946592.0,2022-11-03,0.0,44.239959229892044,-719.9764155820958,-954.4660191172306,234.48960353513485,43384.20011143259,45327.656640625,47271.11316981741,8.57514671274924,0.4968523181657985,0.0013502206823428663,0.0013511326406905333,45376.5796875,45327.656640625,-1,44581.5703125
44581.5703125,45254.270459242434,43725.40781051282,45254.270459242434,2504576.0,2022-11-04,0.0,41.138397734728144,-752.0695979807133,-913.9867348899272,161.91713690921392,43322.14032039065,45294.0212890625,47265.90225773434,8.707025397844331,0.3193473673407461,-0.016326861361007805,-0.01619430057441129,45315.424609375,45294.0212890625,0,44398.11328125
44398.11328125,45254.27588590382,44398.11328125,44398.11328125,2391423.0,2022-11-07,0.0,40.37631317936678,-783.2779844271427,-887.8449847973703,104.56700037022767,43238.9394377801,45251.2130859375,47263.486734094906,8.893788744782832,0.28802589660987,-0.004123577063825668,-0.0041150867940280556,45407.156640625,45251.2130859375,0,44826.19140625
44826.19140625,45193.11613473124,43664.25704416952,43725.409954538416,1437226.0,2022-11-08,0.0,43.028398974752896,-764.6540722763093,-863.2068022931581,98.55273001684884,43488.45399253355,45321.540625,47154.627257466454,8.089251191321138,0.36488657710533307,0.009595623325668106,0.009641808927515427,45413.27265625,45321.540625,0,45254.27734375
45254.27734375,45437.73972690478,44826.19602763264,44826.19602763264,1061114.0,2022-11-09,0.0,45.632745409908104,-707.1993760353362,-832.0053170415938,124.80594100625763,43603.870163828324,45370.464453125,47137.05874242168,7.787419902310474,0.467115508614811,0.009504594416822314,0.009549906518275142,45425.5046875,45370.464453125,-1,44642.72265625
44642.72265625,45070.80390183901,42257.70116877818,44948.494455508764,2426099.0,2022-11-10,0.0,42.63434939976438,-702.9107500512619,-806.1864036435275,103.2756535922656,43603.870163828324,45370.464453125,47137.05874242168,7.787419902310474,0.2940269021347475,-0.013605884995642453,-0.01351374330551458,45254.271875,45370.464453125,0,44520.41796875
44520.41796875,45009.652133307536,44031.18017105866,44703.88032631735,1525285.0,2022-11-11,0.0,42.039425181365836,-701.2968358181461,-785.2084900784513,83.91165426030523,43526.988057442286,45333.771484375,47140.554911307714,7.971026313376334,0.2749167101322737,-0.0027433929166287823,-0.0027396332531451906,45119.73203125,45333.771484375,-1,43297.328125
43297.328125,44275.80011023975,42808.09394894707,44031.18120564634,2492714.0,2022-11-14,0.0,36.54711507533962,-789.6088069509569,-786.0885534529524,-3.5202534980045357,43218.79124501061,45242.0400390625,47265.28883311439,8.944109471213036,0.019408606647951628,-0.027856987715525732,-0.027472559772653504,44826.191015625,45242.0400390625,-1,40300.76953125
40300.76953125,42808.10100037607,40300.76953125,42808.10100037607,4737373.0,2022-11-15,0.0,27.178540630976883,-1088.84241794447,-846.6393263512559,-242.20309159321414,41992.24185431524,44966.845703125,47941.44955193476,13.23020906757994,-0.2843189226259578,-0.07172036314588387,-0.06920885707078495,44239.108984375,44966.845703125,1,42380.01171875
42380.01171875,42808.092975486914,37487.659170071616,37487.659170071616,4639277.0,2022-11-16,0.0,38.88521837061025,-1145.0107715098202,-906.3136153829689,-238.69715612685127,41646.7456814567,44777.266796875,47907.78791229331,13.982636008666718,0.11711565107832249,0.05030626551759315,0.05159311377138143,43951.682421875,44777.266796875,1,43419.640625
43419.640625,44031.184296274994,39444.60312857841,42380.01565720569,2351729.0,2022-11-17,0.0,43.75403696486165,-1093.0354004825567,-943.6579724028866,-149.37742807967015,41678.90790815722,44569.3419921875,47459.776076217786,12.97050373567078,0.3011196011111912,0.024235058343934274,0.024531114175932123,43762.104296875,44569.3419921875,0,43725.40625
43725.40625,44031.178042206506,42318.85673247681,42869.243778568336,1918887.0,2022-11-18,0.0,45.13837139793129,-1015.466152236324,-958.019608369574,-57.44654386674995,41597.68774700663,44495.95625,47394.224752993374,13.027109639848995,0.367067181801105,0.0070174241848519935,0.007042104001753202,43676.487890625,44495.95625,-1,42869.2421875
42869.2421875,43908.86696904374,42502.317503723854,42502.317503723854,1278295.0,2022-11-21,0.0,42.0197935003262,-1011.4182487415674,-968.6993364439727,-42.71891229759467,41509.67934819008,44465.3787109375,47421.07807368491,13.294385197805045,0.22999004168782608,-0.019774708419870654,-0.019580471307799496,43523.60078125,44465.3787109375,0,43113.86328125
43113.86328125,44031.178670968715,42257.70079759239,42808.0914846771,1789005.0,2022-11-22,0.0,43.22670766343519,-977.2067470862312,-970.4008185724244,-6.805928513806748,41370.66114764634,44382.8203125,47394.97947735366,13.573536533483058,0.2893608933325327,0.005689995782423086,0.005706214555416755,43352.36796875,44382.8203125,0,43113.86328125
43113.86328125,43419.6350778229,42624.62913336009,42808.0914846771,708575.0,2022-11-23,0.0,43.22670766343519,-939.2666047968742,-964.1739758173145,24.907371020440337,41240.35614037108,44281.915625,47323.475109628926,13.737253421402427,0.3079846293237125,0.0,0.0,43138.3265625,44281.915625,0,43113.86328125
43113.86328125,43419.6350778229,42441.1631489094,42685.782039421196,1199057.0,2022-11-24,0.0,43.22670766343519,-898.8375291593838,-951.1066864857283,52.2691573263445,41200.453227058875,44119.85625,47039.25927294112,13.233964346568433,0.3277057054396484,0.0,0.0,42985.440625,44119.85625,1,44031.1796875
44031.1796875,44031.1796875,43113.86427660357,43175.017184076496,1927556.0,2022-11-25,0.0,48.27004516894313,-783.7429271880173,-917.6339346261861,133.8910074381688,41226.80767027989,44028.1244140625,46829.4411578451,12.725124138551175,0.500545328093348,0.021053412972961864,0.021276599600132284,42936.516796875,44028.1244140625,1,45437.73828125
45437.73828125,45560.047743839874,44214.64728848549,44275.80383634751,1744139.0,2022-11-28,0.0,54.88754269286668,-572.4334460601676,-848.5938369129825,276.1603908528149,41298.42738576752,43988.3744140625,46678.321442357475,12.230263400845459,0.7694037934468511,0.03144498721358461,0.03194460388598919,43150.5578125,43988.3744140625,0,45437.73828125
45437.73828125,45804.66303588542,44642.72859098294,45804.66303588542,1739576.0,2022-11-29,0.0,54.88754269286668,-400.3541267028995,-758.945894870966,358.59176816806644,41369.25456391116,43951.6818359375,46534.10910796384,11.751210257054574,0.7877247428049428,0.0,0.0,43664.2546875,43951.6818359375,0,45621.19921875
45621.19921875,45804.66159027759,44948.499012303415,45560.046305952164,1386277.0,2022-11-30,0.0,55.743948297397374,-246.33664641783253,-656.4240451803392,410.0873987625067,41343.7950032269,43970.0279296875,46596.2608561481,11.94555951003812,0.8143611658406472,0.004029504204052514,0.004037633571557064,43988.3734375,43970.0279296875,0,45682.34765625
45682.34765625,46355.04779679513,45315.42294914082,45926.96654974527,2701834.0,2022-12-01,0.0,56.04347312447052,-117.98248711850465,-548.7357335679724,430.7532464494677,41317.815659963315,43988.37421875,46658.93277753669,12.142110756384195,0.8171571415137997,0.0013394539146678393,0.0013403513837240144,44214.644140625,43988.37421875,1,47333.5234375
47333.5234375,47516.98580539505,45254.27357966539,45682.351227042505,4412666.0,2022-12-02,0.0,63.27200374311761,115.64214430824359,-415.86015799272917,531.5023023009728,41070.83216019945,44125.971875,47181.11158980056,13.847353769136925,1.024943515178878,0.03550682765753126,0.036144722545232266,44575.455859375,44125.971875,1,47883.9140625
47883.9140625,48311.99537449162,47333.526918340154,47700.45168111339,1849992.0,2022-12-05,0.0,65.31928316612465,341.26933110346727,-264.4342601734899,605.7035912769572,40812.646172891946,44300.2619140625,47787.87765523306,15.745350435788112,1.0137682036087363,0.01156083947543656,0.011627924249643984,45076.923046875,44300.2619140625,-1,46477.359375
46477.359375,48250.8373513383,46477.359375,47883.90899426802,2338649.0,2022-12-06,0.0,56.63151290746192,401.94986612989305,-131.15743491281333,533.1073010427064,40766.9696623063,44382.8203125,47998.6709626937,16.29392014628386,0.7896329612490764,-0.029814325825652032,-0.029374263049259275,45413.27265625,44382.8203125,0,46783.12890625
46783.12890625,46844.281812877096,45743.50406165336,46416.20056708628,1565588.0,2022-12-07,0.0,57.941137170345215,469.3028420351475,-11.065379523221168,480.36822155836865,40703.88890898745,44459.262890625,48214.636872262556,16.893550353617933,0.8094054050259545,0.006557345613936703,0.006578892074803999,45780.19921875,44459.262890625,0,47088.90234375
47088.90234375,48189.68013326686,46232.739822384756,47027.74943499556,1927404.0,2022-12-08,0.0,59.26584878233023,541.1162701143694,99.37095040429695,441.74531971007247,40646.02224605529,44581.571875,48517.12150394471,17.65549963101076,0.8185489582330996,0.006514709757167132,0.006535976636208973,46177.703125,44581.571875,1,47700.4453125
47700.4453125,47700.4453125,46599.66753801381,46660.820445933234,1501864.0,2022-12-09,0.0,61.853637714147666,639.9978392492048,207.49632817327853,432.5015110759263,40565.74592870858,44740.5732421875,48915.40055566642,18.66237739458521,0.8544903594881884,0.012903379311356926,0.012986987130974681,46544.6296875,44740.5732421875,-1,47088.90234375
47088.90234375,47822.75541447252,46721.973991821826,47455.82706254434,1845581.0,2022-12-12,0.0,57.89286513592914,661.3916769417556,298.27539792697394,363.11627901478164,40687.47377560179,44930.151953125,49172.83013064821,18.885661379242762,0.7544089252469809,-0.012903379311356872,-0.012820487623199317,46709.74609375,44930.151953125,0,47211.21484375
47211.21484375,47272.367756454296,45988.12389145753,46599.6711841708,1368331.0,2022-12-13,0.0,58.46572688386741,680.3731261089415,374.6949435633675,305.67818254557403,41523.177095280626,45275.67421875,49028.17134221937,16.57621753058446,0.7579003475971351,0.002594112759113889,0.002597480380984729,46887.09375,45275.67421875,-1,46660.8203125
46660.8203125,47394.6733711035,46538.51086387712,47211.21101473607,1761173.0,2022-12-14,0.0,54.84950714465579,643.5849755150412,428.4729499537022,215.11202556133895,41950.360948317546,45489.7146484375,49029.06834855745,15.561116298369756,0.6654406091178191,-0.011726619915033452,-0.011658131083294165,46991.055859375,45489.7146484375,1,47516.984375
47516.984375,47761.603280252355,46721.97474949679,46721.97474949679,1780184.0,2022-12-15,0.0,59.08853312222331,675.726036582324,477.9235672794266,197.8024693028974,42185.53873018711,45694.5818359375,49203.624941687885,15.358683523352108,0.7596722930071833,0.01818236584339105,0.01834867147139807,47174.51953125,45694.5818359375,0,47639.296875
47639.296875,47700.44978865795,46721.97773819186,47088.90611954194,1385365.0,2022-12-16,0.0,59.67106390504318,702.9643204774038,522.931717919022,180.03260255838177,42407.17705723385,45890.2763671875,49373.37567714115,15.180119126256288,0.7510724432711875,0.0025707723285430923,0.002574079597196688,47205.096875,45890.2763671875,-1,46844.2890625
46844.2890625,47883.914067989026,46844.2890625,47883.914067989026,1560721.0,2022-12-19,0.0,54.262761614355135,652.8744402473167,548.920262384681,103.95417786263567,42889.675103877,46089.0287109375,49288.382317997995,13.88336311935014,0.6180332723922348,-0.016828882338760388,-0.016688067722452127,47101.134375,46089.0287109375,0,46844.2890625
46844.2890625,47211.217458449566,46110.435903735146,47211.217458449566,1195103.0,2022-12-20,0.0,54.262761614355135,606.190067528616,560.374223413468,45.815844115148025,43386.61077823617,46275.55,49164.48922176383,12.485812580353254,0.5984338919655007,0.0,0.0,47137.82734375,46275.55,0,47211.21484375
47211.21484375,47333.52430229266,46293.8993543812,47211.21484375,827508.0,2022-12-21,0.0,56.37902046944497,591.9762758113575,566.6946338930459,25.281641918311607,43980.60082781209,46480.417578125,48980.23432843791,10.756429828157966,0.6461701673799736,0.007802364081859645,0.007832881843087502,47180.6359375,46480.417578125,0,47211.21484375
47211.21484375,47394.67721499695,46477.36172562814,47211.21484375,1000431.0,2022-12-22,0.0,56.37902046944497,574.0939458241992,568.1744962792766,5.9194495449226,44736.24435044783,46685.28515625,48634.32596205217,8.349700764508421,0.6349201324914133,0.0,0.0,47192.8671875,46685.28515625,1,47700.4453125
47700.4453125,47700.4453125,46599.66753801381,46721.97335385266,1856988.0,2022-12-23,0.0,59.291660872286805,592.568124158206,573.0532218550625,19.51490230314357,45322.465349781014,46868.7484375,48415.03152521898,6.598354508147238,0.7689342209086978,0.010309266552242829,0.010362590125442717,47192.8671875,46868.7484375,-1,46721.9765625
46721.9765625,47761.6051335974,46721.9765625,47516.98621885283,1266128.0,2022-12-26,0.0,51.836676287014164,522.2347952272103,562.889536529492,-40.654741302281764,45537.59225390314,46932.9603515625,48328.32844922186,5.946218125628659,0.424398519137563,-0.020726089357108263,-0.020512780197118885,47156.174609375,46932.9603515625,0,46783.12890625
46783.12890625,47394.67250505582,46477.357106847085,46721.972366489186,1224608.0,2022-12-27,0.0,52.24084306839296,466.0571912046071,543.5230674645151,-77.46587625990799,45791.07583023569,47000.2298828125,48209.383935389305,5.145311227590323,0.4102260890165986,0.0013080002885843419,0.0013088560940524019,47113.366015625,47000.2298828125,0,46905.43359375
46905.43359375,47088.895928151454,46477.35239139105,47088.895928151454,896099.0,2022-12-28,0.0,53.08872634523832,426.48870510479173,520.1161949925704,-93.62748988777867,46041.59190831921,47064.4416015625,48087.29129480579,4.3465922825666,0.42227205577570526,0.0026108791449561647,0.002614290458107016,47137.82734375,47064.4416015625,0,46599.671875
46599.671875,47088.90608328933,46599.671875,46783.13424896673,996629.0,2022-12-29,0.0,50.66697746781701,366.23623609376955,489.34020321281025,-123.1039671190407,46285.26489303695,47110.3078125,47935.35073196306,3.5026004191980395,0.19053977347485843,-0.006540023821177203,-0.006518684410812936,47046.09609375,47110.3078125,0,47027.75
47027.75,47027.75,46477.359282062105,46599.668734174295,956022.0,2022-12-30,0.0,53.8416688118637,349.0049357450407,461.27314971925637,-112.26821397421566,46276.08262262411,47095.019140625,47913.95565862589,3.477805224181173,0.45892896509902104,0.00914435321159956,0.009186290541879583,46984.94140625,47095.019140625,0,47027.75
47027.75,47027.75,47027.75,47027.75,0.0,2023-01-02,0.0,53.8416688118637,331.52736497898877,435.3239927712029,-103.79662779221411,46322.2304126159,47052.2109375,47782.1914623841,3.1028532361794516,0.4832454862382228,0.0,0.0,47003.2875,47052.2109375,1,48923.5390625
48923.5390625,48923.5390625,46966.5985172776,47027.75506648927,2334847.0,2023-01-03,0.0,65.30809889539955,465.28705822520715,441.31660586200377,23.97045236320338,46107.95980229697,47174.519921875,48241.080041453024,4.5217635339769835,1.3199346237120626,0.039520799070642494,0.040312136185550074,47211.2125,47174.519921875,0,48923.5390625
48923.5390625,49535.08638894538,48495.46138368964,49412.7769236563,1208031.0,2023-01-04,0.0,65.30809889539955,564.7821220708211,466.00970910376725,98.77241296705381,45977.28197398703,47281.5404296875,48585.798885387965,5.516987999323045,1.1294759392342402,0.0,0.0,47382.444921875,47281.5404296875,0,49290.46484375
49290.46484375,49840.85559178818,49045.84592614768,49045.84592614768,1540038.0,2023-01-05,0.0,67.1404045493627,665.5682643621549,505.9214201554448,159.64684420671006,45813.044777093746,47391.6185546875,48970.19233228125,6.66182681974518,1.1014436309581128,0.0074719993850276365,0.007499984430424211,47590.369921875,47391.6185546875,0,49106.99609375
49106.99609375,49596.23023227535,49045.839555725826,49168.148998640565,1094117.0,2023-01-06,0.0,65.28369859197781,722.311258871181,549.199387898592,173.11187097258903,45709.67064412976,47461.94609375,49214.22154337024,7.383917406838012,0.9694039399902923,-0.0037291401804286414,-0.0037221955723403255,47731.025,47461.94609375,0,49106.99609375
49106.99609375,49473.920789360614,48862.377207920516,49229.30553666474,789182.0,2023-01-09,0.0,65.28369859197781,758.5365536133395,591.0668210415415,167.46973257179798,45673.928967495434,47562.85078125,49451.77259500457,7.942845236262458,0.9087372228050914,0.0,0.0,47969.526953125,47562.85078125,0,49168.15625
49168.15625,49718.54700772161,49045.84678904696,49351.61862486249,1144762.0,2023-01-10,0.0,65.65093852822022,783.1527764470811,629.4840121226495,153.66876432443166,45649.675670007644,47660.6978515625,49671.72003311736,8.438912026920429,0.8747990480323743,0.001244671978363265,0.0012454469040061866,48208.0296875,47660.6978515625,0,49473.92578125
49473.92578125,49902.007058077936,49168.15395967776,49168.15395967776,1637830.0,2023-01-11,0.0,67.50184898941902,817.9060443914859,667.1684185764168,150.73762581506912,45693.60497102329,47801.353125,49909.10127897671,8.818780290444803,0.8967676719569979,0.00619959563518703,0.006218852903397298,48464.87890625,47801.353125,0,49351.6171875
49351.6171875,49840.855017063135,49045.84536059006,49535.08319015319,825074.0,2023-01-12,0.0,65.97052211328672,826.0567107223978,698.946077005613,127.11063371678483,45680.36935678405,47893.084765625,50105.80017446594,9.240229230041615,0.829579758889781,-0.0024752437987754466,-0.002472182908847542,48740.0734375,47893.084765625,0,48923.5390625
48923.5390625,49657.392221100185,48923.5390625,49229.31454228982,955565.0,2023-01-13,0.0,60.7739115534608,788.8801263865244,716.9328868817954,71.94723950472894,45701.474751684305,47957.296875,50213.118998315695,9.407628328992196,0.7141663071554107,-0.008711883019373616,-0.008674044527732794,48929.65234375,47957.296875,0,49412.7734375
49412.7734375,49535.08289415993,48740.07324243737,48984.692155757235,873742.0,2023-01-16,0.0,64.24077663037278,789.790329526375,731.5043754107114,58.28595411566357,45804.389352892336,48085.72109375,50367.05283460766,9.488603639362626,0.790850366034687,0.00995031029927244,0.009999979240565615,49168.1546875,48085.72109375,1,50146.62109375
50146.62109375,50146.62109375,49535.07751005472,49657.38332028688,1487719.0,2023-01-17,0.0,68.70828102951025,840.0435458236752,753.2122094933042,86.83133633037107,45871.88881593355,48250.8376953125,50629.78657469145,9.860756799296198,0.8984497974862784,0.014742173761759592,0.01485137556948124,49290.462890625,48250.8376953125,1,51002.78515625
51002.78515625,51002.78515625,50024.31321191397,50207.775566122684,1451827.0,2023-01-18,0.0,72.95369984546059,938.1405659047741,790.1978807755983,147.94268512917586,45818.41463346178,48440.4162109375,51062.41778841322,10.8256773272055,0.9886284141330242,0.016929105998996188,0.017073215379743933,49498.3875,48440.4162109375,0,51308.55859375
51308.55859375,51492.02095380889,50697.011338330616,50758.167880439476,2018505.0,2023-01-19,0.0,74.29502993260004,1028.698328037768,837.8979702280324,190.80035780973571,45797.139710087766,48645.2833984375,51493.42708678724,11.709845186928112,0.9675457924062187,0.00597733030754124,0.005995230193081458,49700.196875,48645.2833984375,0,51308.55859375
51308.55859375,51308.55859375,51308.55859375,51308.55859375,0.0,2023-01-20,0.0,74.29502993260004,1087.9250838053558,887.9033929434971,200.0216908618587,45779.344456950166,48825.6890625,51872.03366804984,12.478450029247185,0.9075161960873867,0.0,0.0,49920.353125,48825.6890625,0,51308.55859375
51308.55859375,51308.55859375,51308.55859375,51308.55859375,0.0,2023-01-23,0.0,74.29502993260004,1121.9298060300425,934.7086755608063,187.2211304692362,45985.019998283664,49055.0181640625,52125.01632984134,12.516550928638349,0.8670263478994279,0.0,0.0,50140.509375,49055.0181640625,0,51308.55859375
51308.55859375,51308.55859375,51308.55859375,51308.55859375,0.0,2023-01-24,0.0,74.29502993260004,1135.7861575618663,974.9241719610184,160.8619856008479,46249.485965006854,49281.2896484375,52313.09333186815,12.304076070488035,0.8343338086815923,0.0,0.0,50354.549609375,49281.2896484375,0,51308.55859375
51308.55859375,51308.55859375,51308.55859375,51308.55859375,0.0,2023-01-25,0.0,74.29502993260004,1133.6988414393636,1006.6791058566874,127.01973558267616,46557.87265361185,49501.4458984375,52445.019143263155,11.892877839831204,0.8069590163059681,0.0,0.0,50538.012890625,49501.4458984375,0,51308.55859375
51308.55859375,51308.55859375,51308.55859375,51308.55859375,0.0,2023-01-26,0.0,74.29502993260004,1119.1438348882439,1029.172051662999,89.97178322524496,47026.534092295435,49736.890234375,52447.24637645457,10.898776056595269,0.7899376091160311,0.0,0.0,50733.70703125,49736.890234375,0,51369.7109375
51369.7109375,52287.02636083501,51369.7109375,51430.86384580214,1734862.0,2023-01-27,0.0,74.68668014014737,1099.8648134748219,1043.3106040253635,56.55420944945831,47471.304000488344,49953.98828125,52436.672562011656,9.9398841461214,0.7851193498948795,0.001191144947408141,0.0011918546423062004,50978.32421875,49953.98828125,0,51186.25
51186.25,51614.33126939671,51186.25,51492.021816264234,1355099.0,2023-01-30,0.0,71.18262875640094,1057.5910345785524,1046.1666901360013,11.424344442551046,48040.90963438532,50161.91328125,52282.91692811468,8.456629773958356,0.7414745302923447,-0.003577776104322131,-0.003571383489449853,51155.671875,50161.91328125,0,51063.94140625
51063.94140625,51186.25086144089,49963.16357579997,51063.94140625,2325569.0,2023-01-31,0.0,68.86303713420338,1002.6614221575,1037.4656365403011,-34.80421438280109,48195.56156261407,50268.9333984375,52342.30523426092,8.2491180761272,0.6917186281004851,-0.002392340794709291,-0.002389481428117901,51247.40390625,50268.9333984375,-1,50146.62109375
50146.62109375,51369.70826114056,50024.31165038422,51369.70826114056,1594333.0,2023-02-01,0.0,54.5147448816725,875.0225108913437,1004.9770114105097,-129.954500519166,48353.928862990506,50330.0875,52306.2461370095,7.852792375969922,0.4535800408899258,-0.018127464354914115,-0.01796415018578501,51161.7875,50330.0875,0,50085.46875
50085.46875,50391.24056745506,49718.5440223075,50207.77820360881,2015463.0,2023-02-02,0.0,53.71129927768259,760.1704987353514,956.0157088754781,-195.8452101401267,48450.56505027796,50369.8376953125,52289.11034034703,7.620721975100377,0.42591752244054415,-0.0012202150315918092,-0.0012194708719391878,51039.478515625,50369.8376953125,-1,48984.6953125
48984.6953125,50146.62977594741,48984.6953125,50146.62977594741,2629592.0,2023-02-03,0.0,41.77588128560808,573.7128303939171,879.555133179166,-305.8423027852489,48426.8103986733,50363.72265625,52300.6349138267,7.6916961472320295,0.14401398711903463,-0.02222301234854966,-0.021977900276714535,50807.0921875,50363.72265625,0,49229.3046875
49229.3046875,49902.00116222721,48740.06692427998,48923.52926892071,1436314.0,2023-02-06,0.0,44.71578407128352,440.6027232273409,791.7646511888009,-351.16192796146004,48448.926421912416,50369.8380859375,52290.74974996259,7.627229854293997,0.20312705685600757,0.004981161153598447,0.00499358776122838,50599.166796875,50369.8380859375,0,49351.6171875
49351.6171875,50085.47029871067,49229.31136324325,49229.31136324325,1141872.0,2023-02-07,0.0,46.17918309092287,341.05018657857,701.6217582667548,-360.5715716881848,48480.641507270644,50379.0111328125,52277.38075835435,7.5363512814383995,0.2294009734750028,0.002481465184884609,0.0024845465678708933,50403.47265625,50379.0111328125,0,49657.38671875
49657.38671875,49963.16216465799,49290.46199667461,49412.771448411026,1018529.0,2023-02-08,0.0,49.75951644034049,283.5584445565546,618.0090955247148,-334.4506509681602,48506.52960135921,50388.1841796875,52269.838758015794,7.468634200503005,0.30580987888150024,0.006176620131385696,0.0061957347838936805,50238.35546875,50388.1841796875,0,49351.6171875
49351.6171875,49902.00792919151,49351.6171875,49535.08319015319,1130010.0,2023-02-09,0.0,46.43303622569943,210.89175022813288,536.5856264653984,-325.6938762372655,48506.52960135921,50388.1841796875,52269.838758015794,7.468634200503005,0.22455970290030264,-0.006176620131385662,-0.006157584026356799,50042.661328125,50388.1841796875,0,49351.6171875
49351.6171875,49657.38901440994,49229.31136324325,49596.23610228157,1102634.0,2023-02-10,0.0,46.43303622569943,151.55583016764285,459.57966720584733,-308.0238370382045,48589.34593671268,50409.5880859375,52229.83023516233,7.221809256293481,0.20938732000902893,0.0,0.0,49840.851953125,50409.5880859375,0,49351.6171875
49351.6171875,49657.38901440994,48923.53590319927,49351.6171875,932600.0,2023-02-13,0.0,46.433036225699425,103.34044174227893,388.3318221131337,-284.99138037085476,48579.04635383802,50406.5302734375,52234.01419303698,7.250980814136695,0.21137554902023428,0.0,0.0,49657.388671875,50406.5302734375,0,49412.7734375
49412.7734375,49535.08289415993,49045.8450675202,49351.61689260302,942486.0,2023-02-14,0.0,47.31289669394958,69.26574492191867,324.5186066748907,-255.25286175297202,48491.61721747196,50369.837890625,52248.05856377804,7.457719745818833,0.24522044539145116,0.0012384272798988448,0.0012391944476237704,49492.271875,50369.837890625,0,49902.01171875
49902.01171875,50085.47410220129,49107.0056350382,49229.31510171716,981268.0,2023-02-15,0.0,53.844298453108394,80.80724711482617,275.7763347628778,-194.96908764805164,48450.210073147064,50314.79921875,52179.38836435293,7.411692681099237,0.3893087249345433,0.009852354570543566,0.009901048802063661,49467.8109375,50314.79921875,0,49902.01171875
49902.01171875,50146.63065210793,49351.62093526182,49902.01171875,645155.0,2023-02-16,0.0,53.844298453108394,88.92885427890724,238.4068386660837,-149.47798438717646,48432.336910919534,50244.471875,52056.60683908047,7.213271018506329,0.4055092023943765,0.0,0.0,49449.465234375,50244.471875,0,49902.01171875
49902.01171875,49902.01171875,49535.08695184742,49657.39278539207,711161.0,2023-02-17,0.0,53.84429845310839,94.27850257806858,209.5811714484807,-115.3026688704121,48427.913277123196,50174.14453125,51920.375785376804,6.960681723389214,0.42207996167263684,0.0,0.0,49541.196875,50174.14453125,1,50635.859375
50635.859375,50758.168828368056,49779.696834557544,49902.00628792559,1939267.0,2023-02-20,0.0,62.54332781618718,155.93597735572985,198.85213262993054,-42.91615527420069,48461.66622248919,50140.5095703125,51819.3529181358,6.696554790569283,0.647527107079331,0.014598691646528042,0.014705772993401478,49681.85234375,50140.5095703125,0,50635.859375
50635.859375,51186.250098589284,50513.549921631944,50635.859375,1277535.0,2023-02-21,0.0,62.54332781618718,202.46606753930246,199.57491961180494,2.8911479274975136,48501.20354901127,50106.874609375,51712.545669738734,6.408985085904008,0.6647238898062868,0.0,0.0,49810.2765625,50106.874609375,-1,50024.31640625
50024.31640625,50452.39768216157,50024.31640625,50330.0882271677,1136397.0,2023-02-22,0.0,52.90629717565053,187.8299063009108,197.2259169496261,-9.396010648715304,48539.91691164878,50042.6625,51545.408088351214,6.005857855189922,0.4938958084814185,-0.012150793262432347,-0.012077270462045986,49846.96953125,50042.6625,0,49779.6953125
49779.6953125,49963.16130350941,49290.46114712046,49963.16130350941,1764975.0,2023-02-23,0.0,49.61315337420896,154.7083832503049,188.7224102097619,-34.014026959457,48583.8911613589,49966.2193359375,51348.5475105161,5.533050900988943,0.43253265510038424,-0.00490203909423271,-0.0048900437092117555,49889.77734375,49966.2193359375,0,49412.7734375
49412.7734375,49718.545262582826,49168.15452418013,49596.235805922886,850473.0,2023-02-24,0.0,45.08046274951055,97.72529244712496,170.52298665723453,-72.79769421010957,48635.363169684126,49868.3724609375,51101.38175219087,4.94505527413875,0.3152491523505167,-0.007398213860406651,-0.007370914440046117,49895.89296875,49868.3724609375,0,49106.99609375
49106.99609375,49229.30553666474,48862.377207920516,48923.53011281108,1544296.0,2023-02-27,0.0,41.66429152225255,27.57424753070518,141.93323883192866,-114.35899130122348,48654.81434312845,49764.409765625,50874.005188121555,4.459393481093839,0.20375974046655576,-0.006207451094673361,-0.0061882246730546875,49871.430859375,49764.409765625,0,49229.3046875
49229.3046875,49351.61049517146,48617.757483474976,48923.52926892071,797394.0,2023-02-28,0.0,43.50833843892734,-17.944822888493945,109.95762648784415,-127.9024493763381,48723.72062124941,49672.6779296875,50621.63523812559,3.8208421530296985,0.2663892578490908,0.0024875586298900264,0.0024906551709353852,49853.083984375,49672.6779296875,0,49229.3046875
49229.3046875,49229.3046875,48128.523353388504,48617.757483474976,2093332.0,2023-03-01,0.0,43.50833843892734,-53.40341284213355,77.2854186218486,-130.68883146398215,48685.66453298938,49626.812109375,50567.95968576062,3.792899589485536,0.2888176988131941,0.0,0.0,49785.81328125,49626.812109375,0,48923.5390625
48923.5390625,49229.31454228982,48801.23323034519,48923.5390625,655192.0,2023-03-02,0.0,39.85552819692819,-104.96733331472933,40.83486823453302,-145.80220154926235,48603.63290183876,49568.715625,50533.79834816123,3.893918617792449,0.16574027955518145,-0.006230417834489034,-0.006211049027422866,49687.966015625,49568.715625,-1,48006.21875
48006.21875,48923.53419877184,48006.21875,48495.45656251878,1126664.0,2023-03-03,0.0,31.351418656147302,-217.34675652471196,-10.801456717315979,-206.545299807396,48352.11095665865,49519.791796875,50687.47263709134,4.716016759545552,-0.14811076569286136,-0.01892809227230262,-0.018750080842028227,49498.38671875,49519.791796875,0,47822.75390625
47822.75390625,48801.22584739915,47761.60099942418,47761.60099942418,1242859.0,2023-03-06,0.0,29.973892207484326,-317.5517992074674,-72.15152521534627,-245.40027399212113,48059.7911668809,49449.4642578125,50839.137348744094,5.620578955866208,-0.085285259597277,-0.003829010430094719,-0.0038216891171000134,49217.076171875,49449.4642578125,0,48189.6796875
48189.6796875,48862.37984324542,48189.6796875,48373.1456783339,1204533.0,2023-03-07,0.0,36.027905552886004,-363.17076691666443,-130.3553735556099,-232.81539336105453,47891.67360002563,49391.3673828125,50891.06116559938,6.072695947708253,0.09935564543069207,0.0076433343859393064,0.007672619229944555,48972.458203125,49391.3673828125,0,48617.76171875
48617.76171875,48617.76171875,48006.21809458467,48006.21809458467,776558.0,2023-03-08,0.0,42.29583372641052,-360.6244312396302,-176.40918509241396,-184.21524614721625,47806.80693218291,49339.3861328125,50871.96533344209,6.212396710831259,0.2645719014827903,0.008844047839892203,0.008883271979104768,48831.802734375,49339.3861328125,1,49290.46484375
49290.46484375,49351.61775658354,48434.30226527596,48617.76463691066,973816.0,2023-03-09,0.0,50.50300350631723,-300.85683142155904,-201.298714358243,-99.55811706331605,47803.60805889119,49336.328515625,50869.04897235881,6.21335434901036,0.4850384746698257,0.01374171986159352,0.013836571269807418,48782.8796875,49336.328515625,-1,48617.76171875
48617.76171875,49168.15243375234,48311.98990666733,49045.8429822925,974728.0,2023-03-10,0.0,43.79497079819535,-304.2647237986166,-221.89191624631772,-82.3728075522989,47733.68022097592,49299.6357421875,50865.59126339908,6.352807673471451,0.28228180360131383,-0.013741719861593522,-0.013647733433483689,48703.378515625,49299.6357421875,0,48250.83984375
48250.83984375,48556.611673869695,47761.605642185306,47761.605642185306,1348255.0,2023-03-13,0.0,40.62533230057036,-332.73744177153276,-244.06102135136075,-88.67642042017201,47610.44075758785,49244.596875,50878.752992412155,6.636895095558247,0.19594183179275576,-0.007575697881879585,-0.00754707460871229,48617.762890625,49244.596875,0,48128.52734375
48128.52734375,48373.14624564149,48006.217892804256,48311.98970360169,650021.0,2023-03-14,0.0,39.5965470485784,-361.0103696218648,-267.4508910054616,-93.55947861640323,47474.69267690916,49180.3845703125,50886.076463715835,6.936472369241989,0.19166259433180982,-0.0025381483450804604,-0.002534929970049893,48507.68515625,49180.3845703125,1,49229.3046875
49229.3046875,49229.3046875,48373.142234998515,48373.142234998515,1052141.0,2023-03-15,0.0,51.50021798558017,-291.2361475573489,-272.2079423158391,-19.028205241509795,47474.775996456694,49146.74921875,50818.72244104331,6.804003312005155,0.5246880355645775,0.022613984538014942,0.02287161906882962,48507.68515625,49146.74921875,-1,48434.3046875
48434.3046875,48923.53891403741,47945.07046096259,48923.53891403741,1292743.0,2023-03-16,0.0,44.655624711807654,-296.6696072212435,-277.10027529691996,-19.569331924323535,47412.16289160667,49073.3638671875,50734.56484276833,6.770275541235438,0.30765145545858563,-0.01628073271886501,-0.01614891790665207,48458.76171875,49073.3638671875,0,48311.9921875
48311.9921875,48923.535840536606,48067.37690616578,48678.920559202386,653063.0,2023-03-17,0.0,43.69347303047935,-307.3028635707742,-283.14079295169086,-24.16207061908335,47347.51652409543,48993.862890625,50640.20925715457,6.720622826597331,0.2929139587551202,-0.0025285218993823127,-0.0025253278805005275,48489.3390625,48993.862890625,-1,47455.828125
47455.828125,48495.456662171775,47455.828125,48373.147208790746,1170769.0,2023-03-20,0.0,37.58838567130428,-380.4297233765901,-302.59857903667074,-77.83114433991938,47242.87903178715,48834.861328125,50426.84362446285,6.519860005913404,0.06688174036316512,-0.01788047112327879,-0.017721564020320435,48452.646484375,48834.861328125,0,47761.60546875
47761.60546875,48128.530210307596,47150.05817759723,48067.377297759354,815493.0,2023-03-21,0.0,40.771408224775094,-408.99497103496833,-323.87785743633026,-85.11711359863807,47274.43236658212,48691.1486328125,50107.864899042885,5.819194272511657,0.17193742804413326,0.006422739688698298,0.0064434097102799015,48409.8390625,48691.1486328125,0,48006.21875
48006.21875,48067.37529313181,47455.82802748333,47822.75638687242,928342.0,2023-03-22,0.0,43.26422690133174,-407.2009292882867,-340.54247180672155,-66.65845748156516,47290.70453004242,48590.24375,49889.78296995758,5.348971808595135,0.2752953542952457,0.005108475946036099,0.005121546456599901,48348.684765625,48590.24375,0,47700.4453125
47700.4453125,48006.21711836471,47455.82641455472,47945.064210445285,542344.0,2023-03-23,0.0,40.944386757656225,-425.54705764301616,-357.5433889739805,-68.00366866903568,47256.596430586425,48486.28125,49715.966069413575,5.072299989653566,0.18047261985605467,-0.00638982626519441,-0.006369454738611391,48189.6828125,48486.28125,0,48067.375
48067.375,48189.680819249916,47700.446642848576,47883.90900485734,557704.0,2023-03-24,0.0,44.77140791094088,-405.8005215090525,-367.1948154809949,-38.60570602805757,47257.416923712975,48419.011328125,49580.60573253703,4.798092206138436,0.3486406585683442,0.007662939008731255,0.007692374465188667,48134.644140625,48419.011328125,0,48373.1484375
48373.1484375,48434.30134917688,48006.2200680367,48250.83898101223,1166815.0,2023-03-27,0.0,47.80680260027744,-361.31289822450344,-366.01843202969667,4.705533805193227,47266.77931572636,48382.3189453125,49497.858574898644,4.611352468851522,0.4958896539534397,0.006341202872360234,0.00636135086428169,48146.875,48382.3189453125,0,48434.3046875
48434.3046875,48434.3046875,47394.67968539909,48434.3046875,1521483.0,2023-03-28,0.0,48.41743508768004,-317.4618355574057,-356.3071127352385,38.84527717783277,47299.82433011221,48342.5689453125,49385.31356051279,4.313980981771542,0.5439876364980691,0.0012634617720295213,0.0012642602761119281,48177.452734375,48342.5689453125,0,48311.9921875
48311.9921875,48495.45818991821,48067.37690616578,48434.30164473413,615193.0,2023-03-29,0.0,47.227360032986724,-289.24491368937015,-342.89467292606486,53.649759236694706,47341.130840478494,48296.7033203125,49252.27580014651,3.957091950961865,0.5079998469556977,-0.0025285218993823127,-0.0025253278805005275,48085.721484375,48296.7033203125,0,48373.1484375
48373.1484375,48495.45789398777,48189.68243620134,48311.99189268911,621125.0,2023-03-30,0.0,47.916687930033284,-258.9628391353326,-326.10830616791844,67.14546703258583,47358.99717473492,48269.1837890625,49179.37040339009,3.771294821578593,0.5571117212673484,0.0012650601273527106,0.001265860653451245,48079.605859375,48269.1837890625,0,48373.1484375
48373.1484375,48617.76371734152,48311.99189268911,48373.1484375,1021419.0,2023-03-31,0.0,47.916687930033284,-232.28642358291108,-307.34392965091695,75.05750606800586,47384.90082649025,48287.5302734375,49190.15972038475,3.7385612469137866,0.547427083368522,0.0,0.0,48085.721484375,48287.5302734375,1,49473.92578125
49473.92578125,49473.92578125,48373.14795021672,48556.610316533275,1779727.0,2023-04-03,0.0,59.075711070276625,-120.92766120043234,-270.06067596082005,149.1330147603877,47351.81236515817,48370.0888671875,49388.36536921683,4.210356134863716,1.0420123669075423,0.02250090347455465,0.02275595819801235,48287.53125,48370.0888671875,0,49229.3046875
49229.3046875,49535.07647294574,48923.52926892071,49473.91993597646,889103.0,2023-04-04,0.0,56.19433954385843,-51.81660799535166,-226.41186236772637,174.5952543723747,47338.52070986596,48422.0701171875,49505.619524509035,4.4754361170400685,0.8724955063691712,-0.004956708983660169,-0.004944444773426704,48434.301171875,48422.0701171875,0,49290.46484375
49290.46484375,49290.46484375,48740.074095711825,49229.31193091646,641809.0,2023-04-05,0.0,56.762163386628394,7.799604079802521,-179.5695690782206,187.36917315802313,47306.78683608801,48455.7052734375,49604.623710787,4.742138952951362,0.8632806051220887,0.0012415815505386516,0.0012423526319991218,48562.72578125,48455.7052734375,0,49106.99609375
49106.99609375,49840.84911810484,49106.99609375,49351.611346445876,932144.0,2023-04-06,0.0,54.480746555548606,39.78289440558001,-135.6990763814605,175.4819707870405,47323.02813976188,48446.5318359375,49570.03553211312,4.638118162845282,0.7939306119155208,-0.0037291401804286414,-0.0037221955723403255,48703.380859375,48446.5318359375,0,49229.3046875
49229.3046875,49351.61049517146,48923.52926892071,49045.83870972572,547210.0,2023-04-07,0.0,55.75737964527927,74.14447243111499,-93.7303666189454,167.8748390500604,47301.88653627017,48477.108984375,49652.331432479834,4.8485665615234055,0.8200226920180055,0.0024875586298900264,0.0024906551709353852,48819.573828125,48477.108984375,0,49106.99609375
49106.99609375,49535.07732738479,48984.68665083526,49535.07732738479,1170769.0,2023-04-10,0.0,54.122691053167095,90.46417454593757,-56.891458385968804,147.35563293190637,47317.34394692265,48519.916796875,49722.489646827344,4.957027667573413,0.7440930280848543,-0.002487558629890003,-0.002484467219807329,48892.95859375,48519.916796875,0,49106.99609375
49106.99609375,49229.30553666474,48984.68665083526,49045.839555725826,812147.0,2023-04-11,0.0,54.122691053167095,102.21933518238075,-25.069299672298897,127.28863485467964,47353.76230536735,48568.840234375,49783.918163382645,5.003528695122783,0.72144911306821,0.0,0.0,48960.227734375,48568.840234375,0,49106.99609375
49106.99609375,49229.30553666474,48862.377207920516,49106.99609375,874046.0,2023-04-12,0.0,54.122691053167095,110.26432616327656,1.997425494816195,108.26690066846037,47360.4796471024,48562.7248046875,49764.969962272604,4.951308487818026,0.7263561993278276,0.0,0.0,49039.728125,48562.7248046875,0,48678.91015625
48678.91015625,49168.144247500444,48495.44782617274,49106.991348519114,822032.0,2023-04-13,0.0,47.97420111671453,81.1615027020016,17.830240936253276,63.33126176574832,47373.23399150737,48574.955078125,49776.67616474263,4.94790405749159,0.5432525813529628,-0.008755631331906768,-0.00871741241681212,49070.304296875,48574.955078125,0,48678.91015625
48678.91015625,48984.681917423186,48495.44782617274,48862.372486327266,606524.0,2023-04-14,0.0,47.974201116714525,57.435227879614104,25.751238324925442,31.68398955468866,47397.29356642577,48593.3009765625,49789.30838669924,4.922519714038744,0.5357895690954414,0.0,0.0,49100.88046875,48593.3009765625,0,48678.91015625
48678.91015625,48740.06305523134,48311.981862962224,48678.91015625,684241.0,2023-04-17,0.0,47.974201116714525,38.19173361273715,28.239337382487786,9.952396230249366,47584.94971728797,48654.455078125,49723.96043896203,4.396330650994703,0.5114328917930158,0.0,0.0,49021.37890625,48654.455078125,0,48556.60546875
48556.60546875,48923.530164750155,48434.29602570541,48678.914911794585,458695.0,2023-04-18,0.0,46.105218096044425,12.923189145949436,25.176107735180118,-12.252918589230681,47708.62045053486,48694.205078125,49679.78970571514,4.048057160020868,0.4301939145949113,-0.002515639500931332,-0.0025124779315606194,48954.108984375,48694.205078125,0,48495.45703125
48495.45703125,48801.22885046271,48495.45703125,48801.22885046271,638463.0,2023-04-19,0.0,45.157980212750864,-11.899314372436493,17.761023313656796,-29.66033768609329,47781.90336758111,48718.6669921875,49655.43061679389,3.845604497990928,0.38086110782146987,-0.0012601163543830994,-0.001259322741153146,48874.608203125,48718.6669921875,0,48556.60546875
48556.60546875,48801.22435483918,48434.29602570541,48801.22435483918,554206.0,2023-04-20,0.0,46.34512275046161,-26.333602007944137,8.94209824933661,-35.27570025728075,47950.875876860024,48761.475,49572.07412313997,3.3247522686299993,0.3736307964062394,0.001260116354383248,0.0012609106345899956,48819.569140625,48761.475,0,48495.45703125
48495.45703125,48923.534671640635,48495.45703125,48923.534671640635,492763.0,2023-04-21,0.0,45.289350598256455,-42.22035682769638,-1.2903927660699885,-40.92996406162639,48028.81432757645,48782.8791015625,49536.94387554855,3.0915140224345556,0.30941818247710645,-0.0012601163543830994,-0.001259322741153146,48746.184375,48782.8791015625,0,48373.1484375
48373.1484375,49290.463911457235,48311.99189268911,48617.76371734152,1208335.0,2023-04-24,0.0,43.170922227100405,-63.94291173687816,-13.820896560231622,-50.122015176646535,48028.81432757645,48782.8791015625,49536.94387554855,3.0915140224345556,0.22831865497665954,-0.002525248673783437,-0.0025220629155260355,48672.799609375,48782.8791015625,0,47945.06640625
47945.06640625,48495.45713526698,47883.90986239592,48373.14768069277,821272.0,2023-04-25,0.0,36.70035105669267,-114.3823072584637,-33.93317869987804,-80.44912855858566,47928.78527400337,48758.4171875,49588.049100996635,3.403030538527497,0.009812262511702217,-0.008888969768369346,-0.008849579675449415,48556.606640625,48758.4171875,0,47883.9140625
47883.9140625,47945.07061171839,47455.83275050838,47761.608230331774,1174115.0,2023-04-26,0.0,35.87318627314721,-157.4750997496376,-58.64156290982996,-98.83353683980764,47839.56999203546,48737.01328125,49634.45657046454,3.682799699011527,0.024705778625494383,-0.0012762809695304434,-0.001275466869350872,48434.2984375,48737.01328125,0,47883.9140625
47883.9140625,48189.68590918912,47761.608230331774,47761.608230331774,336113.0,2023-04-27,0.0,35.87318627314721,-189.442671077486,-84.80178454336118,-104.64088653412483,47749.10552039,48712.5515625,49675.99760460999,3.9556377615484055,0.06996164612122932,0.0,0.0,48354.798828125,48712.5515625,-1,47394.67578125
47394.67578125,48189.68178802624,47394.67578125,48189.68178802624,1438139.0,2023-04-28,0.0,29.66880399220952,-251.3571534303337,-118.11285832075569,-133.24429510957802,47541.335541866276,48663.6279296875,49785.920317508724,4.612448498261528,-0.06533937243439546,-0.010269727583745055,-0.010217173988981476,48226.375390625,48663.6279296875,0,47394.67578125
47394.67578125,47394.67578125,47394.67578125,47394.67578125,0.0,2023-05-01,0.0,29.66880399220952,-297.0011820152722,-153.890523059659,-143.11065895561322,47370.21098716091,48559.6654296875,49749.11987221409,4.898940023583465,0.010284039982702692,0.0,0.0,48097.951953125,48559.6654296875,0,47394.67578125
47394.67578125,47394.67578125,47394.67578125,47394.67578125,0.0,2023-05-02,0.0,29.66880399220952,-329.3775442169717,-188.98792729112154,-140.3896169258502,47214.66038710218,48467.933984375,49721.20758164782,5.171557746516889,0.0718180748958336,0.0,0.0,47981.758984375,48467.933984375,0,47394.67578125
47394.67578125,47394.67578125,47394.67578125,47394.67578125,0.0,2023-05-03,0.0,29.66880399220952,-350.9900497115523,-221.3883517752077,-129.60169793634458,47095.28240062738,48373.14453125,49651.00666187262,5.283353575648139,0.11714619811009837,0.0,0.0,47871.680859375,48373.14453125,1,48006.21875
48006.21875,48128.528203129696,47455.82802748333,47578.137480613026,756179.0,2023-05-04,0.0,45.51290292831723,-315.1389832932109,-240.13847807880836,-75.00050521440255,47079.096204575755,48318.1056640625,49557.11512354925,5.12855147137229,0.37413860658025155,0.012820662705747991,0.012903199751224781,47816.6421875,48318.1056640625,0,47945.06640625
47945.06640625,48067.37586082421,47822.756951675794,48067.37586082421,485463.0,2023-05-05,0.0,44.43491303256987,-288.3374631416009,-249.77827509136688,-38.55918805023401,47082.44863951121,48253.89375,49425.338860488795,4.855339204574728,0.36818531189176124,-0.0012746541524724108,-0.0012738421259225197,47761.603125,48253.89375,0,48006.21875
48006.21875,48250.83765625939,47945.06584000211,48006.21875,551925.0,2023-05-08,0.0,45.81697676421603,-259.17497448273207,-251.65761496963992,-7.517359513092146,47094.66944058715,48198.8548828125,49303.040325037844,4.581791185329978,0.4127700269149243,0.0012746541524723655,0.001275466869350872,47724.91015625,48198.8548828125,0,48250.83984375
48250.83984375,48801.23059121908,48067.377472305,48067.377472305,921498.0,2023-05-09,0.0,51.06080408298814,-213.85937646529783,-244.09796726877153,30.2385908034737,47137.001812049304,48156.0470703125,49175.0923285757,4.232262904699357,0.5465105806973953,0.005082673913857172,0.005095612612688871,47755.4875,48156.0470703125,0,48311.9921875
48311.9921875,48678.920559202386,48311.9921875,48311.9921875,961953.0,2023-05-10,0.0,52.30352976893941,-171.04030926970154,-229.48643566895754,58.446126399256,47196.22065891252,48116.296875,49036.37309108748,3.824384983232275,0.606347337904338,0.0012665815746872363,0.0012673840278849546,47798.2953125,48116.296875,0,48373.1484375
48373.1484375,48678.92026215241,48311.99189268911,48373.1484375,723784.0,2023-05-11,0.0,53.57322470924447,-130.66486848375644,-209.72212223191733,79.05725374816089,47210.611992160426,48101.0087890625,48991.405585964574,3.702195938578893,0.6528193101010391,0.0012650601273527106,0.001265860653451245,47847.21875,48101.0087890625,1,49229.3046875
49229.3046875,49290.457591335726,48189.67625722423,48495.45167580352,1647259.0,2023-05-12,0.0,66.86967495582579,-29.24526537815109,-173.62675086116408,144.381485483013,47134.88920767763,48128.528515625,49122.167823572374,4.129107365602438,1.0539113454302378,0.017544194490894678,0.017698997846009368,48030.681640625,48128.528515625,0,49535.08203125
49535.08203125,50024.31621623317,49412.772576720716,49779.69730717461,1421561.0,2023-05-15,0.0,70.15702713357685,74.94031166047353,-123.91333835683656,198.8536500173101,47017.069336837034,48171.337109375,49325.60488191297,4.792342674305082,1.0907402746229482,0.0061920765351365335,0.00621128707161378,48244.722265625,48171.337109375,0,49840.85546875
49840.85546875,49963.16492724923,49412.77418056975,49535.08363906897,1165750.0,2023-05-16,0.0,73.03807556342106,180.10535066041484,-63.10960055338629,243.21495121380113,46867.879144960694,48235.549609375,49603.2200737893,5.670798717916896,1.0868759694472403,0.006153892182990717,0.006172866279036349,48489.340234375,48235.549609375,0,49840.85546875
49840.85546875,50574.708586611276,49596.23655175155,50085.470752614376,1484678.0,2023-05-17,0.0,73.03807556342106,260.44712935655116,1.6017454286011983,258.84538392794997,46760.167538720336,48302.81953125,49845.47152377967,6.387420061603785,0.9985038573015744,0.0,0.0,48733.958203125,48302.81953125,1,50697.015625
50697.015625,50758.172172279934,49779.70011400839,50024.319036859815,2357052.0,2023-05-18,0.0,79.47317067257293,388.7225851941912,79.02591338171919,309.696671812472,46532.40439104232,48409.8400390625,50287.275687082685,7.756421613891954,1.1091222323250864,0.017032006819734935,0.017177878433222604,49003.037890625,48409.8400390625,0,50635.859375
50635.859375,50941.63119185318,50024.31574129365,50758.168828368056,1632811.0,2023-05-19,0.0,78.04034361676557,479.914850192974,159.20370074397016,320.7111494490038,46391.25695447507,48516.86015625,50642.46335802492,8.762327961576059,0.9984465625994056,-0.0012070368560069093,-0.0012063086800289113,49272.1171875,48516.86015625,0,50452.39453125
50452.39453125,50635.85688571602,50146.62272942872,50635.85688571602,853210.0,2023-05-22,0.0,73.74495707441912,531.2572942069164,233.61441943655942,297.642874770357,46328.00187407068,48620.8224609375,50913.643047804326,9.431434808446113,0.8994146076678792,-0.0036297994692044656,-0.003623219710586767,49516.734765625,48620.8224609375,0,50146.62109375
50146.62109375,50452.39288559764,49779.69276365266,50452.39288559764,998454.0,2023-05-23,0.0,67.11467292777613,541.0364585288626,295.09882725502007,245.9376312738425,46364.47060725977,48730.9001953125,51097.329783365225,9.712234243849895,0.7991259291180648,-0.006079072986107515,-0.006060632807241784,49706.312890625,48730.9001953125,0,50146.62109375
50146.62109375,50146.62109375,50146.62109375,50146.62109375,0.0,2023-05-24,0.0,67.11467292777613,542.5325393106832,344.5855696661527,197.9469696445305,46432.18603926792,48844.035546875,51255.885054482074,9.875717600329951,0.7700387281143768,0.0,0.0,49889.77578125,48844.035546875,1,50880.4765625
50880.4765625,51002.786011735254,49535.079887179796,49657.38570328126,2039949.0,2023-05-25,0.0,73.69707014729418,596.0631523669799,394.8810862063182,201.18206616066175,46463.74509219384,48993.863671875,51523.982251556154,10.328308037210682,0.8728309229804462,0.014528149248267562,0.014634195739291034,50140.50859375,48993.863671875,0,50819.3203125
50819.3203125,51002.786303971,50330.08614588957,50819.3203125,1314644.0,2023-05-26,0.0,72.3965567575851,626.3317876405199,441.17122649315854,185.16056114736136,46627.1478811176,49165.0958984375,51703.04391575741,10.324186176968535,0.8258980094890542,-0.0012026819964401768,-0.0012019590642960987,50299.51015625,49165.0958984375,0,50819.3203125
50819.3203125,51186.248662308186,50697.01086256394,51063.939212372126,1337761.0,2023-05-29,0.0,72.3965567575851,642.9088461865686,481.5187504318406,161.39009575472795,46839.53999154777,49336.328125,51833.11625845223,10.12149962650765,0.7969799815272096,0.0,0.0,50427.933984375,49336.328125,1,51369.7109375
51369.7109375,51920.101644754526,50697.01078050737,50758.16732194333,2523283.0,2023-05-30,0.0,76.69000584300213,692.475778424232,523.7101560303189,168.76562239391308,47056.29181797066,49535.0798828125,52013.86794765433,10.008212647303782,0.8700661385112336,0.010772114002118091,0.010830342114288793,50580.81953125,49535.0798828125,0,51430.8671875
51430.8671875,51492.023732909576,50819.32353220855,51492.023732909576,1276622.0,2023-05-31,0.0,77.11592860962344,728.2973688848069,564.6275986012165,163.66977028359042,47335.8374241552,49736.889453125,52137.94148209479,9.655014840574983,0.8527573984104433,0.0011898037604458212,0.0011905118577444362,50739.820703125,49736.889453125,0,51063.94140625
51063.94140625,51369.71322766023,50819.322495868226,51369.71322766023,817166.0,2023-06-01,0.0,68.97284499998807,718.7925997284474,595.4605988266627,123.33200090178468,47564.52047014778,49889.7755859375,52215.03070172723,9.321569754445429,0.752481074515068,-0.007159920659477274,-0.007134349493122638,50776.51328125,49889.7755859375,0,51247.40234375
51247.40234375,51553.174156635665,50819.3210790833,51063.93998264538,1119211.0,2023-06-02,0.0,70.64208969563354,717.7895351503321,619.9263860913966,97.8631490589355,47844.94647173747,50054.8923828125,52264.83829388752,8.830089551181858,0.769805237078723,0.0035863302623452185,0.003592768839374205,50837.667578125,50054.8923828125,1,51981.25390625
51981.25390625,52103.56335446619,51247.400850086626,51308.5573907616,2168007.0,2023-06-05,0.0,76.16576936884528,767.3645860062315,649.4140260743636,117.95055993186793,48105.34742204982,50253.644140625,52401.940859200186,8.549814666429347,0.9020882568704947,0.014218221023816183,0.014319780690103645,50990.553515625,50253.644140625,0,52164.71875
52164.71875,52164.71875,51797.794020984744,52164.71875,781729.0,2023-06-06,0.0,77.31490996823774,812.0959144003864,681.9504037395682,130.14551066081822,48356.887597869754,50449.3380859375,52541.78857400525,8.295254476890783,0.9098975516611978,0.003523228577195929,0.0035294424424789916,51192.36328125,50449.3380859375,0,51981.25390625
51981.25390625,52225.87280268238,51553.17265406022,51981.25390625,1073433.0,2023-06-07,0.0,73.49866566270214,823.2518005137463,710.2106830944037,113.04111741934253,48691.42333903552,50632.801171875,52574.179004714475,7.668459132843132,0.8472927092205288,-0.0035232285771960086,-0.0035170292900313926,51375.8265625,50632.801171875,-1,51125.09375
51125.09375,51920.103383352434,51063.94083965009,51797.79392951868,1892728.0,2023-06-08,0.0,58.89024902879516,754.3127039442843,719.03108726438,35.281616679904346,49137.824504034266,50770.3984375,52402.972370965734,6.4312039444617914,0.6086307043219261,-0.01660770368003063,-0.01647055605457526,51400.28828125,50770.3984375,1,51736.63671875
51736.63671875,51797.789624016805,51186.246038814286,51553.17073668235,1034499.0,2023-06-09,0.0,64.34201426922327,740.4884895642899,723.322567724362,17.165921839927933,49380.61525642207,50895.7650390625,52410.91482170293,5.9539326365466865,0.7774879715925267,0.011890723039855626,0.011961698725491354,51492.019921875,50895.7650390625,0,51920.1015625
51920.1015625,51920.1015625,51125.09195702877,51675.48266341135,790398.0,2023-06-12,0.0,65.80702158678469,735.8543092572872,725.8289160309471,10.025393226340157,49577.337641484126,51015.016015625,52452.69438976587,5.636294904623913,0.814773305057142,0.0035398573863874294,0.003546130080842813,51602.098046875,51015.016015625,0,51614.33203125
51614.33203125,51920.103852027576,51553.17548721411,51614.33203125,709944.0,2023-06-13,0.0,61.28761180645724,699.4458656776478,720.5523059602872,-21.10644028263937,49754.917965620756,51103.68984375,52452.46172187924,5.278569442845027,0.6892989451293522,-0.005906642063333936,-0.005889232148013512,51626.56015625,51103.68984375,0,51492.0234375
51492.0234375,51858.9481753162,51430.86689244128,51553.17634942469,1001648.0,2023-06-14,0.0,59.526577375440354,653.1930278653599,707.0804503413018,-53.88742247594189,49967.0279529815,51186.2482421875,52405.468531393504,4.763858774869633,0.625397845663981,-0.0023724754999475384,-0.002369663404264255,51632.67578125,51186.2482421875,0,51430.8671875
51430.8671875,51614.333190594676,51125.09535985428,51492.023732909576,1214570.0,2023-06-15,0.0,58.6195792213525,604.6326930794967,686.5908988889407,-81.95820580944405,50021.67578460606,51222.9408203125,52424.20585601894,4.690339978410918,0.5865447511611057,-0.0011883898096149103,-0.0011876839540833073,51669.368359375,51222.9408203125,0,51675.484375
51675.484375,52715.1092808604,51002.78782992594,51430.86546780911,3393832.0,2023-06-16,0.0,61.168247349184384,579.2100674714238,665.1147326054373,-85.9046651340135,50090.77067112147,51274.9220703125,52459.073469503535,4.618832565234225,0.669134751249353,0.004744957856585693,0.004756232995415166,51712.1765625,51274.9220703125,0,51797.79296875
51797.79296875,52287.02714187655,51675.4835171849,51797.79296875,1008644.0,2023-06-19,0.0,62.414742527268416,562.4481823229871,644.5814225489473,-82.13324022596021,50202.7686271181,51342.1919921875,52481.6153572569,4.438545846436713,0.6999261163714808,0.002364062564806523,0.00236685916405599,51693.83046875,51342.1919921875,0,52287.02734375
52287.02734375,52470.49333837292,51797.79316873458,51981.25553022363,1436466.0,2023-06-20,0.0,66.98055485197784,581.9332289181039,632.0517838227787,-50.11855490467485,50382.87437605085,51449.2123046875,52515.550233324146,4.145206042501428,0.8928468717856071,0.009400755585699524,0.009445081478571149,51706.061328125,51449.2123046875,0,52470.49609375
52470.49609375,52837.420835996374,52225.87717682971,52287.03008949274,1073433.0,2023-06-21,0.0,68.52474102631706,605.2032571174932,626.6820784817216,-21.478821364228452,50594.52791609968,51565.4060546875,52536.284193275314,3.765618126067528,0.9661192806231037,0.003502735298878946,0.0035088770450426576,51754.985546875,51565.4060546875,0,52470.49609375
52470.49609375,52470.49609375,52470.49609375,52470.49609375,0.0,2023-06-22,0.0,68.52474102631706,616.537857477495,624.6532342808763,-8.11537680338131,50650.07595074642,51644.90703125,52639.73811175358,3.85258155233628,0.9149393191867773,0.0,0.0,51889.52578125,51644.90703125,0,52042.41796875
52042.41796875,52348.18981691759,51858.95195334202,52348.18981691759,1250159.0,2023-06-23,0.0,60.827105566161755,584.2434875888721,616.5712849424755,-32.32779735360339,50776.69933732792,51706.0619140625,52635.42449079708,3.5947915672990804,0.6809606191962916,-0.008191916238767588,-0.008158453928759246,51920.10390625,51706.0619140625,0,52470.49609375
52470.49609375,52470.49609375,51736.64297612319,52042.414805706525,1307039.0,2023-06-26,0.0,65.05461382594875,586.4322677320961,610.5434815003996,-24.111213768303514,50898.395992342346,51788.620703125,52678.84541390766,3.4379162785037747,0.8829793659768874,0.008191916238767557,0.008225561795707659,51975.143359375,51788.620703125,1,53387.8125
53387.8125,53387.8125,52592.802822913385,52592.802822913385,2342755.0,2023-06-27,0.0,72.02233902856467,654.6403726992139,619.3628597401625,35.277512959051364,50771.005378391965,51889.52578125,53008.04618410803,4.311160628344787,1.1697628022348059,0.01733145711913072,0.01748251826342595,52152.49140625,51889.52578125,0,53204.34765625
53204.34765625,53693.58184265654,53204.34765625,53448.96293288629,1467492.0,2023-06-28,0.0,69.05665364053107,685.9841098791585,632.6871097679618,53.29700011119667,50738.183277305994,51978.1998046875,53218.21633206901,4.771294627520671,0.9944078665434022,-0.003442373710253995,-0.0034364555346784176,52323.723828125,51978.1998046875,0,52898.5703125
52898.5703125,53265.49866404569,52898.5703125,53204.34575535499,855340.0,2023-06-29,0.0,64.3040324964314,678.3311915314916,641.8159261206679,36.51526541082376,50843.32146044468,52069.93125,53296.541039555326,4.7113939277779435,0.8377761491698187,-0.005763803600004511,-0.005747224751736613,52470.494140625,52069.93125,0,52592.80078125
52592.80078125,52959.72914869208,52592.80078125,52898.57260421807,1115561.0,2023-06-30,0.0,59.867036716427265,640.2131739054603,641.4953756776264,-1.282201772166104,50953.71400675501,52137.201171875,53320.68833699499,4.53989527062841,0.6924818548111629,-0.005797069170437357,-0.005780298587346633,52562.22578125,52137.201171875,0,52837.41796875
52837.41796875,53082.03687239594,52592.79906510406,52898.57087809455,1581101.0,2023-07-03,0.0,62.118943135634034,622.566375350536,637.7095756122083,-15.143200261672291,50958.93288268575,52180.009375,53401.08586731425,4.680246350815258,0.7691922241922957,0.0046403702723178545,0.004651153463331115,52666.18828125,52180.009375,0,53204.34765625
53204.34765625,53204.34765625,52715.109836709504,52837.419291594626,2019874.0,2023-07-04,0.0,65.26719543770133,630.9165068205984,636.3509618538862,-5.434455033287804,50927.958551703254,52231.9908203125,53536.02308892175,4.9932321097825065,0.8728269841721472,0.006920502498123924,0.006944504512257144,52757.9203125,52231.9908203125,0,53309.703125
53309.703125,54521.28829105952,53309.703125,53523.512705104804,2363704.0,2023-07-05,0.0,66.1374103600173,638.6731257721258,636.8153946375342,1.8577311345916314,50915.22613832031,52298.41328125,53681.6004241797,5.289595060910174,0.8655650823965905,0.0019782461062352224,0.0019802041259990855,52841.841015625,52298.41328125,0,53167.16015625
53167.16015625,53594.779300201546,52739.54469409987,53309.70109816766,2006232.0,2023-07-06,0.0,63.80805587348633,626.1009735886037,634.6725104277481,-8.571536839144414,51082.04281532159,52400.5166015625,53718.99038780341,5.032293083162445,0.7907314361073767,-0.0026774465270955512,-0.002673865363980066,52911.507421875,52400.5166015625,0,53666.046875
53666.046875,53808.58781411481,52882.080914371916,52882.080914371916,1185356.0,2023-07-07,0.0,68.04944080623991,648.9131741019228,637.520643162583,11.392530939339736,51102.866255261484,52496.987109375,53891.10796348851,5.311241390706586,0.9192820737798874,0.009339611887171178,0.009383362159721242,53073.8703125,52496.987109375,0,53666.046875
53666.046875,54093.66601054308,53380.96867857173,53666.046875,1526561.0,2023-07-10,0.0,68.04944080623991,659.390958844815,641.8947062990294,17.496252545785637,51125.12390331557,52584.284375,54043.44484668443,5.549796822482403,0.8706797576387293,0.0,0.0,53193.425390625,52584.284375,0,53452.23828125
53452.23828125,53737.320164674464,53452.23828125,53666.04785291764,1443244.0,2023-07-11,0.0,64.30380922341345,643.0296663773406,642.1216983146917,0.9079680626489335,51242.95729280307,52676.1796875,54109.40208219693,5.441633782857772,0.7707390690452144,-0.003992014573031586,-0.003984057075193337,53199.86796875,52676.1796875,0,53666.046875
53666.046875,53951.12507142827,53380.96867857173,53452.23730722846,1196730.0,2023-07-12,0.0,66.30135881619482,639.9389727332818,641.6851531984097,-1.7461804651278499,51400.882632704874,52784.880859375,54168.879086045126,5.24391910765985,0.8183407314563794,0.003992014573031535,0.00399999327670808,53246.037890625,52784.880859375,0,54022.39453125
54022.39453125,54022.39453125,53737.31634986464,54022.39453125,1656299.0,2023-07-13,0.0,69.37713641088925,658.6513309439615,645.0783887475202,13.572942196441318,51579.84282926059,52914.4572265625,54249.071623864416,5.044422516090559,0.9150776834594802,0.006618146799427445,0.006640095125322265,53358.4203125,52914.4572265625,1,55804.13671875
55804.13671875,55804.13671875,54236.201176162096,54806.361228830974,3733153.0,2023-07-14,0.0,79.4680171333206,807.9392922948537,677.6505694569869,130.28872283786677,51378.32160106679,53120.88984375,54863.45808643322,6.560764504543545,1.2699115619335295,0.032449327247996526,0.032981547799946664,53679.55390625,53120.88984375,0,56303.02734375
56303.02734375,56445.564602857456,55946.67683237859,56303.02734375,1525239.0,2023-07-17,0.0,81.3237603201247,955.4930521305141,733.2190659916923,222.27398613882178,51204.62523659794,53346.1515625,55487.67788840207,8.02879406733986,1.1903664329236032,0.008900303963381383,0.008940029437501718,54026.11484375,53346.1515625,0,56089.21875
56089.21875,56303.028324185754,55661.599601628484,56303.028324185754,949951.0,2023-07-18,0.0,78.06719312351606,1043.1530838150793,795.2058695563697,247.94721425870955,51131.70485329765,53536.2611328125,55940.81741232735,8.98290701903758,1.0308583622968044,-0.0038046904319383678,-0.0037974617678125933,54314.601953125,53536.2611328125,0,55946.68359375
55946.68359375,56231.761828219096,55804.14631741637,55946.68359375,937123.0,2023-07-19,0.0,75.88555248435482,1088.5744855330195,853.8795927516998,234.6948927813197,51133.49305020966,53710.0705078125,56286.647965415345,9.594392385793128,0.934027915469377,-0.002544456378160725,-0.0025412219928628854,54578.3,53710.0705078125,1,57229.53125
57229.53125,57942.22859936794,55946.67749385828,56017.946124254646,3034211.0,2023-07-20,0.0,81.025165489539,1214.0910721578111,925.921888632922,288.16918352488915,51001.062814427605,53948.022265625,56894.98171682239,10.925180673676548,1.0567618147989242,0.022670887215857995,0.022929824859061254,54984.537109375,53948.022265625,0,57728.421875
57728.421875,57728.421875,56730.6462730097,56801.91490692283,1684336.0,2023-07-21,0.0,82.580105257172,1338.392025243811,1008.4159159550999,329.9761092887112,50978.328349001036,54232.3224609375,57486.31657287397,12.000201961773833,1.037201250800966,0.00867958663906762,0.008717363467833694,55390.774609375,54232.3224609375,0,57728.421875
57728.421875,57942.23145854101,57443.34365754586,57728.421875,1550895.0,2023-07-24,0.0,82.580105257172,1420.5264810776425,1090.8380289796085,329.6884520980341,50999.90884667645,54495.21875,57990.52865332355,12.827950721176059,0.9625059314376786,0.0,0.0,55797.012109375,54495.21875,0,57942.23046875
57942.23046875,58583.65552661435,57728.420888861365,57728.420888861365,1397750.0,2023-07-25,0.0,83.26186570615513,1485.7444584422847,1169.8193148721439,315.9251435701408,50949.06647939062,54722.9396484375,58496.81281748439,13.792655121569808,0.9265234516513374,0.003696855389387534,0.0037036971877209,56246.011328125,54722.9396484375,1,58940.00390625
58940.00390625,58940.00390625,57799.68741565793,57870.95972755841,1680633.0,2023-07-26,0.0,86.01294984424197,1599.5040658255166,1255.7562650628186,343.74780076269803,50867.953566240656,55009.7224609375,59151.49135563434,15.058315910020884,0.9744689461482111,0.017073555802931968,0.01722014201780042,56773.40703125,55009.7224609375,1,59652.703125
59652.703125,60151.59091495515,59011.274388571284,59011.274388571284,1874908.0,2023-07-27,0.0,87.58286844553687,1727.2574957174947,1350.056511193754,377.2009845237408,50844.749757890204,55347.4291015625,59850.10844523479,16.270599797543913,0.9780791274297368,0.012019420361765063,0.012091943866912924,57336.437890625,55347.4291015625,0,60151.5859375
60151.5859375,60151.5859375,59225.07906659278,59510.157254148566,1188134.0,2023-07-28,0.0,88.5515368536987,1847.462287704453,1449.537666495894,397.9246212085591,50936.406047624725,55725.368359375,60514.33067112528,17.187727789849962,0.9621270005889121,0.008328344502491432,0.008363121641857596,57771.1828125,55725.368359375,1,61006.82421875
61006.82421875,61149.36148031543,60151.589603953056,60365.3954963012,1946058.0,2023-07-31,0.0,89.99278962972343,1988.8102663956088,1557.392186475837,431.4180799197718,51000.79158824915,56133.838671875,61266.88575550084,18.288601688655515,0.9746679182448543,0.014117921905752803,0.014218050412480032,58241.5625,56133.838671875,-1,60222.86328125
60222.86328125,61505.71715184585,60222.86328125,61006.82933095848,1702454.0,2023-08-01,0.0,80.04515162480509,2014.350285838591,1648.7838063483878,365.56647949020316,51236.62603049918,56484.764453125,61732.90287575081,18.582492016873285,0.8561356929925172,-0.012933661416205763,-0.012850381044077652,58654.926953125,56484.764453125,-1,59510.16015625
59510.16015625,60436.66707233971,59510.16015625,60222.85750079582,1317606.0,2023-08-02,0.0,72.22851590870057,1954.550903227384,1709.937225724187,244.61367750319687,51604.13240953401,56794.7873046875,61985.442199840996,18.27863133743997,0.7615636086785347,-0.011905012035866427,-0.011834427759961685,59011.274609375,56794.7873046875,0,59652.703125
59652.703125,60009.049968481595,59082.543020907295,59723.97175733601,1200697.0,2023-08-03,0.0,72.80060788796415,1896.7963997915067,1747.3090605376512,149.48733925385545,52074.3453305762,57119.064453125,62163.7835756738,17.66387167173849,0.7511179126455411,0.0023924070438278247,0.002395271133126542,59253.591796875,57119.064453125,0,59367.6171875
59367.6171875,60222.85544447326,59367.6171875,59866.504943467306,2140995.0,2023-08-04,0.0,69.7077326189945,1807.1893334267515,1759.2851151154714,47.90421831128015,52539.860229960614,57404.14296875,62268.42570753938,16.947497122071596,0.7018256672348232,-0.004790551427915261,-0.004779095037866332,59417.511328125,57404.14296875,1,60222.86328125
60222.86328125,60222.86328125,59367.624912984924,59581.4345050512,995181.0,2023-08-07,0.0,73.36369239744367,1784.6143762785578,1764.350967348089,20.263408930468813,53048.009972370266,57731.9837890625,62415.95760575473,16.226616545193533,0.7658938317834718,0.014303156419953802,0.014405936001252728,59666.95546875,57731.9837890625,0,60009.05078125
60009.05078125,60294.12899625671,59723.97256624328,59866.50983284585,841110.0,2023-08-08,0.0,71.05487192753215,1729.5336904641226,1757.3875119712957,-27.853821507173052,53732.86185074453,58059.8244140625,62386.78697738048,14.905186527811662,0.7252418802640164,-0.0035566717382754984,-0.0035503542732843174,59873.6375,58059.8244140625,-1,59225.08203125
59225.08203125,60365.394838554304,59153.81340124384,59866.50706490831,1299620.0,2023-08-09,0.0,63.20100866578749,1604.130703681134,1726.7361503132634,-122.60544663212931,54514.30917191667,58337.776171875,62161.243171833325,13.108031367851982,0.6160341987239165,-0.013150262078118077,-0.013064175150141688,59902.1453125,58337.776171875,-1,58583.66015625
58583.66015625,59367.62622326104,58583.66015625,59225.088946605494,1776514.0,2023-08-10,0.0,57.59205621748569,1436.4322516012326,1668.6753705708572,-232.24311896962467,55326.688896888416,58565.839453125,61804.99000936159,11.061569633366702,0.5027508297029737,-0.010889314345319557,-0.010830240381288991,59795.241015625,58565.839453125,0,58441.109375
58441.109375,59153.8066389929,58084.75890210305,58441.109375,1511485.0,2023-08-11,0.0,56.39420535948515,1277.303404867962,1590.4009774302783,-313.0975725623164,55728.430446721904,58697.6880859375,61666.9457251531,10.117119552880506,0.45679413137667585,-0.002436250929235108,-0.0024332856784604617,59624.193359375,58697.6880859375,0,58868.734375
58868.734375,59296.34983084993,58441.1152373487,58512.383866356795,1341147.0,2023-08-14,0.0,59.13969575412989,1172.186178454518,1506.7580176351264,-334.5718391806083,56078.95415174361,58825.9734375,61572.992723256386,9.339477530873248,0.5077831520371414,0.0072905543205700404,0.007317195114419306,59410.384375,58825.9734375,1,59866.5078125
59866.5078125,60080.31738698989,58084.766267486215,58868.73593454963,2215981.0,2023-08-15,0.0,64.72110903902279,1156.0655923362356,1436.6195325753483,-280.55394023911276,56555.76078623134,59014.837890625,61473.91499501866,8.33375873691693,0.6731686087340066,0.016807089562436164,0.016949123301073232,59374.748828125,59014.837890625,1,60650.47265625
60650.47265625,60721.74496760618,59296.35028570214,59296.35028570214,3432416.0,2023-08-16,0.0,68.37625872388855,1192.7994728864578,1387.8555206375702,-195.05604775111237,57153.46450774333,59250.02734375,61346.59017975667,7.077002087587478,0.8339860099703553,0.013010214807329844,0.013095215879391997,59488.780078125,59250.02734375,1,61291.90234375
61291.90234375,62147.136957431605,60579.204991447936,60579.204991447936,4885050.0,2023-08-17,0.0,71.02171213454771,1259.154602543902,1362.1153370188367,-102.96073447493472,57393.9845565883,59453.1458984375,61512.3072402867,6.927005495611008,0.9464818778263472,0.010520306881687324,0.010575839880679005,59652.7,59453.1458984375,0,60935.5546875
60935.5546875,62646.02757361904,60080.31640353977,61006.82331722955,5612293.0,2023-08-18,0.0,67.63656205937781,1268.3663058790116,1343.3655307908716,-74.99922491185998,57621.451566458185,59613.5025390625,61605.55351166682,6.683220705909705,0.8318319075713981,-0.005830910247860105,-0.005813943483944373,59809.49375,59613.5025390625,0,61220.63671875
61220.63671875,61790.79315586349,60935.558500193256,61220.63671875,3243828.0,2023-08-21,0.0,68.91313133899583,1283.8707220289798,1331.4665690384934,-47.59584700951359,57881.40260832565,59788.11328125,61694.82395417435,6.378226601515161,0.8756530704532417,0.004667508793877891,0.004678418580285504,59909.27109375,59788.11328125,0,61648.25
61648.25,61648.25,59153.814756425345,61505.71273672222,3081821.0,2023-08-22,0.0,70.77524683813598,1315.4986520236416,1328.2729856355231,-12.774333611881502,58102.026494100304,59973.4142578125,61844.8020215247,6.240724450562427,0.9474849559946869,0.00696050919170951,0.006984789838342831,60073.191015625,59973.4142578125,0,61648.25
61648.25,61862.063258519665,60365.396221492476,61576.98136836111,1875966.0,2023-08-23,0.0,70.77524683813598,1325.2869316260258,1327.6757748336238,-2.388843207598029,58161.88046621744,60108.8265625,62055.77265878256,6.4780705517788295,0.8953431069404871,0.0,0.0,60315.5078125,60108.8265625,1,64892.89453125
64892.89453125,64965.00043757498,61359.83549154616,61648.25166711921,6945241.0,2023-08-24,0.0,80.8629140959022,1576.6848690594998,1377.477593678799,199.20727538070082,57494.009548778675,60370.8361328125,63247.66271684633,9.530517608551815,1.285945601228552,0.051293291219374676,0.05263157561244647,60946.43125,60370.8361328125,0,65325.515625
65325.515625,65613.92435329761,64243.96426956667,64532.380447591204,3691626.0,2023-08-25,0.0,81.76663033005798,1790.1922307203786,1460.020521087115,330.1717096332636,57002.90814702632,60629.5326171875,64256.15708734868,11.963227534869993,1.1474316608253343,0.006644570225149111,0.006666694356524117,61634.871875,60629.5326171875,1,67777.0234375
67777.0234375,67993.33369701217,65613.92084237827,66334.95752399435,3902300.0,2023-08-28,0.0,85.84565497502787,2132.630903893776,1594.542597648447,538.088306245329,56131.20106462884,60968.042578125,65804.88409162116,15.86680926256797,1.2038664426336907,0.03684054555684558,0.03752756926669876,62525.70078125,60968.042578125,0,67488.609375
67488.609375,67777.0255465666,66911.78448159357,67777.0255465666,2046436.0,2023-08-29,0.0,83.47953242932971,2353.612435965304,1746.3565653118185,607.2558706534855,55703.40391109639,61331.3298828125,66959.2558545286,18.3525320010818,1.0470291829647134,-0.0042644165199463915,-0.004255336806963217,63287.9109375,61331.3298828125,1,69651.703125
69651.703125,70805.35288758588,67128.09333812757,67200.19179221005,3122025.0,2023-08-30,0.0,86.48764200452332,2672.4788079761565,1931.5810138446864,740.8977941314702,55170.0406558006,61838.40703125,68506.7734066994,21.56707035509355,1.0858478414230381,0.031548318908497464,0.03205124198041753,64188.033984375,61838.40703125,0,69723.8203125
69723.8203125,70300.64528714288,69291.19971908588,69651.71439702171,1856393.0,2023-08-31,0.0,86.57540684592242,2897.60022769434,2124.784856614617,772.8153710797228,54893.19267722858,62341.962890625,69790.73310402142,23.896489196096734,0.9955084671962978,0.0010348616766763256,0.0010353973307812847,65031.22578125,62341.962890625,0,69723.8203125
69723.8203125,69723.8203125,69723.8203125,69723.8203125,0.0,2023-09-01,0.0,86.57540684592242,3040.956323169332,2308.01914992556,732.9371732437717,54861.978831049426,62859.773046875,70857.56726270058,25.446462270430292,0.9291212727155951,0.0,0.0,65910.05234375,62859.773046875,0,69723.8203125
69723.8203125,69723.8203125,69723.8203125,69723.8203125,0.0,2023-09-04,0.0,86.57540684592242,3118.6175794740193,2470.138835835252,648.4787436387674,54880.84860208015,63334.8208984375,71788.79319479485,26.69612758489987,0.8778696682514202,0.0,0.0,66760.370703125,63334.8208984375,0,69795.90625
69795.90625,71165.87369981373,69795.90625,70012.21650787973,1903871.0,2023-09-05,0.0,86.6833882541623,3149.673936784253,2606.045856025052,543.6280807592007,55053.67996571026,63824.163671875,72594.64737803974,27.48327029008787,0.8404454519382716,0.0010333441111232623,0.0010338781950975928,67575.136328125,63824.163671875,1,71382.1875
71382.1875,71382.1875,69435.39508247387,70012.2199822023,3294347.0,2023-09-06,0.0,88.81537130814029,3264.6530749984304,2737.7672998197277,526.8857751787027,55324.94838192535,64432.0189453125,73539.08950869965,28.2687729252032,0.8815809104757041,0.022473005096712816,0.022727425363862297,68548.530078125,64432.0189453125,-1,70589.0546875
70589.0546875,72680.04408758447,70372.74441166683,71382.18988231257,4297596.0,2023-09-07,0.0,81.76655607886374,3254.262567758851,2841.0663534075525,413.19621435129875,55965.770726177565,65032.288671875,74098.80661757244,27.883127384438804,0.8064443289533216,-0.011173263706191643,-0.011111074629087225,69118.14609375,65032.288671875,0,70372.7421875
70372.7421875,71021.66554476284,69940.12164950687,70300.63628125886,2797881.0,2023-09-08,0.0,79.90396841420724,3191.780545645124,2911.209191855067,280.5713537900574,56821.97220830756,65628.8703125,74435.76841669244,26.83848758102129,0.7693270558416999,-0.003069096373472555,-0.003064391511653275,69622.86875,65628.8703125,0,70228.53125
70228.53125,71742.70315184114,68714.36679788581,71165.87824390589,6810610.0,2023-09-11,0.0,78.61819234874687,3094.9498205344134,2947.9573175909363,146.99250294347712,57768.56069452857,66196.86015625,74625.15961797143,25.46434813321178,0.7391746467991871,-0.00205134682701656,-0.002049244253062743,69868.01953125,66196.86015625,1,71310.078125
71310.078125,71310.078125,70228.5268345421,70228.5268345421,3545225.0,2023-09-12,0.0,81.07747229270461,3070.092452478624,2972.3843445684743,97.70810791014992,58600.47282141444,66769.038671875,74937.60452233555,24.468124786410574,0.7779581836185465,0.015283009083326062,0.015400391489748033,70250.16640625,66769.038671875,0,70661.1484375
70661.1484375,71382.18512547037,70228.5279146631,71310.07922175535,3821099.0,2023-09-13,0.0,75.4687049352076,2963.8640271929908,2970.6802810933777,-6.816253900386982,59460.71163541951,67269.5724609375,75078.43328645549,23.216620947167417,0.7171620196815024,-0.009141770801976387,-0.009100111857435977,70351.1109375,67269.5724609375,-1,69146.984375
69146.984375,70661.14876215953,68858.56820854137,70661.14876215953,3067803.0,2023-09-14,0.0,64.29265000405805,2726.072383853054,2921.758701645313,-195.68631779225916,60344.662570951405,67662.3265625,74979.9905540486,21.629950855412105,0.6014434260861575,-0.021661447552453517,-0.021428523254745646,70293.42734375,67662.3265625,1,70300.6484375
70300.6484375,70516.9587439005,68714.37782371516,69219.09690549754,2823273.0,2023-09-15,0.0,68.16136854932141,2600.7322194544977,2857.5534052071503,-256.8211857526526,61454.93796062363,68130.58125,74806.22453937637,19.596613347185762,0.6625361851608702,0.01654657538227338,0.01668422813992021,70351.11015625,68130.58125,0,69868.015625
69868.015625,69868.015625,69002.77455047834,69868.015625,2680575.0,2023-09-18,0.0,65.303950755167,2438.3812427097,2773.71897270766,-335.3377299979602,62701.16494563596,68562.9501953125,74424.73544498904,17.098987814784255,0.6113197920172455,-0.006173051433978876,-0.006154037297175563,70365.5296875,68562.9501953125,1,70949.5703125
70949.5703125,70949.5703125,69146.98962209623,69795.91300884892,4739311.0,2023-09-19,0.0,68.82269518473572,2369.673230385888,2692.909824243306,-323.23659385741803,64069.883098709455,69028.0162109375,73986.14932316553,14.36556744460642,0.6937779863980916,0.015361376184041686,0.015479968592567284,70480.89609375,69028.0162109375,0,71021.6640625
71021.6640625,71886.90512042819,71021.6640625,71237.97432698205,3233248.0,2023-09-20,0.0,69.04803077944202,2294.5884118371905,2613.245541762083,-318.6571299248926,65887.0423282106,69496.6869140625,73106.3314999144,10.38796163136662,0.7112364683235967,0.0010156107540266685,0.0010161266612673803,70444.84375,69496.6869140625,-1,69795.90625
69795.90625,71310.07805515805,69435.39163677595,71021.66189474294,4521627.0,2023-09-21,0.0,60.978312566198206,2111.830869107158,2512.9626072310984,-401.1317381239405,66855.10055564468,69741.8375,72628.57444435531,8.278350694030161,0.5093650289309753,-0.017409599805291068,-0.01725892836615761,70365.52890625,69741.8375,0,69723.8203125
69723.8203125,69940.13060920706,66767.58952380728,68570.17036321423,9073672.0,2023-09-22,0.0,60.53027924512941,1938.8278663231467,2398.1356590495084,-459.30779272636164,67955.86089217928,69961.752734375,71967.64457657072,5.734252684639063,0.44069161236167453,-0.001033344111123302,-0.0010328103949506229,70300.63671875,69961.752734375,-1,67993.328125
67993.328125,70372.73333491656,67993.328125,69940.1128513452,2773414.0,2023-09-25,0.0,50.867929593370484,1643.144337887541,2247.137394817115,-603.9930569295739,68014.51179792153,69972.56796875,71930.62413957846,5.596639447913191,-0.00540936292766448,-0.025132429670162403,-0.02481923938969477,70077.11640625,69972.56796875,0,67416.5078125
67416.5078125,68858.57386377417,67128.0990720815,67921.23428282322,2848797.0,2023-09-26,0.0,48.111093862718896,1346.7440062028036,2067.0587170942526,-720.3147108914491,67991.48139061408,69968.962890625,71946.44439063592,5.652453368794699,-0.14538026730234926,-0.008519673589976186,-0.008483484018307896,69687.759375,69968.962890625,0,67993.328125
67993.328125,67993.328125,65181.302431512086,67704.9119860438,5965004.0,2023-09-27,0.0,50.97257317824757,1145.1881700543308,1882.6846076862685,-737.4964376319376,67722.24992286104,69886.044140625,72049.83835838897,6.1923499730789375,0.0626395522997305,0.008519673589976106,0.008556069295435176,69420.97734375,69886.044140625,0,67777.0234375
67777.0234375,67993.33369701217,65902.33700497,67849.12189085303,2333419.0,2023-09-28,0.0,49.862128372791254,956.9684011909558,1697.541366387206,-740.5729651962502,67427.98734145614,69788.704296875,72149.42125229386,6.76532679379338,0.07392586714867871,-0.0031863343950651133,-0.0031812634189981592,69283.98125,69788.704296875,-1,66911.7890625
66911.7890625,68425.95358013856,66911.7890625,67777.03018670905,2162684.0,2023-09-29,0.0,45.58425614672923,729.5756019254477,1503.9482134948544,-774.3726115694067,66958.99284724987,69648.102734375,72337.21262150013,7.721990353077955,-0.008776841916329577,-0.012848079378735104,-0.012765895153213247,68945.0953125,69648.102734375,0,67200.1953125
67200.1953125,67632.81585856424,66334.96167009854,67344.40712767275,1504343.0,2023-10-02,0.0,47.210044027246816,566.1113648721366,1316.380843770311,-750.2694788981744,66619.40659058068,69521.921484375,72424.43637816931,8.349927136138358,0.10004922337540273,0.004300983181079944,0.004310245683770475,68678.31328125,69521.921484375,-1,66479.1640625
66479.1640625,67416.50358466842,65974.44507355602,66479.1640625,2654125.0,2023-10-03,0.0,43.695191844874564,374.0715197178506,1127.918978959819,-753.8474592419684,66155.75276369604,69356.084375,72556.41598630397,9.2286974968199,0.05052777931849747,-0.010787577763213435,-0.010729600511531268,68231.27265625,69356.084375,0,66695.46875
66695.46875,67344.39949555324,65830.22775592902,65830.22775592902,2105023.0,2023-10-04,0.0,45.01768135835672,236.60510306172364,949.6562037801999,-713.0511007184763,65860.31199243282,69121.7484375,72383.18488256719,9.436788040789164,0.1280351114660423,0.0032484396336189187,0.0032537215314056844,67798.653125,69121.7484375,0,66046.546875
66046.546875,67272.30263132016,66046.546875,66911.78798527944,1810634.0,2023-10-05,0.0,41.84245236814883,74.4412925412762,774.6132215324152,-700.171928991139,65436.672492842285,68894.623046875,72352.57360090772,10.038375713820148,0.08818436999431208,-0.009777266698975886,-0.009729624623111999,67423.7171875,68894.623046875,1,66839.6796875
66839.6796875,66911.78559402212,65613.92397498524,65974.44605786898,1517833.0,2023-10-06,0.0,46.78305634055273,9.811394212811138,621.6528560684944,-611.8414618556833,65217.24566156138,68717.969921875,72218.69418218863,10.188671942123946,0.23172833752311456,0.011937162355680767,0.012008694625641692,67135.303125,68717.969921875,1,68930.6796875
68930.6796875,68930.6796875,66479.16814837382,66623.37251840264,4836382.0,2023-10-09,0.0,57.124399941543736,125.8670420271228,522.4956932602202,-396.62865123309734,65222.84601407937,68653.07734375,72083.30867342064,9.992942668819541,0.5404640849363136,0.03080444590787504,0.031283812396710964,67229.03828125,68653.07734375,0,69435.3984375
69435.3984375,70084.32927469752,68786.47505002968,69579.61025669536,4305398.0,2023-10-10,0.0,59.18605364381645,255.62191376736155,469.1209373616485,-213.49902359428694,65338.76920078533,68559.343359375,71779.91751796466,9.394997095313547,0.6360091454172015,0.007295444019408461,0.007322120604180249,67430.92734375,68559.343359375,0,69940.125
69940.125,70661.154298045,69146.9897922596,69146.9897922596,3118719.0,2023-10-11,0.0,61.19551138424304,394.6317309283186,454.2230960749825,-59.59136514666392,65386.73541999648,68523.2921875,71659.84895500352,9.154717081955049,0.7258579897515616,0.00724271746455778,0.007269009379334168,67625.60703125,68523.2921875,0,69507.5078125
69507.5078125,70516.95334855895,69219.09160945706,69940.12839220063,2487887.0,2023-10-12,0.0,58.535274919741,464.5345558444096,456.28538802886794,8.249167815541682,65385.583920403915,68541.318359375,71697.05279834609,9.20826886470138,0.6530847211338888,-0.006204746064357282,-0.006185536378437995,67798.65546875,68541.318359375,0,69291.1875
69291.1875,69435.39185579919,68714.36262707673,69219.08159723715,3123877.0,2023-10-13,0.0,57.196377173158965,496.751564045393,464.37862323217297,32.372940813220055,65422.50974040186,68490.8453125,71559.18088459813,8.959841444789832,0.6304195986217912,-0.0031170392078842283,-0.003112186284732532,68036.5953125,68490.8453125,0,69795.90625
69795.90625,71310.07805515805,69435.39163677595,69795.90625,6578908.0,2023-10-16,0.0,59.522741142543,556.5942876895278,482.821756123644,73.77253156588387,65425.55571441607,68487.23984375,71548.92397308392,8.940889241029407,0.7137167570148245,0.007257624727295818,0.007284025115026349,68296.16640625,68487.23984375,-1,67128.1015625
67128.1015625,70516.95281136899,67128.1015625,70516.95281136899,3200582.0,2023-10-17,0.0,45.458865854714915,384.3203292889084,463.12147075669685,-78.80114146778845,65409.533858143725,68296.16640625,71182.79895435629,8.453278419569143,0.29767690825139975,-0.03897260080051124,-0.03822293929309073,68361.06015625,68296.16640625,0,67055.9921875
67055.9921875,68425.9523088945,65613.92615718527,68425.9523088945,8123853.0,2023-10-18,0.0,45.14834817486645,239.21582109140581,418.34034082363866,-179.12451973223284,65465.95566506776,68097.8828125,70729.80995993224,7.7298354625178645,0.3020669709614698,-0.0010747828587764398,-0.0010742054865481299,68397.1125,68097.8828125,-1,66334.9609375
66334.9609375,67993.33719585558,66334.9609375,67777.02692521237,4006381.0,2023-10-19,0.0,42.05497606211233,65.28568422906392,347.7294095047238,-282.44372527565986,65307.921122762615,67924.835546875,70541.74997098738,7.705324283947506,0.19623106611247734,-0.010810902174017492,-0.010752674391631856,68425.95390625,67924.835546875,0,66983.90625
66983.90625,67056.00472267088,64965.01492010165,66695.49001013086,3786582.0,2023-10-20,0.0,45.66343038937259,-19.9606451842119,274.1913985669367,-294.1520437511486,65282.99020896768,67787.83984375,70292.68947853232,7.390262443989845,0.33952458012118,0.009735312811597185,0.009782855123882994,68440.3765625,67787.83984375,-1,65613.9296875
65613.9296875,67632.82074862032,65469.725311627844,67632.82074862032,2607573.0,2023-10-23,0.0,40.000283156798915,-195.80748779934947,180.19162129367948,-375.99910909302895,64985.45600717503,67668.869921875,70352.28383657496,7.931014417110907,0.11710338030263193,-0.02066436910743132,-0.020452324135694866,68108.7015625,67668.869921875,1,66334.9609375
66334.9609375,66623.36966520632,65469.71985492719,66623.36966520632,2132399.0,2023-10-24,0.0,43.94087341660748,-273.829643833451,89.3873682682534,-363.21701210170437,64867.142367075445,67614.792578125,70362.44278917454,8.127364164801062,0.267104336010783,0.010929056295834204,0.010988996596211553,67798.6578125,67614.792578125,-1,65541.828125
65541.828125,66839.68234592983,65541.828125,66190.7589603285,2428771.0,2023-10-25,0.0,40.768981002206864,-395.1074019076332,-7.511585766923929,-387.59581614070925,64600.70867165217,67492.217578125,70383.72648459782,8.56842169432582,0.16273846697153027,-0.01202853634864968,-0.011956482694657544,67358.828125,67492.217578125,-1,62585.59765625
62585.59765625,64820.79145312588,62008.76900479968,63667.141599952425,7815313.0,2023-10-26,0.0,31.609932049560626,-721.4475927559834,-150.2987871647358,-571.1488055912475,63609.324973499824,67232.6462890625,70855.96760462517,10.778458131736873,-0.1412691875894048,-0.046153353905889885,-0.0451044859949884,66666.637109375,67232.6462890625,0,62729.796875
62729.796875,63450.826111601105,62225.07417446125,63090.311493300556,2691023.0,2023-10-27,0.0,32.40761007472942,-957.4025328906719,-311.71953630992306,-645.6829965807487,62877.31381768722,67023.5466796875,71169.77954168778,12.372466297003218,-0.017789273733175775,0.0023013817725045255,0.002304031984195598,66010.498046875,67023.5466796875,-1,61287.734375
61287.734375,62801.90628604626,61287.734375,62729.80037846839,2472413.0,2023-10-30,0.0,28.791033188900528,-1246.393269088614,-498.65428286566123,-747.7389862229528,61855.25223037927,66727.9236328125,71600.59503524571,14.604594709843946,-0.058234776009713676,-0.023256832860246594,-0.022988477116760997,65159.680859375,66727.9236328125,-1,59845.671875
59845.671875,61504.04442047646,59845.671875,61359.836330717706,4082822.0,2023-10-31,0.0,25.702128731836297,-1573.6429254364048,-713.65201137981,-859.9909140565948,60630.97643052229,66396.2490234375,72161.52161635271,17.366259924954793,-0.06810645488708832,-0.02381061797745679,-0.023529381771179247,64431.437890625,66396.2490234375,1,61576.14453125
61576.14453125,61576.14453125,59557.25741659554,60783.009376419905,2876702.0,2023-11-01,0.0,34.74902428828368,-1674.0584508463799,-905.733299273124,-768.3251515732559,59989.27520683595,66140.2828125,72291.29041816405,18.599882988409473,0.12899263227644286,0.02850541824842706,0.028915585739674787,63883.453125,66140.2828125,1,64171.8671875
64171.8671875,64171.8671875,61936.66597152409,62297.18061448505,2914790.0,2023-11-02,0.0,45.47418072259936,-1526.5877993060858,-1029.9041992797163,-496.6836000263695,59832.71194862895,66046.548828125,72260.38570762106,18.8165376987873,0.3491526510125382,0.04129037742323283,0.04215467980351817,63667.14375,66046.548828125,-1,62729.796875
62729.796875,64316.0671553037,62729.796875,64171.86279792879,6403941.0,2023-11-03,0.0,41.40265102298187,-1508.6880510986666,-1125.6609696435064,-383.0270814551602,59467.86855949345,65841.0546875,72214.24081550655,19.359307527060334,0.25591032883632714,-0.02272834483395641,-0.022472001761870142,63241.7328125,65841.0546875,1,63811.33984375
63811.33984375,64099.75600422114,63306.6208750836,63595.03703555474,1600357.0,2023-11-06,0.0,45.35440507711992,-1391.1940736444303,-1178.7675904436912,-212.42648320073909,59324.15268123224,65585.0876953125,71846.02270939275,19.092556659119136,0.3583480065219089,0.01709435103486442,0.01724129556652576,63061.473828125,65585.0876953125,0,63667.140625
63667.140625,64027.65526738015,63378.73189098672,63811.34499200665,1772414.0,2023-11-07,0.0,44.9194442695425,-1294.7893956686748,-1201.9719514886879,-92.81744417998698,59254.948009289554,65296.6748046875,71338.40160008545,18.505465442060228,0.365143341061968,-0.0022623313318835417,-0.0022597741890875156,62794.691796875,65296.6748046875,1,66767.5859375
66767.5859375,66767.5859375,63450.83319929738,63595.04502250787,3892382.0,2023-11-08,0.0,54.928224806820566,-957.1742595546893,-1153.0124131018881,195.83815354719877,59453.62041990011,65138.0478515625,70822.47528322489,17.453478018303972,0.6433335287966678,0.047549138596225594,0.048697731389597765,62917.267578125,65138.0478515625,0,66695.46875
66695.46875,67272.29359613861,66190.74980327603,66334.95415237914,2790739.0,2023-11-09,0.0,54.679335937906444,-687.50594553884,-1059.9111195892785,372.4051740504385,59638.274740154404,64997.4458984375,70356.6170567206,16.490405381950335,0.6584221516174238,-0.0010807064874668528,-0.0010801227345182962,63328.2546875,64997.4458984375,-1,65974.4453125
65974.4453125,66839.67893235576,65830.23350108504,65974.4453125,3182596.0,2023-11-10,0.0,52.1357812457361,-525.9100655202783,-953.1109087754785,427.2008432552002,59839.15826494011,64831.6087890625,69824.05931318489,15.401285321689093,0.6144564696150292,-0.010869541017988383,-0.01081068101046967,63652.71953125,64831.6087890625,0,65902.3359375
65902.3359375,66334.95644951686,65253.4051694747,66046.54029159682,2026202.0,2023-11-13,0.0,51.87587881066605,-399.06264453115,-842.3012559266128,443.23861139546284,60185.17997361374,64636.9302734375,69088.68057326127,13.774634039677498,0.6421245104552011,-0.0010935872335221513,-0.0010929894849200927,64114.1796875,64636.9302734375,1,66767.5859375
66767.5859375,67344.41088115971,65830.23888554148,66334.96536732336,2642090.0,2023-11-14,0.0,54.78833577177812,-226.1102475222142,-719.0630542457332,492.95280672351896,60206.88397239773,64618.9044921875,69030.92501197728,13.655510115691275,0.7435031110660925,0.013043834738977538,0.013129276643859544,64806.37109375,64618.9044921875,0,66623.3671875
66623.3671875,67632.81259638495,66334.95847051952,67560.71414200314,3197276.0,2023-11-15,0.0,54.19955015942829,-99.53410744373832,-595.1572648853343,495.62315744159594,60231.56331351566,64597.2732421875,68962.98317085933,13.516700348338093,0.732046331343056,-0.002162347637759984,-0.0021600114482946964,65311.093359375,64597.2732421875,0,67055.9921875
67055.9921875,67055.9921875,66046.5467112524,66479.16726531953,2521081.0,2023-11-16,0.0,55.736259599171504,35.280920907709515,-469.06962772672557,504.3505486344351,60195.87636445646,64633.3248046875,69070.77324491854,13.73114706272767,0.7729797782942082,0.006472599994605928,0.0064935925376219394,65599.505859375,64633.3248046875,-1,65613.9296875
65613.9296875,67416.51045994832,65325.52093575569,67344.411996876,4718547.0,2023-11-17,0.0,49.7448711193416,25.46684430661844,-370.16233332005675,395.6291776266752,60239.271137806005,64564.8259765625,68890.38081531899,13.399106319365595,0.6212681089530584,-0.021739958469851738,-0.021505348783263822,65887.919140625,64564.8259765625,0,65397.625
65397.625,66767.58515638046,64243.967676449894,64965.00443488463,2190721.0,2023-11-20,0.0,48.89583136519623,0.2324577182153007,-296.08337511240234,296.31583283061764,60238.43031819085,64554.0107421875,68869.59116618415,13.370448634809065,0.5977405325505706,-0.003302073386720126,-0.0032966275382406707,66046.54765625,64554.0107421875,1,66262.8515625
66262.8515625,66334.95746551601,65397.6179749406,66334.95746551601,1931775.0,2023-11-21,0.0,52.39587079442083,49.48020018920943,-226.97066005208,276.45086024128943,60240.973591678485,64550.4052734375,68859.83695519652,13.352144462932896,0.6986858610975261,0.013143489083527865,0.013230244408722891,66306.11875,64550.4052734375,1,67055.9921875
67055.9921875,67128.09809642023,66262.85698828597,66262.85698828597,4326823.0,2023-11-22,0.0,55.41063227810461,150.7712140888325,-151.42228522389752,302.19349931273,60191.94901799485,64626.1134765625,69060.27793513016,13.72251624005136,0.7739951047871607,0.011898542773044004,0.011969612026912158,66334.959375,64626.1134765625,-1,65469.71875
65469.71875,67560.7155143524,65469.71875,67272.29934178673,2864138.0,2023-11-23,0.0,48.759708461119054,101.87174889237212,-100.76347840064359,202.6352272930157,60428.94754493359,64770.31953125,69111.69151756642,13.40543637189196,0.5805504827684008,-0.023940248092537184,-0.02365595356585748,66212.384375,64770.31953125,0,65758.140625
65758.140625,66334.96557042582,65037.10385592215,65469.724427423374,2973641.0,2023-11-24,0.0,49.93635536860896,85.40728329522244,-63.529326061470385,148.93660935669283,60669.698434866536,64921.73671875,69173.77500263347,13.098966536597406,0.598353289694054,0.004395748597826149,0.004405424072483788,66190.75390625,64921.73671875,0,65397.625
65397.625,65902.34402614972,64965.00443488463,65902.34402614972,2194688.0,2023-11-27,0.0,48.439048727196585,42.77538964168343,-42.26838292083963,85.04377256252306,61232.42696411166,65127.23125,69022.03553588834,11.96060146004852,0.5347121100512919,-0.005497532361860952,-0.005482448584669064,66140.2828125,65127.23125,0,65686.0234375
65686.0234375,66262.84828390797,64820.78244302497,65469.71318888124,1442450.0,2023-11-28,0.0,49.73740042403557,31.893007694976404,-27.436104797676425,59.329112492652825,62418.65166022634,65419.248828125,68419.84599602367,9.17343815971378,0.5444535861442913,0.004400226973666615,0.004409922187541104,66032.1265625,65419.248828125,0,66118.6484375
66118.6484375,66334.95870084976,65686.02791080049,66046.5425331412,1059983.0,2023-11-29,0.0,51.70213007194035,57.514867905454594,-10.445910257050222,67.96077816250482,63242.21039519296,65646.3740234375,68050.53765168204,7.324589252671259,0.598220106259436,0.00656466189705312,0.006586256517897571,65981.6546875,65646.3740234375,0,66262.8515625
66262.8515625,67560.7131184289,65830.23104385704,65902.33694687304,2621724.0,2023-11-30,0.0,52.37044645266885,88.4369180087524,9.3306553961103,79.1062626126421,63436.56183506739,65750.9232421875,68065.28464930762,7.039783756633734,0.6105981802879945,0.0021786002128080344,0.0021809750865720012,65902.340625,65750.9232421875,0,66623.3671875
66623.3671875,66983.88925831555,65830.23204121372,66479.16282900976,1574833.0,2023-12-01,0.0,54.081167009113535,140.41484851123823,35.54749401913589,104.86735449210235,64092.113674542124,65945.6017578125,67799.08984108288,5.6212636896616015,0.682835119309647,0.005425942778438002,0.00544068986617563,66003.284375,65945.6017578125,1,67488.609375
67488.609375,67777.0255465666,66767.58012067365,66767.58012067365,4578891.0,2023-12-04,0.0,57.98182626252703,248.56029792474874,78.15005480025846,170.41024312449028,64445.61507951985,66129.465234375,67813.31538923016,5.09258663709825,0.903582271470559,0.012903458957596552,0.012987067811582209,66212.3828125,66129.465234375,1,68353.8515625
68353.8515625,69074.8808286673,67560.71638982522,67632.81484660582,4748039.0,2023-12-05,0.0,61.50352958878677,399.4792114490119,142.41588613000914,257.0633253190028,64824.524945481564,66363.80078125,67903.07661701844,4.638901984659484,1.1464243558583924,0.01273907852894631,0.012820566248332277,66421.4828125,66363.80078125,0,68498.0546875
68498.0546875,68786.47085858915,67849.12388984449,68498.0546875,1614375.0,2023-12-06,0.0,62.074053294292106,524.6714390084817,218.86699670570366,305.80444230277806,64644.09061798923,66450.32421875,68256.55781951077,5.436342476869689,1.066850951030785,0.0021074339747534465,0.0021096561745046483,66565.6890625,66450.32421875,0,67993.328125
67993.328125,68714.35729780166,66911.7769160716,68570.15295318651,4974187.0,2023-12-07,0.0,58.789912496186794,576.5142682757723,290.3964510197174,286.11781725605493,64583.03421626371,66515.2171875,68447.4001587363,5.809747161434227,0.8824976618426136,-0.0073957615886882065,-0.007368480240828035,66818.05,66515.2171875,0,67921.2265625
67921.2265625,68570.15732927121,67416.50014954693,67993.33246427227,2308820.0,2023-12-08,0.0,58.315269421981384,604.8102147868922,353.2792037731524,251.53101101373977,64600.57881509866,66612.55625,68624.53368490133,6.040835386500669,0.8252199278676761,-0.001060983783957919,-0.00106042113966609,67034.35859375,66612.55625,0,68498.0546875
68498.0546875,69002.77367474757,68209.63851641085,68858.56931406636,2069051.0,2023-12-11,0.0,61.02622991051139,666.1017587510287,415.8437147687277,250.258043982301,64593.06782441129,66742.3421875,68891.61655058872,6.44051225247904,0.9084430843619397,0.008456745372645947,0.008492604656796132,67344.4015625,66742.3421875,1,69795.90625
69795.90625,69795.90625,68714.36241032787,68786.46831286326,5402280.0,2023-12-12,0.0,66.33177162541932,810.0636143212032,494.6876946792229,315.3759196419803,64347.05191301879,66893.758203125,69440.46449323122,7.61418212555217,1.0697845994549204,0.018770012192597448,0.018947276217127884,67755.38984375,66893.758203125,-1,68642.265625
68642.265625,70228.5360936587,68642.265625,70228.5360936587,2840862.0,2023-12-13,0.0,58.684431341144375,821.5944357585686,560.069042895092,261.52539286347655,64335.55780262013,66994.703125,69653.84844737987,7.938374821718029,0.8097917376184367,-0.016666896342695886,-0.016528772058174934,68007.7515625,66994.703125,1,69363.2890625
69363.2890625,69507.4934092759,68642.2524291684,69074.87291922215,2264516.0,2023-12-14,0.0,61.65958342030616,878.7831947393133,623.8118732639364,254.97132147537695,64247.32111643964,67110.06796875,69972.81482106034,8.531497401085618,0.8935417991869543,0.010449289518701934,0.010504073997775976,68317.7953125,67110.06796875,0,69363.2890625
69363.2890625,69435.38751102494,68498.04808239249,69363.2890625,1949761.0,2023-12-15,0.0,61.65958342030616,913.574579185879,681.7644144483249,231.81016473755403,64357.30828532161,67297.5359375,70237.76358967838,8.737994968817302,0.8512913572303683,0.0,0.0,68591.7875,67297.5359375,-1,67777.0234375
67777.0234375,69363.29370743825,67560.71317798783,69146.98344792608,2997446.0,2023-12-18,0.0,52.089019731324115,803.8819720806496,706.1879259747899,97.69404610585968,64610.47369474267,67416.505859375,70222.53802400733,8.324466327238818,0.5642397444100998,-0.023134501352356878,-0.022868950513155295,68620.62890625,67416.505859375,0,68209.6328125
68209.6328125,68209.6328125,67488.60361966206,67704.91386745867,1653654.0,2023-12-19,0.0,54.177914120963244,743.2895722451503,713.6082552288619,29.681317016288403,64741.45235140354,67513.844921875,70286.23749234647,8.212811975616537,0.6254850950828139,0.006362548301977216,0.006382832308930331,68606.20703125,67513.844921875,0,68281.7421875
68281.7421875,68498.0524463077,67849.1216698846,67993.33347557407,1784713.0,2023-12-20,0.0,54.53375106858479,693.0986726903211,709.5063387211538,-16.40766603083273,64791.18684565711,67575.132421875,70359.07799809288,8.239556406157135,0.6269079704110033,0.0010566144814465783,0.0010571728951864756,68584.57578125,67575.132421875,0,68570.15625
68570.15625,68570.15625,67777.02114189434,68209.63419653955,2323368.0,2023-12-21,0.0,56.0053367942325,668.8841475668451,701.3819004902921,-32.497752923447024,65098.73096106654,67730.154296875,70361.57763268346,7.770315491308047,0.6596098092036802,0.004214987045012007,0.004223882596727346,68642.25859375,67730.154296875,0,68209.6328125
68209.6328125,68570.1548586451,68065.42846387764,68498.04895947085,1686716.0,2023-12-22,0.0,53.66700799062934,613.5303377399978,683.8115879402333,-70.28125020023549,65384.769267590775,67852.72890625,70320.68854490924,7.274459490256121,0.5723074844214003,-0.00527160152645853,-0.005257731019097656,68671.09921875,67852.72890625,1,69219.078125
69219.078125,69363.2899232916,68353.84458388106,68425.94303330073,2667482.0,2023-12-25,0.0,58.84787461470865,643.6957214911672,675.7884146504201,-32.09269315925292,65794.0943303891,68043.8015625,70293.5087946109,6.6125265797928305,0.7612065573966352,0.014690721614070007,0.014799160629919372,68743.2015625,68043.8015625,1,70084.328125
70084.328125,71093.77359417207,69507.50320686268,69579.6091152775,4443467.0,2023-12-26,0.0,62.69810290787918,729.0167974045908,686.4340912012543,42.58270620333644,66127.41432209383,68263.716796875,70400.01927165617,6.258969112795127,0.9261127227106476,0.012422684421028767,0.012500166477766195,68772.04375,68263.716796875,0,69868.015625
69868.015625,70516.94643089126,69868.015625,70228.53025614175,1793177.0,2023-12-27,0.0,61.15757642126224,770.3002124660416,703.2073154542119,67.09289701182968,66453.94690511486,68451.18515625,70448.42340738513,5.8355110918127675,0.8546974097719061,-0.0030912332935022564,-0.003086460351224174,68894.61875,68451.18515625,0,69651.703125
69651.703125,69940.11929050977,69435.39286329932,69940.11929050977,1582503.0,2023-12-28,0.0,59.58102753713587,776.6107204205473,717.887996447479,58.72272397306824,66842.05428288372,68620.627734375,70399.20118586627,5.18378659657849,0.789860221898758,-0.003100818655022418,-0.0030960160821084104,68923.46015625,68620.627734375,0,69291.1875
69291.1875,69940.11827568611,69291.1875,69651.70211436124,2468578.0,2023-12-29,0.0,56.946218039443536,743.9455047675874,723.0994981115008,20.846006656086615,67223.2450084361,68754.01875,70284.7924915639,4.452899683231676,0.6754566123701614,-0.005189418939496148,-0.005175977166746448,68916.25,68754.01875,0,69291.1875
69291.1875,69291.1875,69291.1875,69291.1875,0.0,2024-01-01,0.0,56.946218039443536,709.8750878911378,720.4546160674282,-10.57952817629041,67418.41798805649,68844.14765625,70269.87732444351,4.141905206851891,0.6567758088096829,0.0,0.0,69067.66640625,68844.14765625,0,69146.984375
69146.984375,69868.01361655661,69002.77256690737,69868.01361655661,2267426.0,2024-01-02,0.0,55.801477982156506,663.5886135532783,709.0814155645983,-45.49280201132001,67471.43666932579,68883.804296875,70296.1719244242,4.100724813229508,0.5931698210124252,-0.0020832863537760017,-0.002081117818914513,69161.4015625,68883.804296875,0,69435.3984375
69435.3984375,69579.61025669536,68786.47505002968,68930.67941949784,1900300.0,2024-01-03,0.0,57.635767076234465,642.7694080059155,695.8190140528617,-53.049606046946224,67510.0164340206,68930.671484375,70351.3265347294,4.121982333151734,0.6776388128135313,0.004162354161459608,0.00417102878899045,69276.7671875,68930.671484375,0,70084.328125
70084.328125,70949.56922706951,69363.29883976011,69435.39729844786,3932982.0,2024-01-04,0.0,61.50666298822083,670.8995279274241,690.8351168277742,-19.935588900350126,67597.35495894254,69035.221484375,70473.08800980746,4.165602701102064,0.8648136395377413,0.009302403080337208,0.009345804907911814,69428.184375,69035.221484375,0,70228.53125
70228.53125,70300.63715713951,69579.60788465217,70156.43279258744,1505798.0,2024-01-05,0.0,62.330355987176745,696.7966001972527,692.02741350167,4.769186695582675,67718.82251784037,69150.58671875,70582.35091965963,4.141003768291706,0.8764392665234825,0.0020554520293069806,0.0020575659189141504,69630.07421875,69150.58671875,0,70156.4296875
70156.4296875,70877.45892807496,70012.21787960372,70228.52814172153,1908367.0,2024-01-08,0.0,61.6203554140202,703.3939355915791,694.3007179196518,9.093217671927277,67769.14513796961,69233.50546875,70697.86579953038,4.230207096595321,0.8151287969738165,-0.0010271979043658742,-0.001026670517190964,69723.809375,69233.50546875,0,69651.703125
69651.703125,70156.42955221045,69651.703125,70156.42955221045,1602473.0,2024-01-09,0.0,56.74730916419168,660.283815195784,687.4973373748783,-27.213522179094298,67772.21046656427,69226.2953125,70680.38015843574,4.200961034738996,0.6462802578848948,-0.007220306073465782,-0.00719430228630813,69680.546875,69226.2953125,-1,68281.7421875
68281.7421875,69868.01245227215,68137.53783153703,69723.80809630918,4367556.0,2024-01-10,0.0,46.09254723975427,509.69884476948937,651.9376388538005,-142.23879408431117,67715.28103239714,69208.269140625,70701.25724885285,4.31447896838524,0.18970718922042873,-0.01986473960512729,-0.019668735666684367,69521.91953125,69208.269140625,0,68498.0546875
68498.0546875,68786.47085858915,68281.74442161483,68281.74442161483,1813015.0,2024-01-11,0.0,47.760395265558515,403.16633124725195,602.1833773324909,-199.01704608523892,67641.1096527671,69165.007421875,70688.90519098288,4.406557089809329,0.2811688067614152,0.0031629332003294103,0.0031679405514581926,69406.5546875,69165.007421875,0,68281.7421875
68281.7421875,68930.6729639231,67849.1216698846,68353.84809034473,3434532.0,2024-01-12,0.0,46.22037713984369,297.850500638684,541.3168019937295,-243.46630135504552,67540.60589879515,69110.930078125,70681.25425745486,4.54435840338051,0.23598193878066992,-0.003162933200329478,-0.0031579363966882656,69305.61015625,69110.930078125,0,68786.46875
68786.46875,69146.98336551512,68425.94668475837,68498.052587752,1735384.0,2024-01-15,0.0,50.25125189685865,252.20687764749164,483.494817124482,-231.28793947699035,67711.31124900773,69161.40234375,70611.49343849227,4.19335364987234,0.37072067571843165,0.0073646375088854635,0.007391823148185539,69255.13828125,69161.40234375,0,69002.765625
69002.765625,69002.765625,68281.73645598133,68281.73645598133,1071225.0,2024-01-16,0.0,51.914564480376214,230.82650347892195,432.96115439537004,-202.1346509164481,67818.76666594937,69201.058984375,70583.35130280064,3.9950033676153587,0.42827372447498935,0.0031395348648993664,0.0031444683660986072,69240.71640625,69201.058984375,0,69002.765625
69002.765625,69219.07586565078,68498.0466966321,68930.66717793366,1870015.0,2024-01-17,0.0,51.914564480376214,211.44499661204463,388.65792283870496,-177.21292622666033,67919.68360597682,69237.11015625,70554.53670652317,3.805550368292628,0.41105973566366755,0.0,0.0,69197.453125,69237.11015625,0,68930.6796875
68930.6796875,69219.08842755765,68642.26349771512,69002.7781476508,1503550.0,2024-01-18,0.0,51.252234830990766,188.09998058686324,348.5463343883366,-160.44635380147338,67966.58482314789,69255.136328125,70543.6878331021,3.7211723874805682,0.37410024381184553,-0.001045227919878535,-0.0010446818594453955,69082.08828125,69255.136328125,0,69435.3984375
69435.3984375,69868.01899563168,69002.77787936832,69219.08815843416,1974757.0,2024-01-19,0.0,55.53016841476516,207.92860073137854,320.42278765694505,-112.49418692556651,68124.2549448187,69316.424609375,70508.59427393129,3.4397898370397235,0.5498980269596456,0.007295444019408461,0.007322120604180249,69002.775,69316.424609375,0,69507.5078125
69507.5078125,69795.91656581537,69074.88723279936,69795.91656581537,1465330.0,2024-01-22,0.0,56.12261209178405,226.8466025456728,301.7075506346906,-74.86094808901782,68136.65821410927,69330.84609375,70525.03397339075,3.4448963107299884,0.5739673052129541,0.0010379714002005955,0.0010385102789451928,68937.8828125,69330.84609375,0,68930.6796875
68930.6796875,69507.50461734254,68786.47531747118,69291.19433743568,1957829.0,2024-01-23,0.0,50.3446547575733,193.0684731688816,279.9797351415288,-86.9112619726472,68121.5282186044,69273.163671875,70424.79912514558,3.3249108088249586,0.35130538339960077,-0.00833341541960923,-0.008298788766186616,68865.78046875,69273.163671875,0,68498.0546875
68498.0546875,69074.87957995155,68425.94878229602,69074.87957995155,2277477.0,2024-01-24,0.0,46.47965707493038,129.89252025922178,249.96229216506742,-120.06977190584564,68039.11985495331,69204.665625,70370.21139504667,3.3684022876793707,0.19687550859899103,-0.006296011253576734,-0.006276232904728674,68887.41171875,69204.665625,0,68498.0546875
68498.0546875,68498.0546875,68498.0546875,68498.0546875,0.0,2024-01-25,0.0,46.47965707493038,78.91543441536487,215.75292061512692,-136.83748619976205,67960.58913265933,69146.983203125,70333.37727359067,3.4315136120415834,0.22651223915410895,0.0,0.0,68887.41171875,69146.983203125,0,69146.984375
69146.984375,69363.2946374123,68714.36385017537,68858.56820854137,1223841.0,2024-01-26,0.0,52.785288841065295,89.8432717523392,190.5709908425694,-100.72771909023018,67955.31784248131,69139.773046875,70324.22825126868,3.4262629227627213,0.5030441540120115,0.009429101111525551,0.00947369513573082,68973.9359375,69139.773046875,0,69146.984375
69146.984375,69291.188733366,68714.36385017537,69146.984375,1402775.0,2024-01-29,0.0,52.785288841065295,97.38111272286915,171.93301521862935,-74.5519024957602,67950.2348514673,69132.562890625,70314.8909297827,3.4204663901388024,0.5060987661196246,0.0,0.0,69009.9875,69132.562890625,0,68930.6796875
68930.6796875,69146.98996740686,68786.47531747118,69146.98996740686,1255052.0,2024-01-30,0.0,50.48587439591991,84.92199752631132,154.53081168016575,-69.60881415385444,67936.02269253871,69121.74765625,70307.47261996128,3.430830393953647,0.41942989538149,-0.003133089857948939,-0.0031281868537741397,69002.77890625,69121.74765625,0,69002.765625
69002.765625,69219.07586565078,68858.56128114145,68930.66717793366,1827033.0,2024-01-31,0.0,51.248068323595625,79.94325559138088,139.61330046240877,-59.6700448710279,67922.72783753018,69100.116015625,70277.50419371981,3.4077748229209393,0.4586583284781557,0.0010452279198785081,0.0010457743609493253,69002.77890625,69100.116015625,1,72031.109375
72031.109375,72031.109375,69002.77312639977,69146.9849356617,10307168.0,2024-02-01,0.0,71.26199460024775,316.7087768037163,175.0323957306703,141.67638107304603,67479.61036890054,69197.455078125,70915.29978734946,4.965051698172966,1.3247702139951532,0.04295151503570355,0.04388728078607351,69312.821875,69197.455078125,0,72031.109375
72031.109375,72031.109375,72031.109375,72031.109375,0.0,2024-02-02,0.0,71.26199460024775,498.5996122059296,239.74583902572218,258.85377318020744,67193.92343676428,69287.583984375,71381.24453198572,6.043393136879651,1.1551982349182397,0.0,0.0,69572.39296875,69287.583984375,1,74626.8203125
74626.8203125,75059.44081310615,73473.17061070108,73545.27651071084,3563344.0,2024-02-05,0.0,79.59085797984031,842.4898900885019,360.2946492382781,482.19524085022374,66346.3452421361,69511.103515625,72675.8617891139,9.105763290831694,1.3082318387045908,0.035401863861127314,0.036035970569139986,70084.32421875,69511.103515625,0,75059.4375
75059.4375,75708.36822226558,74194.19653697925,74698.92291531665,2491986.0,2024-02-06,0.0,80.60002359336582,1136.8293433858198,515.6015880677865,621.2277553180334,65758.48760831353,69781.490234375,73804.49286043647,11.530285789396057,1.155971143473019,0.005780335461411831,0.005797073836034006,70697.2,69781.490234375,0,75636.2734375
75636.2734375,75708.37934492042,74915.24416220367,75492.06907238613,2810841.0,2024-02-07,0.0,81.8861445562908,1400.49725943488,692.5807223412053,707.9165370936748,65420.77210387099,70149.216796875,74877.66148987901,13.481104733345084,1.0802179148614548,0.007655675815075621,0.00768505542690745,71411.021875,70149.216796875,0,75636.2734375
75636.2734375,75636.2734375,75636.2734375,75636.2734375,0.0,2024-02-08,0.0,81.8861445562908,1591.1146038102306,872.2874986350105,718.8271051752201,65253.85715389697,70506.127734375,75758.39831485302,14.898763410367529,0.9883740874083158,0.0,0.0,72124.84375,70506.127734375,0,75636.2734375
75636.2734375,75636.2734375,75636.2734375,75636.2734375,0.0,2024-02-09,0.0,81.8861445562908,1722.3263168814156,1042.2952622842915,680.031054597124,65259.93940300976,70873.854296875,76487.76919074023,15.841991237981162,0.9241620358218532,0.0,0.0,72773.77265625,70873.854296875,0,75636.2734375
75636.2734375,75636.2734375,75636.2734375,75636.2734375,0.0,2024-02-12,0.0,81.8861445562908,1805.4998662462312,1194.9361830766795,610.5636831695517,65310.439217061474,71216.34453125,77122.24984543852,16.585814262334093,0.8741957135370452,0.0,0.0,73422.7015625,71216.34453125,0,75636.2734375
75636.2734375,75636.2734375,75636.2734375,75636.2734375,0.0,2024-02-13,0.0,81.8861445562908,1850.0888309480506,1325.966712650954,524.1221182970967,65424.479027176836,71548.019921875,77671.56081657318,17.117289622786526,0.8338145025833537,0.0,0.0,74093.2609375,71548.019921875,0,75636.2734375
75636.2734375,75636.2734375,75636.2734375,75636.2734375,0.0,2024-02-14,0.0,81.8861445562908,1863.9395716010622,1433.5612844409757,430.37828716008653,65619.55148953004,71879.6953125,78139.83913546996,17.418392762389203,0.8000392827410947,0.0,0.0,74756.61171875,71879.6953125,0,74987.3359375
74987.3359375,76068.88720379045,74843.13158523671,75852.57695053237,2973509.0,2024-02-15,0.0,73.35215416137373,1801.7827208693489,1507.2055717266503,294.57714914269854,65937.0879171549,72182.528125,78427.96833284509,17.304575968937343,0.7245484480803127,-0.008616730376900115,-0.00857971275562952,75052.234375,72182.528125,1,75780.484375
75780.484375,75780.484375,74843.13738829445,74987.3417517388,2732285.0,2024-02-16,0.0,76.56664689100765,1795.8222975511308,1564.9289168915464,230.8933806595844,66197.538911895,72499.782421875,78802.02593185501,17.38555151326485,0.7602804816990804,0.010521552315862855,0.010577098487150716,75427.171875,72499.782421875,0,75708.375
75708.375,77150.44091755916,75708.375,76068.88961695816,2687055.0,2024-02-19,0.0,75.67290383198457,1764.9349240391166,1604.9301183210605,160.0048057180561,66517.29688988265,72809.82578125,79102.35467261734,17.284834358133562,0.730316719143435,-0.0009520090222302916,-0.0009515560054111916,75535.32734375,72809.82578125,0,75203.6484375
75203.6484375,75852.57921666137,74987.33817777954,75852.57921666137,2439086.0,2024-02-20,0.0,69.5530850144618,1680.3591087628738,1620.0159164094232,60.343192353450604,67022.64209384519,73123.47421875,79224.3063436548,16.686384748771836,0.6704828272735389,-0.00668904217078067,-0.006666720326516051,75549.7484375,73123.47421875,1,76357.3125
76357.3125,77078.34179736873,74626.83026675152,74987.3449154359,4149343.0,2024-02-21,0.0,74.60789424269778,1686.9767956973083,1633.4080922670005,53.56870343030778,67662.59388330232,73516.437109375,79370.28033544766,15.925263672295603,0.7426504503888929,0.015224056874818365,0.015340533158557879,75621.85234375,73516.437109375,-1,75419.9609375
75419.9609375,76429.40636293791,75419.9609375,76357.30790737383,2272980.0,2024-02-22,0.0,65.14449764198879,1598.1623027462483,1626.35893436285,-28.196631616601735,68456.60713521155,73862.532421875,79268.45770853845,14.637801086447555,0.6440482834147941,-0.012351829212676486,-0.012275858484411706,75600.22109375,73862.532421875,0,74915.2421875
74915.2421875,76934.13304478579,74482.62165383493,76068.89197745566,5426878.0,2024-02-23,0.0,60.68127481736359,1470.1031580951822,1595.1077791093167,-125.0046210141345,69208.70421564461,74150.9453125,79093.18640935539,13.330217372218044,0.5773229047330675,-0.00671460357674467,-0.006692110997223333,75528.11796875,74150.9453125,1,77871.4765625
77871.4765625,77871.4765625,74626.82984329737,74915.24603044463,5907210.0,2024-02-26,0.0,72.54586424319312,1588.8435714529332,1593.8549375780399,-5.011366125106633,69975.53274132081,74587.169921875,79198.80710242919,12.365765279429592,0.8560890104791723,0.038702360980311275,0.039461053434240334,75751.63828125,74587.169921875,0,77799.3828125
77799.3828125,78953.0402916663,77438.86810951668,78232.00343597132,3704058.0,2024-02-27,0.0,71.9754620534001,1658.0162620158226,1606.6872024655966,51.32905955022602,71046.19009283603,75030.605078125,79015.02006341396,10.620772633088134,0.8474509739318985,-0.0009262331491403995,-0.0009258043276235695,75967.94921875,75030.605078125,0,78231.984375
78231.984375,78231.984375,76645.71410858036,77871.4697598549,4578098.0,2024-02-28,0.0,73.33052105901982,1727.8261440862698,1630.9149907897313,96.91115329653849,72411.94366076658,75492.066015625,78572.1883704834,8.160122029832644,0.9447742725306374,0.005545073131905295,0.005560475505860918,76227.5203125,75492.066015625,0,78592.4921875
78592.4921875,78880.90832448786,77655.1527793097,78015.66736325013,3735798.0,2024-02-29,0.0,74.43968863669987,1791.5886276846431,1663.0497181687138,128.5389095159294,72898.49846524348,75820.13515625,78741.77184725653,7.706756747361693,0.9744527339391565,0.004597604346405527,0.004608189545236785,76588.0359375,75820.13515625,1,79890.3671875
79890.3671875,80322.98774153861,78664.61143429962,78736.71734321509,5315656.0,2024-03-01,0.0,77.98886754802561,1924.662213094387,1715.3722171538484,209.28999594053857,73323.2796121601,76213.098046875,79102.91648158991,7.583521753537742,1.136245706036506,0.016379109016958184,0.016513981983210746,76999.02421875,76213.098046875,0,80322.9921875
80322.9921875,80611.40093967138,79890.37160951538,80034.57598560107,4082689.0,2024-03-04,0.0,79.03392992734874,2041.5000681807142,1780.5977873592217,260.90228082149247,73175.88682456897,76497.906640625,79819.92645668105,8.685256791829246,1.0757168467791085,0.005400623933096275,0.005415233591111734,77460.4859375,76497.906640625,0,79818.25
79818.25,80322.97639163458,79241.42515936482,80322.97639163458,4474017.0,2024-03-05,0.0,74.58462844699248,2069.5104061465536,1838.380311116688,231.13009502986552,73174.55548012788,76735.847265625,80297.13905112211,9.281950776328893,0.9327646988836575,-0.00630373352945503,-0.006283906684175444,77921.94609375,76735.847265625,-1,78664.609375
78664.609375,79601.9489177277,78159.89037498567,79313.54018907007,4896688.0,2024-03-06,0.0,65.50738214645793,1975.8433514913486,1865.8729191916202,109.97043229972837,73265.8128891245,76887.2640625,80508.71523587551,9.420158767599549,0.7453913124063128,-0.014558811047685569,-0.014453344003407698,78152.67578125,76887.2640625,1,80250.875
80250.875,82125.56142464603,78015.67396092534,78664.60473673278,5339726.0,2024-03-07,0.0,70.77433310262606,2006.4804570863926,1893.9944267705748,112.48603031581774,73252.35633061288,77117.994140625,80983.63195063712,10.025255073318204,0.9052217270925824,0.019964301374655834,0.020164920891402982,78635.7671875,77117.994140625,-1,79313.5390625
79313.5390625,81188.21812132746,78953.02443193525,80250.87859191373,4120381.0,2024-03-08,0.0,64.50619467459565,1932.8447760615672,1901.7644966287735,31.08027943279376,73383.51199744451,77301.857421875,81220.20284630549,10.137778198643048,0.7567003955397051,-0.011748819121859513,-0.011680071245329104,79075.596875,77301.857421875,0,79313.5390625
79313.5390625,81837.14892618012,79313.5390625,79313.5390625,4472033.0,2024-03-11,0.0,64.50619467459563,1853.1262820841512,1892.0368537198492,-38.910571635698034,73551.38131499072,77485.720703125,81420.06009125928,10.15500495428858,0.7322903769928423,0.0,0.0,79219.803125,77485.720703125,1,80683.5078125
80683.5078125,81837.15773436603,79313.54759906813,79313.54759906813,3845565.0,2024-03-12,0.0,69.13912517688175,1878.8357807390712,1889.3966391236936,-10.560858384622406,73658.4272773518,77738.082421875,81817.73756639821,10.495898580012348,0.8609895060099781,0.017125343977715177,0.017272823356431655,79508.215625,77738.082421875,1,84360.765625
84360.765625,84360.765625,80755.60444616318,81332.42934080986,6763529.0,2024-03-13,0.0,77.59341306562831,2170.9098199332075,1945.6992752855965,225.21054464761096,73260.44848580018,78174.30703125,83088.16557669983,12.571543598040519,1.1294909119309695,0.044568241023589486,0.04557632547466284,80121.09375,78174.30703125,0,84360.765625
84360.765625,85442.30950881497,83423.41865268823,85442.30950881497,4579817.0,2024-03-14,0.0,77.59341306562831,2375.0030435761,2031.5600289436975,343.44301463240254,73244.81209111739,78642.978515625,84041.14494013261,13.72828579587709,1.0296045601165904,0.0,0.0,80697.92109375,78642.978515625,0,83639.7265625
83639.7265625,84216.55144089223,82558.182709162,84216.55144089223,5076284.0,2024-03-15,0.0,73.04299348301379,2450.320794509127,2115.3121820567835,335.00861245234364,73377.20378441016,79035.940625,84694.67746558985,14.319401517440586,0.9067856543952764,-0.008583825921103865,-0.008547090073899533,81072.85703125,79035.940625,-1,81476.640625
81476.640625,83495.5316526692,80106.68045259464,83495.5316526692,7782383.0,2024-03-18,0.0,61.40833647121982,2308.852680772776,2154.020281799982,154.83239897279373,73793.16260822749,79324.35390625,84855.54520427252,13.94575820827886,0.6945590563392255,-0.02620224426997572,-0.02586194415501386,81188.221875,79324.35390625,0,80755.609375
80755.609375,81476.63867488394,80106.6785352681,81476.63867488394,4384616.0,2024-03-19,0.0,58.08695593395279,2114.185965671393,2146.0534185742645,-31.867452902871264,74393.68056140015,79601.951953125,84810.22334484984,13.0857881344212,0.6107524296552584,-0.008888935431448797,-0.008849545642395595,81281.9578125,79601.951953125,1,82558.1796875
82558.1796875,82918.69429208436,80106.66845676434,80971.90946754781,4596613.0,2024-03-20,0.0,63.41445778646873,2081.37080394612,2133.1168956486354,-51.746091702515514,74779.27281198396,79911.9953125,85044.71781301605,12.845937535270558,0.7577759049640761,0.022075827497023293,0.022321301596889942,81671.31484375,79911.9953125,1,83783.9296875
83783.9296875,83783.9296875,82630.27994768164,83062.90046254515,4969690.0,2024-03-21,0.0,66.52993994267901,2129.7222207830782,2132.4379606755238,-2.7157398924455265,75378.77299514237,80330.19375,85281.61450485764,12.327670390705705,0.8487621137944775,0.014737966127533893,0.014847105455082943,82024.6203125,80330.19375,-1,82846.6015625
82846.6015625,83856.0470856569,82558.19281287087,83856.0470856569,3193573.0,2024-03-22,0.0,62.170088533383165,2068.5614323130867,2119.6626550030364,-51.101222689949736,76366.19728490639,80726.76171875,85087.32615259361,10.803268559280767,0.7430694323993134,-0.011250495388819925,-0.011187445235572913,82377.9265625,80726.76171875,0,82197.6640625
82197.6640625,82990.79923451328,82053.45969933219,82269.76996894734,3695594.0,2024-03-25,0.0,59.273981786852225,1945.3029919754772,2084.7907223975244,-139.4877304220472,76753.00550375532,80943.07109375,85133.13668374467,10.353117403073696,0.6497104212098501,-0.007863839942929244,-0.007833000844463589,82666.3390625,80943.07109375,0,82918.703125
82918.703125,83279.21776798817,81909.25765479685,82197.66638929656,2239389.0,2024-03-26,0.0,61.424228560744176,1884.0830794092617,2044.649193799872,-160.5661143906102,77196.2996324053,81199.037109375,85201.7745863447,9.859076214359593,0.7148112417463464,0.008733763443301353,0.008772014031344533,82889.85859375,81199.037109375,0,83062.90625
83062.90625,83135.01215741008,82269.77106739693,82702.3916124035,1745964.0,2024-03-27,0.0,61.8579599303785,1826.1511113940214,2000.949577318702,-174.7984659246806,77612.49378941378,81440.583203125,85268.67261683622,9.40093811500193,0.7118972249007898,0.0017375799864130638,0.001739090453243275,82760.07265625,81440.583203125,1,84432.8671875
84432.8671875,84649.1774621676,83135.0129892215,83567.63353855668,3707232.0,2024-03-28,0.0,65.79292067326634,1869.2366116795893,1974.6069841908795,-105.37037251129027,77928.32686041464,81732.601953125,85536.87704583537,9.309076186983933,0.854898787360194,0.016358520092908786,0.01649305326949113,82767.2828125,81732.601953125,0,84000.25
84000.25,84504.97647766676,83639.73534436795,83928.15153871,1776778.0,2024-03-29,0.0,63.56284260836549,1847.1804432517092,1949.1216760030456,-101.94123275133643,78108.89363299162,81938.09609375,85767.2985545084,9.34657416588538,0.7692667634295807,-0.005136972420461689,-0.005123800741473006,82803.33515625,81938.09609375,0,84216.5625
84216.5625,84793.38745413945,83062.9125917211,83639.73754586055,2611408.0,2024-04-01,0.0,64.21596229284705,1826.1051780361013,1924.5183764096569,-98.41319837355559,78253.73203614214,82132.774609375,86011.81718260786,9.445784808029819,0.7685956458694309,0.0025718311507052353,0.002575141145413351,83077.32734375,82132.774609375,0,84360.765625
84360.765625,84360.765625,83207.10838597987,83207.10838597987,3022970.0,2024-04-02,0.0,64.67059672623424,1800.2862858810113,1899.6719583039278,-99.38567242291651,78519.7164314442,82359.900390625,86200.0843498058,9.32537300547275,0.7605168470629508,0.001710825076853679,0.0017122893730079358,83437.84296875,82359.900390625,-1,82990.8046875
82990.8046875,84360.77230165327,82990.8046875,83711.8414501692,3371052.0,2024-04-03,0.0,57.231407514012474,1650.2570929004578,1849.788985223234,-199.53189232277623,79147.06641659657,82576.21015625,86005.35389590343,8.305403537325907,0.560451611645171,-0.01637261649523373,-0.016239313706441938,83481.10546875,82576.21015625,0,82197.6640625
82197.6640625,83495.52568019094,82197.6640625,82918.70077779282,3120438.0,2024-04-04,0.0,53.40141277057462,1450.6360275407642,1769.9583936867402,-319.32236614597605,79416.10497276577,82673.549609375,85930.99424598423,7.880258322039782,0.42695416193314645,-0.009602930834486574,-0.009556969931627357,83322.47890625,82673.549609375,0,81981.34375
81981.34375,82702.38037696434,81188.20867514741,81548.73071349255,3648777.0,2024-04-05,0.0,52.371988031718246,1260.4499710334203,1668.0567091560765,-407.6067381226562,79932.89591496305,82806.93984375,85680.98377253696,6.941553290605934,0.35637030709922635,-0.002635177792368096,-0.002631708759211482,83235.953125,82806.93984375,0,81188.21875
81188.21875,81981.35392327476,81188.21875,81981.35392327476,2581520.0,2024-04-08,0.0,48.66764491966592,1033.8104684019054,1541.2074610052423,-507.3969926033369,80409.58240969168,82900.673828125,85391.76524655832,6.009821882987378,0.15628417619414722,-0.009721558779381868,-0.009674457184046803,83135.00859375,82900.673828125,0,81476.640625
81476.640625,81620.84499848282,81116.12596642923,81188.22442830694,1894481.0,2024-04-09,0.0,50.05123717252176,867.4706034524133,1406.4600894946766,-538.9894860422633,80575.81691686135,82940.33046875,85304.84402063866,5.701722041678014,0.190488167728858,0.003546213710390859,0.0035525089654711017,82990.80234375,82940.33046875,0,82053.4609375
82053.4609375,83351.32257477539,81692.94629927695,81837.15066462077,2368729.0,2024-04-10,0.0,52.79175016231617,773.2757985381031,1279.823231303362,-506.5474327652589,80528.07445781546,82824.965234375,85121.85601093456,5.546373053245224,0.3320546399618921,0.007054636415530177,0.007079578982089441,82889.8578125,82824.965234375,0,82846.6015625
82846.6015625,83207.11622440015,81692.95166452853,81837.1560393431,2049081.0,2024-04-11,0.0,56.33902540626396,753.9346673541149,1174.6455185135128,-420.71085115939786,80568.63616177735,82749.25703125,84929.87790072265,5.270430086518233,0.5223203704533788,0.009619726388758326,0.009666144681016453,82731.23125,82749.25703125,0,83279.21875
83279.21875,83567.63493762775,82413.97763684396,83567.63493762775,1808254.0,2024-04-12,0.0,58.18468098677054,764.7002841774229,1092.656471646295,-327.95618746887203,80575.78882711822,82731.231640625,84886.67445413179,5.210711289467521,0.6271170605736118,0.00520831938874056,0.005221906262185438,82659.128125,82731.231640625,-1,80467.1953125
80467.1953125,83351.32748773728,80395.08940071447,83279.22157595174,4895762.0,2024-04-15,0.0,44.89876552490034,540.0993931224511,982.1450559415263,-442.0456628190751,80360.63696137145,82680.759375,85000.88178862854,5.612242633393317,0.02296395019991635,-0.03434945353574975,-0.03376620818143783,82284.19140625,82680.759375,1,81476.640625
81476.640625,81620.84499848282,80395.08919956029,80755.61130785846,4817470.0,2024-04-16,0.0,49.368220451401434,438.5006071890821,873.4161661910374,-434.91555900195533,80502.65536810804,82716.8109375,84930.96650689197,5.353580594554011,0.21994508207917568,0.012466771342720749,0.012544805477309628,81995.77890625,82716.8109375,-1,80611.390625
80611.390625,81548.73757393715,80467.18626736605,81548.73757393715,2570014.0,2024-04-17,0.0,45.92926739939782,284.88046884027426,755.7090267208848,-470.82855788061056,80213.12309807862,82619.471484375,85025.81987067137,5.825136237409763,0.08275350510122004,-0.010676398647577693,-0.010619608189080254,81757.8375,82619.471484375,0,80611.390625
80611.390625,80611.390625,80611.390625,80611.390625,0.0,2024-04-18,0.0,45.92926739939782,161.27630952038453,636.8224832807847,-475.54617376040017,79961.23991965712,82460.84453125,84960.44914284287,6.062524888756402,0.1300507092856918,0.0,0.0,81599.21015625,82460.84453125,-1,78592.4921875
78592.4921875,80178.76976634444,78592.4921875,79674.04338904715,7090054.0,2024-04-19,0.0,38.64459867903001,-98.4541899128235,489.7671486420631,-588.2213385548866,79218.85812272418,82248.1390625,85277.42000227583,7.366199343364807,-0.10338525010997066,-0.025363786788357524,-0.02504482830338217,81260.325,82248.1390625,1,79529.8515625
79529.8515625,80322.98675188965,78520.40609875617,79313.54128814582,3170429.0,2024-04-22,0.0,43.15282311704653,-226.04965454096964,346.6037880054566,-572.6534425464263,78850.29048015016,82114.7484375,85379.20639484985,7.950966225840722,0.10408482682704295,0.011856266903347236,0.011926831035765195,81094.48828125,82114.7484375,1,80971.9140625
80971.9140625,81692.9433125853,79241.43194273254,79962.46864254455,5339726.0,2024-04-23,0.0,49.32209639309353,-208.4052219329169,235.60198601778188,-444.0072079506988,78737.82347705589,82017.408984375,85296.9944916941,7.997291179836938,0.3406056314827363,0.017969912041848106,0.018132342405627666,81044.015625,82017.408984375,1,86595.9609375
86595.9609375,86595.9609375,81620.83960847495,81909.25578612184,13434880.0,2024-04-24,0.0,65.18897375139545,256.43566796722007,239.76872240766954,16.666945559550527,78346.0154637505,82194.06171875,86042.1079737495,9.363319379851715,1.0719654763805029,0.06715081946101711,0.069456760904268,81498.265625,82194.06171875,1,88831.15625
88831.15625,92292.11290510243,87893.81677142647,88326.43728453007,7548433.0,2024-04-25,0.0,69.30260681730485,796.0110833537328,351.0171945968822,444.99388875685065,77636.68423994048,82413.976171875,87191.2681038095,11.59340236653897,1.1716336545426944,0.025484273096667887,0.025811773300988383,82096.72109375,82413.976171875,0,88831.15625
88831.15625,90417.42649822893,88110.12702797826,88686.95189554093,4491871.0,2024-04-26,0.0,69.30260681730485,1209.6840032907057,522.7505563356469,686.9334469550588,77113.26250732325,82655.521484375,88197.78046142675,13.410499087104416,1.0571405803297718,0.0,0.0,82651.91484375,82655.521484375,0,88831.15625
88831.15625,88831.15625,88831.15625,88831.15625,0.0,2024-04-29,0.0,69.30260681730485,1520.001145653965,722.2006741993106,797.8004714546545,76721.13869783495,82886.251171875,89051.36364591506,14.876079897149467,0.9821408452122891,0.0,0.0,83488.3109375,82886.251171875,0,88831.15625
88831.15625,88831.15625,88831.15625,88831.15625,0.0,2024-04-30,0.0,69.30260681730485,1745.8051615151635,926.9215716624811,818.8835898526823,76417.9156376566,83109.770703125,89801.62576859341,16.103654260754176,0.9274887524386721,0.0,0.0,84223.7625,83109.770703125,0,88831.15625
88831.15625,88831.15625,88831.15625,88831.15625,0.0,2024-05-01,0.0,69.30260681730485,1902.8219242381601,1122.1016421776171,780.720282060543,76238.6662865608,83401.78828125,90564.91027593921,17.177382265554105,0.8789805599273174,0.0,0.0,85045.7390625,83401.78828125,1,91787.390625
91787.390625,93013.14631743933,89047.47051821018,89263.78078450692,4588149.0,2024-05-02,0.0,74.96928745914407,2239.9811394856515,1345.677541639224,894.3035978464275,75828.88989384934,83881.274609375,91933.65932490067,19.19948105944897,0.9909176781122584,0.03273748403317535,0.03327925133249621,86163.3390625,83881.274609375,-1,90777.953125
90777.953125,92580.53386837809,90561.65028954386,92364.22358319453,4220362.0,2024-05-03,0.0,70.20374055212832,2398.0854404403944,1556.1591213994582,841.9263190409363,75760.73502236212,84321.105078125,92881.47513388787,20.30421695216528,0.8771360352890486,-0.01105848203449569,-0.010997561790639487,87381.88515625,84321.105078125,1,92003.6875
92003.6875,92003.6875,89768.48670675544,91210.55245559635,3576833.0,2024-05-06,0.0,72.49046691894608,2592.4071028358303,1763.4087176867329,828.9983851490974,75783.9924726378,84861.878515625,93939.7645586122,21.394497038657363,0.8933630005133275,0.013412208636071676,0.013502555772679559,88629.26875,84861.878515625,1,94671.53125
94671.53125,94887.84153619215,91715.30060501056,92292.1255516138,4129903.0,2024-05-07,0.0,76.68461492954503,2927.929763084845,1996.3129267663555,931.6168363184895,75600.8604959888,85521.623046875,95442.3855977612,23.200594650661756,0.9611494406903057,0.028584676848983498,0.028997139380962267,89999.23046875,85521.623046875,0,94455.2109375
94455.2109375,94455.2109375,93229.4552624328,93806.28014780678,3991040.0,2024-05-08,0.0,75.6771111744217,3140.1806000253855,2225.0864614181614,915.0941386072241,75602.6309946655,86141.710546875,96680.7900990845,24.469167109177707,0.894413020104877,-0.002287570803909486,-0.002284956307813002,90785.15546875,86141.710546875,0,93950.4921875
93950.4921875,95753.0727523743,93734.18192373695,94166.79500153637,2913864.0,2024-05-09,0.0,73.25867671363085,3230.4259924998914,2426.1543676345073,804.2716248653842,75727.5943217849,86696.905078125,97666.2158344651,25.304965030655584,0.8306309425677697,-0.005357799143016648,-0.005343471736397598,91297.0890625,86696.905078125,0,94455.2109375
94455.2109375,95320.45199042429,93157.35680784023,94671.52120073108,5011878.0,2024-05-10,0.0,74.14837411666412,3304.579565036882,2601.8394071149824,702.7401579218995,75888.04013422565,87255.7046875,98623.36924077434,26.055980165392768,0.8166660230102524,0.005357799143016648,0.005372177816724166,91859.49453125,87255.7046875,0,93517.875
93517.875,94815.72917920498,92868.94418553404,94671.52481478818,2449534.0,2024-05-13,0.0,69.52228515737669,3250.244829816176,2731.520491655221,518.7243381609551,76683.94225174566,87908.238671875,99132.53509200436,25.53639246948172,0.7498881051495051,-0.00997316931927394,-0.009923602183475322,92328.16640625,87908.238671875,0,94094.703125
94094.703125,94959.93679081468,93445.77228834359,93734.18847676662,3047833.0,2024-05-14,0.0,70.73242331486804,3216.6498326510336,2828.546359854384,388.10347279664984,77418.99358664133,88539.141796875,99659.29000710868,25.11916873047026,0.7497970900699108,0.006149160662441819,0.006168105562706527,92854.52109375,88539.141796875,1,96690.421875
96690.421875,96978.83062220608,94671.5308456478,94815.73521925084,4831224.0,2024-05-15,0.0,75.4552960400558,3360.737870967234,2934.984662076954,425.7532088902799,78311.64145316495,89343.093359375,100374.54526558504,24.694582404567004,0.8330172935572018,0.02721259250111757,0.02758623667212934,93640.44765625,89343.093359375,0,97627.7578125
97627.7578125,98997.71793461117,96762.51670391309,97771.96218068877,4124877.0,2024-05-16,0.0,76.9046245057877,3510.1015897794423,3050.0080476174517,460.0935421619906,79375.24736056298,90193.91171875,101012.57607693701,23.989788561167313,0.8435657973862757,0.009647509143649846,0.009694196377711295,94224.484375,90193.91171875,0,96978.8203125
96978.8203125,98060.37162386285,96401.99542968202,97627.75109931771,3050214.0,2024-05-17,0.0,73.66165558985054,3535.356194663327,3147.077677026627,388.27851763670014,81374.58222062592,91113.228125,100851.87402937407,21.377018693736634,0.8011502956928281,-0.006669249432218634,-0.006647059346034823,94844.57109375,91113.228125,-1,95897.28125
95897.28125,98132.48243885847,95897.28125,97483.5516195653,2662853.0,2024-05-20,0.0,68.47878463765679,3428.576986157379,3203.377538852778,225.1994473046011,83649.54890697177,91931.599609375,100213.65031177823,18.01785400796755,0.7394142334503137,-0.011214975724386483,-0.011152322321666741,95233.93046875,91931.599609375,1,98060.3828125
98060.3828125,98060.3828125,96257.80205437282,96618.31671605277,4591587.0,2024-05-21,0.0,72.627078023637,3478.4010701067746,3258.3822451035776,220.01882500319698,85847.79611911601,92786.023046875,99724.24997463397,14.955327752874645,0.8800942099863404,0.02230580843140778,0.022556443043060703,95572.815625,92786.023046875,1,99502.4296875
99502.4296875,100728.18526020764,98132.46976792265,99430.32378920213,5966855.0,2024-05-22,0.0,74.99008933417818,3592.832213427726,3325.2722387684075,267.5599746593184,86516.45608687695,93431.346484375,100346.23688187305,14.802078012767291,0.9389862206146931,0.014598622760909247,0.014705703094768818,96077.5375,93431.346484375,0,99141.921875
99141.921875,99358.22468523281,97339.34134182315,99141.921875,4789433.0,2024-05-23,0.0,73.28679249014951,3612.7838282697485,3382.774556668676,230.00927160107267,86939.25065093361,93946.884765625,100954.51888031639,14.918289482772657,0.8706698312404532,-0.00362968496672701,-0.003623105622970413,96596.68046875,93946.884765625,-1,95104.1484375
95104.1484375,99502.44501732002,94166.80141411965,99502.44501732002,17689231.0,2024-05-24,0.0,57.52644021775266,3265.1425249035965,3359.24815031566,-94.10562541206355,87667.73120364596,94260.534375,100853.33754635404,13.988469755806094,0.5639799217854349,-0.04157978742416563,-0.04072720561732601,96661.57421875,94260.534375,0,95753.0703125
95753.0703125,96257.78928193531,94166.79260208186,95897.27466809202,6821190.0,2024-05-27,0.0,59.05057429186231,3007.330228535211,3288.8645659595704,-281.53433742435936,88505.50202275529,94606.630078125,100707.75813349472,12.89788686127278,0.5939531365323495,0.006800103028182006,0.0068232762257101065,96885.09375,94606.630078125,1,98781.40625
98781.40625,98781.40625,95969.38013688622,96618.31095908026,6116959.0,2024-05-28,0.0,65.30720009735943,3012.6456240752304,3233.6207775827024,-220.975153507472,89374.53046218478,95104.142578125,100833.75469406522,12.049132583753714,0.8208998792121169,0.03113669771901099,0.0316265152398425,97353.7640625,95104.142578125,0,97844.0625
97844.0625,99646.64307342659,97195.13170563201,98853.50791910796,7720226.0,2024-05-29,0.0,62.14230551515696,2907.704103497468,3168.4374427656558,-260.7333392681876,90527.90560901063,95554.787890625,100581.67017223936,10.521466045988804,0.7277032244964179,-0.009534378803205889,-0.009489070722760617,97469.128125,95554.787890625,0,97339.34375
97339.34375,97339.34375,95104.14264160555,96474.10268875654,9603069.0,2024-05-30,0.0,60.44373070049299,2752.0862699565187,3085.1672082038285,-333.08093824730986,91075.5513656636,95832.385546875,100589.21972808639,9.927404298799718,0.658399278355887,-0.005171749839521836,-0.005158399366338662,97440.28671875,95832.385546875,0,97050.921875
97050.921875,98637.1920942205,96474.09701798584,97339.33802837023,3482803.0,2024-05-31,0.0,59.443805840362955,2575.7926465844794,2983.292295879959,-407.4996492954797,92005.08250180984,96146.033984375,100286.98546694015,8.613878931788525,0.6092608660636203,-0.002967454010323153,-0.002963055470568632,97447.496875,96146.033984375,0,97050.921875
97050.921875,97050.921875,97050.921875,97050.921875,0.0,2024-06-03,0.0,59.44380584036296,2408.3170995370456,2868.2972566113767,-459.98015707433115,92732.43320107057,96398.395703125,100064.35820517944,7.605857909387577,0.5889979332179907,0.0,0.0,97562.8609375,96398.395703125,1,100295.5703125
100295.5703125,100439.77466733886,99358.22338173124,100223.46441021733,9270460.0,2024-06-04,0.0,66.6433820460522,2508.4912089780846,2796.3360470847183,-287.8448381066337,92720.30469987533,96679.59765625,100638.89061262467,8.190544959552215,0.9566437361534578,0.03288572107125276,0.033432432941534085,97786.3796875,96679.59765625,0,101016.6015625
101016.6015625,104477.558296134,100728.19284703767,100944.50310849771,8360316.0,2024-06-05,0.0,68.00273946218144,2615.9065658452455,2760.250150836824,-144.3435849915786,92748.43281955931,97007.6671875,101266.9015554407,8.781232435387372,0.9706167856335043,0.0071633456288581155,0.007189063761773529,97937.796875,97007.6671875,0,100656.09375
100656.09375,102170.25823288638,100079.268830342,101160.8127610531,6892605.0,2024-06-06,0.0,66.54259225630491,2641.4945377115946,2736.4990282117783,-95.00449050018369,93041.50172058339,97342.947265625,101644.39281066661,8.8377138064333,0.8851201241166645,-0.0035751810222973248,-0.0035687976721029413,98089.2140625,97342.947265625,1,102386.5625
102386.5625,102386.5625,101305.01863276373,101665.53325517582,4968500.0,2024-06-07,0.0,69.88519006016898,2769.4826833309635,2743.0957592356153,26.38692409534815,93109.17378340516,97739.51484375,102369.85590409485,9.474859922820524,1.0018040351334194,0.017045784191318265,0.01719189256735887,98817.45546875,97739.51484375,1,103828.625
103828.625,104549.65422093973,103107.59577906027,103468.11038953013,4992966.0,2024-06-10,0.0,72.3631034013582,2953.2335645617422,2785.123320300841,168.11024426090125,93317.98058562243,98255.05234375,103192.12410187756,10.049502067038723,1.0644613780501175,0.013986225018304651,0.014084489846995396,99625.0109375,98255.05234375,1,105631.21875
105631.21875,105631.21875,103179.70717178204,104044.94830520658,8367854.0,2024-06-11,0.0,75.11905347710635,3207.339499263224,2869.5665560933176,337.7729431699063,93283.53586085016,98831.878125,104380.22038914985,11.227839376142276,1.112736228344579,0.017212256256930566,0.01736124069831413,100309.9921875,98831.878125,1,110318.6640625
110318.6640625,110903.68695108691,106808.52673097851,106892.09821134729,12897825.0,2024-06-12,0.0,80.55048085784074,3743.8017294508463,3044.4135907648238,699.3881386860226,92053.94849711355,99513.290234375,106972.63197163645,14.99164929567319,1.224284676096096,0.04341916406958253,0.044375567828994766,101557.45234375,99513.290234375,-1,108647.1640625
108647.1640625,111823.00788160464,108647.1640625,111739.42889473257,9356630.0,2024-06-13,0.0,74.32018445145121,3988.1034570399934,3233.1515640198577,754.9518930201357,91627.50507339093,100064.260546875,108501.01602035906,16.86267489985973,1.0086613890019847,-0.015267518979337513,-0.015151561290236648,102688.234375,100064.260546875,0,109482.921875
109482.921875,110820.11815395682,107811.42464913681,108730.748498795,7367130.0,2024-06-14,0.0,75.34694702017381,4200.729610911367,3426.66717339816,774.062437513207,91404.8080387426,100689.465625,109974.12321125739,18.442162799505663,0.9735476870474771,0.007662967706819054,0.0076924033840333195,103931.434375,100689.465625,-1,107644.2734375
107644.2734375,109817.21456015288,107393.55148337391,109482.92112420764,5597740.0,2024-06-17,0.0,68.82705709495809,4172.772681056624,3575.8882749298527,596.884406126771,91784.68170237928,101276.815234375,110768.94876637071,18.744928955415908,0.835407112724543,-0.016936546207220984,-0.016793929190154766,104990.76953125,101276.815234375,0,106975.6796875
106975.6796875,108396.44744748058,106975.6796875,107644.27407200007,7682000.0,2024-06-18,0.0,66.57121153585365,4049.9810245487024,3670.7068248536225,379.2741996950799,92031.18033335934,101722.580078125,111413.97982289066,19.054569275223784,0.7710186220629383,-0.0062305102868851665,-0.006211140905588386,105658.78046875,101722.580078125,1,109900.78125
109900.78125,110987.24793538939,105805.61390850316,106975.66708369354,11119580.0,2024-06-19,0.0,71.04287333508387,4140.96454053768,3764.758367990434,376.2061725472454,91955.22438752459,102242.49765625,112529.7709249754,20.123282401242378,0.8722212579417009,0.026976454132690324,0.027343612782315452,106547.1984375,102242.49765625,1,111405.140625
111405.140625,113410.9312813282,110151.51583329338,111154.41116145748,12035555.0,2024-06-20,0.0,73.04024799508396,4285.0633189844375,3868.819358189235,416.2439607952024,91905.97378220558,102855.65859375,113805.34340529444,21.291361041773126,0.8903985447250562,0.013595501955303119,0.01368834104625627,107622.103125,102855.65859375,1,113745.2265625
113745.2265625,113745.2265625,111405.13507709593,111906.57896187207,8801295.0,2024-06-21,0.0,75.83276558801197,4535.802113989921,4002.2159093493724,533.5862046405487,92449.59440540425,103787.7125,115125.83059459574,21.848671333990037,0.9391167025878043,0.020787620589994688,0.021005188130204466,108757.96953125,103787.7125,-1,110402.234375
110402.234375,113243.77730750709,110318.66289551527,112825.9048927466,15164935.0,2024-06-24,0.0,65.40939051590233,4413.882395814842,4084.5492066424663,329.333189172376,93478.69003086541,104520.170703125,115561.65137538458,21.127942287085183,0.7663620870456711,-0.029830720122643598,-0.029390175645420236,109415.33046875,104520.170703125,-1,108647.1640625
108647.1640625,109566.48786608306,107477.11831563733,109482.91638787928,15762820.0,2024-06-25,0.0,60.69275653804947,4128.05498603874,4093.250362521721,34.80462351701908,94171.7758616707,105013.45859375,115855.14132582929,20.648177628395054,0.6675803267143341,-0.01602476776805711,-0.01589705428006649,109716.925,105013.45859375,1,110151.5078125
110151.5078125,110151.5078125,108145.71730222546,109482.91347863118,8219510.0,2024-06-26,0.0,63.14585861305045,3977.0774001909303,4070.0157700555633,-92.93836986463293,95108.16898186966,105628.830859375,116149.49273688033,19.92005741597505,0.7149426055976158,0.01375115710047046,0.013846139132859703,109700.209375,105628.830859375,0,110987.25
110987.25,112073.724214268,109315.76045025588,109733.63283769191,7364255.0,2024-06-27,0.0,64.4723941709455,3880.136190906269,4032.0398542257044,-151.9036633194355,96296.13921565108,106311.226171875,116326.3131280989,18.841071290123896,0.7334489879400935,0.007558567975405589,0.007587206059154417,109934.21796875,106311.226171875,-1,109065.0390625
109065.0390625,110987.25819354638,108981.46758231038,110987.25819354638,7627950.0,2024-06-28,0.0,59.19487178324017,3606.6282605162414,3946.9575354838116,-340.3292749675702,97838.57437276148,106911.93203125,115985.28968973854,16.973517335439077,0.6186499591601389,-0.017470936921950547,-0.017319205021297468,109892.4296875,106911.93203125,-1,107477.1171875
107477.1171875,108981.46384872397,107393.54571017344,108981.46384872397,7332400.0,2024-07-01,0.0,55.17673207935399,3224.568413224726,3802.4797110319946,-577.9112978072685,99637.26069027094,107433.241796875,115229.22290347905,14.513163665570083,0.5028139749202213,-0.0146664313910435,-0.014559403165757212,109875.7140625,107433.241796875,0,106975.6796875
106975.6796875,110402.23810964948,106557.79974993519,107477.12359870788,7728690.0,2024-07-02,0.0,53.93176478855703,2848.485844398325,3611.6809377052605,-763.1950933069356,100722.66603312729,107767.247265625,114811.82849812272,13.073696157672494,0.4438172723118457,-0.004676445550169058,-0.0046655280037444236,109875.7140625,107767.247265625,1,109482.921875
109482.921875,110987.26111874133,108730.748498795,109065.04193703269,8779215.0,2024-07-03,0.0,58.922557406711036,2721.3808057805,3433.6209113203086,-712.2401055398086,101874.12715258879,108190.56328125,114506.99940991121,11.676501049802527,0.6023012476834719,0.023167056494106247,0.023437497147241526,109833.928125,108190.56328125,1,113494.4921875
113494.4921875,113494.4921875,110402.22750042094,110402.22750042094,9335585.0,2024-07-04,0.0,65.38422751030447,2910.795506370181,3329.0558303302832,-418.26032396010214,103163.83085239853,108832.483203125,114501.13555385146,10.417206671920717,0.9112096399576828,0.03598573628066794,0.036641060028340666,110042.86328125,108832.483203125,1,115918.171875
115918.171875,116753.91671968043,113745.23077362975,113745.23077362975,8957810.0,2024-07-05,0.0,68.59819510069482,3219.367847927686,3307.118233849764,-87.75038592207784,103849.66887200995,109509.063671875,115168.45847174006,10.335938615679254,1.0662361815858667,0.02113021855192951,0.02135504235303265,110260.1578125,109509.063671875,0,116670.3515625
116670.3515625,116670.3515625,114915.28278834092,115751.02767832078,6745555.0,2024-07-08,0.0,69.54330286560563,3484.4417903396534,3342.582945147742,141.8588451919113,104294.84033352757,110151.15,116007.45966647242,10.633224739773356,1.0565963835401888,0.0064679228244523095,0.006488885006840084,110886.96953125,110151.15,-1,114915.2734375
114915.2734375,116419.62012398781,113661.64869587071,116252.46965785934,11127515.0,2024-07-09,0.0,64.65363664817124,3512.4058345047088,3376.5475230191355,135.85831148557327,104795.87303486721,110615.352734375,116434.8324338828,10.522010834214555,0.8694420227540859,-0.01515734602779077,-0.015043051653614081,111513.78046875,110615.352734375,-1,111990.15625
111990.15625,114497.39816186062,111990.15625,113661.6458521283,7238905.0,2024-07-10,0.0,57.408721908446964,3260.944887374717,3353.426995890252,-92.48210851553495,104849.45593076911,110698.92734375,116548.39875673088,10.568253104777972,0.6103714177818331,-0.025784127302710288,-0.025454555343253915,111697.6453125,110698.92734375,0,111154.40625
111154.40625,113160.20432636885,110736.53384078474,112073.73005547455,7868415.0,2024-07-11,0.0,55.49528474894153,2960.1000440406788,3274.761605520337,-314.6615614796583,105053.01913038804,110824.289453125,116595.55977586197,10.41517225369267,0.5286000116451346,-0.007490694807851116,-0.0074627094736283706,111714.3609375,110824.289453125,0,111823.0
111823.0,113661.6399689052,110485.80388231087,110485.80388231087,4086410.0,2024-07-12,0.0,56.73756031415676,2743.9971748297685,3168.6087193822236,-424.61154455245514,105189.67531881717,110941.293359375,116692.91139993284,10.36875966810026,0.576648573880219,0.0059969820710280035,0.006014999967668855,111990.15703125,110941.293359375,0,110903.6875
110903.6875,112658.7561744474,110569.3865595333,111572.28187226488,3527280.0,2024-07-15,0.0,54.485508088803016,2470.0797169029393,3028.902918886367,-558.8232019834277,105565.21307528472,111104.2640625,116643.3150497153,9.970906218503698,0.4818943206189149,-0.008255119590849232,-0.008221139658209808,112332.8140625,111104.2640625,0,111990.15625
111990.15625,112408.02865053207,110569.38107778915,111655.85532610706,4602645.0,2024-07-16,0.0,56.67424085060692,2313.9928371380083,2885.9209025366954,-571.9280653986871,106159.4937901832,111354.987890625,116550.48199106679,9.331407957306602,0.5611268482935045,0.009748832327672497,0.009796506991708531,112834.26171875,111354.987890625,-1,110235.0859375
110235.0859375,112073.73360670957,108563.59624767517,111990.16212568576,8015615.0,2024-07-17,0.0,52.2990332496883,2025.3266490072128,2713.802051830799,-688.4754028235861,106193.78685132862,111371.703125,116549.61939867138,9.298441396482643,0.39024376530773,-0.015795746574322866,-0.015671648038262265,112909.478125,111371.703125,-1,106892.09375
106892.09375,109817.2080708493,106808.52227311925,109817.2080708493,12420230.0,2024-07-18,0.0,45.14930482184009,1509.4055960670667,2472.922760678053,-963.5171646109861,105594.40270100244,111146.05078125,116697.69886149756,9.98982517367878,0.11687439749780486,-0.030795374245053513,-0.030326026954751728,112249.23828125,111146.05078125,-1,105304.1796875
105304.1796875,108062.14365245136,105304.1796875,107477.12076568384,7534455.0,2024-07-19,0.0,42.198317542018245,961.3215342641925,2170.602515395281,-1209.2809811310885,104737.9099606588,110723.9984375,116710.08691434121,10.812630615430951,0.047298810319290126,-0.014966744497281356,-0.014855299459413995,111187.8390625,110723.9984375,-1,103716.2578125
103716.2578125,105304.17594751986,102964.08448356044,105304.17594751986,7149435.0,2024-07-22,0.0,39.423357713313216,394.28388288855786,1815.3387888939365,-1421.0549060053786,103631.03663235673,110389.699609375,117148.36258639328,12.245097143908321,0.006304588676270141,-0.015194231181049884,-0.015079381271591585,109892.4296875,110389.699609375,1,104886.3046875
104886.3046875,106557.79431787602,104301.28181513475,104384.85329318623,6108340.0,2024-07-23,0.0,42.42759840102613,38.8674237436644,1460.0445158638822,-1421.1770921202178,103041.5115781805,110201.656640625,117361.8017030695,12.994623276479794,0.12882372446583323,0.01121807068275152,0.011281229188920605,108889.5328125,110201.656640625,0,105304.1796875
105304.1796875,105805.62358549018,103632.68250730634,104886.3072696187,4774455.0,2024-07-24,0.0,43.50521847297985,-206.70094081421848,1126.695424528262,-1333.3963653424805,102471.34338133475,109959.290234375,117447.23708741525,13.619489243846358,0.18915974977941133,0.003976160498298178,0.003984075911960261,108220.93515625,109959.290234375,0,104468.4296875
104468.4296875,104886.30962342763,103716.26382363499,103799.83530561934,2947910.0,2024-07-25,0.0,41.81927688453557,-463.4117570255039,808.6739882175088,-1272.0857452430128,101775.43332117535,109633.34921875,117491.26511632463,14.334900746114837,0.17135563687795663,-0.007968193983443887,-0.007936532077645553,107552.3375,109633.34921875,1,106975.6796875
106975.6796875,106975.6796875,103966.98618557797,105220.60347226638,4543765.0,2024-07-26,0.0,48.29303084936883,-459.24887221069366,555.0894161318685,-1014.3382883425621,101584.0787718858,109528.88125,117473.6837281142,14.50722839025474,0.3393162341333601,0.023716598479446696,0.024000073586824433,107067.60546875,109528.88125,0,107811.421875
107811.421875,109148.61811954892,107811.421875,108647.16671209238,5588770.0,2024-07-29,0.0,50.2790167133383,-384.084854937435,367.25456191800777,-751.3394168554428,101617.58082460251,109545.596484375,117473.61214414748,14.474366682376495,0.3906299707394395,0.007782091188846263,0.007812450362001844,106758.37890625,109545.596484375,0,106975.6796875
106975.6796875,108229.2969741884,106139.92732103907,107811.42454529226,2729870.0,2024-07-30,0.0,48.2819324107308,-387.48752468131715,216.3061445981428,-603.7936692794599,101617.58082460251,109545.596484375,117473.61214414748,14.474366682376495,0.337921813782798,-0.007782091188846199,-0.00775188911309399,106256.93125,109545.596484375,0,107477.1171875
107477.1171875,107477.1171875,105805.62006295468,106390.6429302453,3299580.0,2024-07-31,0.0,49.576055558121276,-345.736909527026,103.89753377310906,-449.63444330013505,101463.38827306038,109445.30625,117427.22422693961,14.586131192701771,0.3767095159217217,0.004676445550169023,0.004687397186583064,105981.134375,109445.30625,-1,104301.2890625
104301.2890625,108396.44945360869,103716.26614948447,108312.87046108143,7900845.0,2024-08-01,0.0,42.34843214011844,-562.4287063773518,-29.367714256983106,-533.0609921203686,100927.0896579283,108985.64609375,117044.20252957169,14.788289512711946,0.2093550768952112,-0.02999424042639935,-0.029548877082919756,105722.05390625,108985.64609375,-1,102964.0859375
102964.0859375,104301.28215131175,101125.43832775822,102044.76213262911,11436405.0,2024-08-02,0.0,39.72249037427458,-832.4635120990715,-189.9868738254008,-642.4766382736707,100547.59105721164,108337.941796875,116128.29253653837,14.381574193590737,0.15509538408746795,-0.012903473902494453,-0.012820581001627973,105488.04453125,108337.941796875,-1,99119.6484375
99119.6484375,102713.35718583986,98116.74563879885,101209.01800512486,11977480.0,2024-08-05,0.0,33.32464930124311,-1341.22125433576,-420.2337499274727,-920.9875044082874,99668.07636256516,107460.406640625,115252.73691868485,14.502700150985628,-0.035190238702363416,-0.03805255673067765,-0.037337654823970445,105028.38359375,107460.406640625,1,100958.296875
100958.296875,101877.62076193898,100122.55198251129,100289.70246274283,7737315.0,2024-08-06,0.0,38.43207515597646,-1577.8632425059768,-651.7596484431735,-926.1035940628033,99287.90611171778,106762.5578125,114237.20951328223,14.002384082834471,0.11173703004164165,0.018379838868509607,0.018549787721042543,104635.5828125,106762.5578125,0,101961.1796875
101961.1796875,101961.1796875,100456.84056806807,101125.4348979636,3246220.0,2024-08-07,0.0,41.083094314611,-1665.2831143771618,-854.4643416299713,-810.8187727471906,98918.64541302365,106261.108984375,113603.57255572634,13.81966298211889,0.20718756347308545,0.009884620196061946,0.009933634416809722,104301.2828125,106261.108984375,0,101459.734375
101459.734375,102295.47915265633,101041.86198617183,101626.88483226486,3053135.0,2024-08-08,0.0,40.15214681044515,-1754.7982171038602,-1034.5311167247492,-720.2671003791111,98514.500606876,105776.375390625,113038.25017437401,13.730617554120938,0.20278742444822898,-0.0049301354336933135,-0.004918002263575971,104000.41328125,105776.375390625,1,106056.3515625
106056.3515625,106056.3515625,101961.18390363161,102295.48483673687,6320860.0,2024-08-09,0.0,51.092615498111705,-1438.2517189028003,-1115.2752371603594,-322.9764817424409,98801.93126241471,105488.04296875,112174.15467508529,12.676529999359254,0.542499184781157,0.04430855725884926,0.04530484152965242,103908.48046875,105488.04296875,1,108647.1640625
108647.1640625,108814.31452757586,105471.32775206366,106056.350625495,7111025.0,2024-08-12,0.0,55.977399607157686,-967.1803688147629,-1085.6562634912402,118.47589467647731,99005.2102397357,105375.216796875,111745.2233540143,12.090141782423768,0.7568244817548816,0.024135033406961843,0.024428640640850263,103992.0546875,105375.216796875,0,108396.4453125
108396.4453125,108814.3177331657,106975.67758050292,108396.4453125,4712585.0,2024-08-13,0.0,55.400736736203235,-607.0857313518645,-989.9421570633651,382.8564257115006,99437.87581222817,105195.53125,110953.18668777183,10.946577995007422,0.7779702690700376,-0.002310308626364261,-0.002307641917425274,104134.13125,105195.53125,0,108229.2890625
108229.2890625,109900.7861645648,108229.2890625,109232.18432027163,3291530.0,2024-08-14,0.0,54.99397055714324,-331.3763489367557,-858.2289954380433,526.8526465012876,99645.55294336459,105095.24140625,110544.92986913542,10.370951890808112,0.7875437447107417,-0.0015432726278664826,-0.001542082395027844,104209.3484375,105095.24140625,0,107560.703125
107560.703125,108229.29751282756,107142.82318535548,107894.99656457943,2596240.0,2024-08-15,0.0,53.308033866167435,-164.92284662935708,-719.5677656763062,554.6449190469491,99624.64049420913,105128.671875,110632.70325579087,10.47103760111279,0.7209318117705339,-0.006196655091502421,-0.006177495420060519,104535.28984375,105128.671875,1,109148.6171875
109148.6171875,109482.91812294966,107894.99243389796,107894.99243389796,5857640.0,2024-08-16,0.0,56.70302163900842,94.04011140784132,-556.8461902594768,650.8863016673181,99530.00455035579,105320.89375,111111.78294964421,10.996657915550987,0.8304953095748379,0.014655045568396101,0.014762957254515374,105153.74296875,105320.89375,0,109065.0390625
109065.0390625,109817.21241888063,108647.16664421487,109566.49046964325,2873160.0,2024-08-19,0.0,56.47028415335269,289.19243481126614,-387.63846524532823,676.8309000565944,99618.20218237981,105588.3328125,111558.46344262018,11.308314983477823,0.7911750567449488,-0.0007660210687376449,-0.0007657277494997894,106148.28203125,105588.3328125,0,109900.78125
109900.78125,110736.52600932535,109232.1794356055,109232.1794356055,4302610.0,2024-08-20,0.0,58.31286506858418,505.46280645426305,-209.01821090540997,714.481017359673,99578.9271136931,105839.056640625,112099.1861675569,11.829526312178073,0.8244121860339255,0.007633577191477635,0.00766278722021152,107042.53046875,105839.056640625,1,111572.28125
111572.28125,111823.01070828592,109148.61821680509,109148.61821680509,7037655.0,2024-08-21,0.0,61.79598539462671,802.4841767562611,-6.71773337307576,809.201910129337,99397.06435612602,106152.46171875,112907.85908137397,12.727726240626131,0.9011473522813469,0.01509467308122938,0.01520917304671121,108003.640625,106152.46171875,0,111823.0
111823.0,112408.02283219725,111572.27056572419,111990.15045329461,3473575.0,2024-08-22,0.0,62.30475148410352,1046.0484648646088,203.83550627446115,842.2129585901477,99362.08589040874,106520.190234375,113678.29457834126,13.439901540198862,0.870406011899985,0.0022446208699120774,0.0022471419172491736,109039.9671875,106520.190234375,0,111237.9921875
111237.9921875,111739.43610642257,110652.96927631114,111739.43610642257,3513250.0,2024-08-23,0.0,60.28733854638532,1178.2871162046067,398.7258282604903,779.5612879441164,99270.77498093572,106733.305859375,114195.83673781429,13.98350930546729,0.8018202806463367,-0.005245284243016626,-0.005231551760371267,109558.13125,106733.305859375,-1,109900.78125
109900.78125,111572.27076865068,109900.78125,111405.12782371984,2978845.0,2024-08-26,0.0,55.83675704895948,1161.7930261865986,551.339267845712,610.4537583408866,99254.1795010674,106837.773828125,114421.36815518262,14.196466390731235,0.7019495828611538,-0.012094009708124846,-0.012021171105336292,109683.49296875,106837.773828125,0,110736.5390625
110736.5390625,110820.11805348516,108981.47035583573,109900.79420466044,2689275.0,2024-08-27,0.0,57.92728689968409,1202.3006384096807,681.5315419585057,520.769096451175,99243.90879078602,107025.816796875,114807.72480296399,14.542113742254015,0.7384198234367154,0.007575887964993778,0.007604657610202459,109917.50234375,107025.816796875,0,111405.140625
111405.140625,112408.0359531641,111070.83967938909,111154.41116145748,3118225.0,2024-08-28,0.0,59.57585862262334,1273.6716770356288,799.9595689739303,473.7121080616985,99197.85670851545,107222.21796875,115246.57922898456,14.967721079176444,0.7606389792654805,0.006019613990309449,0.006037768275588329,110235.0875,107222.21796875,0,111739.4296875
111739.4296875,111823.00867496505,110485.81245353939,110987.25634365629,2406605.0,2024-08-29,0.0,60.41111549154734,1341.741314254963,908.315918030137,433.42539622482604,99451.17384734678,107594.125,115737.07615265322,15.136423392361277,0.7545333141381634,0.0029961680188634186,0.0030006610163999525,110652.96015625,107594.125,0,112658.75
112658.75,112742.32898487027,111154.40335901656,111572.27575736349,3813170.0,2024-08-30,0.0,62.69401668675419,1453.1178206034092,1017.2762985447915,435.84152205861767,99942.19403329318,108078.858203125,116215.52237295681,15.056902534147143,0.7814354692095932,0.008193697980240467,0.008227358194605516,111003.9734375,108078.858203125,0,112658.75
112658.75,112658.75,112658.75,112658.75,0.0,2024-09-02,0.0,62.69401668675419,1523.8188689322124,1118.5848126222759,405.2340563099365,101559.06256998281,108755.81328125,115952.56399251719,13.234696140161073,0.7711596437986652,0.0,0.0,111363.34453125,108755.81328125,0,112658.75
112658.75,112658.75,112658.75,112658.75,0.0,2024-09-03,0.0,62.69401668675419,1561.8459709683666,1207.2370442914942,354.60892667687244,102956.57203385785,109340.8359375,115725.09984114215,11.677730189096847,0.7598509485648901,0.0,0.0,111639.14140625,109340.8359375,-1,111154.40625
111154.40625,111154.40625,109900.78902235423,111154.40625,5215480.0,2024-09-04,0.0,56.08421027990758,1453.8358404158644,1256.5568035163683,197.27903689949608,104406.38035848206,109800.497265625,115194.61417276795,9.825305060492965,0.6254986689834379,-0.013443056074293452,-0.013353101734219441,111597.35390625,109800.497265625,-1,109148.6171875
109148.6171875,111154.40778286115,108396.44383707247,111154.40778286115,9263940.0,2024-09-05,0.0,48.71017530298698,1192.6386238528794,1243.7731675836706,-51.134543730791165,106454.29907885396,110184.94140625,113915.58373364604,6.771601055068359,0.36110646266733554,-0.01820986800285354,-0.018045070188119516,111329.915625,110184.94140625,1,110402.234375
110402.234375,111070.83624555152,108897.89518359595,109065.0381425654,4394610.0,2024-09-06,0.0,52.8801449385961,1074.4092569006752,1209.9003854470716,-135.49112854639634,107217.8438394037,110402.235546875,113586.62725434631,5.768708743437117,0.4999998159970395,0.011419958545394045,0.01148541520545776,111246.33984375,110402.235546875,0,109733.640625
109733.640625,110235.0845220413,108730.74532224894,109315.76820790942,3317980.0,2024-09-09,0.0,50.52099454651655,916.2003169022064,1151.1603717380985,-234.96005483589215,107362.4431663616,110456.559375,113550.6755836384,5.602412796751844,0.38317847468338534,-0.006074392061960817,-0.006055980241568393,111229.62578125,110456.559375,0,108647.1640625
108647.1640625,109482.91638787928,108312.8631323483,109482.91638787928,4824365.0,2024-09-10,0.0,46.862275225065716,695.1359194173274,1059.9554812739443,-364.81956185661693,107408.27033817273,110469.0953125,113529.92028682726,5.541504555040774,0.20237905380387902,-0.009950375706096314,-0.009901034507848738,111020.68828125,110469.0953125,0,109148.6171875
109148.6171875,109733.6400702027,108480.01531660066,108647.16578432551,3668960.0,2024-09-11,0.0,48.70855207797158,554.0174992292741,958.7678848650104,-404.7503856357363,107570.45889619108,110515.06171875,113459.66454130893,5.32887151626925,0.2679747297697466,0.004604809222663196,0.004615427649004689,110795.0359375,110515.06171875,1,110569.3828125
110569.3828125,110736.53327706887,109482.91605580477,109482.91605580477,4735700.0,2024-09-12,0.0,53.62503205152454,550.4784734496934,877.110002581947,-326.6315291322536,108069.63398127384,110665.495703125,113261.35742497614,4.691366004115495,0.481487286126232,0.012932808670736335,0.013016799127737455,110678.03125,110665.495703125,0,111154.40625
111154.40625,111488.70718083953,110318.66143156949,110485.81189698925,3664820.0,2024-09-13,0.0,55.51585168530269,588.1010098223924,819.3082040300361,-231.20719420764374,108263.37286834458,110765.78515625,113268.19744415542,4.518384958632183,0.5776492937691106,0.005277059332117194,0.005291007534084402,110527.596875,110765.78515625,-1,109566.4921875
109566.4921875,111154.41040534733,109566.4921875,110151.51508400525,2203055.0,2024-09-16,0.0,49.604023567155664,484.20414290843473,752.287391805716,-268.08324889728124,108350.92627479379,110790.8578125,113230.78935020622,4.404571976210351,0.24909836483546702,-0.014388682446360575,-0.014285660065770034,110218.37109375,110790.8578125,1,111070.828125
111070.828125,111070.828125,109650.0530082872,109650.0530082872,3049110.0,2024-09-17,0.0,54.54270383936416,517.2894741820201,705.2878082809768,-187.99833409895678,108443.41534038995,110849.36015625,113255.30497211004,4.340926844266297,0.5460251555418231,0.013636489481635013,0.013729890475325579,110059.57890625,110849.36015625,1,112491.609375
112491.609375,112993.06080206324,111070.84159465734,111488.71402954232,6186540.0,2024-09-18,0.0,58.66293648579596,650.6546684940113,694.3611803235838,-43.70651182957249,108397.84070882516,110895.3265625,113392.81241617486,4.504222010234636,0.8195779487902187,0.012710546494755719,0.012791668829560177,110193.29921875,110895.3265625,0,112993.0546875
112993.0546875,113494.49857875907,112240.88134194302,112825.90422085753,5927445.0,2024-09-19,0.0,60.039603694052154,787.7295360490534,713.0348514686777,74.69468458037568,108314.08238195707,110953.829296875,113593.57621179294,4.758279965002138,0.8862539584951823,0.004447718351272302,0.004457624131133153,110577.74296875,110953.829296875,0,113076.625
113076.625,114497.40019747033,112825.90305695689,113912.37732459087,4277655.0,2024-09-20,0.0,60.27703834534559,892.8139781671198,748.9906768083662,143.8233013587536,108241.41328098986,111045.7609375,113850.10859401015,5.050796415521919,0.8620920640465981,0.0007393323724105067,0.0007396057459561067,110845.18203125,111045.7609375,0,111990.15625
111990.15625,113578.07437548914,111488.70486416061,113578.07437548914,2807380.0,2024-09-23,0.0,55.64777374786317,878.3007037220959,774.8526821911122,103.44802153098374,108369.90910487955,111150.2296875,113930.55027012045,5.002815721456177,0.6510485099722505,-0.00965470944586183,-0.00960825236869245,111070.83359375,111150.2296875,0,112408.0390625
112408.0390625,112575.18953992904,111739.43715278387,111990.16662326184,2313110.0,2024-09-24,0.0,57.01517879000293,890.2561608808755,797.9333779290648,92.32278295181072,108405.76404336031,111233.8046875,114061.84533163969,5.084858244460454,0.7076056398682363,0.0037244800028967432,0.0037314244974098187,111446.92109375,111233.8046875,0,112658.75
112658.75,112658.75,111655.85474223376,112240.87760165308,5151885.0,2024-09-25,0.0,57.85470508886897,909.4773355963844,820.2421694625288,89.23516613385561,108397.76847939614,111296.48515625,114195.20183310386,5.20899949856337,0.7349772322744812,0.0022278812635455857,0.0022303648350328054,111797.934375,111296.48515625,0,112240.875
112240.875,112825.89784585897,111906.57408560404,112825.89784585897,3237940.0,2024-09-26,0.0,55.8951778054502,880.8374886003003,832.3612332900831,48.4762553102172,108398.14009137297,111321.557421875,114244.97475237702,5.252203433380215,0.6572333803547531,-0.003716106515385584,-0.0037092103365251594,111965.08359375,111321.557421875,0,112157.3046875
112157.3046875,112324.45515761973,111572.28179641526,112240.88367689413,3855720.0,2024-09-27,0.0,55.49039619293246,841.6942503429746,834.2278367006613,7.466413642313228,108413.02709525288,111296.48515625,114179.94321724711,5.181579736231575,0.6492686061388954,-0.0007448395212476395,-0.0007445621971496896,112065.3734375,111296.48515625,0,112408.0390625
112408.0390625,112408.0390625,111154.41423611669,112157.30959202202,3485075.0,2024-09-30,0.0,56.508054094906775,821.4361163767608,831.6694926358813,-10.233376259120519,108423.33822336025,111283.949609375,114144.56099538977,5.1411032697095616,0.6964771339827133,0.0022330647730875856,0.0022355599191565823,112349.528125,111283.949609375,1,113578.078125
113578.078125,113828.8000718626,112575.18282888117,112575.18282888117,5434785.0,2024-10-01,0.0,60.99026461849748,889.5397130827187,843.2435367252489,46.29617635746979,108349.26245057174,111329.916015625,114310.56958067826,5.354631839720296,0.8771256974868913,0.010355056602979862,0.010408855738951672,112600.253125,111329.916015625,0,113160.203125
113160.203125,113578.0755297789,112491.60127041918,112491.60127041918,1977770.0,2024-10-02,0.0,58.66489279976833,899.4252693271555,854.4798832456303,44.94538608152527,108341.40126603153,111430.205859375,114519.01045271846,5.543926926315717,0.7800431709654341,-0.0036859719568646445,-0.003679187101053971,112667.1125,111430.205859375,-1,111990.15625
111990.15625,113745.22483743561,111990.15625,113160.20197495708,2645920.0,2024-10-03,0.0,52.61580783261681,803.5834299821872,844.3005925929417,-40.717162610754485,108669.55919182995,111572.2828125,114475.00643317004,5.203305960044121,0.5719795426826662,-0.010393564649011911,-0.010339738200253468,112566.82265625,111572.2828125,0,112073.7265625
112073.7265625,112658.74941890176,111572.27518186932,112240.87702271024,1688660.0,2024-10-04,0.0,52.98866920797283,726.0026015212352,820.6409943786005,-94.63839285736526,108799.0904171298,111655.857421875,114512.6244266202,5.117092950979418,0.5731367206235062,0.0007459508005143154,0.0007462290910054126,112466.5328125,111655.857421875,0,112073.7265625
112073.7265625,112742.32840334091,111655.85416630848,112157.29803827108,1530075.0,2024-10-07,0.0,52.98866920797283,656.9463672396378,787.9020689508079,-130.95570171117015,109059.49495160754,111772.86171875,114486.22848589247,4.855144129654673,0.5554412413746125,0.0,0.0,112474.88984375,111772.86171875,0,111823.0
111823.0,112909.46668341332,111655.84954670539,112073.72192560803,2424890.0,2024-10-08,0.0,51.576510339382644,575.3549323495972,745.3926416305659,-170.03770928096867,109651.32862761032,111931.653515625,114211.97840363969,4.074495134115687,0.4761758694570054,-0.0022396635373374877,-0.0022371573623026775,112416.3859375,111931.653515625,1,113160.203125
113160.203125,113494.49654362218,112240.87932928548,112240.87932928548,3012885.0,2024-10-09,0.0,58.00462646228238,611.5447419673728,718.6230616979273,-107.07831973055443,110204.11186040264,112132.2328125,114060.35376459737,3.439012857830877,0.7665730880061732,0.011887277385834932,0.011958211861602619,112466.53125,112132.2328125,1,118425.4140625
118425.4140625,118676.13601447696,113494.50145205227,113494.50145205227,11445030.0,2024-10-10,0.0,73.12982758376549,1052.9462374859431,785.4876968555304,267.4585406304127,109224.80764591778,112525.034375,115825.26110408222,5.865764445063686,1.3939355038101986,0.04547880375843463,0.04652882190114038,113084.98515625,112525.034375,-1,116670.3515625
116670.3515625,119344.7442208383,116670.3515625,118676.14230191924,4385640.0,2024-10-11,0.0,64.75741350615141,1246.7692469379836,877.7440068720211,369.0252400659624,109086.89320919011,112800.831640625,116514.77007205988,6.584948670001328,1.0209456205740075,-0.014930895076945516,-0.01481998195990053,113536.28984375,112800.831640625,-1,114998.8515625
114998.8515625,118091.11659292075,114580.97912736241,117923.96611713195,6446095.0,2024-10-14,0.0,57.952441198860164,1251.0776532387245,952.4107361453619,298.6669170933626,109565.66904492312,113072.449609375,116579.23017382689,6.202714412868135,0.7746681632510553,-0.014430308237646289,-0.0143266903511865,113795.37109375,113072.449609375,0,114497.40625
114497.40625,115834.60253136359,114163.10530249194,114998.85016259342,3289920.0,2024-10-15,0.0,56.04956305593172,1200.1945545770286,1001.9674998316952,198.22705474533336,109814.79637010516,113243.778515625,116672.76066114484,6.055930295626298,0.6827988133465397,-0.004369972001055105,-0.004360437566869768,113887.30390625,113243.778515625,0,113912.375
113912.375,114580.96933736051,113661.6455534052,113995.94647641951,3169400.0,2024-10-16,0.0,53.82883983007138,1099.9822886218317,1021.5704575897225,78.41183103210915,109892.58461589178,113314.816796875,116737.04897785823,6.040220118994358,0.5873053275644953,-0.00512265741112349,-0.00510955897745502,113962.52109375,113314.816796875,0,114497.40625
114497.40625,114580.97773254268,113243.7814511791,114079.52631128057,2966080.0,2024-10-17,0.0,55.718272589394694,1055.6021538863133,1028.3767968490408,27.225357037272488,109931.64166934279,113390.034375,116848.42708065722,6.099994103925791,0.6600992092639691,0.005122657411123513,0.005135800653792044,114213.24609375,113390.034375,0,114497.40625
114497.40625,115166.00063634745,114163.10530249194,114831.69968883938,2494810.0,2024-10-18,0.0,55.718272589394694,1008.8017388783046,1024.4617852548936,-15.66004637658898,109971.5584185275,113461.0734375,116950.58845647251,6.151034735088609,0.6484923845957749,0.0,0.0,114455.6140625,113461.0734375,-1,113243.7734375
113243.7734375,115082.42101001406,113243.7734375,114497.39814760834,3083495.0,2024-10-21,0.0,50.57481020851812,860.6335342267121,991.6961350492572,-131.06260082254516,110101.09172340689,113523.754296875,116946.41687034312,6.029861494040338,0.4590989685127934,-0.011009387731963523,-0.01094900621384165,114572.61875,113523.754296875,-1,111237.9921875
111237.9921875,113410.93335639164,111154.4131952337,113410.93335639164,6910580.0,2024-10-22,0.0,43.634404240310246,574.7342025569233,908.3037485507905,-333.5695459938672,109924.33687252506,113465.251953125,117006.16703372494,6.241408747874226,0.18549658563858654,-0.017870802339676042,-0.01771206653677082,114514.11796875,113465.251953125,0,112157.3046875
112157.3046875,112658.75609785916,110820.11594387933,111070.83789472464,3467365.0,2024-10-23,0.0,47.210139898684425,417.52479224518174,810.1479572896689,-392.6231650444871,109868.25446822957,113440.1796875,117012.10490677043,6.297460439696431,0.3204224723016417,0.00823041220964911,0.00826437516465095,114413.828125,113440.1796875,0,112240.875
112240.875,112240.875,111823.00261133902,112157.29601706704,2618780.0,2024-10-24,0.0,47.53596648978422,296.2634866761946,707.3710631669741,-411.1075764907795,109868.25446822957,113440.1796875,117012.10490677043,6.297460439696431,0.3321206892812611,0.0007448395212475455,0.000745116983087657,113795.37421875,113440.1796875,0,111990.15625
111990.15625,112491.60012717122,111655.85532610706,112240.87818858562,2114850.0,2024-10-25,0.0,46.606566644657256,177.88161209449754,601.4731729524788,-423.5915608579812,109846.50163279446,113431.822265625,117017.14289845554,6.321542863756062,0.2989488021763295,-0.002236254751056759,-0.002233756196216352,113327.3546875,113431.822265625,0,112742.328125
112742.328125,112825.89960056475,111655.85389064989,112073.72628580975,1731900.0,2024-10-28,0.0,49.77891807390418,143.10745409350784,509.8000291806846,-366.69257508717675,109880.23557925601,113448.53671875,117016.83785824398,6.29060760534999,0.4010441431170603,0.006693956023003964,0.0067164106220274356,113101.70234375,113448.53671875,0,113160.203125
113160.203125,113243.77460248848,112658.75173406438,113160.203125,2828080.0,2024-10-29,0.0,51.50286353606639,147.56664706603624,437.353352757755,-289.78670569171874,109857.64234470135,113427.64296875,116997.64359279866,6.2947629530346685,0.4625434457982379,0.0036996086260080428,0.003706460625300334,112967.98203125,113427.64296875,0,113578.078125
113578.078125,113578.078125,112993.05524320832,113160.20571067286,1966270.0,2024-10-30,0.0,53.231776054813494,182.7134034169867,386.42536288960133,-203.71195947261464,109880.23557925601,113448.53671875,117016.83785824398,6.29060760534999,0.5181516919657145,0.003685971956864671,0.003692773505703295,112934.55234375,113448.53671875,0,113578.078125
113578.078125,113661.64960439806,113076.62672260638,113578.078125,1427955.0,2024-10-31,0.0,53.23177605481351,208.16783185813983,350.7738566833091,-142.60602482516924,110026.21881277785,113527.9328125,117029.64681222216,6.168902952730583,0.5071601096640068,0.0,0.0,112842.61953125,113527.9328125,0,112491.609375
112491.609375,112825.9103263755,111655.86450523006,112825.9103263755,3067625.0,2024-11-01,0.0,48.06493073832931,139.06860534497537,308.43280641564235,-169.36420107066698,110078.80424448971,113548.826953125,117018.84966176028,6.111948140279371,0.34766417010844464,-0.009611877883697327,-0.009565831434515615,112642.03984375,113548.826953125,-1,110987.25
110987.25,112491.59660170403,110903.67852597997,112491.59660170403,3660335.0,2024-11-04,0.0,41.98782341082511,-36.65966876471066,239.41431137957176,-276.0739801442824,109895.62150483175,113494.503125,117093.38474516825,6.3419487659319165,0.15166218430897044,-0.01346330567967095,-0.013373080742272059,112416.3875,113494.503125,0,110820.109375
110820.109375,111990.15508781484,110569.37993034818,111154.40278675561,1905665.0,2024-11-05,0.0,41.36209450687663,-187.25389726928552,154.0806696498003,-341.33456691908583,109721.5999362687,113444.35859375,117167.1172512313,6.563144617552452,0.14753970641149697,-0.0015070794504414757,-0.0015059443764936509,112374.59921875,113444.35859375,1,112491.609375
112491.609375,112491.609375,111154.41307816682,111237.99207034508,2071725.0,2024-11-06,0.0,49.47181032134755,-169.76784954757022,89.31096581032621,-259.0788153578964,109665.48780463051,113410.92890625,117156.3700078695,6.60507966514519,0.37727486478795547,0.014970385130112515,0.015083002619532548,112408.0296875,113410.92890625,0,112909.4765625
112909.4765625,114998.84614849174,112157.30321119624,113076.62703041955,4106075.0,2024-11-07,0.0,51.285657139084144,-120.79914364538854,47.28894391918326,-168.0880875645718,110225.26939341097,113135.13203125,116044.99466908904,5.144047804770803,0.461225752409127,0.0037077697694573955,0.0037146520511321945,112474.88984375,113135.13203125,0,113494.4921875
113494.4921875,114330.24447364836,112909.46934153012,113745.22162767847,2422245.0,2024-11-08,0.0,53.78684529833097,-34.388806899863994,30.953393755373813,-65.3422006552378,110576.92088030555,112976.3390625,115375.75724469445,4.247647254469914,0.607974743386771,0.005167903462482736,0.005181280108726538,112625.3234375,112976.3390625,1,115583.8671875
115583.8671875,116586.76997901394,113661.64810010073,114079.52050889739,6085800.0,2024-11-11,0.0,61.40799466434754,200.37728379134205,64.83817176256747,135.53911202877458,110490.86394645914,113005.58984375,115520.31574104086,4.450622134299566,1.0126358595438978,0.018242080536101223,0.018409483665059456,112909.47734375,113005.58984375,-1,114330.25
114330.25,116085.31862274393,113578.07666044285,115834.59667911431,3351905.0,2024-11-12,0.0,55.49457607105498,282.02367853470787,108.27527311699555,173.74840541771232,110502.34963187389,112997.23203125,115492.1144306261,4.415829227898485,0.7671504614973744,-0.010905199093547717,-0.010845952969079864,113026.48203125,112997.23203125,0,115165.9921875
115165.9921875,115416.71412540316,113745.2245278246,114246.66840363092,3973710.0,2024-11-13,0.0,58.3725421323018,409.4465990198514,168.50953829756673,240.93706072228468,110410.04546409613,113059.912890625,115709.78031715387,4.687545494736713,0.8973933329249247,0.007283307769824859,0.007309895565696722,113185.2734375,113059.912890625,-1,113661.6484375
113661.6484375,116921.06374792497,113661.6484375,115249.57410777661,5446745.0,2024-11-14,0.0,51.87046241809109,384.6086837416078,211.72936738637495,172.87931635523287,110438.27141376615,113018.125,115597.97858623385,4.565380263092927,0.6247209223294404,-0.013148458976852798,-0.013062395603302801,113193.63046875,113018.125,-1,111906.578125
111906.578125,113410.92478541502,110820.11137699777,113076.62385895207,7548140.0,2024-11-15,0.0,45.502364087364484,220.76016469180468,213.53552684746091,7.224637844343761,110361.84425866453,112888.58359375,115415.32292883546,4.476518802252667,0.30567732984677326,-0.015561639660864813,-0.015441182990277302,113135.12734375,112888.58359375,0,111990.15625
111990.15625,112491.60012717122,110736.5315397356,111990.15625,4488910.0,2024-11-18,0.0,45.84334046823479,96.54023335999227,190.1364681499672,-93.59623478997491,110274.189605608,112825.902734375,115377.61586314201,4.523275359514703,0.3362381580137026,0.0007465774712198862,0.000746856229547399,113235.41796875,112825.902734375,-1,108647.1640625
108647.1640625,111655.85741652879,108563.59258429623,111572.27842965671,8789220.0,2024-11-19,0.0,36.11106572689656,-268.5606877217506,98.39703697562362,-366.9577246973742,109600.24603892751,112696.361328125,115792.47661732249,5.494614471505234,-0.15391577628792766,-0.03030537203336783,-0.02985076813391807,113018.1234375,112696.361328125,1,110652.96875
110652.96875,110652.96875,105889.20649088125,108647.17055784375,9729345.0,2024-11-20,0.0,43.81786904984802,-391.5406857177295,0.40949243695300197,-391.9501781546825,109399.34749151536,112621.14453125,115842.94157098464,5.721478063723025,0.19455310856389185,0.018293291457912534,0.01846163868894135,112834.259375,112621.14453125,0,111154.40625
111154.40625,111154.40625,109482.91661313898,110652.96236240902,3653205.0,2024-11-21,0.0,45.58504486233418,-443.4298216323077,-88.35837037689915,-355.0714512554086,109282.00491409919,112566.82109375,115851.6372734008,5.836206704131913,0.2850085413455093,0.004521385767604159,0.004531622654724288,112658.75234375,112566.82109375,0,111906.578125
111906.578125,112324.45052874456,110736.53239104793,111070.83331751087,3353285.0,2024-11-22,0.0,48.216280581347924,-419.02805693140544,-154.4923076878004,-264.53574924360504,109274.52605728124,112562.6421875,115850.75831771875,5.842286688227539,0.4002370907051347,0.0067441173366312454,0.006766910106184021,112499.9609375,112562.6421875,0,111906.578125
111906.578125,111990.15711094985,111321.55525802396,111990.15711094985,2127155.0,2024-11-25,0.0,48.21628058134793,-395.1346167021402,-202.62076949066835,-192.51384721147184,109221.13155326374,112520.8546875,115820.57782173627,5.865087220321003,0.40691998426677395,0.0,0.0,112132.23203125,112520.8546875,0,112993.0546875
112993.0546875,113578.07756641449,111405.13651739899,111488.70799638605,4802515.0,2024-11-26,0.0,52.09670729295091,-285.24123128944484,-219.14486185042367,-66.09636943902117,109218.75103477527,112512.497265625,115806.24349647474,5.85489845287799,0.5729499767428987,0.009661954544671386,0.009708781920633847,111998.5125,112512.497265625,1,116085.3203125
116085.3203125,116753.91467480059,112993.05543093945,112993.05543093945,11286445.0,2024-11-27,0.0,61.04416871823832,50.784647381908144,-165.1589600039573,215.94360738586545,109000.42479913836,112637.859375,116275.29395086164,6.458635837088661,0.9738863154237436,0.026999086798546307,0.02736686457014681,112090.4453125,112637.859375,0,116503.1875
116503.1875,117004.63888072652,115583.86372300208,116503.1875,5454105.0,2024-11-28,0.0,62.07504304897998,346.8081781371584,-62.76553237573417,409.57371051289255,108771.61186147261,112784.11484375,116796.61782602737,7.11536901776684,0.9634355005686711,0.003593192466999683,0.003599655721973294,112374.59921875,112784.11484375,1,120598.34375
120598.34375,121517.66749844517,116168.88297149276,116503.18388159425,13324705.0,2024-11-29,0.0,70.35460531038218,901.4623469267535,130.0800434847634,771.3823034419902,107874.79431837716,113189.4515625,118504.10880662285,9.390728854602227,1.197024459638769,0.034546917636044075,0.0351505940556347,113243.77578125,113189.4515625,0,119672.6171875
119672.6171875,122870.62328472998,119167.67402971987,121439.93336186392,7609320.0,2024-12-02,0.0,66.80416083860129,1251.9002480077615,354.44408438936307,897.4561636183985,107684.08538860035,113623.719921875,119563.35445514966,10.454920041974704,1.0091977655980544,-0.007705726397810628,-0.007676113400189255,114012.021875,113623.719921875,1,122029.0390625
122029.0390625,122786.46136215598,119251.82900447254,119251.82900447254,5869255.0,2024-12-03,0.0,70.83835842477137,1700.1698614130146,623.5892397940934,1076.5806216189212,107315.72400460545,114184.16640625,121052.60880789456,12.03046379864556,1.0710809087058548,0.019499217127517107,0.019690568572658718,115350.209375,114184.16640625,-1,120766.671875
120766.671875,123123.09341305659,120177.56649048584,122029.03731564461,6450465.0,2024-12-04,0.0,66.1971592996168,1931.3014368853765,885.13167921235,1046.1697576730264,107183.50361798723,114597.91953125,122012.33544451276,12.93987874054016,0.915997188174692,-0.010398689152071709,-0.01034480970429874,116361.5796875,114597.91953125,1,124974.5703125
124974.5703125,124974.5703125,120850.8251088932,121187.45891348693,5576580.0,2024-12-05,0.0,72.6335741589838,2426.0511057097465,1193.3155645118295,1232.735541197917,106511.55375271199,115201.17421875,123890.79468478802,15.085992872846438,1.062360354629281,0.03424992674592232,0.034843209406775655,117743.59609375,115201.17421875,0,125816.1484375
125816.1484375,127835.93616178542,124553.77543902164,127835.93616178542,5222380.0,2024-12-06,0.0,73.71169463322175,2853.1626213902637,1525.2849758875163,1327.8776455027473,105967.39572600406,115817.25703125,125667.11833649594,17.00931546425458,1.0075650862680008,0.006711422879919244,0.006733994947097033,119134.553125,115817.25703125,-1,123712.1953125
123712.1953125,125816.14521537106,122954.77304502376,125563.67364656778,5219850.0,2024-12-09,0.0,66.64313484841082,2987.442760497346,1817.7165328094825,1169.7262276878637,105762.5575619303,116223.6734375,126684.78931306969,18.00169546558899,0.8579217534760455,-0.016863839633764154,-0.016722441046946757,120315.11484375,116223.6734375,1,125816.1484375
125816.1484375,125816.1484375,123712.19848074716,123796.36071321457,4136780.0,2024-12-10,0.0,69.76548907102556,3226.439782470159,2099.461182741618,1126.9785997285412,105543.4934913519,116797.968359375,128052.4432273981,19.27169629080237,0.9006486390470341,0.0168638396337641,0.017006836873966646,121597.42421875,116797.968359375,0,126657.7265625
126657.7265625,127667.62799501218,125984.4665018919,126236.93807948662,5539090.0,2024-12-11,0.0,70.93734777171795,3444.054054301043,2368.379757053503,1075.67429724754,105323.5436813574,117372.555078125,129421.5664748926,20.531224507718335,0.8853084364608509,0.006666679805710619,0.00668895158094962,122654.66484375,117372.555078125,0,126405.2578125
126405.2578125,127835.94019896221,125563.68082764772,127835.94019896221,4770085.0,2024-12-12,0.0,70.06006278350586,3555.161129903019,2605.7360316234062,949.4250982796129,105450.00356109612,118009.735546875,130569.46753265389,21.28592514435386,0.83422378260663,-0.001995304326194241,-0.00199331502982103,123644.871875,118009.735546875,0,125816.1484375
125816.1484375,126994.35920351092,125731.99376609919,125816.1484375,3886770.0,2024-12-13,0.0,67.94843108801894,3554.7016962019698,2795.529164539119,759.1725316628508,106028.5436938089,118705.2140625,131381.8844311911,21.358236820189983,0.7804732697224113,-0.004671375479516212,-0.004660481574855324,124166.65234375,118705.2140625,0,126152.78125
126152.78125,126741.88662835794,125816.14744491932,125900.30211565622,3784765.0,2024-12-16,0.0,68.53209214140213,3540.6862195564026,2944.560575542576,596.1256440138268,106733.80835004523,119413.3453125,132092.88227495475,21.236381795138414,0.7657603332620141,0.002672020024098583,0.0026755930512945003,124814.66875,119413.3453125,-1,124553.7734375
124553.7734375,126657.72336044333,124301.30186628808,126321.09711918293,6839625.0,2024-12-17,0.0,62.69221316837369,3361.799553728022,3028.008371179665,333.791182548357,108407.48980136948,120208.67578125,132009.86176113054,19.63449959528007,0.6840958045936151,-0.012756184193202541,-0.012675168923396263,125067.1421875,120208.67578125,0,125142.890625
125142.890625,126068.62227125956,124553.7776703741,124553.7776703741,3361910.0,2024-12-18,0.0,63.912338349154844,3230.330180315723,3068.4727330068768,161.85744730884608,109844.43883090017,120933.171875,132021.90491909982,18.33861275971734,0.6898196454571491,0.0047186716155110464,0.004729822077976786,125504.7640625,120933.171875,0,124637.9375
124637.9375,125395.35978583155,123880.51521416845,123964.66988545348,5525980.0,2024-12-19,0.0,62.039470894242285,3050.2330694620323,3064.824800297908,-14.591730835875751,111418.90552227554,121607.3484375,131795.79135272445,16.756294822858994,0.6487268019125588,-0.004043175104140947,-0.004035012476362954,125471.10078125,121607.3484375,0,125816.1484375
125816.1484375,126741.8876282419,124806.25457535728,124974.5714792255,4069735.0,2024-12-20,0.0,64.64295519756999,2968.3591905087233,3045.5316783400713,-77.17248783134801,113046.1821319005,122302.826953125,131559.47177434948,15.137254063264274,0.6897729443134375,0.009408667657733993,0.009453068312366808,125471.10078125,122302.826953125,0,126068.6171875
126068.6171875,126152.7794180813,125142.88557857089,125816.14561788901,2892020.0,2024-12-23,0.0,65.19382412989803,2890.525491152046,3014.530440902466,-124.00494975042011,115023.08264797715,123010.92890625,130998.77516452286,12.987213948055965,0.6913962902129727,0.002004637588307748,0.0020066482175411515,125706.74296875,123010.92890625,0,126573.5703125
126573.5703125,126910.20411914102,125731.99335696403,126236.93650585898,2646035.0,2024-12-24,0.0,66.32393682718023,2836.885372098768,2979.0014271417267,-142.11605504295858,117101.44623937448,123689.9546875,130278.46313562551,10.653263581139216,0.7188367555194087,0.0039973830371459245,0.004005383229110704,125782.48515625,123689.9546875,0,126910.1953125
126910.1953125,127246.8290957811,126573.5615292189,126741.87842085944,2890065.0,2024-12-25,0.0,67.09105002591895,2789.3837361214537,2941.077888937672,-151.69415281621832,118558.1653356541,124231.1984375,129904.2315393459,9.133024833049431,0.7361168026790028,0.0026559901937493425,0.0026595204604633604,125807.73203125,124231.1984375,0,126068.6171875
126068.6171875,127415.1448272027,125479.51181769672,127078.51102701042,2568295.0,2024-12-26,0.0,63.21414498976679,2653.245068491102,2883.5113248483585,-230.26625635725668,120309.71444812085,124709.469921875,129109.22539562915,7.056008619891342,0.6544571367355203,-0.006653373230895442,-0.006631288549574177,125774.06796875,124709.469921875,0,125900.3046875
125900.3046875,126152.78382700135,125142.88995219608,125816.15001504403,2945955.0,2024-12-27,0.0,62.437058029737436,2502.9206699944916,2807.3931938775854,-304.4725238830938,120999.3561270398,124974.56796875,128949.77981046018,6.361633260783416,0.6164386648576371,-0.0013359784514830992,-0.0013350864295565978,125782.48359375,124974.56796875,0,126657.7265625
126657.7265625,126910.2057011614,124974.57263044642,125731.9949242972,2279760.0,2024-12-30,0.0,64.54903680263865,2417.042949861876,2729.3231450744433,-312.2801952125674,122166.752118044,125323.8234375,128480.89475695601,5.038262052434852,0.7112564129894032,0.005998020668885846,0.006016044813235366,125832.978125,125323.8234375,1,128340.8984375
128340.8984375,129519.10924026016,126489.41243720043,126826.04625543671,4143680.0,2024-12-31,0.0,68.75346652906532,2456.4853078792366,2674.755577635402,-218.27026975616536,122609.77752587547,125639.41640625,128669.05528662454,4.822752233388796,0.945842250168777,0.013201610954179224,0.013289136957384429,126211.690625,125639.41640625,0,128340.8984375
128340.8984375,128340.8984375,128340.8984375,128340.8984375,0.0,2025-01-01,0.0,68.75346652906532,2459.3933056662645,2631.683123241575,-172.28981757531028,123757.0240779904,126018.127734375,128279.2313907596,3.5885371367373833,1.0136364926407235,0.0,0.0,126531.49140625,126018.127734375,0,127920.0859375
127920.0859375,128509.19885902587,126321.09431461415,128340.8895226657,3648720.0,2025-01-02,0.0,66.46776424499927,2400.075289053071,2585.3615564038746,-185.28626735080343,123808.80332904142,126165.403515625,128522.00370220859,3.7357312241176035,0.8722910725087394,-0.0032842524138239166,-0.0032788651561834747,126859.70625,126165.403515625,-1,125395.359375
125395.359375,127330.99241887969,125395.359375,127330.99241887969,4986515.0,2025-01-03,0.0,54.7149589639166,2124.8470854210464,2493.258662207309,-368.4115767862627,123767.2111088339,126144.3640625,128521.5170161661,3.7689404062290133,0.34245761587514467,-0.019934119396958414,-0.019736748486344435,126817.62734375,126144.3640625,0,125647.828125
125647.828125,126405.25039132599,124890.40585867401,125479.51122569795,3987165.0,2025-01-06,0.0,55.561155401877144,1905.137628610537,2375.6344554879547,-470.4968268774178,124139.2500086902,126241.145703125,128343.0413975598,3.329969294444976,0.35886131750116523,0.002011357787709607,0.0020133819246450635,126775.5484375,126241.145703125,0,126321.1015625
126321.1015625,127330.99544393699,125816.15084124813,125816.15084124813,3971295.0,2025-01-07,0.0,57.82447289718576,1764.9980420369393,2253.5071727977515,-488.50913076081224,124173.88252536749,126266.393359375,128358.9041933825,3.314438273455516,0.5130723822873183,0.005344111598986402,0.005358416834950752,126750.3015625,126266.393359375,-1,124806.25
124806.25,126236.9322888316,124637.93310230222,126236.9322888316,4461885.0,2025-01-08,0.0,51.472335570956886,1514.2452721626032,2105.6547926707217,-591.4095205081185,123992.27800791964,126173.81953125,128355.36105458037,3.4579939506230977,0.18655890419123067,-0.012064555512243976,-0.011992070554819323,126539.90703125,126173.81953125,0,125227.0390625
125227.0390625,125563.67285950521,124553.77146848958,124806.25059677666,1971560.0,2025-01-09,0.0,53.016290248981825,1334.0974116096331,1951.3433164585042,-617.2459048488711,123896.36208794915,126114.90859375,128333.45509955086,3.518293801325884,0.2998983728922327,0.0033658674918035847,0.003371538384495887,126455.74921875,126114.90859375,-1,123964.671875
123964.671875,125479.5164709753,123880.51720236435,125227.04489200165,2903405.0,2025-01-10,0.0,48.07469022463767,1077.0508801324177,1776.4848291932872,-699.4339490608695,123605.63332139722,126022.334765625,128439.03620985277,3.83535418340301,0.07428276969427261,-0.01013178152312392,-0.010080627929483832,126262.1859375,126022.334765625,0,124217.1484375
124217.1484375,124974.57071977093,121776.56468784183,122954.77544669293,4012120.0,2025-01-13,0.0,49.09662894385705,883.5276438738365,1597.8933921293972,-714.3657482555607,123379.28793189224,125925.553125,128471.81831810778,4.044080220287332,0.1645273453597224,0.0020346103455838667,0.0020366815696861718,126018.128125,125925.553125,-1,122113.203125
122113.203125,124553.77940615693,122113.203125,124217.15314876528,3331780.0,2025-01-14,0.0,41.726778479900595,554.0020903222467,1389.1151317679671,-835.1130414457205,122789.49148698155,125803.524609375,128817.55773176845,4.79165131780233,-0.11218993529913719,-0.01708272215131287,-0.016937639762022116,125395.35859375,125803.524609375,0,122449.828125
122449.828125,123291.4050494716,121860.72276565661,122870.6165872358,3267035.0,2025-01-15,0.0,43.19598431203422,316.36666129666264,1174.5654376737064,-858.1987763770437,122309.70200790721,125668.871484375,129028.0409608428,5.346064521452247,0.020857256246584834,0.002752870790539947,0.0027566634187412564,124806.2515625,125668.871484375,0,122449.828125
122449.828125,123291.4050494716,121860.72276565661,122870.6165872358,3267035.0,2025-01-16,0.0,43.19598431203422,126.57973928179126,964.9682979953234,-838.3885587135321,121927.47027302357,125559.466015625,129191.46175822643,5.785299759317953,0.07191058153640431,0.0,0.0,124259.22578125,125559.466015625,1,125395.359375
125395.359375,126321.09856143518,122870.62095085547,123375.56409904442,4067550.0,2025-01-17,0.0,54.76878565979322,211.4149315575196,814.2576247077627,-602.8426931502431,121907.81666579212,125538.4265625,129169.03645920787,5.784061495944197,0.48029708622376005,0.023770241172057366,0.0240550051813313,124259.22578125,125538.4265625,0,126236.9375
126236.9375,126573.57130929208,124722.09291925226,125395.36053783643,2550355.0,2025-01-20,0.0,57.436921743946066,342.6064006446977,719.9273798951498,-377.32097925045207,121910.28237869313,125546.842578125,129183.40277755687,5.793152778284999,0.5948829228762409,0.006688976520913815,0.006711397688037524,124318.13671875,125546.842578125,0,126152.78125
126152.78125,127415.14667745277,125395.35896910173,126657.72439655449,2852345.0,2025-01-21,0.0,57.07435550219904,434.77407413869514,662.8967187438589,-228.1226446051637,121909.44128466146,125525.803125,129142.16496533855,5.761941768637535,0.5866863097058478,-0.0006668754459226428,-0.0006666531339133419,124301.3046875,125525.803125,0,125984.46875
125984.46875,126741.89105736648,125563.68025947791,125900.30651525549,3203440.0,2025-01-22,0.0,56.30878177838804,488.6038858603424,628.0381521671557,-139.43426630681324,121914.42787041226,125479.516796875,129044.60572333775,5.68234404701108,0.5708189842582702,-0.0013350865451320526,-0.0013341957135803995,124419.1265625,125479.516796875,1,129855.7265625
129855.7265625,131286.4164943342,126236.93951848034,126321.10175268241,8116470.0,2025-01-23,0.0,67.20496710576444,834.0283913589374,669.236200005512,164.79219135342532,121604.67963456697,125668.872265625,129733.06489668303,6.468097561132861,1.015090532973216,0.03026540303831095,0.030728056012856664,124881.9953125,125668.872265625,0,129098.296875
129098.296875,130024.04359293194,129098.296875,129687.40979751419,4204055.0,2025-01-24,0.0,63.849795412355334,1034.733787930687,742.3357175905471,292.39807034013984,121484.2671122337,125828.771875,130173.2766377663,6.905423454473815,0.8762828191628188,-0.005849933030501188,-0.0058328554893222195,125395.3578125,125828.771875,0,129098.296875
129098.296875,129098.296875,129098.296875,129098.296875,0.0,2025-01-27,0.0,63.849795412355334,1180.1897677184606,829.9065276161298,350.28324010233086,121377.19795377401,125950.800390625,130524.40282747598,7.262522227197238,0.8440938000004785,0.0,0.0,125883.47265625,125950.800390625,0,129098.296875
129098.296875,129098.296875,129098.296875,129098.296875,0.0,2025-01-28,0.0,63.84979541235534,1280.7015494015359,920.065531973211,360.63601742832486,121320.18201293518,125988.6703125,130657.15861206483,7.41096526852008,0.8330442707535394,0.0,0.0,126581.98203125,125988.6703125,0,129098.296875
129098.296875,129098.296875,129098.296875,129098.296875,0.0,2025-01-29,0.0,63.84979541235535,1344.8552068523713,1005.0234669490432,339.8317399033282,121266.3249174496,126026.540234375,130786.7555513004,7.554306113732391,0.822648917760408,0.0,0.0,127246.82890625,126026.540234375,0,129098.296875
129098.296875,129098.296875,129098.296875,129098.296875,0.0,2025-01-30,0.0,63.84979541235534,1379.7920586232212,1079.9771852838787,299.8148733393425,121199.07657212044,126085.45078125,130971.82499037955,7.750893031436429,0.8082905611404969,0.0,0.0,127911.67578125,126085.45078125,0,129098.296875
129098.296875,129098.296875,129098.296875,129098.296875,0.0,2025-01-31,0.0,63.84979541235534,1391.4401099123934,1142.2697702095818,249.1703397028116,121216.58352552351,126270.59765625,131324.6117869765,8.005052996557712,0.7797478544389759,0.0,0.0,128281.96953125,126270.59765625,-1,122449.828125
122449.828125,125563.6718188245,122281.51122789242,124553.77043617901,14659855.0,2025-02-03,0.0,37.92460867872623,854.3470291855047,1084.6852220047665,-230.33819281926185,120778.99293861202,126110.69765625,131442.402373888,8.455594674721482,0.1566886460216592,-0.0528727257097262,-0.051499275443094406,127903.25859375,126110.69765625,0,123038.9453125
123038.9453125,123712.20540458683,122281.52298323542,122870.62839921153,6287855.0,2025-02-04,0.0,40.240068345402676,470.8065617592074,961.9094899556547,-491.10292819644735,120442.88061878672,125946.58984375,131450.2990687133,8.739751083044364,0.23584682507737312,0.004799554050029729,0.004811090358563863,127591.875,125946.58984375,0,123123.09375
123123.09375,124132.98761749273,122702.30526863359,123628.0444642797,5984715.0,2025-02-05,0.0,40.581003756642126,171.6592724735383,803.8594464592314,-632.2001739856931,120235.21477298636,125862.43203125,131489.64928951365,8.941853684928757,0.2565992074299911,0.0006836833258143084,0.0006839170905299508,127305.7375,125862.43203125,0,123291.40625
123291.40625,123964.66628391978,122533.98398617377,123712.19471633316,3940590.0,2025-02-06,0.0,41.30234008510263,-51.24497722291562,632.8385617228021,-684.0835389457177,120026.9435407933,125765.650390625,131504.3572404567,9.126032159031373,0.2844249405510608,0.0013660927110664277,0.0013670262407616818,126649.30546875,125765.650390625,0,122954.78125
122954.78125,123459.73198236917,122702.30966434887,123291.41507157944,4445785.0,2025-02-07,0.0,40.24991275803762,-252.15434690276743,455.8399799976882,-707.9943269004557,119892.56717441251,125715.155859375,131537.74454433747,9.263145155665446,0.2629598483829035,-0.00273405418462177,-0.0027303200623522983,126034.95390625,125715.155859375,-1,119504.3046875
119504.3046875,122449.83931444568,119504.3046875,122449.83931444568,8912040.0,2025-02-10,0.0,31.41389397602758,-681.9401105049183,228.28396189716696,-910.2240724020852,119051.66044171462,125479.513671875,131907.3669020354,10.245263217976804,0.03520959716857831,-0.028464262453033153,-0.028062971829328487,125075.5546875,125479.513671875,1,122365.6640625
122365.6640625,122365.6640625,117905.29281971119,119672.60887126153,6165610.0,2025-02-11,0.0,42.65621647915969,-782.6388627800479,26.099396961723983,-808.7382597417719,119091.18305097352,125492.13671875,131893.09038652648,10.201362149282946,0.2557807149902359,0.02366141514696028,0.023943567409411504,124402.29140625,125492.13671875,0,122029.0390625
122029.0390625,122618.14445544724,121439.93366955276,122533.98978262623,2170510.0,2025-02-12,0.0,41.788387498197885,-879.468211567917,-155.01412474420425,-724.4540868237127,119025.42898625908,125471.097265625,131916.76554499092,10.274347510837977,0.232994465900159,-0.0027547668470357303,-0.0027509759586484828,123695.365625,125471.097265625,-1,120430.0390625
120430.0390625,122029.03832496879,120093.40525111709,122029.03832496879,3278420.0,2025-02-13,0.0,37.84929324544029,-1072.8647872670408,-338.58425724877156,-734.2805300182692,118666.9779678824,125370.1078125,132073.2376571176,10.69334622355532,0.13151028963233377,-0.013190045881350783,-0.01310343842977435,122828.53984375,125370.1078125,1,121944.8828125
121944.8828125,122029.03748423258,120850.82671357653,121187.46052264016,3739455.0,2025-02-14,0.0,43.302004763839264,-1091.317705125126,-489.13094682404244,-602.1867583010835,118321.79885601002,125197.583984375,132073.36911273998,10.98389427262925,0.26346692696543933,0.012500166793528828,0.012578620432181609,122113.1984375,125197.583984375,0,120850.828125
120850.828125,122029.03890941643,120682.5112185024,122029.03890941643,2836245.0,2025-02-17,0.0,40.53593863399228,-1180.613468203388,-627.4274510999117,-553.1860171034764,117806.38458604403,124928.278515625,132050.17244520597,11.401572188782255,0.21373833765698136,-0.009012202795296544,-0.008971714616202386,121953.2984375,124928.278515625,0,121103.3046875
121103.3046875,121524.0931642538,120430.03707584066,121019.1424555093,1914060.0,2025-02-18,0.0,41.46519480418417,-1216.9796711199451,-745.3378951039184,-471.6417760160267,117380.77855794759,124675.8046875,131970.83081705243,11.702392694135652,0.255141384242088,0.0020869794717146995,0.0020891587291305136,121759.734375,124675.8046875,0,121187.4609375
121187.4609375,121944.88322995271,120430.03864504729,121103.30626547933,3484270.0,2025-02-19,0.0,41.79171920991789,-1224.8896771529107,-841.2482515137169,-383.6414256391938,117007.8702357831,124435.954296875,131864.0383579669,11.938806758969728,0.28133706264913433,0.0006946715708886414,0.0006949129110651597,121566.17109375,124435.954296875,0,120345.8828125
120345.8828125,121692.41047931249,120345.8828125,121355.77667234272,3893210.0,2025-02-20,0.0,39.423358558252026,-1284.2625559291337,-929.8511123968003,-354.41144353233335,116779.77231965108,123960.462109375,131141.15189909894,11.585451792504836,0.24831252966478756,-0.006968657144145912,-0.006944432357024355,121271.61875,123960.462109375,0,119504.3046875
119504.3046875,120261.72701316408,119083.51618681262,120177.57233745341,6109490.0,2025-02-21,0.0,37.15574887919791,-1383.2787352446612,-1020.5366369663725,-362.7420982782887,116465.3102108383,123480.7625,130496.21478916169,11.362826317438223,0.21659291171837186,-0.007017560315263439,-0.0069929947359411715,120926.57109375,123480.7625,-1,118241.9296875
118241.9296875,119504.29508816099,117400.352753726,119504.29508816099,8622585.0,2025-02-24,0.0,33.99687484008588,-1545.793932882225,-1125.5880961495432,-420.20583673268175,116074.243239896,122937.944140625,129801.645041354,11.166122792614498,0.15790944848527513,-0.010619616055096492,-0.010563427010441773,120800.33359375,122937.944140625,-1,116979.5546875
116979.5546875,118157.7653986808,116306.29466442509,118157.7653986808,7831960.0,2025-02-25,0.0,31.145307715795283,-1756.207048605298,-1251.7118866406943,-504.49516196460377,115620.13826312525,122332.00703125,129043.87579937476,10.973201422928001,0.10126959207178911,-0.010733603890048732,-0.01067620431547689,120261.72265625,122332.00703125,1,119335.984375
119335.984375,119335.984375,116895.40070968839,117063.71760671673,3821910.0,2025-02-26,0.0,41.08007251962049,-1713.0695767518046,-1343.9834246629164,-369.0861520888882,115819.17123450394,121843.89140625,127868.61157799605,9.889244511501243,0.29186526844754956,0.01994373965162689,0.020143944758509225,119992.4171875,121843.89140625,0,118915.1875
118915.1875,119672.60975066833,118410.24437359862,119504.29285484579,3934955.0,2025-02-27,0.0,39.97097062664903,-1693.3180936557474,-1413.8503584614825,-279.46773519426483,116242.36652743776,121334.7359375,126427.10534756223,8.393918478028151,0.26243392390985015,-0.003532383989868193,-0.0035261524610857853,119840.93203125,121334.7359375,0,118073.609375
118073.609375,118746.86939034183,116979.55334387007,117905.29248089799,5398560.0,2025-02-28,0.0,37.77440351857995,-1725.6806499918312,-1476.2164167675523,-249.46423322427881,117014.85093721919,120783.5015625,124552.1521877808,6.240340073814961,0.14046916828512335,-0.007102290688044206,-0.007077129025255924,119453.8046875,120783.5015625,0,118241.9296875
118241.9296875,118999.35195232315,118073.61278853191,118241.9296875,2913985.0,2025-03-03,0.0,38.50232618683669,-1717.9427914233092,-1524.5616916987037,-193.38109972460552,116727.10861908097,120573.106640625,124419.10466216903,6.3795287833252,0.19693471758611059,0.0014245389163342998,0.0014255540538734568,119192.91484375,120573.106640625,0,117821.140625
117821.140625,118326.08375828524,117232.03526212298,117400.35216024017,3991995.0,2025-03-04,0.0,37.32675480019103,-1725.8698896511341,-1564.8233312891898,-161.04655836194434,116462.61598896075,120312.21640625,124161.81682353924,6.399350842794818,0.1764500842656126,-0.0035650600292239224,-0.0035587127477714198,118864.6984375,120312.21640625,0,117063.71875
117063.71875,117905.29568229456,117063.71875,117821.14101349165,3278765.0,2025-03-05,0.0,35.24097690253444,-1772.83366444899,-1606.4253979211499,-166.40826652784017,116137.40149433505,120009.24765625,123881.09381816494,6.452579676201816,0.11962216691052771,-0.0064493258726993985,-0.0064285736072672295,118452.32421875,120009.24765625,1,119167.671875
119167.671875,120766.67111416945,117400.35573259165,117400.35573259165,7379665.0,2025-03-06,0.0,44.515697903916795,-1621.588695536222,-1609.4580574441645,-12.130638092057552,116240.28287201365,119803.0609375,123365.83900298637,5.947724603372236,0.4108295477825016,0.01781311748976985,0.017972717315543063,118334.503125,119803.0609375,0,118999.3515625
118999.3515625,120093.40006060898,118746.87243434176,119251.82312959185,3397675.0,2025-03-07,0.0,43.97310655376672,-1498.0395431625511,-1587.1743545878421,89.13481142529099,116353.60398040306,119605.289453125,122856.97492584695,5.437360651171415,0.4068271061718367,-0.001413464702999515,-0.0014124662322559933,118284.0078125,119605.289453125,-1,117232.03125
117232.03125,119083.50194379214,117147.86902328857,119083.50194379214,6121450.0,2025-03-10,0.0,38.64668699113151,-1525.1529154548189,-1574.7700667612376,49.61715130641869,116070.7518459966,119491.67578125,122912.5997165034,5.725794559138988,0.16973183648372817,-0.014962900059045993,-0.014851512124179789,118183.01796875,119491.67578125,-1,115717.1953125
115717.1953125,116558.77227527309,115296.40683111345,116137.98379388655,6652060.0,2025-03-11,0.0,34.7601332978048,-1649.8565392968594,-1589.787361268362,-60.06917802849739,115624.0248131144,119159.25234375,122694.47987438561,5.933618180881491,0.013177440288948709,-0.013005901012040386,-0.012921689757891985,118056.78203125,119159.25234375,-1,114370.6640625
114370.6640625,116727.08553350372,114370.6640625,115885.50859702137,7112750.0,2025-03-12,0.0,31.707658449091454,-1836.1726230557542,-1639.0644136258406,-197.1082094299136,114906.692604618,118776.33359375,122645.97458288199,6.5158451554285275,-0.06926075876592355,-0.011704629929951221,-0.01163639722137777,117560.25,118776.33359375,0,114875.609375
114875.609375,116137.98236469152,114538.98313067328,114538.98313067328,4151730.0,2025-03-13,0.0,34.04660557721958,-1920.9411808662262,-1695.439767073918,-225.5014137923083,114342.05990014246,118498.612109375,122655.16431860754,7.015360155266656,0.06418173620824764,0.004405272299756497,0.004414989775910261,117156.2921875,118498.612109375,-1,110583.5546875
110583.5546875,114707.29989596143,110078.61154108151,114118.19451776217,18508100.0,2025-03-14,0.0,25.92028773721185,-2307.850354440059,-1817.9218845471464,-489.92846989291274,112772.35827836489,117930.545703125,123088.7331278851,8.747839491466753,-0.21216790033241995,-0.038078499103022544,-0.03736262824503511,116407.28671875,117930.545703125,-1,109405.34375
109405.34375,111172.65988167233,109068.70994556721,110751.87140666462,7713050.0,2025-03-17,0.0,24.21188200366059,-2678.6723702948802,-1990.0719816966932,-688.600388598187,111134.65218779429,117358.271484375,123581.89078095571,10.606187732424674,-0.13893109100876216,-0.010711651464740684,-0.010654486020362897,115523.628125,117358.271484375,0,109405.34375
109405.34375,111256.8221133138,109405.34375,109489.50598164147,6334775.0,2025-03-18,0.0,24.21188200366059,-2938.67625883875,-2179.7928371251046,-758.8834217136455,109870.04856644827,116773.3734375,123676.69830855174,11.823457125260779,-0.033658043415930865,0.0,0.0,114682.0484375,116773.3734375,-1,104860.8203125
104860.8203125,109910.29726368598,103935.08110720033,109489.5087779316,20847660.0,2025-03-19,0.0,18.698749506496156,-3471.419907169824,-2438.1182511340485,-1033.3016560357755,107553.25414472025,115957.04140625,124360.82866777976,14.494656227192761,-0.16019169384174448,-0.04242578472865517,-0.04153840463117231,113461.75859375,115957.04140625,0,105197.4453125
105197.4453125,106712.28989204085,104776.65683175345,104860.81906454275,9433910.0,2025-03-20,0.0,20.149163737635675,-3822.398037262028,-2714.9742083596448,-1107.4238289023833,105790.82730630542,115199.61953125,124608.41175619459,16.334762672358092,-0.0315333774845324,0.003205065862673011,0.0032102075779762984,112064.7359375,115199.61953125,1,107722.1953125
107722.1953125,108563.77230519132,105197.44921229221,105197.44921229221,7388520.0,2025-03-21,0.0,30.206166667123853,-3852.4162527216104,-2942.4626172320377,-909.9536354895727,104867.10963786664,114610.5140625,124353.91848713337,17.00263628399754,0.14651376203861072,0.023716631632819642,0.024000107535881332,110937.0203125,114610.5140625,0,108563.765625
108563.765625,108816.23719505883,107133.07575217827,108142.97715454648,5853730.0,2025-03-24,0.0,33.225136850444315,-3764.8988039765973,-3106.9498545809497,-657.9489493956476,104183.30543612555,114126.605859375,124069.90628262446,17.425034852085997,0.22027194203204628,0.0077820544246029535,0.007812413310540389,110070.19375,114126.605859375,-1,106459.8125
106459.8125,109321.1845982555,106459.8125,109237.02237006392,6473580.0,2025-03-25,0.0,29.75939503385618,-3821.2628891025524,-3249.8124614852704,-571.450427617282,103190.74524530211,113600.61875,124010.49225469788,18.327142262502658,0.15701762625754234,-0.01957013544627024,-0.019379883452711577,109144.45546875,113600.61875,-1,103514.2890625
103514.2890625,106459.8159225766,103261.80993087453,106459.8159225766,11194790.0,2025-03-26,0.0,25.71521328281024,-4056.846160051922,-3411.2192011986012,-645.626958853321,101844.90865506651,112809.533984375,123774.15931368349,19.439182030176944,0.07612573878704412,-0.028057904767092155,-0.027667937490496675,108058.81796875,112809.533984375,1,106207.34375
106207.34375,106459.81531912791,101915.28926949335,102672.70397687709,7434060.0,2025-03-27,0.0,34.48189550527678,-3980.357509399124,-3525.046862838706,-455.3106465604178,101226.46973184019,112174.141796875,123121.81386190982,19.519065427500866,0.22748553247534511,0.025683594854303247,0.026016260285321335,107191.99140625,112174.141796875,-1,104355.8671875
104355.8671875,106375.66245805715,104355.8671875,106123.1833235709,3386520.0,2025-03-28,0.0,31.711100317965716,-4022.7664404045063,-3624.5907783518664,-398.17566205263984,100379.1534880524,111488.2546875,122597.3558869476,19.928738198631333,0.17898449334701103,-0.017586398620647446,-0.017432660465157346,106569.22265625,111488.2546875,-1,101831.125
101831.125,103850.92019577808,101831.125,103850.92019577808,6217245.0,2025-03-31,0.0,28.364030728002263,-4211.553253837148,-3741.9832734489232,-469.56998038822485,99239.31108161742,110667.714453125,122096.11782463257,20.65354548611059,0.11339352638025958,-0.024491054037397583,-0.024193581592913294,105811.80078125,110667.714453125,0,101410.34375
101410.34375,102841.02612955634,99979.66137044365,102672.70922118498,8997945.0,2025-04-01,0.0,27.836685549244578,-4345.034836967141,-3862.593586152567,-482.44125081457423,98226.3981986894,109847.174609375,121467.95102006059,21.158079763107178,0.13699366715217395,-0.00414070862403611,-0.004132147710240841,105012.30078125,109847.174609375,1,102672.703125
102672.703125,102925.18225309951,101662.80929580102,101999.44309255613,4508230.0,2025-04-02,0.0,31.92572562550579,-4299.397325607832,-3949.95433404362,-349.44299156421175,97606.55775857889,109127.623828125,120648.68989767111,21.114848221549632,0.2198644351069459,0.012371193925768804,0.01244803368492664,104793.4890625,109127.623828125,-1,95519.2734375
95519.2734375,98969.75083986903,95519.2734375,96529.17479507103,13207635.0,2025-04-03,0.0,23.722546598000363,-4785.289423396302,-4117.021351914156,-668.2680714821454,95919.67514722586,107945.20390625,119970.73266527413,22.280802340173004,-0.016647987699725662,-0.07221824602505454,-0.06967216669839671,103825.671875,107945.20390625,0,95098.4921875
95098.4921875,95855.91448250464,88870.80448285452,88870.80448285452,24810675.0,2025-04-04,0.0,23.342604449988528,-5145.007498035178,-4322.618581138361,-822.3889168968171,94600.26692174068,106750.1609375,118900.05495325931,22.763233158726248,0.020503276206075734,-0.004414928819409589,-0.004405197347688405,102563.3015625,106750.1609375,0,95098.4921875
95098.4921875,95098.4921875,95098.4921875,95098.4921875,0.0,2025-04-07,0.0,23.342604449988528,-5368.205334313097,-4531.735931773308,-836.4694025397894,93481.49190670271,105643.483984375,117805.47606204728,23.024594833451506,0.06647760788160183,0.0,0.0,101216.77421875,105643.483984375,-1,88450.015625
88450.015625,90890.59940536378,88450.015625,89207.43791680025,18717860.0,2025-04-08,0.0,18.046238475513135,-6012.262107501636,-4827.841166918974,-1184.4209405826623,90828.0464397383,104280.125,117732.2035602617,25.799889595954546,-0.08838897290427516,-0.07247551714536668,-0.06991148239649891,99415.79453125,104280.125,0,88618.3359375
88618.3359375,90890.60290027357,82306.4857834846,82306.4857834846,19427295.0,2025-04-09,0.0,18.550108192732097,-6434.921923589514,-5149.257318253082,-1285.664605336432,88703.27067489411,102992.50859375,117281.74651260588,27.748111224709042,-0.002971982756408374,0.0019011908307108322,0.001902999239860259,97926.19921875,102992.50859375,1,94761.859375
94761.859375,94761.859375,94761.859375,94761.859375,1156210.0,2025-04-10,0.0,34.40272138120278,-6202.651568831134,-5359.936168368693,-842.7154004624408,88405.30597119757,101986.82109375,115568.33621630243,26.633863036220745,0.2340148851746012,0.06702821294774795,0.06932564657762086,96781.65078125,101986.82109375,1,99727.1796875
99727.1796875,99727.1796875,96192.54738492193,98464.81424846496,22107600.0,2025-04-11,0.0,43.90539623577053,-5553.893954632033,-5398.727725621362,-155.16622901067058,88454.26968769087,101444.00234375,114433.73499980914,25.609661204104555,0.43391616664838806,0.05107125349659568,0.052397877640315116,96318.78203125,101444.00234375,0,99727.1796875
99727.1796875,100989.55268760167,95940.07580932825,100989.55268760167,10600010.0,2025-04-14,0.0,43.90539623577053,-4982.315835762289,-5315.445347649547,333.12951188725856,88509.23355886445,100960.094140625,113410.95472238556,24.664914762100036,0.4504887856936122,0.0,0.0,96108.3875,100960.094140625,-1,97623.2265625
97623.2265625,98464.81105563401,95687.59356989135,97707.3887923466,8926760.0,2025-04-15,0.0,40.987501320652385,-4645.55640974456,-5181.46756006855,535.9111503239892,88501.21070319926,100370.98828125,112240.76585930074,23.651809713759874,0.3842538665665023,-0.02132281235252022,-0.02109708839248081,95729.67578125,100370.98828125,-1,90806.4375
90806.4375,97539.07591748038,90806.4375,96360.86513955465,20737030.0,2025-04-16,0.0,33.27207235459464,-4872.562181699381,-5119.686484394716,247.12430269533525,87265.54490685373,99668.269140625,112070.99337439626,24.888009675921804,0.14274656625456558,-0.07238526151056376,-0.06982753287851817,94543.04921875,99668.269140625,1,92068.8046875
92068.8046875,93667.80384767475,88281.69345438486,88365.85568237977,9867115.0,2025-04-17,0.0,35.686430925571955,-4894.186276601889,-5074.586442836151,180.40016623426163,86452.56324005475,99011.837109375,111571.11097869526,25.369237125549855,0.22358941710653293,0.013805993895182243,0.013901736729843739,94198.00234375,99011.837109375,1,93920.28125
93920.28125,96781.65351950418,92994.5420508859,92994.5420508859,8608325.0,2025-04-18,0.0,39.16321403897799,-4707.657892675328,-5001.200732803986,293.5428401286581,86271.21689226905,98321.74140625,110372.26592023096,24.512431007888846,0.31737474783178726,0.019910176078741446,0.020109705657462174,94080.18125,98321.74140625,0,94004.4453125
94004.4453125,94677.70538609634,92573.75536937418,94256.91689496527,4982145.0,2025-04-21,0.0,39.32379223433183,-4501.154955636855,-4901.1915773705605,400.03662173370503,86421.31662990151,97593.775390625,108766.23415134849,22.89584292851679,0.3393670473529424,0.0008957210652020156,0.0008961223431174226,93970.7765625,97593.775390625,-1,92910.3828125
92910.3828125,93583.6428399067,87524.27234898122,93415.33350385475,10496395.0,2025-04-22,0.0,37.92253521928062,-4375.345333106583,-4796.022328517765,420.67699541118236,86382.53450160599,96916.30390625,107450.07331089402,21.737868614621625,0.30985338961455167,-0.011706668814838148,-0.011638412378935925,94416.81328125,96916.30390625,0,92910.3828125
92910.3828125,94004.43886323547,90638.11604300309,94004.43886323547,6567420.0,2025-04-23,0.0,37.92253521928062,-4226.915055248319,-4682.200873863876,455.2858186155572,86188.55192888029,96386.10859375,106583.66525861972,21.159805730617403,0.32958046248353895,0.0,0.0,94846.01796875,96386.10859375,1,94256.9140625
94256.9140625,95687.5964015663,93078.70329831209,93836.12558401383,8901115.0,2025-04-24,0.0,40.92718425346531,-3955.0379565815965,-4536.76829040742,581.7303338258234,86670.76834835211,95788.587109375,104906.4058703979,19.037380206082013,0.4160066082129949,0.014388779495300754,0.014492796275712205,94795.5234375,95788.587109375,0,94593.5390625
94593.5390625,94593.5390625,92742.06085626445,94256.905286627,6191715.0,2025-04-25,0.0,41.68705438003902,-3670.1038997164287,-4363.435412269222,693.3315125527934,87116.35078540904,95300.470703125,103484.59062084096,17.17540292788416,0.45681077209690424,0.0035649938980673013,0.0035713560469079475,94282.159375,95300.470703125,-1,92152.9609375
92152.9609375,94593.54461421882,91900.48937131058,94256.9108185887,4431755.0,2025-04-28,0.0,37.8823601587011,-3599.7304132868303,-4210.694412472744,610.963999185914,87128.86667616267,94816.5625,102504.25832383733,16.215934476294336,0.3267620348452824,-0.0261393609746659,-0.0258006852179139,93524.7375,94816.5625,0,92068.8046875
92068.8046875,92994.5362679804,91816.32556458152,92237.12158242358,3387325.0,2025-04-29,0.0,37.75440302543765,-3510.285241146412,-4070.612578207478,560.3273370610659,87234.8279880815,94349.485546875,101464.14310566851,15.08149730240719,0.33971956200786163,-0.0009136407478077034,-0.0009132235051793058,92969.2953125,94349.485546875,0,92068.8046875
92068.8046875,92068.8046875,92068.8046875,92068.8046875,0.0,2025-04-30,0.0,37.75440302543765,-3400.2038642141997,-3936.5308354088224,536.3269711946227,87823.843333392,93819.290625,99814.73791660799,12.78084123567311,0.3540154009901646,0.0,0.0,93095.53203125,93819.290625,0,92068.8046875
92068.8046875,92068.8046875,92068.8046875,92068.8046875,0.0,2025-05-01,0.0,37.75440302543764,-3275.209009190803,-3804.266470165219,529.0574609744158,87658.71651091363,93646.7671875,99634.81786408636,12.788590266222572,0.36824071929034263,0.0,0.0,93095.53203125,93646.7671875,0,92068.8046875
92068.8046875,92068.8046875,92068.8046875,92068.8046875,0.0,2025-05-02,0.0,37.75440302543764,-3139.9542480278615,-3671.4040257377474,531.4497777098859,87508.57689708532,93495.2828125,99481.98872791466,12.806434154374829,0.38086285303182554,0.0,0.0,92910.384375,93495.2828125,0,91395.5390625
91395.5390625,92321.27822384557,89964.85676665056,92152.96132532216,8242740.0,2025-05-05,0.0,36.43027869358162,-3051.9102628086985,-3547.5052731519377,495.5950103432392,87303.18957840484,93310.13515625,99317.08073409517,12.87522640018985,0.3406348060808621,-0.007339504053409524,-0.007312635667262146,92649.49375,93310.13515625,0,91395.5390625
91395.5390625,92321.27822384557,89964.85676665056,92152.96132532216,8242740.0,2025-05-06,0.0,36.43027869358162,-2948.150328374235,-3427.6342841963974,479.48395582216244,87819.06072924854,93457.411328125,99095.76192700147,12.066139043976849,0.3171564334757877,0.0,0.0,92498.009375,93457.411328125,1,92321.28125
92321.28125,93415.33734573053,91395.54205831006,91395.54205831006,6539130.0,2025-05-07,0.0,39.797331162734494,-2759.411398080847,-3293.9897069732874,534.5783088924404,88447.50449385056,93642.55859375,98837.61269364944,11.09549798278616,0.37283314876590257,0.010078010508373172,0.010128964684665176,92439.09921875,93642.55859375,0,92321.28125
92321.28125,93583.6466887045,91648.01363383765,92237.12657851301,4515820.0,2025-05-08,0.0,39.797331162734494,-2580.09273305806,-3151.210312190242,571.1175791321821,88321.52356324533,93520.5296875,98719.53581175469,11.118427454650273,0.3846656063833808,0.0,0.0,92245.5359375,93520.5296875,1,96192.5546875
96192.5546875,96445.02628226038,91732.18285437489,92910.39371134626,14541635.0,2025-05-09,0.0,52.101553348261675,-2101.3786018230167,-2941.243970116797,839.8653682937802,88839.21733275613,93343.7984375,97848.37954224386,9.651591600399644,0.8162065665772923,0.04107727955437968,0.04193262252304364,92405.4375,93343.7984375,1,99558.8671875
99558.8671875,99895.50101056066,98212.33945632433,98464.8186041533,10022480.0,2025-05-12,0.0,59.79623135721623,-1433.8325890112465,-2639.761693895687,1205.9291048844407,88880.66210311964,93335.3828125,97790.10352188036,9.545620482061725,1.1985268865335523,0.03439713866987624,0.03499556188039832,93146.028125,93335.3828125,0,99558.8671875
99558.8671875,99895.50101056066,98212.33945632433,98464.8186041533,10022480.0,2025-05-13,0.0,59.79623135721623,-894.486481093074,-2290.7066513351647,1396.2201702420907,88524.16134027115,93432.16484375,98340.16834722884,10.506025439283523,1.1241542349559583,0.0,0.0,93895.034375,93432.16484375,1,100568.765625
100568.765625,101242.02568975868,99811.34332647976,100989.55411060751,9850785.0,2025-05-14,0.0,61.92441102111561,-381.1665897771891,-1908.7986390235696,1527.6320492463806,88232.03220927027,93920.28125,99608.53029072973,12.112930168061501,1.0844051770056717,0.010092629346037598,0.010143731703958103,94745.03046875,93920.28125,1,106291.5
106291.5,106291.5,100989.55160307074,100989.55160307074,13892345.0,2025-05-15,0.0,71.22106737240982,481.8653161230468,-1430.6658479942466,1912.5311641172934,86774.85085934398,94631.416015625,102487.98117190602,16.604560064881184,1.242059904833425,0.05534359118842729,0.05690369509295645,96167.3,94631.416015625,-1,105197.4453125
105197.4453125,106796.45212483013,104019.23454198304,106459.81831580625,8977245.0,2025-05-16,0.0,67.8122149203785,1065.2635543226643,-931.4799675308645,1996.7435218535288,86041.92318160596,95195.27421875,104348.62525589403,19.23068369152543,1.0463666286347744,-0.010346303873057456,-0.010292964983088959,97480.1640625,95195.27421875,-1,99474.7109375
99474.7109375,101410.34404785564,98128.183227641,99979.66166409719,11404205.0,2025-05-19,0.0,53.4115081531767,1053.6877673927665,-534.4464205461384,1588.134187938905,86140.02572636283,95468.7875,104797.54927363718,19.543061178266615,0.7147082075147756,-0.05593556547913921,-0.05439993678553712,98288.08125,95468.7875,0,99474.7109375
99474.7109375,101410.34404785564,98128.183227641,99979.66166409719,11404205.0,2025-05-20,0.0,53.4115081531767,1032.6105808534776,-221.03502026621516,1253.6456011196929,86385.70051260336,95797.00390625,105208.30729989664,19.648429512173134,0.6953877628540133,0.0,0.0,99095.9984375,95797.00390625,0,100316.2890625
100316.2890625,100400.45129842416,98296.50125525692,98296.50125525692,9097995.0,2025-05-21,0.0,55.03991607896412,1071.4639109910204,37.46476598523196,1033.9991450057885,86652.00422307472,96167.29921875,105682.59421442529,19.789044868632562,0.7180168794365133,0.00842463476874291,0.008460221870147056,99895.49921875,96167.29921875,0,99558.8671875
99558.8671875,100989.55715497432,98464.8186041533,100989.55715497432,6928060.0,2025-05-22,0.0,53.236394756469544,1029.273021087487,235.82641700568297,793.446604081804,86846.04022055693,96432.396875,106018.75352944309,19.882025056100897,0.6630687457810648,-0.0075789859510112054,-0.007550337857175959,100619.2578125,96432.396875,-1,98296.5
98296.5,98969.76007346112,97286.60610927493,98548.97158241457,7303305.0,2025-05-23,0.0,50.279299763533785,883.7862175039481,365.41837710533605,518.3678403986121,87037.69218731644,96617.544921875,106197.39765643356,19.830461935883044,0.5876294826573013,-0.012760678016318732,-0.01267960577657612,100829.65234375,96617.544921875,0,98717.2890625
98717.2890625,99138.07755598241,96781.65594362745,98212.338333681,4626910.0,2025-05-26,0.0,51.25133672529188,793.2964109356253,450.99398387139394,342.3024270642314,87562.16542226657,96945.761328125,106329.35723398342,19.35844492282335,0.5943949287750655,0.004271677676522656,0.004280814296541591,100745.49453125,96945.761328125,0,98717.2890625
98717.2890625,99138.07755598241,96781.65594362745,98212.338333681,4626910.0,2025-05-27,0.0,51.25133672529188,713.3594238984806,503.46707187681125,209.89235202166935,88154.59115124348,97278.185546875,106401.77994250652,18.757739660419904,0.5788671357592386,0.0,0.0,100661.33671875,97278.185546875,1,100147.9609375
100147.9609375,100484.59472136774,98801.4333630951,98801.4333630951,6322930.0,2025-05-28,0.0,54.74034310746665,756.7289491668344,554.1194473348158,202.6095018320185,88817.97298082279,97682.143359375,106546.31373792721,18.14900876189973,0.6390890220302684,0.014388602913853955,0.014492617135122288,100619.25625,97682.143359375,0,99643.0234375
99643.0234375,100484.60038352488,98885.601161651,100316.2834821066,4523640.0,2025-05-29,0.0,53.29066213737898,741.8043156971107,591.6564210072748,150.14789468983588,89567.00211114385,98060.854296875,106554.70648260614,17.32363489311723,0.5931361357619865,-0.005054668274060419,-0.005041914935393632,99954.40859375,98060.854296875,-1,98548.96875
98548.96875,100147.96799444647,98548.96875,100147.96799444647,3372950.0,2025-05-30,0.0,50.18923496408961,634.3825985547883,600.2016565167776,34.1809420380107,90372.69787479905,98384.8625,106397.02712520096,16.287393043215264,0.5102410682803389,-0.01104046423300069,-0.01097974198049334,99289.5609375,98384.8625,0,97707.390625
97707.390625,98548.9675728527,97286.60215107365,98044.02442856769,3353860.0,2025-06-02,0.0,47.8808288213488,475.85641590987507,575.3326083953971,-99.476192485522,91380.09318124193,98700.455078125,106020.81697500807,14.833491681651797,0.4321710820370892,-0.00857636701436728,-0.008539694891530725,99112.82890625,98700.455078125,0,97707.390625
97707.390625,98548.9675728527,97286.60215107365,98044.02442856769,3353860.0,2025-06-03,0.0,47.8808288213488,346.23212562216213,529.5125118407501,-183.28038621858798,92524.36921889287,99016.04765625,105507.72609360713,13.11237640971901,0.3992050327293496,0.0,0.0,98936.096875,99016.04765625,1,98801.4375
98801.4375,99306.38819694436,97875.70589720161,98212.33213409812,3908390.0,2025-06-04,0.0,51.26063918439506,328.00336256914306,489.2106819864287,-161.20731941728565,93659.05275017043,99340.05546875,105021.05818732956,11.437486503853766,0.4525948150853315,0.011134951944862725,0.011197176262734754,98784.61171875,99340.05546875,0,98548.96875
98548.96875,99474.70794033565,98044.02559968353,99306.3910365413,3304295.0,2025-06-05,0.0,50.44763638901158,289.8436808316619,449.3372817554754,-159.49360092381346,95001.05370124702,99651.43984375,104301.825986253,9.333304465634685,0.3814645644504889,-0.00255858493049541,-0.0025553145418557577,98683.621875,99651.43984375,0,98296.5
98296.5,98717.28849104655,98044.02841758545,98548.97158241457,2648220.0,2025-06-06,0.0,49.600451243025454,236.5034751304338,406.7705204304671,-170.26704530003332,95346.73008766802,99756.637109375,104166.54413108199,8.841330561037015,0.33444808448480423,-0.0025651480833154042,-0.002561860902273505,98683.621875,99756.637109375,0,97791.546875
97791.546875,98380.65226022611,96781.65300905048,97202.44148977389,3512905.0,2025-06-09,0.0,47.86896261707418,151.7363584114355,355.7636880266608,-204.0273296152253,95171.70221823081,99668.27109375,104164.83996926917,9.02306988206832,0.2913159710543403,-0.005150280695025402,-0.005137040738988685,98591.04765625,99668.27109375,0,97791.546875
97791.546875,98380.65226022611,96781.65300905048,97202.44148977389,3512905.0,2025-06-10,0.0,47.86896261707418,83.59418595740863,301.3297876128104,-217.73560165540175,95005.49504719587,99579.905078125,104154.31510905412,9.187415929630161,0.30452580867988377,0.0,0.0,98498.4734375,99579.905078125,0,97370.7578125
97370.7578125,98801.44015062481,97370.7578125,98464.81390469735,3862850.0,2025-06-11,0.0,46.30667719817,-4.313414950534934,240.20114710014133,-244.51456205067626,94768.21493268697,99420.0046875,104071.79444231302,9.357854627817964,0.2797356519735527,-0.004312202760923032,-0.0043029185645040435,98220.753125,99420.0046875,1,100087.296875
100087.296875,100341.96960181056,98559.24526016247,98559.24526016247,6605945.0,2025-06-12,0.0,56.236744272598486,143.56623507828044,220.87416469576917,-77.30792961748872,95735.30269903057,99109.79453125,102484.28636346942,6.809603123847518,0.6448369698834173,0.027516836149122384,0.027898920821085138,98265.18046875,99109.79453125,0,99323.2734375
99323.2734375,99917.51489889502,98898.81634035888,99832.61890327442,4776065.0,2025-06-13,0.0,53.2537169124521,196.84253868971427,216.0678394945582,-19.225300804843926,97018.4287899731,98816.0859375,100613.7430850269,3.638389702388937,0.6410690299587314,-0.007662855332885417,-0.007633570506496934,98342.6109375,98816.0859375,1,101021.09375
101021.09375,101700.23115272242,97625.42961734791,97710.31797919486,9279465.0,2025-06-16,0.0,58.51936886037286,371.7786699956632,247.2100055947792,124.56866440088402,96859.03354099357,98893.405078125,100927.77661525643,4.114271392565145,1.0229351259198094,0.01694942545564463,0.017093881964818314,98673.98125,98893.405078125,0,101021.09375
101021.09375,101700.23115272242,97625.42961734791,97710.31797919486,9279465.0,2025-06-17,0.0,58.51936886037284,504.60009856875695,298.6880241895748,205.91207437918217,96735.68043206853,98970.72421875,101205.76800543146,4.5165755920739885,0.9586866582811662,0.0,0.0,99005.3515625,98970.72421875,0,100851.3125
100851.3125,101275.76954415812,100341.95947081843,101021.08921607416,5290345.0,2025-06-18,0.0,57.76473683472547,589.3682394898933,356.8240672496385,232.5441722402548,96683.21736512873,98997.475390625,101311.73341612126,4.675387965934787,0.9005251551363785,-0.0016820653519187484,-0.0016806514728514577,99210.3390625,98997.475390625,-1,99323.2734375
99323.2734375,101445.56655019287,98813.92034473829,100851.32508879785,7540205.0,2025-06-19,0.0,51.347023880568194,527.1707239495881,390.8933985896285,136.27732535995966,96681.09107267782,98985.695703125,101290.30033357219,4.656439729148511,0.573239836871605,-0.015267360103725926,-0.015151404821826198,99287.76953125,98985.695703125,0,98474.34375
98474.34375,99408.15386530913,98219.6710374563,99323.2655034568,6215635.0,2025-06-20,0.0,48.146616868403996,404.71194640151225,393.65710815200526,11.054838249506986,96699.82861782369,98994.587890625,101289.34716342631,4.636130765727709,0.386645159953986,-0.00858387388278446,-0.008547137625646184,99305.55390625,98994.587890625,0,98389.453125
98389.453125,98729.02181857199,97200.97032448457,98049.88443142801,5275395.0,2025-06-23,0.0,47.8256035219656,297.3844560558209,374.4025777327684,-77.01812167694749,96670.44986146808,98978.19609375,101285.94232603192,4.663140617547873,0.3724420041262849,-0.0008624300822116041,-0.0008620582962757251,99365.34453125,98978.19609375,0,98389.453125
98389.453125,98729.02181857199,97200.97032448457,98049.88443142801,5275395.0,2025-06-24,0.0,47.8256035219656,209.90696981853398,341.50345614992153,-131.59648633138755,96641.63133693814,98961.804296875,101281.97725681185,4.6890271987697005,0.37665764971880134,0.0,0.0,99425.13515625,98961.804296875,0,98898.8125
98898.8125,99323.26958065893,98729.02814233901,98729.02814233901,4912685.0,2025-06-25,0.0,50.13901103185233,179.61103222728707,309.12497136539463,-129.51393913810756,96647.36791003631,98899.346875,101151.3258399637,4.554082582183271,0.49988135435358927,0.005163616854123309,0.005176971299483579,99577.940625,98899.346875,0,99408.15625
99408.15625,101360.6648893091,99323.26788611128,99323.26788611128,6900805.0,2025-06-26,0.0,52.41133170501951,194.4594596731622,286.19186902694815,-91.73240935378595,96649.54665170214,98887.603515625,101125.66037954786,4.52646597623175,0.616295689972456,0.005136933646464413,0.005150150311461044,99510.0265625,98887.603515625,0,99323.2734375
99323.2734375,100426.86036466944,98983.7047089922,100172.18763178223,4752145.0,2025-06-27,0.0,51.98613516103605,197.10550229117507,268.3745956797936,-71.2690933886185,96686.13899273404,98926.31875,101166.49850726598,4.528986392240478,0.5885988470819096,-0.0008542465355914704,-0.0008538817708934054,99510.0265625,98926.31875,1,100341.96875
100341.96875,101445.56326845573,99832.61567371571,100087.29602535139,7887965.0,2025-06-30,0.0,56.54268999933088,278.19583978630544,270.338844501096,7.85699528520945,96809.83646361135,99058.04765625,101306.25884888864,4.539179290995834,0.7855428124266013,0.010204121063340683,0.010256360641808904,99442.1140625,99058.04765625,0,100341.96875
100341.96875,101445.56326845573,99832.61567371571,100087.29602535139,7887965.0,2025-07-01,0.0,56.54268999933088,338.5578325270908,283.982642106295,54.57519042079582,96966.18140311813,99189.7765625,101413.37172188188,4.483516822887037,0.7590831749742359,0.0,0.0,99374.2015625,99189.7765625,0,100851.3125
100851.3125,101445.55388721864,100341.95947081843,101021.08921607416,5300810.0,2025-07-02,0.0,58.80944023782934,422.6231934205571,311.71075236914743,110.91244105140964,96957.83345380842,99292.2703125,101626.70717119158,4.702152244770852,0.8339225436094734,0.005063239040385211,0.005076078896448788,99374.2015625,99292.2703125,0,100681.5390625
100681.5390625,100766.42742973198,99832.61725524442,100596.64306828086,4210955.0,2025-07-03,0.0,57.72856629814409,470.1269689818728,343.3939956916925,126.73297329018027,97013.16244112092,99398.898828125,101784.63521512909,4.8003275994623795,0.7688143252879844,-0.001684821867442328,-0.0016834033518403624,99510.028125,99398.898828125,0,100172.1796875
100172.1796875,101700.23121761378,100002.39533671105,100596.636750979,7249945.0,2025-07-04,0.0,54.492594476018056,461.35479776657303,366.98615610666866,94.36864165990437,97142.20570926166,99492.6828125,101843.15991573835,4.724924560870391,0.6445444573920392,-0.0050719545557523955,-0.005059113912470159,99679.81171875,99492.6828125,1,105095.8984375
105095.8984375,105859.9242249847,104416.76864139522,104671.44136156116,7340220.0,2025-07-07,0.0,71.26215726790738,841.9996944182203,461.98886376897906,380.01083064924126,96546.7704614957,99857.900390625,103169.0303197543,6.631683454542483,1.2909683641216094,0.047982749518252495,0.049152556781335566,100350.45625,99857.900390625,0,105095.8984375
105095.8984375,105859.9242249847,104416.76864139522,104671.44136156116,7340220.0,2025-07-08,0.0,71.26215726790738,1130.6303149353917,595.7171540022616,534.91316093313,96314.25783644643,100223.11796875,104131.97810105357,7.800316357194892,1.1232994151517999,0.0,0.0,101021.10078125,100223.11796875,0,105690.1328125
105690.1328125,106708.83887912065,105265.67576490127,105350.57175061286,9273830.0,2025-07-09,0.0,72.67172448840596,1391.284052492323,754.8305337002739,636.4535187920492,96265.29314415934,100639.08671875,105012.88029334066,8.692037491981292,1.0774216372594503,0.0056382858552284365,0.005654210904846968,101700.2328125,100639.08671875,-1,104246.984375
104246.984375,106029.70867166377,103822.52729869723,105944.820307198,14028160.0,2025-07-10,0.0,64.4091209328846,1464.5219025441183,896.7688074690428,567.7530950750755,96196.88406709138,100847.07109375,105497.25812040862,9.222254997045352,0.8655673698454449,-0.01374860424160153,-0.013654523833934618,102184.115625,100847.07109375,0,105180.796875
105180.796875,106369.27976606331,104841.22815555702,105095.9008816457,5957230.0,2025-07-11,0.0,67.02194323112394,1579.7044414446136,1033.355934264157,546.3485071804566,96167.20413028945,101139.947265625,106112.69040096055,9.833390801115561,0.9062998529585555,0.008917811028265363,0.008957693170680736,102769.86796875,101139.947265625,1,107897.328125
107897.328125,108576.45791643276,106114.59621514195,107982.21648880902,6875160.0,2025-07-14,0.0,73.18837581509928,1868.6481891137228,1200.41438523407,668.2338038796527,95666.49307133918,101483.758984375,107301.02489741083,11.464427355181988,1.0512528769101759,0.02549936501563482,0.025827254885969486,103525.40390625,101483.758984375,0,107897.328125
107897.328125,108576.45791643276,106114.59621514195,107982.21648880902,6875160.0,2025-07-15,0.0,73.18837581509928,2073.7334821409167,1375.0782046154395,698.6552775254772,95350.10453375909,101827.570703125,108305.03687249092,12.72242109801629,0.9685286856904702,0.0,0.0,104280.93984375,101827.570703125,0,106963.515625
106963.515625,108491.56715569772,106963.515625,107472.86105057478,6440000.0,2025-07-16,0.0,68.11098675233546,2136.288387137829,1527.3202411199175,608.9681460179115,95283.58852894926,102133.180859375,108982.77318980075,13.413059835778155,0.8526001645505785,-0.008692308596644148,-0.0086546397044992,104892.16015625,102133.180859375,0,107218.1875
107218.1875,107812.42890985172,106199.48902982372,107557.7561990543,5822450.0,2025-07-17,0.0,68.74776095003718,2181.269178663759,1658.110028628686,523.1591500350728,95453.87351291161,102527.9265625,109601.97961208838,13.799270670466774,0.8315115750915179,0.0023780929118150254,0.0023809228175786235,105545.825,102527.9265625,0,107812.4375
107812.4375,109595.16187159691,106963.52331171211,107557.76476891109,9584330.0,2025-07-18,0.0,70.24102049254859,2239.0573295326467,1774.2994888094781,464.75784072316856,95815.40012473629,102994.83125,110174.26237526372,13.941342566671203,0.8355144833862472,0.005527133754286809,0.005542436538577,106309.85078125,102994.83125,0,107680.8515625
107680.8515625,109730.98563576609,107680.8515625,109730.98563576609,7563700.0,2025-07-21,0.0,69.44970523432468,2248.319739563449,1869.1035389602723,379.2162006031765,96332.46379109897,103459.401171875,110586.33855265102,13.777263931648303,0.7961616024585685,-0.0012212533803448115,-0.0012205079539177044,106568.34609375,103459.401171875,0,107680.8515625
107680.8515625,109730.98563576609,107680.8515625,109730.98563576609,7563700.0,2025-07-22,0.0,69.44970523432468,2229.954736145257,1941.2737783972693,288.6809577479876,96979.56571211308,103923.97109375,110868.37647538693,13.364395737673199,0.7704969153071265,0.0,0.0,106826.84140625,103923.97109375,1,109438.109375
109438.109375,109535.73480709188,106118.844683876,107680.85159734612,6889600.0,2025-07-23,0.0,73.98831269293139,2330.333721516814,2019.0857670211783,311.24795449563567,97512.60150733523,104450.9359375,111389.27036766478,13.285346594340607,0.8593926963089293,0.016187404142263002,0.01631912997530538,107201.6390625,104450.9359375,0,109145.2265625
109145.2265625,110121.48082513416,108657.09943118291,109633.35369381709,4795100.0,2025-07-24,0.0,72.06661776139673,2359.0578449957684,2087.0801826160964,271.977662379672,98123.97202490004,104937.789453125,111751.60688134997,12.986394060203931,0.808743017676587,-0.002679829059443852,-0.002676241522927003,107691.46328125,104937.789453125,0,108461.859375
108461.859375,109438.11373481098,108168.9830670567,109340.48829882988,6420800.0,2025-07-25,0.0,67.6514868395059,2300.1650282628107,2129.6971517454394,170.46787651737122,98950.56017412576,105394.71875,111838.87732587424,12.228617623924812,0.7379783635743242,-0.006280764534944556,-0.006261081762551357,108019.56953125,105394.71875,0,108657.1015625
108657.1015625,108949.97784703504,107876.09813707322,108168.97442160826,7611000.0,2025-07-28,0.0,68.2499779493062,2243.386101013195,2152.4349415989905,90.95115941420454,99673.2740537283,105810.475390625,111947.6767275217,11.600366247745768,0.7319156579368805,0.001798481710519031,0.0018000999487290947,108095.546875,105810.475390625,0,108657.1015625
108657.1015625,108949.97784703504,107876.09813707322,108168.97442160826,7611000.0,2025-07-29,0.0,68.2499779493062,2173.3355329285696,2156.6150598649065,16.72047306366312,100538.72892198543,106226.23203125,111913.73514051456,10.708283632975698,0.7137026991062458,0.0,0.0,108171.52421875,106226.23203125,-1,103482.953125
103482.953125,108949.97706367924,103482.953125,108657.10078125,16059500.0,2025-07-30,0.0,43.508992562603325,1680.9326708061126,2061.478582053148,-380.5459112470353,101087.41853642372,106357.8140625,111628.20958857627,9.910687940576109,0.2272632648464353,-0.048790171359482076,-0.04761905446671433,107823.46796875,106357.8140625,0,103580.5859375
103580.5859375,105435.46919180018,102799.58246200517,104459.21484743166,7488200.0,2025-07-31,0.0,43.92208565236908,1283.7793972537038,1905.9387450932593,-622.1593478395555,101756.27180386803,106502.76640625,111249.26100863196,8.91337335647541,0.19217488762301133,0.0009430228052450095,0.0009434675910540147,107459.7078125,106502.76640625,-1,101530.453125
101530.453125,104361.59076021635,101335.20225360576,103580.58727463942,8944200.0,2025-08-01,0.0,37.68960331244052,794.446102194066,1683.6402165134207,-889.1941143193546,102180.0422362877,106570.680078125,110961.31791996231,8.239860792140222,-0.07397434435356125,-0.019991133569394585,-0.01979263579119972,106831.509375,106570.680078125,1,104068.7109375
104068.7109375,104068.7109375,102311.4531543152,103971.08550510084,4617800.0,2025-08-04,0.0,47.603008782252374,604.4939033331611,1467.810953877369,-863.3170505442079,102033.05649447932,106519.320703125,111005.5849117707,8.423381183868319,0.22687634391858594,0.024692578808604516,0.024999965373689426,106470.2953125,106519.320703125,0,104068.7109375
104068.7109375,104068.7109375,102311.4531543152,103971.08550510084,4617800.0,2025-08-05,0.0,47.603008782252374,448.782136096459,1264.005190321187,-815.223054224728,101890.49264863745,106467.961328125,111045.43000761257,8.598772104558664,0.2379282570106413,0.0,0.0,106109.08125,106467.961328125,0,103287.703125
103287.703125,106118.84054525047,102506.699698724,104459.20826441399,11395000.0,2025-08-06,0.0,45.04557999134305,259.3687934056361,1063.077910938077,-803.7091175324408,101563.03419298245,106347.83984375,111132.64549451755,8.99840684643441,0.1802235093645746,-0.0075330344549308205,-0.007504732262601399,105494.040625,106347.83984375,0,102409.078125
102409.078125,103678.20874046712,102018.57639716397,103482.95787654909,11814200.0,2025-08-07,0.0,42.29281818817797,37.92251302501245,858.0468313554641,-820.1243183304516,101236.41237635736,106255.94453125,111275.47668614265,9.448002513245541,0.11681026363180272,-0.00854296638309129,-0.008506578938411224,104820.42578125,106255.94453125,1,103678.2109375
103678.2109375,104849.71614583333,102409.08029513889,103092.45833333333,9565800.0,2025-08-08,0.0,47.30233693724921,-34.766086424468085,679.4842477994777,-714.2503342239457,101049.78539460014,106180.815234375,111311.84507414985,9.664702288165772,0.25613040899945255,0.01231661459647073,0.012392776458263866,104342.0609375,106180.815234375,0,103873.4609375
103873.4609375,106899.84936707001,102799.58117216869,103385.33377144032,10278500.0,2025-08-11,0.0,48.04951548845188,-75.74415053531993,528.4385681325182,-604.1827186678381,100816.52689805305,105979.621875,111142.71685194694,9.743561801035053,0.2960369752150659,0.0018814597428495423,0.0018832307987808328,103863.696875,105979.621875,0,103873.4609375
103873.4609375,106899.84936707001,102799.58117216869,103385.33377144032,10278500.0,2025-08-12,0.0,48.04951548845188,-106.98629021721717,401.3535964625711,-508.33988667978826,100616.37868724213,105778.428515625,110940.47834400786,9.760118203344938,0.3154834182681869,0.0,0.0,103385.3328125,105778.428515625,1,104947.34375
104947.34375,105630.72180232558,104068.7148255814,104849.71831395349,11011800.0,2025-08-13,0.0,52.35830664951081,-44.57866771481349,312.1671436270942,-356.7458113419077,100534.3028368713,105677.619921875,110820.9370068787,9.733976008933649,0.4290072768404408,0.01028529969538895,0.010338375200053651,103531.771875,105677.619921875,-1,102604.328125
102604.328125,105240.21476569933,102409.07726272597,105044.9639034253,21845000.0,2025-08-14,0.0,43.81885729207344,-182.08301711930835,213.31711147781374,-395.4001285971221,100182.097978753,105446.926953125,110711.75592749701,9.98574188266751,0.23003882538614948,-0.022578619973953735,-0.02232563056175496,103434.14609375,105446.926953125,-1,101335.203125
101335.203125,103287.71185573218,101237.5776884634,103287.71185573218,17905400.0,2025-08-15,0.0,40.012145382155175,-388.9800656029547,92.85767606166007,-481.8377416646148,99677.15089814187,105123.065234375,110568.97957060812,10.361026524657163,0.15222900366120906,-0.012446251841795777,-0.012369117591743861,103414.62109375,105123.065234375,-1,98113.5625
98113.5625,100554.19838308457,97625.43532338308,98992.19141791045,11392300.0,2025-08-18,0.0,32.33329358172014,-803.6430444365396,-86.44246803797986,-717.2005763985597,98507.84704027355,104644.70078125,110781.55452222643,11.72893361089533,-0.03212432273241857,-0.03230825566001108,-0.031791919546714786,102819.10625,104644.70078125,0,98113.5625
98113.5625,100554.19838308457,97625.43532338308,98992.19141791045,11392300.0,2025-08-19,0.0,32.33329358172014,-1119.3631213638582,-293.0265987031555,-826.3365226607027,97552.94432619432,104166.336328125,110779.72833005569,12.697752911455831,0.042385070599324254,0.0,0.0,102223.59140625,104166.336328125,0,97918.3046875
97918.3046875,99089.80982832752,97625.42840229312,98211.18097270688,9153600.0,2025-08-20,0.0,31.902929805767556,-1369.542002901071,-508.32967954273863,-861.2123233583325,96903.96490374433,103590.34609375,110276.72728375568,12.909274738699015,0.07585117830791879,-0.00199210342557445,-0.001990120504491877,101686.6515625,103590.34609375,-1,95380.046875
95380.046875,97918.30810197032,95184.7960113869,97723.05723835721,19969500.0,2025-08-21,0.0,26.891975271233207,-1752.4258865510055,-757.1489209443921,-995.2769656066134,95802.20050711311,102902.087109375,110001.97371163689,13.799305342981807,-0.029729603848787055,-0.026264101048550564,-0.02592219933342077,100983.7484375,102902.087109375,1,99285.0703125
99285.0703125,100456.57556692479,95380.05279775074,95380.05279775074,12624800.0,2025-08-22,0.0,41.988489049505176,-1720.9236307319952,-949.9038629019127,-771.0197678300825,95677.99710466727,102443.24765625,109208.49820783272,13.20780179535821,0.2665882941311654,0.04012580610210384,0.040941722775809763,100544.434375,102443.24765625,-1,96453.921875
96453.921875,99577.9355389676,96453.921875,99577.9355389676,6736000.0,2025-08-25,0.0,36.15875474450195,-1902.4773098683072,-1140.4185522951916,-762.0587575731156,95228.22468118818,101833.088671875,108437.95266256182,12.971940803973666,0.0927874665958387,-0.02892980964200389,-0.028515349071002838,99802.48046875,101833.088671875,0,96453.921875
96453.921875,99577.9355389676,96453.921875,99577.9355389676,6736000.0,2025-08-26,0.0,36.15875474450195,-2023.0395677686174,-1316.9427553898768,-706.0968123787407,95030.6171636582,101222.9296875,107415.2422113418,12.234999605245545,0.11492513546932229,0.0,0.0,99060.5265625,101222.9296875,1,97625.4296875
97625.4296875,97625.4296875,95575.2956640625,96453.92453125,5812500.0,2025-08-27,0.0,40.14678043476997,-2000.9889805934363,-1453.7520004305889,-547.2369801628474,94634.58714960008,100930.053515625,107225.51988164992,12.47490939861697,0.2375393945427747,0.012072608773325206,0.012145776861393065,98328.33515625,100930.053515625,1,102506.7109375
102506.7109375,102604.33637648809,98796.94425595237,98992.19513392857,19436400.0,2025-08-28,0.0,53.25078996233835,-1571.5196290391614,-1477.3055261523034,-94.21410288685797,94658.2347179061,100876.359765625,107094.48481334391,12.328210617762227,0.6310966858468923,0.048790259437589335,0.05000010003156996,98318.5734375,100876.359765625,0,102018.578125
102018.578125,102604.33072667464,100358.94575358852,102604.33072667464,6280200.0,2025-08-29,0.0,52.02416815269099,-1256.0711064078787,-1433.0586422034185,176.98753579553977,94668.01656529981,100900.766015625,107133.5154659502,12.354216318556038,0.5896724726610559,-0.0047733338167399025,-0.004761959563775564,98386.9109375,100900.766015625,0,102018.578125
102018.578125,102018.578125,102018.578125,102018.578125,0.0,2025-09-01,0.0,52.02416815269099,-994.6106273502373,-1345.3690392327821,350.7584118825448,94719.34822282115,100798.259375,106877.17052717884,12.061539931088406,0.6003731358668247,0.0,0.0,98777.4125,100798.259375,0,102018.578125
102018.578125,102018.578125,102018.578125,102018.578125,0.0,2025-09-02,0.0,52.02416815269099,-778.4280796287057,-1231.980847311967,453.5527676832612,94782.1522462424,100695.752734375,106609.35322250759,11.745481467787547,0.6118460228484869,0.0,0.0,99167.9140625,100695.752734375,-1,100749.4453125
100749.4453125,100847.07074400436,97625.43150436046,99577.94013444766,9744200.0,2025-09-03,0.0,48.40353263822049,-701.4246773725026,-1125.8696133240742,424.44493595157155,94781.86309623641,100568.83984375,106355.81659126359,11.508488626307305,0.515604475067884,-0.012518239950954073,-0.012440212712482412,99451.028125,100568.83984375,0,100749.4453125
100749.4453125,100847.07074400436,97625.43150436046,99577.94013444766,9744200.0,2025-09-04,0.0,48.40353263822049,-633.1009328427172,-1027.315877227803,394.2149443850858,94762.74446169852,100485.858203125,106208.97194455148,11.39088393882772,0.523028295547146,0.0,0.0,99987.96796875,100485.858203125,1,102506.7109375
102506.7109375,102994.83813244048,100749.45303571428,100847.07847470239,11033600.0,2025-09-05,0.0,53.59020720555351,-432.1753745035239,-908.2877766829472,476.11240217942327,94818.91059100007,100427.283203125,106035.65581524993,11.169021869846658,0.6853860182077964,0.017291573767693913,0.017441938459803907,100310.13203125,100427.283203125,-1,99480.3125
99480.3125,101432.82108684986,99480.3125,100554.19222276742,10600300.0,2025-09-08,0.0,45.168860625633116,-511.25208734883927,-828.8806388161256,317.62855146728634,94828.10553617556,100207.62578125,105587.14602632444,10.736748232749788,0.432399800714949,-0.029968508730992265,-0.029523905408937012,100612.77109375,100207.62578125,0,99480.3125
99480.3125,101432.82108684986,99480.3125,100554.19222276742,10600300.0,2025-09-09,0.0,45.168860625633116,-567.3805422863516,-776.5806195101709,209.20007722381933,94887.15252420287,99987.968359375,105088.78419454712,10.20285924170168,0.4502377780555702,0.0,0.0,100915.41015625,99987.968359375,0,99675.5625
99675.5625,100554.19135651323,98601.68278648384,99577.93707149853,6460700.0,2025-09-10,0.0,45.80606840447021,-589.31445379254,-739.1273863666447,149.8129325741047,95189.14554431818,99724.379296875,104259.61304943183,9.095536687284142,0.494618050629972,0.0019607763271413557,0.00196269990607445,101120.4234375,99724.379296875,0,98796.9375
98796.9375,100456.5698493083,98699.31206768774,99675.56639081029,5498500.0,2025-09-11,0.0,43.36388018836395,-669.873051653034,-725.2765194239225,55.40346777088848,95192.26935496315,99534.009765625,103875.75017628685,8.724134435828404,0.4151178794781236,-0.008853929282509327,-0.008814848674668863,100749.44609375,99534.009765625,0,99577.9375
99577.9375,100456.56636029412,98113.55606617646,98796.93406862745,7414200.0,2025-09-12,0.0,46.11407595731513,-663.0528869949776,-712.8317929381335,49.778905943155905,95187.5550561745,99446.146484375,103704.7379125755,8.564618295932878,0.5154735454019229,0.007874021699337336,0.007905103333795127,100505.38203125,99446.146484375,0,99480.3125
99480.3125,101042.31936947988,99089.81078263003,99480.3125,14123100.0,2025-09-15,0.0,45.81459537461195,-657.9410441774671,-701.8536431860002,43.91259900853311,95302.31885823922,99514.483984375,103726.64911051077,8.465431276912692,0.49594371500740014,-0.0009808687439693251,-0.0009803878494671903,100251.55546875,99514.483984375,0,99480.3125
99480.3125,101042.31936947988,99089.81078263003,99480.3125,14123100.0,2025-09-16,0.0,45.81459537461195,-646.4381354836514,-690.7705416455304,44.33240616187902,95422.3235917627,99582.821484375,103743.3193769873,8.35585461547723,0.4876806830551428,0.0,0.0,99997.72890625,99582.821484375,1,101042.3203125
101042.3203125,102311.4509057971,99577.93885869565,100261.31687047101,17531600.0,2025-09-17,0.0,51.642237553369405,-505.45445690036286,-653.7073246964969,148.25286779613407,95607.17356827528,99739.022265625,103870.87096297472,8.285320235736378,0.6577136703615228,0.01557968180966685,0.015701677781721823,100027.01640625,99739.022265625,1,102994.828125
102994.828125,105240.2130035545,101530.44668246445,101530.44668246445,20018000.0,2025-09-18,0.0,57.75798380535192,-233.4813851396757,-569.6621367851327,336.180751645457,96286.57698367353,100119.761328125,103952.94567257646,7.657198326489965,0.8750232885403312,0.019139332515432768,0.01932366365361915,100251.5546875,100119.761328125,-1,100554.1953125
100554.1953125,103775.83457979369,100554.1953125,103482.958282767,8198400.0,2025-09-19,0.0,49.35540938325685,-212.43066854495555,-498.2158431370973,285.78517459214174,96366.22853549122,100183.217578125,104000.20662075878,7.62001687489666,0.5485955985505034,-0.0239819355971045,-0.023696654064395473,100056.303125,100183.217578125,-1,97332.5546875
97332.5546875,100261.31761691323,97234.92925651955,100066.06675495235,16280200.0,2025-09-22,0.0,40.897606394516956,-450.51405248304945,-488.6754850062878,38.16143252323832,96574.18479563121,100227.14921875,103880.11364186878,7.289371096739537,0.10380198162747445,-0.032563325210992033,-0.03203884845369065,99841.52734375,100227.14921875,0,97332.5546875
97332.5546875,100261.31761691323,97234.92925651955,100066.06675495235,16280200.0,2025-09-23,0.0,40.897606394516956,-631.9125549703458,-517.3228989990994,-114.58965597124643,96792.19594288162,100271.080859375,103749.96577586838,6.938959641558734,0.07766263581421487,0.0,0.0,99626.7515625,100271.080859375,-1,95672.921875
95672.921875,97625.43048469388,95184.79472257652,97625.43048469388,18291200.0,2025-09-24,0.0,37.099277681715975,-899.2249672613107,-593.7033126515416,-305.52165460976903,96295.2973918457,100173.45546875,104051.61354565431,7.7428856951313465,-0.08024112278353839,-0.017198203375277103,-0.01705115845185079,99226.4875,100173.45546875,1,97137.3046875
97137.3046875,97137.3046875,95087.17061871859,95770.54864164573,7421100.0,2025-09-25,0.0,42.2001954149307,-981.5933284036728,-671.2813158019678,-310.31201260170496,95964.02275335013,99904.98515625,103845.94755914986,7.889420926766079,0.14885728588612473,0.015190179445665619,0.015306136614216426,99060.52421875,99904.98515625,-1,95672.921875
95672.921875,97137.3033322704,95575.2964445153,97137.3033322704,8627700.0,2025-09-26,0.0,38.81074453657451,-1151.757558462181,-767.3765643340105,-384.3809941281704,95352.44074474867,99587.70234375,103822.96394275133,8.505591552624328,0.03783486837352566,-0.015190179445665588,-0.015075390625785445,98670.02265625,99587.70234375,-1,93232.2890625
93232.2890625,95477.67403468586,93232.2890625,95477.67403468586,10430900.0,2025-09-29,0.0,33.92070610290598,-1466.6460250782402,-907.2304564828564,-559.4155685953838,94210.35033040853,99148.387890625,104086.42545084147,9.960903379818621,-0.099033396970117,-0.025841199546592822,-0.025510173251411472,98045.2203125,99148.387890625,0,93232.2890625
93232.2890625,95477.67403468586,93232.2890625,95477.67403468586,10430900.0,2025-09-30,0.0,33.92070610290598,-1696.6395983520342,-1065.112284856692,-631.5273134953422,93304.83902398258,98709.0734375,104113.30785101742,10.949823000697581,-0.006712325551711403,0.0,0.0,97420.41796875,98709.0734375,-1,90791.6484375
90791.6484375,93525.16043346774,90596.39758064516,93232.28414818548,12018800.0,2025-10-01,0.0,29.595935056233742,-2052.1940478018514,-1262.528637445724,-789.6654103561275,91848.59679948204,98211.18359375,104573.77038801796,12.95694962925356,-0.08305964194737905,-0.026526807043865095,-0.026178061801784946,96395.35078125,98211.18359375,0,91182.1484375
91182.1484375,92256.02813001873,89229.63990564775,90986.89758431478,7405100.0,2025-10-02,0.0,31.109358139123515,-2276.224524746285,-1465.267814905836,-810.9567098404491,90764.01865552587,97732.81875,104701.61884447414,14.260921118627074,0.030000127447025175,0.004291833287186099,0.004301056393626546,95214.0828125,97732.81875,-1,89913.0234375
89913.0234375,91182.15406148208,89815.398004886,90694.02689841205,7933800.0,2025-10-03,0.0,28.93256294616134,-2527.0478383096197,-1677.6238195865928,-849.4240187230268,89688.93840462742,97103.134375,104517.33034537257,15.270765497105145,0.015111890336324534,-0.014016340294994448,-0.013918568730258762,94149.965625,97103.134375,1,93232.2890625
93232.2890625,93622.7907967932,91279.78039103403,92060.78385962041,6580000.0,2025-10-06,0.0,40.632816135274545,-2429.9788422317797,-1828.0948241156302,-601.8840181161495,89272.48156264899,96790.733203125,104308.984843601,15.535064962672015,0.26334629972563023,0.036251314051673506,0.03691640541158403,93739.9390625,96790.733203125,0,93232.2890625
93232.2890625,93622.7907967932,91279.78039103403,92060.78385962041,6580000.0,2025-10-07,0.0,40.632816135274545,-2326.235567900352,-1927.7229728725747,-398.5125950277775,88911.55826585455,96478.33203125,104045.10579664545,15.68595477572005,0.28550680452514127,0.0,0.0,93329.9125,96478.33203125,0,93232.2890625
93232.2890625,94013.29253108638,92939.4127617801,93720.41623036649,5997500.0,2025-10-08,0.0,40.632816135274545,-2218.445417721581,-1985.867461842376,-232.5779558792051,88613.93591820027,96156.168359375,103698.40080054975,15.68746461066611,0.30616619020431585,0.0,0.0,93085.84921875,96156.168359375,-1,92256.03125
92256.03125,94599.04156746031,92256.03125,93232.2855489418,5132100.0,2025-10-09,0.0,38.315548391989495,-2186.5911321944004,-2026.0121959127812,-160.57893628161924,88202.25546162916,95829.123046875,103455.99063212084,15.917640363911381,0.26575627169749616,-0.010526450673054192,-0.010471241479929172,92597.721875,95829.123046875,0,91963.15625
91963.15625,92744.15970010616,91279.7782311571,92744.15970010616,5716300.0,2025-10-10,0.0,37.62236547096519,-2160.078901286266,-2052.8255369874782,-107.2533642987878,87849.26889295649,95448.383984375,103047.49907579352,15.922983238066127,0.27068200096674533,-0.003179638893474911,-0.0031745891952186245,92226.7453125,95448.383984375,0,91767.90625
91767.90625,92646.53513962767,91475.02995345744,92646.53513962767,7915000.0,2025-10-13,0.0,37.13996500071447,-2130.266425203983,-2068.3137146307795,-61.9527105732036,87542.80396299865,95062.763671875,102582.72338075135,15.821041632731722,0.280925859350959,-0.002125389913313567,-0.002123132871486244,92080.30703125,95062.763671875,0,91767.90625
91767.90625,92646.53513962767,91475.02995345744,92646.53513962767,7915000.0,2025-10-14,0.0,37.13996500071447,-2082.632531689902,-2071.177478042604,-11.455053647297973,87321.81863029959,94677.143359375,102032.4680884504,15.537698895616453,0.3022359843696052,0.0,0.0,91933.86875,94677.143359375,-1,90205.90625
90205.90625,92256.04048295454,90205.90625,91865.53872429654,12659600.0,2025-10-15,0.0,33.191341028237616,-2146.182814188098,-2086.1785452717027,-60.004268916395176,87167.9717432201,94135.32265625,101102.67356927991,14.802840669006443,0.2180121645013275,-0.01716772696559017,-0.017021201243762718,91875.29453125,94135.32265625,-1,87472.3828125
87472.3828125,90889.27276611328,87374.7573852539,90401.14562988281,18738600.0,2025-10-16,0.0,27.65094592940092,-2389.5738474651735,-2146.857605710397,-242.71624175477655,87127.86170152479,93359.200390625,99590.53907972522,13.349168936810985,0.027644229287187114,-0.03077178587139669,-0.03030315365297931,91504.31796875,93359.200390625,0,87667.6328125
87667.6328125,89327.26505950723,87472.38195991091,87667.6328125,7928500.0,2025-10-17,0.0,28.56813912667087,-2537.457718580088,-2224.9776282843354,-312.4800902957527,86970.0653888553,92714.872265625,98459.6791423947,12.392417174045212,0.06071286978030982,0.0022296455803173226,0.002232133088434507,91279.77890625,92714.872265625,-1,84934.125
84934.125,89620.14568965517,84934.125,86203.25560344827,14580300.0,2025-10-20,0.0,23.98394901327653,-2842.461856563794,-2348.474473940227,-493.98738262356665,85798.8481794226,92094.95078125,98391.0533830774,13.673067955228765,-0.06867130621184729,-0.03167680810126782,-0.03118035385244533,90449.9625,92094.95078125,0,84934.125
84934.125,89620.14568965517,84934.125,86203.25560344827,14580300.0,2025-10-21,0.0,23.98394901327653,-3049.0324848238088,-2488.586076116944,-560.446408706865,84914.32986167574,91475.029296875,98035.72873207426,14.344241233106422,0.0015086149365460472,0.0,0.0,89620.14609375,91475.029296875,1,90791.6484375
90791.6484375,90791.6484375,86398.50415826614,86886.63130040323,19520200.0,2025-10-22,0.0,45.65583368719983,-2708.861933775959,-2532.641247648747,-176.22068612721205,84971.54650097887,91230.965625,97490.38474902112,13.722137173797172,0.4649075114802526,0.06669134779391485,0.06896548869491492,89376.08203125,91230.965625,1,94696.671875
94696.671875,96649.1805734536,92744.16317654638,92939.41404639174,18311100.0,2025-10-23,0.0,54.88930824120798,-2099.96448214275,-2446.105894547548,346.14141240479785,85252.13404670345,91108.933984375,96965.73392204657,12.856697321639146,0.8062882400633392,0.04211155188259632,0.04301082208225537,89620.14609375,91108.933984375,-1,92744.1640625
92744.1640625,94989.54908717105,91767.90970394737,94891.92365131578,6647600.0,2025-10-24,0.0,50.288494234323906,-1754.732463972643,-2307.831208432567,553.0987444599241,85449.82911098747,90962.49609375,96475.16307651253,12.120746944061276,0.6615976417876382,-0.02083407735018043,-0.020618547345331417,89698.246875,90962.49609375,1,95672.921875
95672.921875,97332.55419323979,94013.2895567602,96649.17617984694,12897800.0,2025-10-27,0.0,56.21679022625752,-1230.6214850476536,-2092.3892637555846,861.767778707931,85261.01046671667,91084.527734375,96908.04500203334,12.787061452722567,0.8939538538081826,0.03109053205804189,0.03157889061921271,90088.7484375,91084.527734375,0,95672.921875
95672.921875,97332.55419323979,94013.2895567602,96649.17617984694,12897800.0,2025-10-28,0.0,56.21679022625753,-805.9690487383632,-1835.1052207521404,1029.1361720137772,85098.2203616812,91206.559375,97314.89838831879,13.394516918907279,0.8655954990596807,0.0,0.0,90479.25,91206.559375,1,99773.1875
99773.1875,99773.1875,96258.6720890411,96258.6720890411,20912700.0,2025-10-29,0.0,63.31925389533358,-136.99259950756095,-1495.4826965032246,1358.4900969956636,84453.11278963079,91655.636328125,98858.1598666192,15.716487991440795,1.0635213219707227,0.04196417448964377,0.04285711719306673,91435.978125,91655.636328125,0,99285.0703125
99285.0703125,100749.45188053098,98699.31768528762,99968.44837758112,9302800.0,2025-10-30,0.0,62.02923916427719,349.75729418617266,-1126.4346983653452,1476.1919925515178,84098.84870705788,92060.782421875,100022.71613669212,17.29712371622261,0.9536767165733014,-0.004904274469288233,-0.004892268150699319,92617.246875,92060.782421875,0,100261.3203125
100261.3203125,101042.32378134129,99187.44054284324,99675.56771086903,9730600.0,2025-10-31,0.0,63.62540734638367,805.0057032717305,-740.14661803793,1545.1523213096605,83891.90515005426,92578.197265625,101264.48938119574,18.765308403334036,0.9422556221142103,0.009784770207251927,0.009832797589076181,93876.615625,92578.197265625,1,102506.7109375
102506.7109375,103775.84164434523,101042.32935267857,101335.20566964286,20963600.0,2025-11-03,0.0,67.05565709535435,1331.6274331447785,-325.7918078013883,1657.4192409461668,83284.41394909545,93041.918359375,102799.42276965456,20.974426543079492,0.9850006815346051,0.022148288361658858,0.022395382566292144,95633.87421875,93041.918359375,-1,100847.0703125
100847.0703125,102213.82634771298,99285.06341511375,101628.07376119313,10620700.0,2025-11-04,0.0,62.37361460576871,1596.654579818598,58.69746972260896,1537.957110095989,83058.47669830434,93422.657421875,103786.83814544567,22.187724069480137,0.8581765451918489,-0.016323054968362553,-0.016190555816505636,97225.16875,93422.657421875,0,100847.0703125
100847.0703125,102213.82634771298,99285.06341511375,101628.07376119313,10620700.0,2025-11-05,0.0,62.37361460576871,1786.1014374141087,404.1782632609089,1381.9231741531999,82922.08878606267,93803.396484375,104684.70418268733,23.200242434984432,0.8236593442356868,0.0,0.0,98230.7109375,93803.396484375,-1,97820.6796875
97820.6796875,99577.93740643712,97039.67625686128,98504.05768930889,6751800.0,2025-11-06,0.0,54.34823369143312,1672.7525559016212,657.8931217890515,1014.8594341125697,83082.97318576521,94081.62890625,105080.28462673479,23.38109118294429,0.6699776261878116,-0.030469210591761588,-0.03000970296531147,98543.11171875,94081.62890625,0,98601.6875
98601.6875,99382.69096534654,97137.30600247525,97137.30600247525,5863600.0,2025-11-07,0.0,55.92431595613041,1627.1863624841208,851.7517699280654,775.4345925560553,83284.18200728972,94413.55546875,105542.92893021027,23.575795670874804,0.6881566849092188,0.007952372630519289,0.007984076730963574,99128.8640625,94413.55546875,-1,93915.6640625
93915.6640625,98796.93558341997,93915.6640625,98796.93558341997,10072600.0,2025-11-10,0.0,45.72427556289377,1199.1290835959517,921.2272326616427,277.901850934309,83457.80568039037,94520.943359375,105584.08103835963,23.408860059557025,0.4726443205156535,-0.04869118733764477,-0.04752477930461385,98953.13828125,94520.943359375,0,93818.0390625
93818.0390625,95575.29681809313,93818.0390625,94501.417078564,6624200.0,2025-11-11,0.0,45.537931404285445,842.3035336568137,905.4424928606769,-63.13895920386324,83629.94443781678,94623.45,105616.95556218321,23.236323685478,0.4633687847363926,-0.0010400371076140032,-0.001039496456470057,98767.65,94623.45,1,98211.1875
98211.1875,98211.1875,94208.5446694831,94208.5446694831,6635300.0,2025-11-12,0.0,54.52021679886777,903.5910432924575,905.072202947033,-1.4811596545755492,84124.90222205767,95023.7140625,105922.52590294233,22.939140924914486,0.6462303177706128,0.04576298291195904,0.04682626583756844,98611.45,95023.7140625,-1,96551.546875
96551.546875,98308.80455321031,96356.29602186552,98211.17912664308,4757400.0,2025-11-13,0.0,51.09199848690952,808.9180047643458,885.8413633104956,-76.92335854614976,85162.48590115277,95477.672265625,105792.85863009724,21.607536337448032,0.5520530881086965,-0.0170431042956634,-0.016898692167834795,98338.09765625,95477.672265625,1,97625.4296875
97625.4296875,98504.0585546875,95868.171953125,96551.5499609375,4699900.0,2025-11-14,0.0,53.145023037596026,811.1913983133854,870.9113703110736,-59.71997199768816,86306.59012908585,95975.562109375,105644.53408966414,20.148820736825197,0.5853176315687113,0.011060979320978716,0.011122378120884013,98074.50859375,95975.562109375,1,98601.6875
98601.6875,99382.69096534654,98211.18576732674,98211.18576732674,5585100.0,2025-11-17,0.0,54.99459492194186,881.6063167827087,873.0503596054007,8.555957177308073,88454.75736179993,96658.940234375,104863.12310695006,16.975528290878984,0.6183998026250254,0.009950366507984509,0.010000036011365232,97684.00625,96658.940234375,0,97625.4296875
97625.4296875,98699.3094140625,96453.92453125,98601.68398437499,6500100.0,2025-11-18,0.0,52.752058124627446,848.8497884691169,868.2102453781439,-19.360456909026993,91221.56347937963,97293.50546875,103365.44745812035,12.481700520741594,0.5273326243342803,-0.009950366507984412,-0.009901025400807617,97361.8421875,97293.50546875,-1,95672.921875
95672.921875,97137.3033322704,95672.921875,97137.3033322704,5169300.0,2025-11-19,0.0,48.49301805536776,657.7567309474398,826.1195424920031,-168.36281154456333,92220.54419999161,97537.569140625,102854.59408125839,10.902516819888259,0.3246531390726492,-0.02020269915167701,-0.019999991997474376,96844.42734375,97537.569140625,1,96649.171875
96649.171875,97332.54985795454,95770.54303977273,96258.67017045454,4593100.0,2025-11-20,0.0,50.638920225381945,578.4216376646509,776.5799615265328,-198.15832386188185,92468.21350633226,97635.194140625,102802.17477491773,10.584258432160592,0.40458428863842977,0.010152326923058686,0.010204036637195157,96727.2765625,97635.194140625,1,98406.4375
98406.4375,98796.93923611111,95477.67447916667,95672.92534722222,7936900.0,2025-11-21,0.0,54.32750369198007,649.8535473415104,751.2346786895283,-101.3811313480179,93286.98206784613,97918.3078125,102549.63355715388,9.459570632127804,0.5526986995099044,0.01801858633626984,0.0181819004851147,96707.7515625,97918.3078125,0,97820.6796875
97820.6796875,98699.30854696856,97234.92711452096,98308.8068316492,5061800.0,2025-11-24,0.0,52.90823826344971,651.6858613636578,731.3249152243542,-79.63905386069644,93515.57313999622,98025.695703125,102535.81826625379,9.2019190086401,0.47727156936919457,-0.005970220230186199,-0.005952433879135244,97098.253125,98025.695703125,0,97332.5546875
97332.5546875,97918.30727338264,96649.17667063691,97332.5546875,4494900.0,2025-11-25,0.0,51.69624414938524,606.7560690862592,706.4111459967352,-99.65507691047594,93721.42530808263,98108.67734375,102495.92937941736,8.94365749177405,0.4115479746843476,-0.00500248965386511,-0.004989998040898613,97449.7046875,98108.67734375,0,96649.171875
96649.171875,97820.67698863636,96551.54644886364,97430.1752840909,5830900.0,2025-11-26,0.0,49.9703763943105,510.1251975687919,667.1539563111465,-157.02875874235463,93592.38251503506,97952.4765625,102312.57060996494,8.902468218213794,0.35054167716201307,-0.007045876452218574,-0.007021112460205092,97293.503125,97952.4765625,0,97137.3046875
97137.3046875,97430.1809830402,95770.54864164573,96844.4283919598,4780500.0,2025-11-27,0.0,51.223004641916795,467.54322689192486,627.2318104273022,-159.68858353537735,93517.5133018207,97845.08828125,102172.66326067931,8.845768460017013,0.418223994140554,0.005037852522607017,0.0050505638385740514,97352.07890625,97845.08828125,-1,94794.296875
94794.296875,97039.68186791967,94794.296875,96746.80556449537,6210400.0,2025-11-28,0.0,45.353203932978516,241.9465499867947,550.1747583392007,-308.228208352406,93196.39270970781,97571.737109375,101947.08150904218,8.96846674926481,0.18260324437702938,-0.024416241947698522,-0.02412057674482193,97068.965625,97571.737109375,0,95287.5
95287.5,96372.55434782608,94794.29347826086,95583.42391304347,3125100.0,2025-12-01,0.0,46.736840395917554,101.7836301894713,460.49653270925484,-358.71290251978354,93394.18658316715,97210.7765625,101027.36654183286,7.852195228332624,0.2480373091012264,0.005189389409487528,0.005202877612461743,96737.546875,97210.7765625,0,95287.5
95287.5,95977.98913043478,94103.80434782608,95484.78260869565,5560800.0,2025-12-02,0.0,46.736840395917554,-9.190550622544833,366.55911604289497,-375.7496666654398,93434.79485766377,96932.798046875,100430.80123608623,7.217377935422142,0.26482324945421176,0.0,0.0,96503.75390625,96932.798046875,0,95287.5
95287.5,95682.0652173913,94695.65217391304,95682.0652173913,6475300.0,2025-12-03,0.0,46.736840395917554,-96.03139826019469,274.0410131822771,-370.0724114424718,93612.61942117188,96654.81953125,99697.01964132812,6.294978615307495,0.2752745575939625,0.0,0.0,96465.21171875,96654.81953125,0,95287.5
95287.5,95682.0652173913,94695.65217391304,95682.0652173913,6475300.0,2025-12-04,0.0,46.736840395917554,-162.97472449185443,186.63786564745078,-349.6125901393052,93479.41119150058,96528.160546875,99576.90990224943,6.316808148216864,0.29652959258721423,0.0,0.0,96329.04453125,96528.160546875,0,94892.9375
94892.9375,96175.27449324324,94794.29619282745,96175.27449324324,5062500.0,2025-12-05,0.0,45.49726956356319,-245.04100886717788,100.30209074452503,-345.3430996117029,93374.91882361578,96342.723046875,99310.52727013423,6.160930746819889,0.25574777886075334,-0.004149354910419696,-0.004140758231667374,95977.69453125,96342.723046875,0,94202.4453125
94202.4453125,95977.98878435865,94202.4453125,95287.49965641361,5278600.0,2025-12-08,0.0,43.33135217911105,-361.6274630488042,7.916179985859188,-369.5436430346634,93436.23290651114,96357.062109375,99277.89131223885,6.062511950703556,0.13116350747890243,-0.007303142427154718,-0.00727653928407479,95615.87109375,96357.062109375,1,95583.421875
95583.421875,95682.06317724458,93117.38931888544,94202.44364357585,9961500.0,2025-12-09,0.0,48.601460633216284,-338.6856433842768,-61.404184688168016,-277.28145869610876,93749.54671584173,96445.33125,99141.11578415828,5.590285188964546,0.340137562168127,0.014553253693678754,0.014659667887801042,95440.9578125,96445.33125,-1,94301.0859375
94301.0859375,95780.70548672856,94301.0859375,95780.70548672856,3894100.0,2025-12-10,0.0,44.46616496459609,-419.14622249743843,-132.9525922500221,-286.1936302474163,93526.26222724018,96249.826171875,98973.39011650982,5.659363872037141,0.14224444992124294,-0.013506688323265823,-0.013415882297842296,95206.14921875,96249.826171875,0,94695.65625
94695.65625,95287.5041015625,94301.091015625,94597.01494140625,5201600.0,2025-12-11,0.0,45.98897912559767,-445.93284818441316,-195.5486434369003,-250.38420474751285,93351.52033812305,96157.031640625,98962.54294312696,5.8352701921731605,0.2395527529470738,0.004175425260601396,0.00418415449384657,94961.984375,96157.031640625,-1,92426.90625
92426.90625,94695.65635005337,92229.62363260405,94695.65635005337,5519800.0,2025-12-12,0.0,39.31356006725719,-642.8205708943133,-285.00302892838295,-357.81754196593033,92725.0845212376,95897.10546875,99069.1264162624,6.615467551408141,-0.047001308656464215,-0.024250001166881557,-0.023958332302069008,94725.2453125,95897.10546875,0,92525.546875
92525.546875,93117.3947228145,92229.62295109275,92624.18818296908,3524800.0,2025-12-15,0.0,39.72322484977032,-781.8829753434693,-384.3790182114002,-397.5039571320691,92348.87571285179,95593.2984375,98837.7211621482,6.787971076799794,0.027226902463421535,0.001066659378513882,0.001067228461950176,94449.05,95593.2984375,1,93610.6015625
93610.6015625,94103.80810392518,90750.00362223393,92624.18847964963,6295300.0,2025-12-16,0.0,44.18652913597917,-795.3675852355955,-466.5767316162393,-328.7908536193562,92180.88713885151,95392.55703125,98604.2269236485,6.733585915610527,0.2225811605097387,0.011658852806760031,0.011727082131877342,94281.36015625,95392.55703125,1,94597.015625
94597.015625,94991.58086222628,93117.39598540147,93117.39598540147,4967800.0,2025-12-17,0.0,47.95915013619559,-718.1801311883028,-516.897411530652,-201.28271965765077,92110.86311652177,95338.76171875,98566.66032097823,6.771429676736427,0.3851038732694439,0.010482286629541412,0.010537418262838605,94212.31171875,95338.76171875,0,94597.015625
94597.015625,94991.58086222628,93117.39598540147,93117.39598540147,4967800.0,2025-12-18,0.0,47.95915013619559,-649.5212411946995,-543.4221774634615,-106.09906373123806,92053.49497778226,95236.15390625,98418.81283471773,6.683719990626094,0.39959051604098483,0.0,0.0,94143.26328125,95236.15390625,-1,92624.1875
92624.1875,93709.24187965921,92328.26357827475,92722.82880724175,4492600.0,2025-12-19,0.0,41.459013658580446,-745.7033146618633,-583.8784049031419,-161.82490975872133,91930.79733192622,94947.04140625,97963.28548057379,6.353529356261192,0.114942649034334,-0.021075616607813364,-0.020855077847494186,93916.38828125,94947.04140625,0,92426.90625
92426.90625,93018.75410218783,92229.62363260405,92821.4714847919,6142400.0,2025-12-22,0.0,40.86258557647403,-828.2991321684822,-632.76255035621,-195.53658181227217,91780.7901930515,94677.352734375,97573.9152756985,6.118807629634591,0.1115315218868483,-0.002132182207002081,-0.0021299107212141566,93738.834375,94677.352734375,0,92722.828125
92722.828125,94597.0129488032,92328.26289893617,92722.828125,6006900.0,2025-12-23,0.0,42.205660876378765,-859.9653452329949,-678.203109331567,-181.76223590142786,91710.736052793,94446.86640625,97182.996759707,5.794009812221659,0.1849495348290439,0.0031965709049270887,0.003201685385850528,93452.775,94446.86640625,0,92328.265625
92328.265625,92920.11348157052,91835.0590778579,92821.4721721421,3901500.0,2025-12-24,0.0,40.87276724851148,-906.4499526740401,-723.8524780000616,-182.59747467397847,91544.98093001683,94230.82109375,96916.66125748317,5.700555577375336,0.14581744393427534,-0.004264369260679596,-0.004255289748799407,93255.49296875,94230.82109375,0,92328.265625
92328.265625,92920.11348157052,91835.0590778579,92821.4721721421,3901500.0,2025-12-25,0.0,40.87276724851148,-932.5396029178955,-765.5899029836285,-166.94969993426707,91550.30959971937,93990.369140625,96430.42868153063,5.1921480109411995,0.15941332828949908,0.0,0.0,93018.75390625,93990.369140625,-1,91243.2109375
91243.2109375,91736.4174831081,89763.59130067567,91440.49355574325,6612400.0,2025-12-26,0.0,37.13264451333435,-1028.9100492295547,-818.2539322328137,-210.65611699674105,91115.7970755609,93812.81484375,96509.83261193911,5.749785405503773,0.023621250004714017,-0.011821742075397091,-0.011752139825815133,92900.384375,93812.81484375,1,93018.75
93018.75,93610.59782608696,91243.20652173914,91243.20652173914,6300900.0,2025-12-29,0.0,45.862608040912036,-951.0500457788148,-844.8131549420139,-106.23689083680097,91073.6131206774,93699.37734375,96325.14156682261,5.604656717065688,0.3703944288353597,0.019272496725530486,0.01945941012220853,92949.7046875,93699.37734375,1,95188.859375
95188.859375,95287.5006800518,93018.7506638601,93216.03327396372,7271200.0,2025-12-30,0.0,54.2286010709112,-706.096303237282,-817.0697846010676,110.9734813637856,91080.89898258027,93694.4453125,96307.99164241973,5.578871450068875,0.7858977561239365,0.02306182584237011,0.02332980581871924,93107.53046875,93694.4453125,0,94498.375
94498.375,95682.07072025053,93906.52713987474,95484.78810020877,3082600.0,2025-12-31,0.0,51.501525474735104,-561.2156710097479,-765.8989618828037,204.68329087305585,91120.06210288277,93654.9890625,96189.91602211722,5.413330320129679,0.6663531042384264,-0.007280272993049509,-0.00725383600070062,93097.66640625,93654.9890625,0,94498.375
94498.375,94498.375,94498.375,94498.375,0.0,2026-01-01,0.0,51.501525474735104,-441.30958398236544,-700.9810863027161,259.67150232035067,91164.41569895201,93615.5328125,96066.64992604798,5.236560728564687,0.680089760423992,0.0,0.0,93087.80234375,93615.5328125,0,94498.375
94498.375,94498.375,94498.375,94498.375,0.0,2026-01-02,0.0,51.501525474735104,-342.33689945684455,-629.2522489335418,286.9153494766972,91181.9087162701,93595.8046875,96009.7006587299,5.158128570590257,0.6869530259914503,0.0,0.0,93275.22109375,93595.8046875,0,93709.2421875
93709.2421875,94399.73134046052,91933.69865131579,94399.73134046052,7029300.0,2026-01-05,0.0,48.05221354118225,-323.84368836751673,-568.1705368203368,244.32684845282006,91173.31928358998,93571.14453125,95968.96977891002,5.125138224336274,0.5287964388532413,-0.00838581826531279,-0.00835075537013208,93403.4546875,93571.14453125,-1,92722.828125
92722.828125,93511.95857712766,92328.26289893617,93413.3172706117,5397500.0,2026-01-06,0.0,44.07819393213954,-384.3524802392203,-531.4069255041135,147.05444526489316,91200.45764160302,93428.11484375,95655.77204589697,4.768708446857843,0.3416976548119138,-0.01058211997346186,-0.010526326320367763,93403.4546875,93428.11484375,1,96175.2734375
96175.2734375,96273.91474358975,92722.82772435897,92821.46903044872,11427400.0,2026-01-07,0.0,57.367671241725255,-151.97082523569406,-455.5197054504296,303.54888021473556,91001.13752165835,93521.82421875,96042.51091584165,5.3905849637742165,1.02633459402383,0.03655759141295195,0.037234038071463305,93788.15546875,93521.82421875,-1,95188.859375
95188.859375,96767.12025582901,95188.859375,96767.12025582901,5576200.0,2026-01-08,0.0,53.458702017935046,-46.86186604220711,-373.78813756878515,326.92627152657803,90968.44742794902,93546.484375,96124.52132205098,5.511777303605325,0.8185320912252088,-0.010309380181127894,-0.010256420670756161,94074.21484375,93546.484375,0,96076.6328125
96076.6328125,98542.66548222536,94695.65451745379,94794.29582424281,10048700.0,2026-01-09,0.0,56.34198078106486,106.84202994745283,-277.66210406553756,384.5041340129904,90973.99531435489,93728.970703125,96483.94609189511,5.878599472720455,0.9260767843779281,0.009283219914841868,0.00932644264600957,94557.55703125,93728.970703125,1,98148.1015625
98148.1015625,98148.1015625,96668.48194095478,96668.48194095478,9076600.0,2026-01-12,0.0,62.22281173036646,391.2931076607638,-143.87106172027728,535.1641693810411,90683.90867182938,94010.0984375,97336.28820317061,7.076239299721483,1.1220335303337263,0.02133144683705605,0.02156058855687215,95070.4921875,94010.0984375,0,97556.25
97556.25,100318.20652173914,96569.83695652174,98345.38043478261,9411100.0,2026-01-13,0.0,59.746494975964204,562.4812278616591,-2.600603803889996,565.0818316655491,90531.3133590379,94207.380859375,97883.4483597121,7.804202742510016,0.9554961436804281,-0.006048443605013512,-0.00603018859333837,95307.23125,94207.380859375,0,98444.0234375
98444.0234375,99726.36041614479,96471.19731650801,97654.8929891032,11900400.0,2026-01-14,0.0,62.177999549875295,761.01246545084,150.122010047056,610.890455403784,90263.97331915397,94399.73125,98535.48918084602,8.76222395145013,0.988942082095299,0.009058961940886897,0.00910011852136594,95701.79609375,94399.73125,-1,97161.6875
97161.6875,100318.20932741117,97063.0461928934,98444.02449238578,7401400.0,2026-01-15,0.0,56.83740081565502,805.589770935796,281.215562224804,524.374208710992,90211.36410978757,94527.96484375,98844.56557771243,9.13296026439913,0.8050690599582473,-0.013111624423785205,-0.013026041528200305,95968.12734375,94527.96484375,1,103869.296875
103869.296875,103869.296875,98148.10103573123,98148.10103573123,23871100.0,2026-01-16,0.0,70.91159948783925,1366.41445020822,498.2553398214872,868.1591103867327,89181.78850151903,95090.2203125,100998.65212348096,12.42700204408777,1.2429278058336792,0.06675687569621423,0.06903553805608831,96905.21953125,95090.2203125,0,104362.5
104362.5,107223.09782608696,104066.57608695653,107223.09782608696,14710500.0,2026-01-19,0.0,71.64376192139643,1829.5791695788212,764.5201057729541,1065.059063805867,88614.74956373013,95687.0,102759.25043626987,14.782050720097542,1.1133479065947598,0.004737067582216749,0.004748305224339111,97970.5453125,95687.0,-1,102685.6015625
102685.6015625,105546.19949267533,102586.96025456293,104658.4277212416,12213100.0,2026-01-20,0.0,65.59809200128285,2037.8379299737135,1019.183670613106,1018.6542593606075,88606.6272806764,96185.138671875,103763.6500630736,15.758175318646373,0.928874653284443,-0.016198507416352443,-0.016068017127799705,98966.82265625,96185.138671875,0,103573.375
103573.375,105052.99464285714,99726.36392857143,101797.83142857143,14517300.0,2026-01-21,0.0,67.17723438982915,2248.599934642363,1265.0669234189575,983.5330112234058,88718.51655106408,96747.394140625,104776.27173018591,16.59761001498546,0.925089359205706,0.008608390622455246,0.008645549366136374,99706.6328125,96747.394140625,-1,102093.75
102093.75,104362.5,102093.75,104066.57608695653,8095100.0,2026-01-22,0.0,62.06381486498107,2270.0690273640357,1466.0673442079733,804.0016831560624,89150.78646019824,97235.668359375,105320.55025855177,16.629457143845006,0.800442338008652,-0.014388789924878005,-0.014285766008880207,100397.121875,97235.668359375,-1,99627.71875
99627.71875,103178.80575495049,99627.71875,102192.3926980198,9418000.0,2026-01-23,0.0,54.60373837266757,2064.299367503656,1585.7137488671099,478.5856186365461,90021.41336363723,97654.89375,105288.37413636278,15.633584950498754,0.6292218555722271,-0.024451082226437024,-0.024154576063667,100752.23046875,97654.89375,-1,97161.6875
97161.6875,100219.56802030456,96668.480964467,98838.58972081219,11183100.0,2026-01-26,0.0,48.34558354029499,1682.8386013167037,1605.1387193570288,77.69988195967494,90539.77702157634,97862.040625,105184.30422842364,14.96446131035018,0.45217646052290905,-0.025063954333218768,-0.024752461272230075,100653.5890625,97862.040625,1,100712.7734375
100712.7734375,101107.33866154504,97753.53425716209,98246.74078721841,10585500.0,2026-01-27,0.0,56.14085704938846,1648.0731914686185,1613.725613779347,34.347577689271475,90823.81030013396,98138.236328125,105452.66235611604,14.906373502648385,0.6759903715973539,0.035896165888349124,0.03654821184018653,100969.24140625,98138.236328125,1,103080.1640625
103080.1640625,104362.50103169857,100910.05534539474,101008.69665071771,11949800.0,2026-01-28,0.0,60.42833274251095,1790.905547667775,1649.1616005570327,141.74394711074228,91145.868446238,98567.32578125,105988.78311626198,15.058656154438834,0.8040398992769198,0.023234339256469512,0.023506359165743174,101432.85546875,98567.32578125,1,104658.4296875
104658.4296875,105743.48409519321,102291.03825253299,103573.37527980679,14247700.0,2026-01-29,0.0,63.02348232812471,2008.3035911552288,1720.989998676672,287.31359247855676,91438.78908984606,99075.328515625,106711.86794140395,15.415622718979122,0.8655517807600073,0.015195019503661058,0.015311050766693146,102182.5296875,99075.328515625,-1,103080.1640625
103080.1640625,104954.34886363636,102488.31623056221,104954.34886363636,10833200.0,2026-01-30,0.0,58.86602821179111,2029.8415116521792,1782.7603012717734,247.08121038040576,91987.24692325032,99504.41796875,107021.58901424968,15.109220673720225,0.7378385480459899,-0.015195019503661084,-0.015080157706479524,102103.61640625,99504.41796875,0,102882.8828125
102882.8828125,102882.8828125,100219.56753355704,101896.46974622483,9331400.0,2026-02-02,0.0,58.347895913896586,2007.84631817654,1827.777504652727,180.0688135238131,92824.84847070264,99963.1,107101.35152929738,14.281773032843859,0.7045166663374353,-0.0019156961729463128,-0.0019138623982047909,101955.6546875,99963.1,0,102488.3203125
102488.3203125,103967.93995127527,101501.90721998316,103474.73340501684,9097000.0,2026-02-03,0.0,57.26232159331477,1936.2571059870534,1849.4734249195924,86.78368106746098,94106.52216327451,100451.374609375,106796.22705547548,12.632684163404825,0.6605195487545894,-0.00384243729841506,-0.003835064582308312,101935.9265625,100451.374609375,-1,100515.4921875
100515.4921875,102093.75310506624,100120.92695810844,101699.18787567467,11639700.0,2026-02-04,0.0,52.048013941858144,1700.7264812689536,1819.7240361894649,-118.99755492051122,94650.89053447798,100668.385546875,106685.88055927202,11.955083971412348,0.4872959296966585,-0.0194369771766746,-0.019249297080726757,101630.13828125,100668.385546875,-1,97654.890625
97654.890625,100515.48843118687,97654.890625,99824.99930555555,18088600.0,2026-02-05,0.0,45.568463316310634,1268.6163061334664,1709.5024901782651,-440.8861840447987,95158.13071866606,100791.687109375,106425.24350008393,11.178613142164462,0.22159713448965287,-0.028872127464579282,-0.02845931010479341,101186.25234375,100791.687109375,-1,96273.9140625
96273.9140625,98641.30539190574,95386.14231397286,96668.47928406762,9766800.0,2026-02-06,0.0,42.79844683199568,805.4479097323492,1528.6915740890822,-723.243664356733,95202.16889540588,100801.551171875,106400.93344834413,11.109714506122465,0.09570208946065621,-0.014242339174315484,-0.014141396848244114,100850.871875,100801.551171875,1,97654.890625
97654.890625,98049.45583964647,96569.83628472223,97457.60801767677,5108600.0,2026-02-09,0.0,46.31301270257149,543.5511664296791,1331.6634925572016,-788.1123261275225,95124.21256687201,100776.890625,106429.56868312799,11.218202949249784,0.22384770829900047,0.01424233917431556,0.01434424450223859,100900.1921875,100776.890625,-1,96471.1953125
96471.1953125,98542.66269651073,95977.98879249745,98542.66269651073,6113500.0,2026-02-10,0.0,43.827321912776505,237.74125809932593,1112.8790456656266,-875.1377875663006,94920.94534734731,100722.637890625,106524.3304339027,11.520136217198294,0.13360325056771002,-0.012195269658187593,-0.012121208727225441,100476.034375,100722.637890625,0,97260.328125
97260.328125,98148.09988273327,96076.63244802231,96865.76289934077,5507500.0,2026-02-11,0.0,45.9115417719722,58.388064158469206,901.9808493641951,-843.5927852057259,94740.99415667754,100663.453125,106585.91209332246,11.766850399952364,0.212693239564652,0.008146709043326176,0.008179983775921551,99894.05078125,100663.453125,0,97457.609375
97457.609375,97852.1745951417,97063.04415485829,97654.89198507085,4125200.0,2026-02-12,0.0,46.44650826924105,-67.05867541523185,708.1729444083098,-775.2316198235417,94791.25348294424,100678.24921875,106565.24495455576,11.694672447103665,0.22646151039642368,0.0020263291614130347,0.0020283835537389105,99173.96875,100678.24921875,-1,94991.578125
94991.578125,97161.68686721183,94991.578125,96767.12164135513,18508400.0,2026-02-13,0.0,40.98908482158407,-361.29939815343823,494.2784758959603,-855.5778740493986,94030.21928851235,100234.36328125,106438.50727398765,12.379275509196965,0.0774771537872897,-0.025629271465451464,-0.025303629606910794,98365.11015625,100234.36328125,0,94991.578125
94991.578125,94991.578125,94991.578125,94991.578125,0.0,2026-02-16,0.0,40.98908482158407,-587.7125068725,277.8802793422683,-865.5927862147682,93459.7843645598,99765.8171875,106071.85001044019,12.641670264853596,0.12145462951507409,0.0,0.0,97575.9796875,99765.8171875,0,94991.578125
94991.578125,94991.578125,94991.578125,94991.578125,0.0,2026-02-17,0.0,40.98908482158407,-758.4041161894565,70.62340023592336,-829.0275164253799,92889.06329790986,99381.116015625,105873.16873334014,13.064962395259153,0.16192989478912578,0.0,0.0,96826.30546875,99381.116015625,0,94991.578125
94991.578125,94991.578125,94991.578125,94991.578125,0.0,2026-02-18,0.0,40.98908482158407,-883.4940765809297,-120.20009512744726,-763.2939814534824,92492.30968882589,98952.026171875,105411.7426549241,13.056259144868617,0.19345031958696815,0.0,0.0,96273.9140625,98952.026171875,0,94991.578125
94991.578125,94991.578125,94991.578125,94991.578125,0.0,2026-02-19,0.0,40.98908482158407,-971.4307227385725,-290.44622064967234,-680.9845020889002,92083.76685218718,98596.917578125,105110.0683040628,13.211672100757113,0.22322616158972197,0.0,0.0,96007.5828125,98596.917578125,0,94991.578125
94991.578125,94991.578125,94991.578125,94991.578125,0.0,2026-02-20,0.0,40.98908482158407,-1029.2565198964003,-438.208280499018,-591.0482393973823,91678.7283086269,98365.110546875,105051.4927851231,13.59502815800073,0.24773111215678106,0.0,0.0,95879.34921875,98365.110546875,-1,93216.03125
93216.03125,95484.78121693121,91835.05300925925,95484.78121693121,22660400.0,2026-02-23,0.0,36.21038849462001,-1204.471279551144,-591.4608803094432,-613.010399241701,91109.45471870796,98167.827734375,105226.20075004203,14.38021636735359,0.14922536161068586,-0.018868520335146532,-0.018691624142337604,95435.46328125,98167.827734375,-1,91243.2109375
91243.2109375,92722.83057432433,91243.2109375,92722.83057432433,28539000.0,2026-02-24,0.0,31.777372769311043,-1485.3976115649712,-770.2482265605488,-715.1493850044224,90104.35717904732,97694.349609375,105284.34203970268,15.538242407418254,0.07502337906834457,-0.021391127010043528,-0.021163959525470566,94912.66484375,97694.349609375,-1,87889.40625
87889.40625,91243.210753367,87790.76494107745,90947.28682659933,47733100.0,2026-02-25,0.0,25.959137635020554,-1956.1089566006995,-1007.420372568579,-948.6885840321205,88609.45552279546,96934.81171875,105260.16791470455,17.17722673276557,-0.043244352304429995,-0.03744931205966184,-0.03675675870062589,93975.57265625,96934.81171875,1,89270.3828125
89270.3828125,90947.28503107735,88678.53497064917,88777.17627762431,17525500.0,2026-02-26,0.0,31.519148682742752,-2192.444683975118,-1244.4252348498867,-948.0194491252314,88002.85705743579,96165.409375,104327.96169256422,16.9760673211177,0.0776427338993433,0.015590496486669804,0.015712662326695437,93156.85,96165.409375,1,91637.7734375
91637.7734375,92229.62127455598,89073.09947692411,89763.58862015608,18705600.0,2026-02-27,0.0,39.857057766313496,-2163.771204750228,-1428.294428829955,-735.4767759202732,87879.75114823671,95593.28984375,103306.82853926328,16.138242983626334,0.2435991078549465,0.02617378701241359,0.02651932870022944,92821.46953125,95593.28984375,-1,88382.609375
88382.609375,90256.79417201452,88086.68545968192,88875.81590053014,17245400.0,2026-03-02,0.0,33.768820865246454,-2376.3190741067956,-1617.899357885323,-758.4197162214725,87315.49241294683,94868.276171875,102421.05993080317,15.922675237072129,0.07064395037073122,-0.03616833668597557,-0.03552207720018563,92160.57265625,94868.276171875,0,88382.609375
88382.609375,90256.79417201452,88086.68545968192,88875.81590053014,17245400.0,2026-03-03,0.0,33.768820865246454,-2515.7646233279665,-1797.4724109738518,-718.2922123541148,86980.96886066935,94162.990625,101345.01238933066,15.254447032025015,0.09757980136539428,0.0,0.0,91499.67578125,94162.990625,-1,83943.75
83943.75,85817.93478260869,83055.97826086957,85719.29347826086,23755700.0,2026-03-04,0.0,27.198347046433526,-2950.4441960986587,-2028.0667679988132,-922.3774280998455,85448.91658203141,93334.403515625,101219.8904492186,16.897278252329528,-0.09543903849609639,-0.05152829208799861,-0.050223221586118694,90394.89296875,93334.403515625,0,83253.265625
83253.265625,85620.65706457346,83253.265625,85324.73313462677,15906800.0,2026-03-05,0.0,26.339807046243592,-3312.4631938979146,-2284.9460531786335,-1027.517140719281,83812.9863977623,92614.322265625,101415.6581334877,19.006425037846284,-0.03179748967461143,-0.008259576857316318,-0.008225560271014842,89221.06171875,92614.322265625,-1,80491.3046875
80491.3046875,83450.5438304228,80392.6633827359,83253.26122089461,23713900.0,2026-03-06,0.0,23.186913388000193,-3778.6748117589013,-2583.6918048946873,-1194.983006864214,81678.1456394381,91825.191796875,101972.23795431192,22.100789465015275,-0.05848209092200899,-0.033738192531943226,-0.033175406595349344,87771.034375,91825.191796875,-1,74868.75
74868.75,75657.88043478261,74868.75,74967.39130434782,17633000.0,2026-03-09,0.0,18.36703019628237,-4549.401384165554,-2976.833720748861,-1572.567663416693,78402.84372325538,90685.884765625,102968.92580799462,27.08920153145062,-0.14386069830202225,-0.07241258178848459,-0.06985294510169815,85936.30625,90685.884765625,1,78419.8359375
78419.8359375,78518.47724056603,75361.95554245282,75361.95554245282,21099200.0,2026-03-10,0.0,28.47907272981375,-4818.124448624716,-3345.0918663240323,-1473.0325823006838,76665.70494027913,89783.316796875,102900.92865347088,29.220599827634004,0.06686167483827656,0.04634032426426345,0.047430816428750244,84653.96875,89783.316796875,0,79110.328125
79110.328125,79899.45858011223,77236.14329410848,78913.04551122195,10652800.0,2026-03-11,0.0,30.28735864439173,-4918.673063102702,-3659.8081056797664,-1258.8649574229357,75429.02784199992,88875.816796875,102322.60575175009,30.259725174976708,0.13688399123961245,0.008766531968661978,0.008805070544273041,83776.0609375,88875.816796875,-1,76644.296875
76644.296875,78123.91650579151,76447.01425756112,77729.35127091377,12722400.0,2026-03-12,0.0,27.603145337525135,-5138.117654923335,-3955.4700155284804,-1182.6476393948547,73969.78462846603,87835.151171875,101700.51771528396,31.57133871444553,0.09644578230805308,-0.031668238942682704,-0.031172051847686566,82513.45234375,87835.151171875,0,75953.8046875
75953.8046875,77433.42425933441,75263.31555397727,76052.44599228897,9026000.0,2026-03-13,0.0,26.884680720595085,-5306.575128943208,-4225.6910382114265,-1080.8840907317817,72482.89732741435,86883.2625,101283.62767258564,33.148767111699215,0.12051456051591342,-0.009049875366031154,-0.009009048496147476,80945.05546875,86883.2625,1,77137.5
77137.5,78222.55434782608,76052.44565217392,76052.44565217392,8662000.0,2026-03-16,0.0,30.23694423303688,-5283.65785284547,-4437.284401138236,-846.3734517072344,71493.32360953938,85990.55859375,100487.79357796062,33.71820167537396,0.19466389268739398,0.01546422122546964,0.015584411042608437,79820.54453125,85990.55859375,1,78321.1953125
78321.1953125,80195.38008698048,78025.27140073993,78321.1953125,9218800.0,2026-03-17,0.0,33.51947563113541,-5111.064260001411,-4572.040372910871,-539.0238870905396,70924.29475520115,85157.039453125,99389.78415104887,33.42705380395081,0.2598550284674833,0.015228716364889861,0.015345264138713288,78814.403125,85157.039453125,-1,77532.0703125
77532.0703125,79110.33128578245,77038.86375834924,78913.04866412214,6352700.0,2026-03-18,0.0,32.42415170567233,-4980.545755522442,-4653.741449433186,-326.804306089256,70455.08887021871,84284.0640625,98113.03925478128,32.81515989078683,0.25587512248309424,-0.010126598764848272,-0.010075497403370881,78173.23515625,84284.0640625,-1,75756.5234375
75756.5234375,76742.93650309245,75559.24082438152,76644.2951965332,11602900.0,2026-03-19,0.0,30.045170280119308,-4963.168378730959,-4715.626835292741,-247.54154343821847,69961.24171369892,83322.311328125,96683.38094255107,32.07080889009404,0.21687192309603176,-0.023167102578890583,-0.022900805664591406,77423.5609375,83322.311328125,-1,73586.4140625
73586.4140625,75460.59887106234,72600.00100536193,75460.59887106234,21423700.0,2026-03-20,0.0,27.39914714301787,-5066.1074396068,-4785.722956155553,-280.3844834512465,69407.49075749582,82252.053125,95096.61549250419,31.2321987828901,0.16267285663140046,-0.029064141514740828,-0.028645841658644255,76733.071875,82252.053125,-1,72106.796875
72106.796875,75066.03614483585,70627.17724008208,72698.64472896716,13156200.0,2026-03-23,0.0,25.734986164023383,-5207.056423174989,-4869.98964955944,-337.0667736155483,68680.44910736586,81196.59140625,93712.73370513413,30.829230838674647,0.13687714975642354,-0.02031210719488272,-0.020107206015546608,76456.8765625,81196.59140625,1,74375.546875
74375.546875,74868.75341926393,73093.2098599138,74474.18818385279,5189700.0,2026-03-24,0.0,32.504465812709384,-5077.163958185105,-4911.424511284574,-165.73944690053122,68428.25148323494,80353.208203125,92278.16492301507,29.68134561533609,0.2493633952501208,0.03097890682122494,0.031463746807849136,76052.44765625,80353.208203125,1,75953.8046875
75953.8046875,75953.8046875,74572.82642045454,75164.6742491883,7429300.0,2026-03-25,0.0,36.818996189901654,-4791.636030962996,-4887.4668152202585,95.83078425726217,68231.54103367428,79756.428125,91281.31521632573,28.900208703587115,0.33502556652541643,0.02099810564177796,0.02122011707897098,75736.7953125,79756.428125,-1,73191.8515625
73191.8515625,75953.80822523584,73191.8515625,75953.80822523584,9743400.0,2026-03-26,0.0,32.860292822452124,-4733.653020678292,-4856.704056311865,123.05103563357352,67992.65398371598,78952.5015625,89912.34914128401,27.76314204587434,0.2371929692183213,-0.03704122510288293,-0.03636359147989521,75391.55078125,78952.5015625,1,75066.03125
75066.03125,75263.31385512484,72994.56389618923,73487.77040900131,9080300.0,2026-03-27,0.0,37.75122282584791,-4484.772760960317,-4782.317797241556,297.54503628123894,68821.74575291346,78123.914453125,87426.08315333656,23.813882766442607,0.335636005878099,0.025284045544721016,0.02560639808243681,75302.7734375,78123.914453125,-1,72994.5703125
72994.5703125,74178.2660472973,72501.36375633445,73389.13555743243,7814800.0,2026-03-30,0.0,34.73904833485855,-4403.917330144686,-4706.637703822182,302.72037367749545,69143.49436314854,77354.5125,85565.53063685146,21.22957761992608,0.23450660351532057,-0.027983083762260347,-0.027595183906835352,74888.48046875,77354.5125,0,73685.0546875
73685.0546875,74474.18512592035,73389.13077309237,73882.33729710508,5639200.0,2026-03-31,0.0,36.556236219849616,-4235.300591412859,-4612.370281340318,377.06968992745897,70109.82057519196,76619.634765625,83129.44895605804,16.99254821651443,0.274603391719097,0.00941493374320567,0.009459393651390036,74424.86640625,76619.634765625,0,74276.90625
74276.90625,75263.31934760956,73980.98232071713,74868.75410856574,8534000.0,2026-04-01,0.0,38.14609011048126,-4007.714696065552,-4491.439164285364,483.7244682198125,70545.56146505651,76136.292578125,81727.02369119348,14.686113346881765,0.33370812416835527,0.008000092934178341,0.008032179184911392,74099.35,76136.292578125,0,73685.0546875
73685.0546875,74178.26121151271,73191.84816348729,74178.26121151271,5224400.0,2026-04-02,0.0,37.14369697128827,-3830.947926108929,-4359.340916650077,528.3929905411478,71086.87426219144,75657.88203125,80228.88980030856,12.083361696988913,0.28420214497290996,-0.008000092934178405,-0.007968177356606043,73892.203125,75657.88203125,0,72994.5703125
72994.5703125,74474.18998099663,72895.9290012669,73685.05949113176,6333100.0,2026-04-03,0.0,35.9565835488922,-3703.879290945086,-4228.248591509079,524.3693005639934,71174.81901984006,75283.0453125,79391.27160515996,10.914081053992167,0.2214765160224063,-0.009414933743205636,-0.009370752019230544,73833.01875,75283.0453125,0,72895.921875
72895.921875,73487.76968453992,72501.35666864004,72994.56317658999,4593000.0,2026-04-06,0.0,35.780638837558854,-3569.9840328714927,-4096.5956797815625,526.6116469100698,70941.75451800584,75184.40390625,79427.05329449415,11.285982644843369,0.2303003593001242,-0.0013523630094816773,-0.0013514489787072037,73911.93125,75184.40390625,0,72994.5703125
72994.5703125,73487.77686866555,72797.28769003379,73487.77686866555,4713000.0,2026-04-07,0.0,36.11727896814212,-3416.527370900745,-3960.582018005399,544.0546471046537,70851.61314245852,74913.140625,78974.66810754148,10.843297847763893,0.26381172837719374,0.0013523630094817362,0.0013532778646954124,73773.83359375,74913.140625,1,78025.2734375
78025.2734375,78025.2734375,74079.62117770228,74967.39293615677,14610000.0,2026-04-08,0.0,50.39728818363382,-2856.0533565829246,-3739.676285720904,883.6229291379796,71010.00160924906,74858.887890625,78707.77417200095,10.283044244524412,0.9113378930155138,0.06664773353515088,0.06891886757416144,73980.98046875,74858.887890625,-1,77236.140625
77236.140625,78123.91235632185,77038.8580180396,78025.27105284164,6272100.0,2026-04-09,0.0,48.56345122810834,-2447.3386881677434,-3481.208766210272,1033.8700780425288,70973.2660824016,74888.480078125,78803.69407384838,10.456118195052076,0.7998125452962941,-0.010165302339491578,-0.010113810278820967,74385.409375,74888.480078125,0,76644.296875
76644.296875,77926.63388835263,76249.73164012226,77532.0686534749,6099800.0,2026-04-10,0.0,47.17693511020234,-2146.443350370464,-3214.255683042311,1067.812332671847,70956.39629582614,74923.0046875,78889.61307917385,10.588492568386378,0.7169727910515563,-0.007692292509205872,-0.007662782542094404,74543.2359375,74923.0046875,-1,74967.390625
74967.390625,75953.80365953948,74868.74932154606,75855.16235608552,9559100.0,2026-04-13,0.0,43.39638231567346,-2020.0085461091076,-2975.40625565567,955.3977095465625,70986.65312882717,74814.49921875,78642.34530867284,10.232899050037357,0.5199709448418652,-0.02212197046740681,-0.02187907409125145,74740.51796875,74814.49921875,0,75164.671875
75164.671875,76151.08489173229,74967.38927165353,75953.80228838582,7092500.0,2026-04-14,0.0,43.96529340259397,-1882.1923627577926,-2756.763477076095,874.5711143183025,71194.80715499884,74656.673046875,78118.53893875117,9.274096341535467,0.5733706683030529,0.002628104353800889,0.002631560847393466,74888.4796875,74656.673046875,-1,74079.6171875
74079.6171875,75953.8019099534,73980.97588631824,75855.16060877164,10047800.0,2026-04-15,0.0,41.49501106621227,-1839.3243040038215,-2573.2756424616405,733.951338457819,71292.10128128249,74484.050390625,77675.9994999675,8.570825814661282,0.43664792431350796,-0.014540908904914286,-0.014435700448536037,74868.75078125,74484.050390625,-1,73093.2109375
73093.2109375,74572.83059210527,72994.56962719299,74572.83059210527,11316400.0,2026-04-16,0.0,39.33146752657625,-1863.4649354187568,-2431.313501053064,567.8485656343073,71160.23573547066,74350.884765625,77541.53379577934,8.582679386296924,0.3029125396997733,-0.013404933958527427,-0.013315487949989602,74809.56640625,74350.884765625,1,74967.390625
74967.390625,76940.21669407895,73882.33628700658,73980.97759046053,12349600.0,2026-04-17,0.0,45.18002403255563,-1711.635256351612,-2287.377852112774,575.7425957611617,71239.18707213574,74419.93359375,77600.68011536426,8.548103627658673,0.5860579470149291,0.025317738509640836,0.02564095438497782,75006.8484375,74419.93359375,1,75855.1640625
75855.1640625,75953.80536817295,75066.03361711638,75263.31622846228,6876800.0,2026-04-20,0.0,47.74953775086169,-1502.3550312266307,-2130.3732879355452,628.0182567089146,71561.62233678477,74607.351953125,77653.08156946524,8.164690306268568,0.7048461726018824,0.011772558720960339,0.011842128025247645,75302.77265625,74607.351953125,-1,74079.6171875
74079.6171875,76348.36711468043,74079.6171875,75953.8019099534,7119000.0,2026-04-21,0.0,43.37102640844457,-1462.907254775695,-1996.8800813035753,533.9728265278802,71539.21841855635,74592.55546875,77645.89251894364,8.186707188153159,0.4160036588136468,-0.023685363272073705,-0.023407066571460522,75411.27734375,74592.55546875,0,73586.4140625
73586.4140625,74474.18581392427,73093.20753393097,74474.18581392427,8145000.0,2026-04-22,0.0,42.21309492440192,-1454.6734084990312,-1888.4387467426666,433.76533824363537,71459.7395590658,74474.1859375,77488.63231593421,8.09527849277596,0.35274711115260565,-0.006680005615631165,-0.006657743974994856,74967.39140625,74474.1859375,0,73290.4921875
73290.4921875,74967.39443135935,73093.20957057537,73980.9813467362,7968500.0,2026-04-23,0.0,41.497218462115974,-1455.2512180144695,-1801.8012409970272,346.5500229825577,71473.19483193813,74479.11796875,77485.04110556186,8.07185481995931,0.3022860653531755,-0.004029527622340363,-0.0040214199695701724,74572.8265625,74479.11796875,-1,72402.71875
72402.71875,73093.20789339238,72205.43613760218,72994.56658719346,10459800.0,2026-04-24,0.0,39.34169047511765,-1509.9393917885172,-1743.4288711553254,233.48947936680815,71216.08667021451,74345.95234375,77475.81801728549,8.419733892341768,0.18956597559745578,-0.012187039049055179,-0.01211307784956328,74148.66875,74345.95234375,0,72402.71875
72402.71875,72402.71875,72402.71875,72402.71875,0.0,2026-04-27,0.0,39.34169047511765,-1535.578965066903,-1701.8588899376412,166.2799248707381,71122.16470582712,74316.359765625,77510.55482542289,8.596209690225866,0.20045019483780496,0.0,0.0,73892.2015625,74316.359765625,1,73389.1328125
73389.1328125,73389.1328125,71909.51319934476,72402.71973706318,9503800.0,2026-04-28,0.0,43.147201636583,-1459.4791731617297,-1653.382946582459,193.9037734207293,71092.34946691334,74301.563671875,77510.77787683667,8.638349036997278,0.3578420134803838,0.01353201985153358,0.01362399202032738,73714.64765625,74301.563671875,1,74474.1875
74474.1875,74474.1875,72402.72003311258,72402.72003311258,9163000.0,2026-04-29,0.0,47.0801509528767,-1296.6675186985522,-1582.0398610056777,285.37234230712556,71101.32000979104,74311.427734375,77521.53545895896,8.639607184129023,0.5253511376547487,0.014676718504859429,0.014784950385940299,73754.1046875,74311.427734375,0,74474.1875
74474.1875,74474.1875,74474.1875,74474.1875,0.0,2026-04-30,0.0,47.0801509528767,-1154.3316923391103,-1496.4982272723644,342.16653493325407,71153.82088242218,74350.884375,77547.94786757781,8.599934000658118,0.5192838092340458,0.0,0.0,73892.20234375,74350.884375,0,74474.1875
74474.1875,74474.1875,74474.1875,74474.1875,0.0,2026-05-01,0.0,47.08015095287669,-1029.6602421448042,-1403.1306302468524,373.4703881020482,71292.12056228556,74424.865234375,77557.60990646444,8.418543082944005,0.507872053229302,0.0,0.0,73842.88203125,74424.865234375,-1,72698.640625
72698.640625,74079.61887296473,72599.99932157395,73882.33626611262,8285900.0,2026-05-04,0.0,41.24829168304107,-1061.8882271248294,-1334.882149622448,272.99392249761854,71260.81727647001,74415.001171875,77569.18506727999,8.477279703644234,0.22792319601666303,-0.02412990289209342,-0.023841104342360198,73527.2296875,74415.001171875,0,73290.4921875
73290.4921875,73487.77480442463,71810.87256056527,72698.64433672611,6841400.0,2026-05-05,0.0,43.74956093834639,-1027.8235525123018,-1273.4704302004188,245.646877688117,71300.99459029333,74429.797265625,77558.59994095669,8.40739271172703,0.3179327371605131,0.008108203584755634,0.008141164090714303,73448.3171875,74429.797265625,-1,72304.078125
72304.078125,73191.84988915415,72008.15420361528,73191.84988915415,9455600.0,2026-05-06,0.0,40.64381748635858,-1068.1099172459508,-1232.3983276095253,164.28841036357449,71373.43223342228,74143.7375,76914.04276657772,7.4727963816977026,0.16796811217981508,-0.013550356355612412,-0.013458963544363267,73320.08359375,74143.7375,0,72008.15625
72008.15625,73290.49327910959,72008.15625,72895.92803938357,10186100.0,2026-05-07,0.0,39.732560376560336,-1111.1074190487125,-1208.1401458973628,97.03272684865033,71365.63752998583,73882.33828125,76399.03903251418,6.812726315411879,0.12765099698313767,-0.004101139325423606,-0.004092741138174927,73191.85,73882.33828125,-1,70923.1015625
70923.1015625,72304.07989612309,70923.1015625,72205.43858657859,13444300.0,2026-05-08,0.0,36.50101253375414,-1218.6897967397672,-1210.2500760658438,-8.439720673923375,71100.91310274512,73596.278515625,76091.64392850488,6.781227157702268,-0.03562835713906753,-0.015183180344701707,-0.015068497014878113,73043.88828125,73596.278515625,-1,69048.9140625
69048.9140625,70725.81626116071,69048.9140625,70725.81626116071,16909100.0,2026-05-11,0.0,31.70444766280707,-1438.5976163354499,-1255.919584119765,-182.67803221568488,70167.3491557272,73300.3546875,76433.3602192728,8.548404834136694,-0.1784923585172135,-0.02678106060226934,-0.026425628021194192,72708.5078125,73300.3546875,0,69640.765625
69640.765625,70528.53742475212,69048.91775849859,69147.55906958216,8533300.0,2026-05-12,0.0,34.626008006461404,-1547.2825626986014,-1314.1921798355324,-233.09038286306895,69620.88157688618,73024.159375,76427.43717311382,9.320963985732483,0.002921308411090908,0.008534955977087354,0.008571482557484966,72333.67109375,73024.159375,0,69739.40625
69739.40625,70528.53673090522,69048.91707920792,69640.76493988684,11517600.0,2026-05-13,0.0,35.1241272873571,-1606.932968678855,-1372.740337604197,-234.19263107465804,69143.68298961922,72807.148828125,76470.61466663079,10.06347837395497,0.08130596635012653,0.0014154185655129944,0.0014164207431486275,71860.19296875,72807.148828125,1,72895.921875
72895.921875,74276.9000972598,70035.3241288904,70133.96543048037,21565500.0,2026-05-14,0.0,48.61651259458388,-1383.5531745758926,-1374.9029049985363,-8.650269577356312,69135.99995163328,72797.284375,76458.56879836673,10.058848911193955,0.513470341087199,0.04426716864596329,0.04526157870751879,71702.36640625,72797.284375,-1,71909.515625
71909.515625,73191.85266632373,71712.23300325789,73191.85266632373,6386100.0,2026-05-15,0.0,45.43640345865433,-1271.4612056966434,-1354.214565138158,82.75335944151448,69111.53701538373,72644.390625,76177.24423461627,9.726431949449013,0.39599413375073017,-0.013624094850463448,-0.01353170691347405,71445.89921875,72644.390625,1,73882.3359375
73882.3359375,74276.90114944927,71021.73815086782,71909.50987775368,18323700.0,2026-05-18,0.0,52.17445799203723,-1011.7742968231905,-1285.7265114751644,273.9522146519739,69291.15410390747,72545.74921875,75800.34433359254,8.972531540142569,0.70533840179605,0.027065171585250597,0.02743476013366619,71564.26875,72545.74921875,0,73487.7734375
73487.7734375,74770.11042365772,73290.49082424496,73980.97997063758,11279900.0,2026-05-19,0.0,50.82269005706196,-828.2607722434332,-1194.233363628818,365.97259138538493,69309.8804828029,72516.15703125,75722.4335796971,8.842930126772698,0.6515178730793802,-0.005354728234251552,-0.0053404172322566446,71583.996875,72516.15703125,1,76644.296875
76644.296875,77433.42734475547,71810.87274774775,73783.69892213642,25976600.0,2026-05-20,0.0,59.79665347085813,-423.24106113686867,-1040.0349031304281,616.7938419935595,68990.96384595495,72669.051171875,76347.13849779507,10.122843952429598,1.0403957751506894,0.04205615319539942,0.042953042252457996,72018.01875,72669.051171875,-1,75460.6015625
75460.6015625,76841.57989174836,74671.47108864378,76644.29727328432,11809100.0,2026-05-21,0.0,55.69242747572253,-195.52050259313546,-871.1320230229696,675.6115204298342,68899.66664995605,72777.556640625,76655.44663129395,10.656829301972689,0.8459413403076149,-0.015564511344582574,-0.015444010327741675,72363.26328125,72777.556640625,-1,74079.6171875
74079.6171875,76545.64971704394,74079.6171875,75756.51930758989,11668800.0,2026-05-22,0.0,51.27102633433359,-125.04280142532662,-721.914178703441,596.8713772781144,68945.3104660725,72861.4015625,76777.49265892751,10.749425655964947,0.6555397455017486,-0.018470263673937667,-0.018300733712760087,72678.91484375,72861.4015625,-1,72501.359375
72501.359375,74572.8267857143,72501.359375,73586.4137329932,10441000.0,2026-05-25,0.0,46.70727313487223,-194.30114821493044,-616.3915726057389,422.0904243908085,68952.42697182737,72866.33359375,76780.24021567262,10.742702229931691,0.4533746900468069,-0.021535111084376522,-0.021304886180841587,73024.159375,72866.33359375,1,73487.7734375
73487.7734375,73586.41474412751,72600.00167785234,72600.00167785234,5104800.0,2026-05-26,0.0,49.71968349593797,-167.66082634679333,-526.6454233539498,358.9845970071565,68954.33769553402,72871.265625,76788.19355446598,10.750267326555656,0.5786978754270892,0.013513732907497309,0.013605456104594627,73408.86015625,72871.265625,-1,72600.0
72600.0,74276.90217391304,72106.79347826086,73487.77173913043,9176300.0,2026-05-27,0.0,47.13720004684757,-215.69764808718173,-464.4558683005962,248.75822021341446,68933.08959108435,72777.55625,76622.02290891563,10.564978702251054,0.4769075575687168,-0.01215412276159686,-0.012080559744472752,73694.91953125,72777.55625,-1,71200.0
71200.0,73100.0,71200.0,72800.0,10646900.0,2026-05-28,0.0,43.31625601919991,-362.55615346113336,-444.07592533270366,81.5197718715703,68794.81560023186,72613.846875,76432.87814976815,10.518741091743449,0.3148945670671631,-0.019472103412820296,-0.019283746556473802,73525.32734375,72613.846875,0,71600.0
71600.0,72500.0,70800.0,71200.0,5446700.0,2026-05-29,0.0,44.69563295267078,-441.57571005371574,-443.5758822769061,2.0001722231903614,68730.37336517639,72470.1375,76209.9016348236,10.320841835917882,0.3836641204324188,0.0056022555486697516,0.00561797752808979,73494.37578125,72470.1375,1,72900.0
72900.0,73400.0,72100.0,72200.0,5972700.0,2026-06-01,0.0,49.03627192671651,-394.74971353731235,-433.8106485289874,39.060934991675026,68736.76880438837,72480.20546875,76223.64213311164,10.329542087116815,0.5560707404570956,0.017993565048012472,0.018156424581005526,73396.1421875,72480.20546875,1,74800.0
74800.0,75600.0,73000.0,73000.0,17368000.0,2026-06-02,0.0,54.63982962919227,-201.99715542858758,-387.44794990890745,185.45079448031987,68684.75788513834,72555.680859375,76426.60383361166,10.67021335445574,0.7898945749582597,0.02572924596581916,0.026063100137174278,73527.36484375,72555.680859375,1,76500.0
76500.0,77700.0,75000.0,75100.0,25278600.0,2026-06-03,0.0,58.985167989900035,86.9343035503698,-292.571499217052,379.5058027674218,68515.68999320517,72765.476953125,77015.26391304484,11.68077813234843,0.9393776772924922,0.022472855852058576,0.022727272727272707,73512.93515625,72765.476953125,0,76100.0
76100.0,77200.0,75800.0,76700.0,11304700.0,2026-06-04,0.0,57.58728355634851,280.4055685219064,-177.97608566926033,458.3816541911667,68486.25911222084,72970.069140625,77453.87916902915,12.289449855839216,0.8490258105882535,-0.005242475964849983,-0.005228758169934622,73576.875,72970.069140625,-1,75000.0
75000.0,76000.0,74300.0,76000.0,11218100.0,2026-06-05,0.0,53.810575114543795,341.0408266218583,-74.1727032110366,415.2135298328949,68711.29477626657,73173.9140625,77636.53334873343,12.197295561972462,0.7045979973166461,-0.014560151331329664,-0.014454664914586024,73668.91328125,73173.9140625,-1,72900.0
72900.0,74500.0,72800.0,73700.0,10914200.0,2026-06-08,0.0,47.41714969472533,217.13921029992343,-15.910320508844599,233.04953080876803,69342.48833131477,73366.468359375,77390.44838743522,10.969534497283798,0.44203893208686507,-0.028399474521698,-0.028000000000000025,73708.77734375,73366.468359375,1,73700.0
73700.0,74200.0,72600.0,73400.0,7772300.0,2026-06-09,0.0,49.86112026294313,181.4084372807556,23.553431049075446,157.85500623168016,69947.26190453529,73569.430078125,77191.59825171472,9.846938245255547,0.5180237244127727,0.010914160180678553,0.010973936899862924,73730.0,73569.430078125,0,74200.0
74200.0,74500.0,73500.0,73500.0,4736000.0,2026-06-10,0.0,51.38206371891572,191.23294916281884,57.08933467182413,134.1436144909947,70645.05726459323,73792.459765625,76939.86226665677,8.530417636241843,0.5647423127867193,0.006761350978043925,0.006784260515603879,73890.0,73792.459765625,-1,73100.0
73100.0,73900.0,73100.0,73900.0,3507300.0,2026-06-11,0.0,47.9368564299763,109.00163568965218,67.47179487538975,41.52984081426243,70666.19516379786,73802.663671875,76939.13217995212,8.499607878712345,0.38798489924807583,-0.014935783417601926,-0.014824797843665749,74080.0,73802.663671875,0,73500.0
73500.0,74300.0,73500.0,73600.0,5688200.0,2026-06-12,0.0,49.26893482526192,75.2420409663464,69.02584409358109,6.216196872765309,70869.62022975434,73882.187890625,76894.75555149568,8.155058064415927,0.43656774989834607,0.005457039463058117,0.00547195622435015,74270.0,73882.187890625,0,73600.0
73600.0,75200.0,73500.0,74400.0,6422700.0,2026-06-15,0.0,49.61600451995214,55.91196486157423,66.40306824717972,-10.491103385605484,70852.8614778053,73868.07109375,76883.28070969469,8.1637697351483,0.45554685612363177,0.0013596195160396518,0.0013605442176871652,74340.0,73868.07109375,0,73200.0
73200.0,74200.0,73100.0,73700.0,5819800.0,2026-06-16,0.0,48.19565485561177,8.22131304317736,54.76671720637925,-46.54540416320189,70828.1028815731,73853.682421875,76879.2619621769,8.193442604578218,0.3919740147023583,-0.005449604767564703,-0.005434782608695676,74180.0,73853.682421875,-1,72300.0
72300.0,73400.0,72200.0,73300.0,10652200.0,2026-06-17,0.0,45.06941290324537,-101.03171972671407,23.607029819760584,-124.63874954647466,70839.29309549017,73636.467578125,76433.64206075983,7.597253302970169,0.26110400219544105,-0.012371291802546829,-0.012295081967213073,73760.0,73636.467578125,0,71600.0
71600.0,72300.0,71500.0,72300.0,13665800.0,2026-06-18,0.0,42.74689287431408,-241.31792238431808,-29.377960621055152,-211.93996176326294,70643.45996841627,73443.4375,76243.41503158373,7.624854246735747,0.17081209059607902,-0.009729055198119037,-0.009681881051175623,73310.0,73443.4375,0,71500.0
71500.0,71800.0,70800.0,71600.0,14295100.0,2026-06-19,0.0,42.410660715595384,-356.45591110596433,-94.793550718037,-261.6623603879273,70402.45223698308,73314.456640625,76226.4610442669,7.943875020218901,0.1884522842143139,-0.0013976242666379726,-0.0013966480446927498,72960.0,73314.456640625,-1,70600.0
70600.0,71700.0,70300.0,71500.0,9260100.0,2026-06-22,0.0,39.40645764551438,-514.3964331972238,-178.71412721387438,-335.68230598334947,70080.32092091642,73219.388671875,76358.45642283358,8.574416716386374,0.08277602146766112,-0.012667305200765573,-0.012587412587412583,72730.0,73219.388671875,0,70800.0
70800.0,71800.0,70700.0,70900.0,5737500.0,2026-06-23,0.0,40.41652936879987,-616.3225239160383,-266.2358065543072,-350.08671736173113,69769.15288271054,73085.0,76400.84711728946,9.073947095271162,0.15544249792374762,0.002828856200477623,0.0028328611898016387,72440.0,73085.0,0,70800.0
70800.0,71200.0,70100.0,71000.0,5968500.0,2026-06-24,0.0,40.41652936879988,-689.1555291924305,-350.8197510819319,-338.33577811049867,69529.39456189754,72995.0,76460.60543810246,9.495459793417245,0.18331651724296694,0.0,0.0,72100.0,72995.0,0,71000.0
71000.0,71700.0,70800.0,71000.0,6592100.0,2026-06-25,0.0,41.54659853609765,-722.410384845527,-425.1378778346509,-297.2725070108761,69496.50763977587,72985.0,76473.49236022413,9.55947759190007,0.2154931421617811,0.0028208763416412634,0.0028248587570620654,71890.0,72985.0,0,70800.0
70800.0,71300.0,70300.0,71300.0,4333200.0,2026-06-26,0.0,40.714991301093555,-756.1865779088257,-491.3476178494859,-264.8389600593398,69372.311199792,72945.0,76517.688800208,9.795568716726285,0.19980592769861136,-0.0028208763416413406,-0.0028169014084507005,71620.0,72945.0,0,70400.0
70400.0,70800.0,70200.0,70700.0,4618200.0,2026-06-29,0.0,39.032236266439696,-805.9407282813918,-554.2662399358671,-251.67448834552465,69070.13684460561,72820.0,76569.86315539439,10.298992461945579,0.17732155818557052,-0.005665737535677308,-0.005649717514124242,71300.0,72820.0,0,70200.0
70200.0,70800.0,70200.0,70500.0,6075800.0,2026-06-30,0.0,38.18249723194588,-851.6918064561323,-613.7513532399203,-237.94045321621206,68787.5631082471,72590.0,76392.4368917529,10.476475800393736,0.1857278545261772,-0.0028449521322312507,-0.0028409090909090606,71000.0,72590.0,0,70200.0
70200.0,70800.0,70200.0,70500.0,6075800.0,2026-07-01,0.0,38.18249723194588,-877.8307787416707,-666.5672383402704,-211.2635404014003,68807.32976739721,72275.0,75742.67023260279,9.59576681453556,0.2008077670576922,0.0,0.0,70790.0,72275.0,1,72500.0
72500.0,73300.0,72500.0,72900.0,5690500.0,2026-07-02,0.0,52.09263984509541,-704.8304774982535,-674.219886171867,-30.610591326386498,69125.34646713838,72095.0,75064.65353286162,8.238167786563883,0.5681897729008364,0.03223825082886361,0.03276353276353272,70880.0,72095.0,0,72300.0
72300.0,73100.0,71700.0,72500.0,7490500.0,2026-07-03,0.0,51.017594104331145,-577.2110907406168,-654.818127085617,77.60703634500021,69319.10700908801,71960.0,74600.89299091199,7.339891581189524,0.5643721652429746,-0.0027624326959100726,-0.0027586206896551557,70960.0,71960.0,0,73000.0
73000.0,74000.0,71900.0,72400.0,11200200.0,2026-07-06,0.0,54.55276769773998,-414.8060317055206,-606.8157080095978,192.00967630407717,69316.24656926763,71965.0,74613.75343073237,7.361226792836423,0.6953749239154036,0.009635311983672092,0.009681881051175623,71200.0,71965.0,0,73200.0
73200.0,73700.0,72500.0,73000.0,4557200.0,2026-07-07,0.0,55.540083111695935,-266.8840506186971,-538.8293765314177,271.9453259127206,69351.4421816537,71940.0,74528.5578183463,7.196435413806763,0.743378763083792,0.0027359798188748455,0.00273972602739736,71440.0,71940.0,-1,72100.0
72100.0,72800.0,71500.0,72400.0,6741600.0,2026-07-08,0.0,49.208194316096204,-235.69863466043898,-478.20322815722193,242.50459349678295,69471.88430468415,71835.0,74198.11569531585,6.579287799306326,0.5560700435711381,-0.015141376676362443,-0.015027322404371546,71570.0,71835.0,0,72100.0
72100.0,73000.0,71700.0,71800.0,4441900.0,2026-07-09,0.0,49.208194316096204,-208.57959213292634,-424.27850095236283,215.6989088194365,69493.34465713083,71785.0,74076.65534286917,6.384774933117419,0.5687276123305736,0.0,0.0,71680.0,71785.0,-1,70600.0
70600.0,72300.0,70600.0,72000.0,7937300.0,2026-07-10,0.0,41.69127525750142,-304.6136232907593,-400.3455254200422,95.7319021292829,69440.09569586698,71640.0,73839.90430413302,6.14155305453103,0.26362608181498487,-0.02102389979170699,-0.020804438280166426,71660.0,71640.0,0,70500.0
70500.0,71300.0,70200.0,70300.0,7738400.0,2026-07-13,0.0,41.238998799744266,-384.3597887472861,-397.148378085491,12.788589338204929,69434.81387238392,71485.0,73535.18612761608,5.735989725441919,0.2597779082757375,-0.0014174346809733935,-0.0014164305949008194,71670.0,71485.0,0,70300.0
70300.0,70900.0,70000.0,70300.0,6626800.0,2026-07-14,0.0,40.297432601518224,-458.41322562920686,-409.4013475942342,-49.01187803497265,69392.91040403592,71340.0,73287.08959596408,5.458619556950032,0.23293473444783694,-0.0028409110016037525,-0.0028368794326241176,71680.0,71340.0,-1,66800.0
66800.0,70400.0,66800.0,70400.0,21271900.0,2026-07-15,0.0,28.174226666383092,-790.4104969682812,-485.60317746904366,-304.80731949923756,68304.92753718767,71065.0,73825.07246281233,7.767740696017246,-0.27262464255272706,-0.05106871827401922,-0.049786628733997196,71340.0,71065.0,1,68000.0
68000.0,68000.0,64700.0,66700.0,13030600.0,2026-07-16,0.0,35.35502547194899,-945.7882964849996,-577.6402012722349,-368.1480952127647,67819.21255929998,70885.0,73950.78744070002,8.650031574240021,0.029484666532970764,0.017804624633506686,0.017964071856287456,70890.0,70885.0,-1,67000.0
67000.0,68400.0,67000.0,68300.0,3987800.0,2026-07-17,0.0,32.44409673843441,-1136.5169052632264,-689.4155420704332,-447.1013631927932,67155.17625640612,70660.0,74164.82374359388,9.92024835435573,-0.022137526414809348,-0.014815085785140587,-0.014705882352941124,70360.0,70660.0,0,67100.0
67100.0,67700.0,66100.0,66900.0,7346800.0,2026-07-20,0.0,33.037834392962495,-1265.0191838756436,-804.5362704314754,-460.4829134441683,66635.03759417172,70485.0,74334.96240582828,10.924203464079675,0.06038531767536144,0.00149142458667012,0.0014925373134329067,69770.0,70485.0,-1,64800.0
64800.0,67900.0,64800.0,66500.0,7540400.0,2026-07-21,0.0,27.1315046862144,-1534.7572177301045,-950.5804598912014,-584.1767578389031,65577.78597712163,70185.0,74792.21402287837,13.12877117013142,-0.08440957737792568,-0.034878440619407106,-0.03427719821162445,68930.0,70185.0,0,64600.0
64600.0,67500.0,64600.0,65000.0,10060700.0,2026-07-22,0.0,26.684763173237684,-1744.5547403484961,-1109.3753159826604,-635.1794243658358,64649.20366179501,69875.0,75100.796338205,14.957556603091216,-0.004707766875192462,-0.003091192569672858,-0.0030864197530864335,68180.0,69875.0,0,64700.0
64700.0,65700.0,64200.0,65000.0,6287300.0,2026-07-23,0.0,27.3290775050083,-1881.067845074038,-1263.7138218009359,-617.354023273102,63879.97034848575,69560.0,75240.02965151425,16.3313100963607,0.0721853319282967,0.001546790718298733,0.001547987616099089,67440.0,69560.0,-1,62900.0
62900.0,64500.0,62800.0,64300.0,5804800.0,2026-07-24,0.0,23.351054926780762,-2110.1756297442043,-1433.0061833895898,-677.1694463546146,62791.60959432627,69165.0,75538.39040567374,18.429524776039134,0.008503355261058429,-0.028215037800460006,-0.02782071097372485,66670.0,69165.0,-1,62200.0
62200.0,63700.0,62200.0,63100.0,4449500.0,2026-07-27,0.0,22.00934216129184,-2321.468901155371,-1610.698726942746,-710.7701742126251,61697.79763198375,68755.0,75812.20236801625,20.52855026693696,0.03558083939127706,-0.011191163961261104,-0.011128775834658211,65840.0,68755.0,1,63000.0
63000.0,63700.0,61500.0,61900.0,5399400.0,2026-07-28,0.0,27.160408890393754,-2396.7389126466733,-1767.9067640835315,-628.8321485631418,60925.63097148179,68395.0,75864.36902851821,21.841856944274316,0.13885838419538682,0.012779726646399021,0.012861736334405238,65110.0,68395.0,1,65100.0
65100.0,65300.0,62500.0,63000.0,6114000.0,2026-07-29,0.0,38.62058582014058,-2260.8765123889025,-1866.500713744606,-394.37579864429654,60582.38968428596,68140.0,75697.61031571403,22.182595584719795,0.29887822519248397,0.03278982282299097,0.03333333333333344,64940.0,68140.0,1,67000.0
67000.0,67200.0,64800.0,65200.0,7571500.0,2026-07-30,0.0,46.77932730807201,-1977.099685834939,-1888.6205081626726,-88.47917767226636,60580.04072908268,67865.0,75149.95927091732,21.468973022669473,0.4406311025338735,0.028768070176442416,0.029185867895545226,64840.0,67865.0,0,67100.0
67100.0,67900.0,66500.0,67200.0,6253600.0,2026-07-31,0.0,47.17729894437958,-1724.2591557902488,-1855.748237688188,131.4890818979393,60621.56848036363,67605.0,74588.43151963636,20.65951192851524,0.46384299047108773,0.00149142458667012,0.0014925373134329067,64850.0,67605.0,1,71700.0
71700.0,71700.0,67300.0,67400.0,16279100.0,2026-08-03,0.0,61.45557675543516,-1139.5634794784419,-1712.5112860462389,572.947806567797,60746.38070260985,67540.0,74333.61929739015,20.117320987237633,0.8061696437418943,0.06630670362793858,0.0685543964232489,65310.0,67540.0,0,71500.0
71500.0,73300.0,71300.0,72400.0,6584300.0,2026-08-04,0.0,60.687488306653506,-684.4365139409492,-1506.896331625181,822.4598176842317,60922.01486785564,67455.0,73987.98513214436,19.369906254968072,0.8095828260879792,-0.002793297905612711,-0.002789400278940035,65980.0,67455.0,-1,70300.0
70300.0,72200.0,70200.0,72200.0,6877600.0,2026-08-05,0.0,56.15270488863893,-415.7822074492724,-1288.6735067899992,872.8912993407268,61055.683580276884,67365.0,73674.31641972311,18.731734341937543,0.7325925508209657,-0.01692565088334278,-0.016783216783216814,66550.0,67365.0,0,70700.0
70700.0,71400.0,70400.0,70400.0,4629700.0,2026-08-06,0.0,57.29813259181934,-168.650973503376,-1064.6690001326747,896.0180266292987,61178.76620873181,67295.0,73411.2337912682,18.17737957134466,0.7783575739747821,0.005673774085907875,0.005689900426742556,67150.0,67295.0,0,70800.0
70800.0,71700.0,70300.0,71100.0,4301800.0,2026-08-07,0.0,57.596363513099064,34.86952002691396,-844.761296100757,879.630816127671,61165.40460788135,67305.0,73444.59539211864,18.244098929109718,0.7846278766583307,0.0014134277971469427,0.0014144271570013522,67940.0,67305.0,1,71800.0
71800.0,72000.0,70700.0,70900.0,5252100.0,2026-08-10,0.0,60.56255546104279,273.6976044734183,-621.069515985922,894.7671204593403,61062.74436191241,67370.0,73677.25563808759,18.724226326518007,0.8511828483095392,0.014025475354504458,0.01412429378531077,68900.0,67370.0,0,71200.0
71200.0,73100.0,71000.0,71600.0,6936800.0,2026-08-11,0.0,57.94354551119293,409.8313161682745,-414.8893495550827,824.7206657233571,61007.6768870564,67415.0,73822.3231129436,19.008597828209158,0.7953651574363264,-0.008391657636248401,-0.00835654596100277,69720.0,67415.0,0,70800.0
70800.0,71900.0,70600.0,71200.0,3685600.0,2026-08-12,0.0,56.198716874312105,479.90950833754323,-235.9295779765575,715.8390863141008,61040.96014615237,67615.0,74189.03985384763,19.445507221319616,0.7422406975625417,-0.00563381771825602,-0.005617977528089901,70290.0,67615.0,-1,69200.0
69200.0,71300.0,69200.0,71000.0,7458000.0,2026-08-13,0.0,49.74589550789272,401.7096929905383,-108.40172378313835,510.11141677367664,61064.36263921803,67675.0,74285.63736078197,19.536423674272537,0.6153444000004569,-0.022858138076050208,-0.02259887005649719,70510.0,67675.0,-1,68300.0
68300.0,69600.0,68000.0,69300.0,7123800.0,2026-08-14,0.0,46.510819808118356,264.0692713597964,-33.9075247545514,297.9767961143478,61131.74360125488,67740.0,74348.25639874513,19.510647767183716,0.5423712372984149,-0.013091096046879453,-0.013005780346820761,70630.0,67740.0,0,68800.0
68800.0,69400.0,68400.0,68400.0,4104500.0,2026-08-17,0.0,48.51403777250752,193.10803764499724,11.495587725358323,181.61244991963892,61207.67823297084,67825.0,74442.32176702916,19.512928174063145,0.5736702879447348,0.007293978362553626,0.007320644216691097,70340.0,67825.0,0,69000.0
69000.0,69300.0,68200.0,68800.0,3383800.0,2026-08-18,0.0,49.33145793776545,151.26538402063306,39.449546984413274,111.81583703621979,61556.769247380325,68035.0,74513.23075261968,19.043817895552813,0.5744802120246927,0.00290275965796141,0.0029069767441860517,70090.0,68035.0,0,68900.0
68900.0,69200.0,68600.0,69000.0,1821000.0,2026-08-19,0.0,48.91330208116838,108.78164817224024,53.31596722197867,55.46568095026157,61969.36979360747,68250.0,74530.63020639252,18.404777161589827,0.5517463995363413,-0.0014503265776465246,-0.0014492753623188692,69950.0,68250.0,1,69800.0
69800.0,70300.0,69100.0,69100.0,4468100.0,2026-08-20,0.0,52.79176125154731,146.05186483607395,71.86314674479773,74.18871809127621,62420.16985490036,68505.0,74589.83014509964,17.764630742572475,0.6064121733162031,0.012977831748713815,0.013062409288824295,69860.0,68505.0,1,72000.0
72000.0,72000.0,69500.0,69900.0,7035800.0,2026-08-21,0.0,60.65506539879768,349.0863438195811,127.30778615975441,221.77855765982667,63293.32920536996,68960.0,74626.67079463004,16.4346600772333,0.7682350987180003,0.03103210924772846,0.03151862464183375,69980.0,68960.0,0,71400.0
71400.0,72700.0,71400.0,72500.0,4611900.0,2026-08-24,0.0,57.82611989455224,456.317501498168,193.10972922743713,263.20777227073086,64639.513347832166,69420.0,74200.48665216783,13.772649530878232,0.7070918866703789,-0.00836824967051658,-0.008333333333333304,69940.0,69420.0,0,70700.0
70700.0,72000.0,70700.0,71400.0,4690000.0,2026-08-25,0.0,54.625149776533135,479.28986148569675,250.34575567908908,228.94410580660767,66077.16727278692,69805.0,73532.83272721308,10.68070403900318,0.6200429398919274,-0.009852296443011594,-0.009803921568627416,69890.0,69805.0,1,72600.0
72600.0,72900.0,70700.0,70700.0,10161300.0,2026-08-26,0.0,60.94459504844513,643.3931080686743,328.9552261570061,314.4378819116682,66972.37749957408,70180.0,73387.62250042592,9.141129952766935,0.8772264347937866,0.026519348928223264,0.026874115983026803,70070.0,70180.0,0,72200.0
72200.0,72700.0,72200.0,72600.0,3542900.0,2026-08-27,0.7,59.079122500199105,732.7230806556909,409.7087970567431,323.01428359894777,67484.61241299065,70440.0,73395.38758700935,8.391219724614842,0.7977612831116004,-0.005524875931969804,-0.0055096418732781816,70370.0,70440.0,1,73200.0
73200.0,74000.0,72200.0,72200.0,10196800.0,2026-08-28,0.35,62.194650218261245,874.1329101110023,502.59361966759496,371.5392904434073,67988.59119982916,70745.0,73501.40880017084,7.79251904776548,0.9453258166654811,0.013755375068485419,0.013850415512465464,70860.0,70745.0,0,73200.0
73200.0,73200.0,73200.0,73200.0,0.0,2026-08-31,0.35,62.19465021826125,974.962458429407,597.0673874199574,377.89507100944957,67878.75071297992,70820.0,73761.24928702008,8.30626740192059,0.9045899833283583,0.0,0.0,71300.0,70820.0,0,73200.0
73200.0,73200.0,73200.0,73200.0,0.0,2026-09-01,0.35,62.19465021826125,1042.8492845087458,686.2237668377152,356.6255176710306,67788.0007682867,70905.0,74021.9992317133,8.792043527856427,0.868142535399106,0.0,0.0,71720.0,70905.0,0,73200.0
73200.0,73200.0,73200.0,73200.0,0.0,2026-09-02,0.35,62.19465021826125,1084.1526464283525,765.8095427558427,318.34310367250976,67785.19566154479,71050.0,74314.80433845521,9.190159995651555,0.8292693492647863,0.0,0.0,72150.0,71050.0,-1,72200.0
72200.0,73000.0,72000.0,73000.0,4098200.0,2026-09-03,0.35,56.41719117884545,1024.3857345826982,817.5247811212139,206.8609534614843,67825.31899468797,71125.0,74424.68100531203,9.278540612476704,0.6628945340882042,-0.013755375068485344,-0.013661202185792365,72390.0,71125.0,0,72800.0
72800.0,73000.0,72400.0,72500.0,3549500.0,2026-09-04,0.35,58.88504589512027,1013.7491428565263,856.7696534682764,156.97948938824993,67846.50765484209,71225.0,74603.49234515791,9.4868159920194,0.7330921368309902,0.008275909303859661,0.008310249307479145,72470.0,71225.0,0,72400.0
72400.0,73800.0,72200.0,73000.0,7020200.0,2026-09-07,0.35,56.58468131760031,961.9541021268378,877.8065431999887,84.14755892684911,67844.50536077458,71255.0,74665.49463922542,9.572646520876908,0.6678642134238991,-0.0055096558109695845,-0.005494505494505475,72570.0,71255.0,0,72200.0
72200.0,72500.0,72000.0,72400.0,4273000.0,2026-09-08,0.35,55.418933778667196,894.4570861462998,881.136651789251,13.320434357048839,67868.67699576299,71305.0,74741.32300423701,9.638378807200091,0.6302264075432458,-0.002766253492890185,-0.002762430939226568,72720.0,71305.0,0,72200.0
72200.0,72200.0,72200.0,72200.0,0.0,2026-09-09,0.65,55.418933778667196,831.3815655216895,871.1856345357387,-39.80406901404922,67924.98093064371,71375.0,74825.01906935629,9.66730387210169,0.6195645565161948,0.0,0.0,72680.0,71375.0,1,74500.0
74500.0,74800.0,72200.0,72300.0,11936600.0,2026-09-10,0.65,65.02821042413828,955.9647722628579,888.1414620811626,67.82331018169532,68080.93448101955,71640.0,75199.06551898045,9.935972973144759,0.9017908612173132,0.03135907948673331,0.03185595567867039,72910.0,71640.0,-1,72700.0
72700.0,74400.0,72700.0,74400.0,5655200.0,2026-09-11,0.65,55.0310356611606,899.0887687436771,890.3309234136655,8.757845330011605,68642.67845953949,71860.0,75077.32154046051,8.954415642806888,0.6305433711608082,-0.02445774084604016,-0.024161073825503365,72860.0,71860.0,0,72400.0
72400.0,73600.0,72000.0,72800.0,4860300.0,2026-09-14,0.3,53.55330530330668,820.350147539255,876.3347682387835,-55.98462069952848,69158.18770471818,72040.0,74921.81229528182,8.000589381681907,0.5624606954084763,-0.0041350851478029905,-0.004126547455295726,72780.0,72040.0,0,72400.0
