close,high,low,open,volume,time,sentiment_score,RSI_14,MACD_12_26_9,MACDs_12_26_9,MACDh_12_26_9,BBL_5_2.0_2.0,BBM_5_2.0_2.0,BBU_5_2.0_2.0,BBB_5_2.0_2.0,BBP_5_2.0_2.0,log_ret,price_change,sma_10,sma_20,target_3class,target_price_next
14006.3740234375,14585.30379529936,14006.3740234375,14043.724091434753,12724685.0,2021-01-28,0.0,42.295936746811606,-120.24571019404902,96.7330224381094,-216.97873263215843,14651.703264390031,15978.471337890625,17305.23941139122,16.606946252165642,-0.24319594880281917,-0.07201055656437051,-0.06947892734624517,15838.4076171875,15978.471337890625,1,14622.6552734375
14622.6552734375,14921.457686189748,13819.623208243245,13819.623208243245,10256236.0,2021-01-29,0.0,48.651377651490805,-194.3791198798299,38.51059397452155,-232.88971385435144,14490.668548941774,15935.51845703125,17380.368365120725,18.133704428699804,0.04567489112770609,0.04305954368922814,0.04400005661484907,15638.58349609375,15935.51845703125,-1,14323.8515625
14323.8515625,14884.107233834146,14267.826460104643,14566.628865165443,5433884.0,2021-02-01,0.0,46.00566705289219,-274.0818979149317,-24.007904403369103,-250.07399351156258,14246.944236297484,15861.751513671876,17476.558791046267,20.361020987909498,0.023813159403010587,-0.020645967851087733,-0.02043429906196903,15405.14384765625,15861.751513671876,1,15126.8837890625
15126.8837890625,15126.8837890625,14286.501666162181,14379.877767420925,7273014.0,2021-02-02,0.0,53.348219961908676,-269.3441031122038,-73.07514414513605,-196.26895896706776,14179.215173858487,15827.202392578125,17475.189611297763,20.824744359021164,0.2875230476424083,0.05454745496869603,0.05606259064181085,15364.05849609375,15827.202392578125,1,15687.138671875
15687.138671875,15817.865772441364,15313.636122596754,15388.336260661948,8878035.0,2021-02-03,0.0,57.67290719423599,-217.87000994425944,-102.03411730496073,-115.8358926392987,14164.916761798713,15812.2623046875,17459.607847576288,20.836304270015006,0.46202265112118385,0.03636763955958372,0.03703703225495736,15375.26357421875,15812.2623046875,0,15612.4384765625
15612.4384765625,15761.840611097337,15519.062374847259,15687.138614353787,5670617.0,2021-02-04,0.0,56.91531343720207,-181.0174452940828,-117.83078290278515,-63.186662391297645,14146.063378295821,15793.58720703125,17441.11103576668,20.863199818239618,0.44502394220064395,-0.004773248966806471,-0.004761875117890502,15285.623046875,15793.58720703125,1,15873.8916015625
15873.8916015625,15948.591743042129,15575.089176691628,15668.464353541165,5955589.0,2021-02-05,0.0,58.947934133722285,-129.2248169180857,-120.10958970584527,-9.115227212240441,14142.938497538635,15788.9185546875,17434.898611836365,20.849813765873122,0.5258122953877671,0.016607787175774227,0.016746463109686305,15242.6703125,15788.9185546875,-1,15276.2861328125
15276.2861328125,15911.24102756514,14940.132721346863,15873.890958338783,8388464.0,2021-02-08,0.0,52.814648273192276,-134.84613046204322,-123.05689785708486,-11.789232604958357,14093.462482823905,15748.766943359375,17404.071403894843,21.021384931135128,0.35728280754042296,-0.03837402190656041,-0.03764706750871205,15138.08935546875,15748.766943359375,0,15276.2861328125
15276.2861328125,15276.2861328125,15276.2861328125,15276.2861328125,0.0,2021-02-09,0.0,52.814648273192276,-137.7135854556036,-125.98823537678862,-11.725350078814984,14079.122778880292,15674.06630859375,17269.00983830721,20.35136892127331,0.37529960516761535,0.0,0.0,15085.79892578125,15674.06630859375,0,15276.2861328125
15276.2861328125,15276.2861328125,15276.2861328125,15276.2861328125,0.0,2021-02-10,0.0,52.814648273192276,-138.39078141402751,-128.4687445842364,-9.922036829791125,14074.617231272867,15603.100732421875,17131.584233570884,19.59204811096238,0.39309187853068134,0.0,0.0,15108.2091796875,15603.100732421875,0,15276.2861328125
15276.2861328125,15276.2861328125,15276.2861328125,15276.2861328125,0.0,2021-02-11,0.0,52.814648273192276,-137.34424512602345,-130.24384469259383,-7.100400433429627,14077.32280152284,15536.80400390625,16996.28520628966,18.78740572406614,0.4107498367679178,0.0,0.0,15235.200390625,15536.80400390625,0,15276.2861328125
15276.2861328125,15276.2861328125,15276.2861328125,15276.2861328125,0.0,2021-02-12,0.0,52.814648273192276,-134.95913270521123,-131.1869022951173,-3.7722304100939255,14099.201292506401,15469.573486328125,16839.94568014985,17.717000343065013,0.4294763297201102,0.0,0.0,15300.5634765625,15469.573486328125,0,15276.2861328125
15276.2861328125,15276.2861328125,15276.2861328125,15276.2861328125,0.0,2021-02-15,0.0,52.814648273192276,-131.5524590683326,-131.26001364976037,-0.2924454185722425,14148.189765383095,15400.475390625,16652.761015866905,16.262947649060635,0.4504149631245228,0.0,0.0,15395.80693359375,15400.475390625,0,15276.2861328125
15276.2861328125,15276.2861328125,15276.2861328125,15276.2861328125,0.0,2021-02-16,0.0,52.814648273192276,-127.38423944891838,-130.48485880959197,3.1006193606735906,14135.6919256836,15387.40283203125,16639.1137383789,16.269294045412526,0.45561407244466057,0.0,0.0,15410.74716796875,15387.40283203125,1,16228.7158203125
16228.7158203125,16228.7158203125,15799.188235517528,15855.2133301927,6180345.0,2021-02-17,0.0,63.095240642938755,-46.689571063918265,-113.72580126045725,67.03623019653898,14114.756981255476,15420.084228515625,16725.411475775774,16.93022201326592,0.8097428608397524,0.06048055450994387,0.062346939512624155,15464.9048828125,15420.084228515625,0,16378.1201171875
16378.1201171875,16434.145219338527,16041.967645329127,16210.042951782201,5438955.0,2021-02-18,0.0,64.40535863728346,28.983113843860338,-85.18401823959374,114.16713208345408,14130.048936380525,15413.548046875,16697.047157369474,16.654168223839886,0.8757587607290567,0.00916405030765436,0.009206168776952683,15541.473046875,15413.548046875,0,16228.7158203125
16228.7158203125,16396.792963289998,16097.990599403762,16172.690725637327,4333953.0,2021-02-19,0.0,62.03376194286158,76.02224655543796,-52.9427652805874,128.96501183602535,14136.825802861375,15409.812890625,16682.799978388626,16.521772156468998,0.8216462042541776,-0.009164050307654414,-0.009122188371192386,15576.95546875,15409.812890625,0,16210.0419921875
16210.0419921875,16583.546368988238,16060.641728628896,16228.717025132326,5443720.0,2021-02-22,0.0,61.7278089906779,110.52026741572809,-20.250158741324306,130.77042615705238,14147.243473536697,15404.210205078125,16661.176936619555,16.319781602656388,0.8205461874560418,-0.0011513283150794864,-0.0011506657909202689,15670.3310546875,15404.210205078125,0,16172.693359375
16172.693359375,16340.770529724015,16041.968117177537,16135.343290175724,4566915.0,2021-02-23,0.0,61.07895916613753,133.30976299455142,10.46182560585084,122.84793738870059,14130.607294580988,15422.8853515625,16715.16340854401,16.757928591495226,0.7901109415894189,-0.0023067013312883093,-0.0023040429402033658,15759.97177734375,15422.8853515625,0,16172.693359375
16172.693359375,16172.693359375,16172.693359375,16172.693359375,0.0,2021-02-24,0.0,61.07895916613753,149.64558131990452,38.298576748661574,111.34700457124295,14157.473632841902,15478.91083984375,16800.348046845596,17.074033446854408,0.7625105891733382,0.0,0.0,15849.6125,15478.91083984375,0,16172.693359375
16172.693359375,16172.693359375,16172.693359375,16172.693359375,0.0,2021-02-25,0.0,61.07895916613753,160.7389366309926,62.78664872512779,97.95228790586482,14428.938148616988,15587.226806640625,16745.515464664262,14.86202353237295,0.7527291226926731,0.0,0.0,15939.25322265625,15587.226806640625,1,17031.75
17031.75,17069.101926994015,16284.744921259688,16322.09498930148,10429645.0,2021-02-26,0.0,70.10604938620168,236.12726398576524,97.45477177725529,138.67249220850994,14473.193192435221,15707.68154296875,16942.16989350228,15.718275764078307,1.036282281019098,0.051755024306551364,0.05311772266596648,16114.799609375,15707.68154296875,1,17255.8515625
17255.8515625,17293.201629016472,17106.45129643411,17274.526595758238,5605713.0,2021-03-01,0.0,71.9347397628328,310.37833155448243,140.03948373270072,170.3388478217817,14615.365984855169,15854.28154296875,17093.197101082333,15.628782102245827,1.0656438852319083,0.013072057738670371,0.013157870594624699,16312.75615234375,15854.28154296875,1,17442.60546875
17442.60546875,17592.007608455187,17255.853258856598,17479.955538938215,6031935.0,2021-03-02,0.0,73.39531674718862,379.91291739544977,188.01417046525052,191.89874693019925,14592.322106445226,15970.067626953125,17347.813147461024,17.254097511555173,1.0344012445977802,0.010764496496841585,0.010822642138151428,16529.3880859375,15970.067626953125,0,17479.953125
17479.953125,17573.32828757566,17367.90292990921,17386.57796242434,5673165.0,2021-03-03,0.0,73.69020077828469,433.0413897934086,237.01961433088215,196.02177546252645,14534.111716916243,16059.708349609375,17585.304982302507,18.99905775972874,0.9654719160212981,0.0021388851213750694,0.002141174167867854,16654.51181640625,16059.708349609375,-1,17143.80078125
17143.80078125,17517.303292693687,16807.648335055474,17517.303292693687,7125470.0,2021-03-04,0.0,66.54126063882455,442.91574513604246,278.1988404919142,164.71690464412825,14552.588783472984,16136.27646484375,17719.964146214515,19.628911103762512,0.8180943844730119,-0.019418050802940828,-0.01923073485072635,16731.0798828125,16136.27646484375,0,17181.15234375
17181.15234375,17218.50241225403,16844.99986826148,17050.427103985894,5452460.0,2021-03-05,0.0,66.92522081998683,448.5842023687528,312.27591286728193,136.30828950147088,14556.820526405076,16201.639501953125,17846.458477501175,20.3043522274368,0.7977570347735389,0.00217635124551901,0.0021787212168757897,16826.32353515625,16201.639501953125,0,17293.201171875
17293.201171875,17517.303424001897,17181.1509752876,17405.253227414498,4530220.0,2021-03-08,0.0,68.10757445916737,456.8515987135361,341.1910500365328,115.6605486770033,14649.251061322588,16302.48525390625,17955.71944648991,20.281989731443296,0.7996296357809015,0.0065004393850357275,0.006521613095745504,16934.639453125,16302.48525390625,0,17125.126953125
17125.126953125,17255.85219069165,16826.3245511633,17181.152054939277,4151064.0,2021-03-09,0.0,64.38929056872159,444.71498753109336,361.8958375354449,82.81914999564844,14776.912607331651,16394.927294921876,18012.9419825121,19.737991617582647,0.7256467953608754,-0.009766630973273812,-0.009719092323019374,17029.8828125,16394.927294921876,0,17031.75
17031.75,17125.127029056704,16863.67469381193,17125.127029056704,4019243.0,2021-03-10,0.0,62.35260032966293,422.6893957567445,374.05454917970485,48.63484657703964,14931.099128553918,16482.70048828125,18034.30184800858,18.827028505801916,0.6769299531341081,-0.005467548211227409,-0.005452628373535107,17115.7884765625,16482.70048828125,1,17330.5546875
17330.5546875,17423.929859895747,17106.452414797943,17143.80248375624,3967487.0,2021-03-11,0.0,66.05297310483044,424.4521761813194,384.1340745800278,40.31810160129157,15099.487844044666,16585.413916015626,18071.339987986586,17.918468354125096,0.7507327872967479,0.017391861341723252,0.017543980360209543,17231.574609375,16585.413916015626,0,17349.23046875
17349.23046875,17405.25557459896,17255.853433382716,17405.25557459896,3097078.0,2021-03-12,0.0,66.27608592314178,422.4860160304197,391.8044628701062,30.681553160313513,15301.702214696852,16689.0611328125,18076.42005092815,16.625967237760925,0.7379230519648655,0.0010770414505863197,0.0010776216680168371,17263.32265625,16689.0611328125,0,17367.904296875
17367.904296875,17517.304568754815,17330.554228905046,17405.254364844954,3033729.0,2021-03-15,0.0,66.51307986594006,417.6205718192541,396.9676846599358,20.65288715931831,15546.431751059936,16793.642041015624,18040.852330971313,14.853362801345757,0.7302186970730407,0.0010757702242408004,0.0010763490725791414,17274.5279296875,16793.642041015624,0,17218.5
17218.5,17405.252175309044,17106.449810185764,17405.252175309044,3592358.0,2021-03-16,0.0,62.71565121743449,397.131113819687,397.0003704918861,0.13074332780092845,15856.77118533138,16890.752734375,17924.734283418624,12.243167196916307,0.6584879662157159,-0.008639535055777168,-0.00860232151911855,17252.1173828125,16890.752734375,0,17293.201171875
17293.201171875,17349.2281291208,17199.82600805217,17237.1760735813,3106787.0,2021-03-17,0.0,63.827659904573096,382.5114768035601,394.1025917542209,-11.591114950660824,15944.469210039862,16943.977001953124,17943.484793866388,11.797794482346735,0.6746980727650898,0.004329041223728043,0.004338425058802997,17233.4421875,16943.977001953124,0,17405.255859375
17405.255859375,17461.280966140617,17311.87882247993,17442.605930552076,2845540.0,2021-03-18,0.0,65.49034328024189,375.637075559549,390.4094885152865,-14.772412955737536,16012.838689026335,16995.3337890625,17977.828889098666,11.561939438558822,0.7086127810191676,0.00645879307764795,0.006479696060105011,17259.5876953125,16995.3337890625,1,17610.681640625
17610.681640625,17722.73184480841,17405.254407336524,17405.254407336524,4686785.0,2021-03-19,0.0,68.36150931804134,382.35762607424476,388.7991160270782,-6.441489952833422,16115.125702318337,17064.432080078124,18013.738457837913,11.126140891240748,0.7877098339083831,0.011733407854113517,0.01180251430428414,17302.540625,17064.432080078124,0,17461.27734375
17461.27734375,17722.729646702912,17442.602312035648,17666.70455155986,2815292.0,2021-03-22,0.0,64.17930267880621,371.3473713014391,385.3087670819504,-13.961395780511282,16252.821566632201,17126.99384765625,18001.166128680296,10.208122789086815,0.6912000090543685,-0.00851992332111662,-0.008483731630827274,17319.3482421875,17126.99384765625,0,17405.255859375
17405.255859375,17592.008074212765,17330.555717020845,17423.930894963538,3182063.0,2021-03-23,0.0,62.6320311027676,354.02027412129974,379.0510684898203,-25.03079436852056,16431.81129623525,17188.62197265625,17945.432649077247,8.805949396349948,0.6431229060768708,-0.003213484532996889,-0.0032083268178001445,17347.3611328125,17188.62197265625,-1,16975.724609375
16975.724609375,17311.87707498927,16844.99937345086,17199.826872768575,6027526.0,2021-03-24,0.0,52.234028688975265,302.1458928648244,363.6700333648211,-61.52414049999669,16630.2503033471,17228.77353515625,17827.296766965403,6.947949377683001,0.28860559429216925,-0.02498786210352793,-0.024678249689081166,17341.75859375,17228.77353515625,0,16807.650390625
16807.650390625,17087.777773205264,16732.94839203857,17069.102738296733,5078427.0,2021-03-25,0.0,48.818713663202864,244.6526833434873,339.8665633605544,-95.21388001706708,16864.8943364149,17260.52138671875,17656.148437022595,4.584184236847738,-0.07234584407959171,-0.009950196239998444,-0.009900856818634951,17289.4681640625,17260.52138671875,1,17255.8515625
17255.8515625,17255.8515625,16826.323938608413,16994.399237932543,7163107.0,2021-03-26,0.0,56.9098861103254,232.57402083852503,318.4080548561485,-85.83403401762348,16890.966004631806,17271.72646484375,17652.48692505569,4.409060796405883,0.47915368847002643,0.02631714382004774,0.026666497782759535,17280.1302734375,17271.72646484375,0,17293.201171875
17293.201171875,17405.253227414498,17237.1760735813,17367.903161885366,3376928.0,2021-03-29,0.0,57.512664284435076,223.43972109573588,299.414388104066,-75.97466700833013,16892.794948979103,17273.5939453125,17654.392941645896,4.409030309951604,0.5257448506315576,0.002162121445830827,0.002164460515884814,17272.6599609375,17273.5939453125,0,17349.23046875
17349.23046875,17461.280680447922,17218.50336281674,17367.905504032988,3397798.0,2021-03-30,0.0,58.451625610238736,218.2064703802098,283.1728045592948,-64.96633417908498,16894.61672324778,17268.9251953125,17643.23366737722,4.335052330486938,0.607271514580648,0.003234723607808414,0.003239960971836986,17285.7330078125,17268.9251953125,0,17479.953125
17479.953125,17685.38034161852,17311.87597341174,17349.227897394077,4159703.0,2021-03-31,0.0,60.6373381352766,222.04767991499466,270.94777963043475,-48.90009971544009,16894.61672324778,17268.9251953125,17643.23366737722,4.335052330486938,0.7818903998130897,0.007506536564577678,0.007534781239171506,17304.408203125,17268.9251953125,1,18114.91015625
18114.91015625,18114.91015625,17535.97856027492,17554.65359314972,7054067.0,2021-04-01,0.0,69.13168642304717,273.1785596227055,271.3939356288889,1.7846239938165809,16790.64518240971,17317.4806640625,17844.31614571529,6.084435627476541,1.256810731203793,0.0356806761142025,0.03632487036489129,17375.3736328125,17317.4806640625,1,18320.3359375
18320.3359375,18413.7129629649,18152.26063777705,18226.96077098725,4250115.0,2021-04-02,0.0,71.29027526149962,326.5124614920205,282.4176408015153,44.09482069050523,16687.626371333896,17374.43984375,18061.2533161661,7.906021472838056,1.1886120698990414,0.011276331575800849,0.01134014905280245,17446.3390625,17374.43984375,0,18413.712890625
18413.712890625,18525.763090000102,18282.985799068574,18488.413023541736,3918663.0,2021-04-05,0.0,72.24052489031669,372.02621606635876,300.339355854484,71.68686021187477,16603.123845353643,17430.4654296875,18257.80701402136,9.493052123837542,1.0942209841471757,0.005083956559484716,0.005096901795008435,17541.5826171875,17430.4654296875,0,18451.0625
18451.0625,18507.087598299655,18339.01044444859,18413.712434466896,3576049.0,2021-04-06,0.0,72.63073885011586,406.42498161102776,321.55648100579276,84.868500605235,16566.36008655511,17496.76220703125,18427.16432750739,10.635134769131739,1.0128429267123653,0.0020263040671613043,0.002028358408586728,17646.16328125,17496.76220703125,0,18469.73828125
18469.73828125,18525.763381820063,18264.311053540925,18451.063247726644,3671482.0,2021-04-07,0.0,72.8363548933546,430.23376358635505,343.29193752190525,86.9418260644498,16569.832403728233,17568.66162109375,18567.490838459267,11.370578350331211,0.9510664308223299,0.0010116672687299187,0.001012179176673511,17795.5646484375,17568.66162109375,0,18432.388671875
18432.388671875,18525.763841810258,18301.661575013422,18488.413773836153,3050267.0,2021-04-08,0.0,71.67660768466965,441.00496280677544,362.83454257887934,78.1704202278961,16560.737582852227,17623.7533203125,18686.76905777277,12.06344321938594,0.8803496613768256,-0.0020242530830860014,-0.002022205664544585,17958.0384765625,17623.7533203125,0,18507.087890625
18507.087890625,18637.814981007836,18320.335701057575,18413.71272531735,3981248.0,2021-04-09,0.0,72.61574843907195,450.37715101016147,380.34306426513575,70.03408674502572,16557.237841484195,17681.64619140625,18806.054541328303,12.718367257778821,0.8670560162933563,0.004044416842061142,0.004052606532976455,18083.162109375,17681.64619140625,1,19123.369140625
19123.369140625,19235.42120639013,18581.789423124967,18637.816385483664,6882952.0,2021-04-12,0.0,78.84732898404793,501.7495673973135,404.6243648915713,97.12520250574221,16485.392429650266,17769.41943359375,19053.446437537234,14.45209854764284,1.0272278943016857,0.032757314451788866,0.03329974189576235,18266.17890625,17769.41943359375,-1,18712.515625
18712.515625,19235.42028292738,18712.515625,19235.42028292738,6869318.0,2021-04-13,0.0,67.77454814767339,503.5060283642051,424.4006975860981,79.10533077810703,16521.781022183706,17844.12021484375,19166.459407503797,14.821007443785863,0.8283557709612184,-0.021718517635042896,-0.02148436881617255,18402.507421875,17844.12021484375,1,19795.67578125
19795.67578125,19907.725987060367,18637.81621873389,18712.5163559408,7327088.0,2021-04-14,0.0,76.9606354245939,585.550150949497,456.6305882587779,128.91956269071915,16413.426485755248,17969.2439453125,19525.061404869753,17.3164487531275,1.0869685497864436,0.056270934213751726,0.05788426195368901,18634.0796875,17969.2439453125,1,20355.9296875
20355.9296875,20430.62982162177,19608.922769425768,19982.427157938968,8174333.0,2021-04-15,0.0,80.1176473642142,687.8494172804312,502.87435406310857,184.97506321732266,16256.355482343273,18116.77763671875,19977.199791094226,20.538113252599704,1.1017860101039565,0.027908735616845676,0.028301832806367777,18858.181640625,18116.77763671875,0,20393.28125
20393.28125,20804.135735702042,19982.428623250264,20206.52904204886,7245646.0,2021-04-16,0.0,80.31134765906073,763.1392871433527,554.9273406791574,208.2119464641953,16154.291555849617,18255.9076171875,20357.52367852538,23.02395592054005,1.0085071607827019,0.0018332415328550036,0.0018349229474365902,19065.476171875,18255.9076171875,1,21588.4921875
21588.4921875,21588.4921875,20430.630760635147,20617.382963475076,8870008.0,2021-04-19,0.0,85.25994469492935,908.7747951596757,625.6968315752611,283.07796358441465,15924.024442700305,18462.268359375,21000.512276049696,27.49655532317939,1.1158241545636411,0.0569549075088233,0.05860807404399426,19382.9541015625,18462.268359375,-1,21364.388671875
21364.388671875,21887.293322217258,20916.184154738163,21663.19106364884,9639889.0,2021-04-20,0.0,81.14181867849531,994.6430774569708,699.486080751603,295.15699670536776,15864.588151011183,18660.225,21455.861848988814,29.963592068035787,0.9836400108356527,-0.010434948467047428,-0.010380693273000285,19674.28671875,18660.225,0,21364.388671875
21364.388671875,21364.388671875,21364.388671875,21364.388671875,0.0,2021-04-21,0.0,81.14181867849531,1050.5838333598986,769.7056312732622,280.8782020866364,15954.775062144447,18879.658203125,21804.541344105553,30.98449251053095,0.9247572208845591,0.0,0.0,19963.7517578125,18879.658203125,-1,20542.681640625
20542.681640625,21625.841008485168,20542.681640625,21102.936357866318,8421948.0,2021-04-22,0.0,67.3154788916267,1016.890316735582,819.1425683657261,197.7477483698559,16222.732411376857,19066.409765625,21910.087119873147,29.829185349567343,0.7595709166503379,-0.039220702182923,-0.038461527913116966,20174.7810546875,19066.409765625,1,21065.587890625
21065.587890625,21065.587890625,20467.981202436447,20729.433547596345,7260884.0,2021-04-23,0.0,70.73314799575036,1020.6170878505982,859.4374722627006,161.17961558789762,16413.482515672727,19256.89658203125,22100.310648389775,29.531384293892238,0.8180492299719974,0.02513605047900143,0.025454624627288425,20430.6310546875,19256.89658203125,-1,20580.033203125
20580.033203125,21140.287961088918,20542.68313378771,21102.93789175163,6410504.0,2021-04-26,0.0,64.03710019184417,973.1722515407055,882.1844281183016,90.98782342240384,16677.510619637455,19421.23818359375,22164.965747550043,28.254919053246365,0.7111716620035586,-0.023319459676881222,-0.0230496623223172,20576.2974609375,19421.23818359375,1,21028.236328125
21028.236328125,21065.58639493131,20318.57948194864,20580.03180854497,5426366.0,2021-04-27,0.0,67.1303308356831,960.6641846136845,897.8803794173783,62.78380519630616,16954.64067418562,19605.1884765625,22255.73627893938,27.039248365763406,0.7684441024391978,0.021544777856141555,0.02177854236561405,20807.86953125,19605.1884765625,0,20916.18359375
20916.18359375,21102.935780706866,20729.43140679313,21028.23564950496,3980152.0,2021-04-28,0.0,65.61095155658727,930.9779974174307,904.4999030173889,26.47809440004187,17264.615255063803,19777.0,22289.384744936197,25.407137027215416,0.7267136026928332,-0.005342927671739982,-0.005328679620417387,20919.9203125,19777.0,1,21700.541015625
21700.541015625,21924.643273009664,21065.586168828566,21102.936235233985,7103962.0,2021-04-29,0.0,70.623156063956,959.6799756050714,915.5359175349254,44.144058070146,17431.58265676873,19956.28154296875,22480.980429168772,25.302297732811407,0.8454391100242397,0.03681399787368363,0.03750002567912891,21054.3814453125,19956.28154296875,0,21700.541015625
21700.541015625,21700.541015625,21700.541015625,21700.541015625,0.0,2021-04-30,0.0,70.623156063956,971.2307565144147,926.6748853308233,44.55587118359142,17609.161519150362,20125.291796875,22641.42207459964,25.004658845397078,0.8130301385217845,0.0,0.0,21185.107421875,20125.291796875,0,21700.541015625
21700.541015625,21700.541015625,21700.541015625,21700.541015625,0.0,2021-05-03,0.0,70.623156063956,969.2123568677234,935.1823796382034,34.02997722952,17815.19224461461,20289.633203125,22764.074161635388,24.391184736935287,0.7850962775344146,0.0,0.0,21196.3123046875,20289.633203125,1,22335.49609375
22335.49609375,22559.59835345569,21289.688646710376,21401.73884708714,8408238.0,2021-05-04,0.0,74.39623201477121,1007.237521703024,949.5934080511677,57.64411365185629,18007.25503662631,20483.8548828125,22960.454728998688,24.18099386423835,0.8738272886087985,0.028839974221572178,0.02925987318324519,21293.423046875,20483.8548828125,0,22148.74609375
22148.74609375,22522.248626256423,22148.74609375,22410.198424190155,6235133.0,2021-05-05,0.0,71.48802058755028,1010.6533913409003,961.8054047091142,48.84798663178606,18276.030357673924,20667.8052734375,23059.58018920108,23.144933718119685,0.8095903403267583,-0.008396280927049379,-0.008361130606463596,21371.8587890625,20667.8052734375,0,22186.095703125
22186.095703125,22522.248161336913,21961.993444666343,22148.74563654058,5506713.0,2021-05-06,0.0,71.726072303542,1004.7916809350681,970.402659954305,34.38902098076312,18618.18058371442,20855.490625,23092.800666285577,21.45535755081838,0.797367162702319,0.0016848878533023677,0.0016863080743672043,21536.2001953125,20855.490625,1,22709.001953125
22709.001953125,22970.45429658814,22074.047058551212,22111.39712776705,7530796.0,2021-05-07,0.0,74.88732605448169,1030.4618744241197,982.414502848268,48.0473715758518,18972.28388561118,21065.586328125,23158.888770638816,19.87414363794865,0.8925413718589195,0.023295634710103194,0.023569097375089054,21700.5416015625,21065.586328125,1,23530.708984375
23530.708984375,23642.759191697012,22709.001887156755,22709.001887156755,7175925.0,2021-05-10,0.0,78.88294775249754,1104.3799729619896,1006.8075968710123,97.57237609097729,19126.641213365652,21285.9533203125,23445.265427259346,20.28861075145068,1.0197849020622745,0.035544925678822045,0.036184198360902586,21995.6091796875,21285.9533203125,-1,23157.205078125
23157.205078125,23642.757807035792,23157.205078125,23642.757807035792,7533981.0,2021-05-11,0.0,73.1830783282474,1119.9123029650254,1029.428538089815,90.48376487521045,19559.43785438008,21508.18779296875,23456.93773155742,18.121005426833182,0.9230961737324047,-0.016000366782917098,-0.015873040905737934,22208.5060546875,21508.18779296875,1,23418.658203125
23418.658203125,23418.658203125,22895.753530532707,23007.80373510867,7470555.0,2021-05-12,0.0,74.56836431582437,1140.1756335603932,1051.5779571839307,88.59767637646246,19737.300204350515,21689.3369140625,23641.373623774485,17.999966688205784,0.9429530654978446,0.01122709716458683,0.011290357541764662,22458.753515625,21689.3369140625,-1,22970.453125
22970.453125,23530.707852566808,22970.453125,23306.605589749648,6282582.0,2021-05-13,0.0,68.07614624151132,1107.3037566144849,1062.7231170700416,44.58063954444333,19894.00236518531,21820.0630859375,23746.12380668969,17.654034391802366,0.798638050884822,-0.01932432042564537,-0.019138802669112387,22585.7447265625,21820.0630859375,0,22933.103515625
22933.103515625,23343.956123200347,22783.701384446187,23157.205782917106,8107391.0,2021-05-14,0.0,67.54837302077104,1065.9511348222259,1063.3687206204786,2.5824142017472695,20083.173710683543,21947.05419921875,23810.934687753957,16.985245232606715,0.7645151667372112,-0.0016273082240502849,-0.0016259848759513362,22709.0009765625,21947.05419921875,0,23119.853515625
23119.853515625,23306.6057121118,22634.300779082834,22933.103178090398,8665154.0,2021-05-17,0.0,68.84880122928388,1036.302201682167,1057.9554168328164,-21.65321515064943,20097.001121687033,22023.622265625,23950.243409562965,17.495951580545245,0.7844958007050964,0.008110272854763248,0.008143250209146968,22850.9322265625,22023.622265625,1,23680.109375
23680.109375,23792.159574066125,23343.95505989735,23343.95505989735,9975495.0,2021-05-18,0.0,72.4195677535893,1045.9560439677916,1055.5555422598115,-9.599498292019916,20104.315627503853,22139.40830078125,24174.50097405865,18.384345648529234,0.8785333941912186,0.023943720927090413,0.024232673403244753,22985.3935546875,22139.40830078125,1,24688.56640625
24688.56640625,24912.66866027355,23717.459117417427,23904.209446643625,7238969.0,2021-05-19,0.0,77.43376554365253,1122.0465833628805,1068.8537504804253,53.19283288245515,20010.649964345397,22305.6171875,24600.584410654603,20.577482379108485,1.0191684645226566,0.04170480904911612,0.04258667117115045,23239.3755859375,22305.6171875,0,24875.3203125
24875.3203125,24912.67038092491,24464.46770087376,24725.920038800363,5492035.0,2021-05-20,0.0,78.22333219801307,1183.772570186804,1091.8375144217011,91.93505576510279,20112.859652540654,22522.24912109375,24931.63858964685,21.39563820290511,0.9883127493744982,0.007535921915229018,0.007564388437018454,23508.298046875,22522.24912109375,-1,24501.81640625
24501.81640625,24800.618795978982,24427.11441460365,24688.566737985526,5848740.0,2021-05-21,0.0,72.7415427893965,1188.8479169697966,1111.2395949313204,77.60832203847622,20232.52743330919,22694.060546875,25155.59366044081,21.69319244109239,0.8672012067219891,-0.015128906013040783,-0.01501503906513768,23687.5794921875,22694.060546875,0,24427.115234375
24427.115234375,24688.567566531186,24277.71496397272,24501.81722852834,6011905.0,2021-05-24,0.0,71.65991147398928,1173.3171360152228,1123.655103148101,49.66203286712175,20521.08147014408,22886.4146484375,25251.747826730923,20.67019421458317,0.8256836288596576,-0.0030534584512914285,-0.00304880138828989,23777.2201171875,22886.4146484375,1,25174.123046875
25174.123046875,25323.525181473615,24352.415953963286,24389.766022874872,5781747.0,2021-05-25,0.0,75.57167696720443,1207.3683765948008,1140.397757837441,66.97061875735972,20687.72218944422,23093.708984375,25499.69577930578,20.836729141764543,0.9323411223376753,0.0301228083310533,0.030581090125975097,23978.9119140625,23093.708984375,0,25323.5234375
25323.5234375,25323.5234375,25099.421180511625,25174.12131319037,3945980.0,2021-05-26,0.0,76.27694389248491,1232.2054950862694,1158.7593052872069,73.4461897990625,20940.719808991733,23314.0759765625,25687.43214413327,20.359856165491514,0.9233345775055446,0.005917140181110605,0.005934681035236533,24169.3984375,23314.0759765625,-1,24950.01953125
24950.01953125,25323.52391965952,24725.919128946894,25286.173852609005,4883791.0,2021-05-27,0.0,70.77556794144111,1207.827364686862,1168.5729171671378,39.25444751972418,21123.466669468882,23476.54990234375,25829.63313521862,20.04624395546257,0.8130933934508647,-0.014859138881151306,-0.014749286653250704,24367.355078125,23476.54990234375,0,25062.072265625
25062.072265625,25136.772401735772,24725.919794174304,25062.072265625,7679971.0,2021-05-28,0.0,71.44104388919762,1183.901955125366,1171.6387247587836,12.26323036658232,21346.09456219945,23644.62646484375,25943.15836748805,19.44231942984504,0.808337204097663,0.004481033200068018,0.004491088042422264,24580.251953125,23644.62646484375,1,26842.921875
26842.921875,26842.921875,26384.5029492941,26842.921875,11383945.0,2021-05-31,0.0,79.45015480267256,1293.727293052969,1196.0564384176207,97.67085463534818,21379.305020292984,23901.7455078125,26424.185995332013,21.106747092550474,1.0830021326052688,0.06864653067036426,0.07105755623478927,24952.5587890625,23901.7455078125,1,28269.111328125
28269.111328125,28676.593773707304,27505.081038467222,27810.69240319331,6307113.0,2021-06-01,0.0,83.45245906606016,1478.7995535811133,1252.6050614503192,226.19449213079406,21117.64676953722,24198.42626953125,27279.20576952528,25.462643443661502,1.1606582942079493,0.051767567171593,0.053130931862275244,25411.458984375,24198.42626953125,-1,27505.080078125
27505.080078125,28269.110341106596,26995.7265694706,28014.433586779396,7550418.0,2021-06-02,0.0,75.02274083411075,1545.998409509648,1311.2837310621849,234.71467844746303,21209.461672493802,24466.24296875,27723.0242650062,26.622651466479653,0.9665399412708899,-0.027399018329222213,-0.027027069975130935,25693.1103515625,24466.24296875,0,27657.884765625
27657.884765625,27810.69043718583,26995.72560363313,27505.079094064175,6978438.0,2021-06-03,0.0,75.55458161178521,1593.218418034743,1367.6706684566966,225.54774957804648,21372.123596334604,24739.832421875,28107.541247415393,27.224993024307313,0.933240000088452,0.005540132905101621,0.005555507821317862,25971.366796875,24739.832421875,0,27759.7578125
27759.7578125,28167.240258241032,27657.8867316041,27759.7578125,5979803.0,2021-06-04,0.0,75.92267030245634,1620.1844407833523,1418.1734229220278,202.0110178613245,21510.322474329547,24992.37021484375,28474.417955357956,27.86488604787158,0.8973793301937296,0.0036765606362157604,0.003683327475628717,26297.1609375,24992.37021484375,-1,26842.921875
26842.921875,28014.43461221862,26486.374030322364,27810.692450162096,65411569.0,2021-06-07,0.0,66.25366257996437,1549.7101166885805,1444.4807616753385,105.22935501324196,21653.6476499746,25157.980859375,28662.3140687754,27.85862052275572,0.740408219615808,-0.033585242383688194,-0.033027519321049525,26538.7416015625,25157.980859375,0,26842.921875
26842.921875,26842.921875,26842.921875,26842.921875,0.0,2021-06-08,0.0,66.25366257996437,1476.834676253202,1450.9515445909112,25.88313166229068,21893.747093546088,25342.26669921875,28790.786304891415,27.21555768157845,0.717579620732435,0.0,0.0,26705.621484375,25342.26669921875,-1,25620.47265625
25620.47265625,26180.76074402967,24958.311617074578,25416.73050914334,77310055.0,2021-06-09,0.0,55.352847640383885,1305.3911920659084,1421.8394740859108,-116.44828202000235,22123.912390590216,25452.357421875,28780.802453159784,26.15431628682187,0.5252543203800646,-0.04661042386317041,-0.04554084031695971,26735.31640625,25452.357421875,1,26282.634765625
26282.634765625,26791.98831268183,25467.667963628486,25569.53904860838,55331030.0,2021-06-10,0.0,59.26269293551778,1209.0151696805224,1379.2746132048333,-170.25944352431088,22485.65344509075,25617.96650390625,28750.27956272175,24.454033526336936,0.6060986321032193,0.025516701014727337,0.025845038780479612,26868.5779296875,25617.96650390625,1,27046.662109375
27046.662109375,27097.598588716548,26282.633697677305,26537.31046085739,54797594.0,2021-06-11,0.0,63.26055378974196,1180.6769895959005,1339.5550884830468,-158.87809888714628,22900.39127569418,25823.64443359375,28746.897591493318,22.64012862643613,0.709187779798726,0.028655154577985155,0.029069663318126215,27067.0369140625,25823.64443359375,0,27301.337890625
27301.337890625,27657.8857218219,26893.855459761045,27250.40329095794,53961765.0,2021-06-14,0.0,64.51079846832894,1165.33572006127,1304.7112147986913,-139.37549473742138,23334.198788437807,26032.71865234375,28731.23851624969,20.731756063925282,0.7350583472165002,0.009372107359884703,0.009416163082161644,27112.878515625,26032.71865234375,0,27097.59765625
27097.59765625,27301.337933077542,26842.920901833702,26995.726578914982,40975454.0,2021-06-15,0.0,62.67333360851712,1123.7832455177668,1268.5256209425065,-144.74237542473975,23707.07842272721,26203.59306640625,28700.107710085293,19.054750524878546,0.6790505399412119,-0.0074906313873157795,-0.007462646526380068,26995.7271484375,26203.59306640625,-1,26384.50390625
26384.50390625,26995.7285367459,26231.69821808668,26893.85745202281,54606757.0,2021-06-16,0.0,56.59708922002468,1021.5362697868986,1219.127750711385,-197.5914809244864,23895.488454891252,26288.38994140625,28681.29142792125,18.205006026222954,0.5200831428676425,-0.0266682120174698,-0.026315755331747126,26883.66953125,26288.38994140625,0,26180.763671875
26180.763671875,26435.440445318105,25926.086898431895,25926.086898431895,38159532.0,2021-06-17,0.0,54.95764953913281,913.5340191668547,1158.0090044024791,-244.47498523562444,24053.63914567654,26353.662109375,28653.68507307346,17.455053906001574,0.46241375842135557,-0.0077519344629086604,-0.0077219657075582315,26735.957421875,26353.662109375,1,26537.310546875
26537.310546875,27148.53327821436,26180.762701698663,26435.43946570425,54726620.0,2021-06-18,0.0,57.28929545098968,846.9487129070803,1095.7969461033995,-248.84823319631914,24326.6746764759,26455.43681640625,28584.1989563366,16.09319214574605,0.5192303613759844,0.013526757826805711,0.013618658319849652,26613.7126953125,26455.43681640625,-1,26078.892578125
26078.892578125,26741.051813285,26078.892578125,26486.375039927876,42680146.0,2021-06-21,0.0,53.45768472971199,748.5599459610276,1026.3495460749252,-277.7896001138977,24623.179921851992,26538.02568359375,28452.87144533551,14.43095868978338,0.3801122485575236,-0.017425414270135477,-0.017274469767396328,26537.309765625,26538.02568359375,0,26333.568359375
26333.568359375,26690.1162042107,26078.891595612724,26231.697278301577,34843397.0,2021-06-22,0.0,55.248402484443034,683.260148755875,957.7316666111153,-274.47151785524034,24787.77872596818,26595.99794921875,28404.217172469318,13.59767906963375,0.4274342440149518,0.009718215136953024,0.009765590332759144,26486.3744140625,26595.99794921875,0,26180.763671875
26180.763671875,26435.440445318105,26027.957983377666,26282.634756820768,35032345.0,2021-06-23,0.0,53.90820818557218,612.1233508172954,888.6100034523513,-276.48665263505586,24919.168759283642,26638.8599609375,28358.55116259136,12.91114712998655,0.3668085617284249,-0.00581955869362325,-0.005802657862947758,26542.403515625,26638.8599609375,-1,25773.28125
25773.28125,26333.569401308763,25722.34476852662,26180.763712573887,37724818.0,2021-06-24,0.0,50.39735498848119,516.9079073731955,814.2695842365202,-297.36167686332476,25096.52184929712,26680.023046875,28263.52424445288,11.870313566039842,0.21369083955795176,-0.01568658525759461,-0.015564191594332422,26491.4681640625,26680.023046875,0,25824.21484375
25824.21484375,26078.891607629626,25365.797795472205,25824.21484375,49438509.0,2021-06-25,0.0,50.828429138695995,440.4813035224288,739.511928093702,-299.03062457127317,25267.459834362697,26718.13017578125,28168.800517199805,10.859070839721557,0.1918957717309069,0.0019742667435348224,0.001976216891281579,26369.2234375,26718.13017578125,1,26690.115234375
26690.115234375,26741.049834139627,25875.15037108603,26129.82524775165,73915584.0,2021-06-28,0.0,57.57813974976487,444.6578552729952,680.5411135295607,-235.88325825656545,25260.977732526917,26710.48984375,28160.001954973086,10.853504519777697,0.49297190785187384,0.03298066932739467,0.03353056020731504,26308.101171875,26710.48984375,-1,26384.50390625
26384.50390625,26791.98824514235,26333.56930280977,26741.051763859494,37431674.0,2021-06-29,0.0,54.72300128608534,418.4835051955379,628.1295918627561,-209.64608666721824,25361.4133629109,26616.25947265625,27871.1055824016,9.42916949719772,0.4076557816108303,-0.01151641635042628,-0.011450356262658445,26236.791796875,26616.25947265625,0,26231.697265625
26231.697265625,26588.245110288397,26180.762664034184,26435.439427673387,35673941.0,2021-06-30,0.0,53.29984385359598,381.0177894417466,578.7072313785542,-197.6894419368076,25359.951070478004,26552.59033203125,27745.229593584496,8.983223456843128,0.36546935156724103,-0.005808365743857943,-0.005791529799762607,26221.5111328125,26552.59033203125,1,26893.85546875
26893.85546875,26944.791946276575,26282.632761171015,26333.5673608551,74881092.0,2021-07-01,0.0,58.354123454930395,400.14396236892935,542.9945775766292,-142.8506152076999,25426.470138680346,26514.3888671875,27602.307595694652,8.206251586311243,0.6744002523438523,0.024929340455561576,0.025242674784628383,26292.8203125,26514.3888671875,0,26639.1796875
26639.1796875,27199.469693699022,26588.245085955798,26995.727531837096,56738802.0,2021-07-02,0.0,55.85044730013203,390.2527937948471,512.4462208202729,-122.19342702542576,25537.972378803242,26458.3599609375,27378.74754307176,6.957253461613626,0.5982302076171003,-0.00951478659280195,-0.009469664234119435,26303.0072265625,26458.3599609375,0,26639.1796875
26639.1796875,26639.1796875,26639.1796875,26639.1796875,0.0,2021-07-05,0.0,55.85044730013203,378.0559774613648,485.56817214849127,-107.51219468712645,25541.296135608074,26448.1728515625,27355.049567516926,6.857764587702697,0.6053102547331797,0.0,0.0,26359.0359375,26448.1728515625,0,26639.1796875
26639.1796875,26639.1796875,26639.1796875,26639.1796875,0.0,2021-07-06,0.0,55.85044730013204,364.1917370011033,461.2928851190137,-97.10114811791038,25545.31360680284,26437.9857421875,27330.657877572157,6.7529511823603725,0.6126919600922714,0.0,0.0,26389.5970703125,26437.9857421875,0,26639.1796875
26639.1796875,26639.1796875,26639.1796875,26639.1796875,0.0,2021-07-07,0.0,55.85044730013204,349.17910715900507,438.870129527012,-89.69102236800694,25680.366180298854,26488.92109375,27297.476007201145,6.104853501503483,0.5929179893970675,0.0,0.0,26435.438671875,26488.92109375,0,26639.1796875
26639.1796875,26639.1796875,26639.1796875,26639.1796875,0.0,2021-07-08,0.0,55.85044730013203,333.43782614700103,417.78366885100985,-84.34584270400882,25701.628883512854,26506.74833984375,27311.867796174647,6.074826274490086,0.5822432911134502,0.0,0.0,26522.028515625,26506.74833984375,-1,24092.4140625
24092.4140625,25009.250040187086,23430.25484960614,24703.638673572248,88514471.0,2021-07-09,0.0,34.44398975892017,114.14426180829105,357.0557874424661,-242.91152563417506,25046.733308075283,26359.0359375,27671.338566924718,9.95713676734098,-0.36360486681095594,-0.10048603093131002,-0.09560225408123313,26348.8484375,26359.0359375,0,24092.4140625
24092.4140625,24092.4140625,24092.4140625,24092.4140625,0.0,2021-07-12,0.0,34.443989758920154,-58.96772463153684,273.85108502766553,-332.8188096592024,24614.794267882844,26198.58974609375,27782.385224304653,12.090692617888342,-0.16491403485156364,0.0,0.0,26089.0783203125,26198.58974609375,-1,23175.578125
23175.578125,23430.25489023484,22691.69189548529,23175.578125,48131157.0,2021-07-13,0.0,29.692432741600285,-267.06268651879145,165.66833071837416,-432.7310172371656,23977.580156473152,26002.48876953125,28027.397382589348,15.574729257691756,-0.19803413010870063,-0.03879796455217958,-0.03805496348857218,25768.1857421875,26002.48876953125,0,23175.578125
23175.578125,23175.578125,23175.578125,23175.578125,0.0,2021-07-14,0.0,29.692432741600285,-427.05660040175644,47.12334449434806,-474.17994489610453,23466.427824166607,25842.04248046875,28217.657136770893,18.385657078751553,-0.06121567283545486,0.0,0.0,25462.573828125,25842.04248046875,1,23684.9296875
23684.9296875,23863.20265721474,22717.15730888234,22717.15730888234,53884373.0,2021-07-15,0.0,35.431466721841076,-506.90918207186405,-63.683160818894365,-443.2260212529697,23161.193664699218,25717.25078125,28273.307897800783,19.87815212669901,0.10244998427647158,0.021739910516925313,0.021977944185588738,25141.68125,25717.25078125,0,23684.9296875
23684.9296875,23684.9296875,23684.9296875,23684.9296875,0.0,2021-07-16,0.0,35.431466721841076,-563.6950032427812,-163.68552930367176,-400.0094739391095,22895.87279153627,25574.63173828125,28253.39068502623,20.948563202458896,0.14728030995893304,0.0,0.0,24846.25625,25574.63173828125,-1,22564.353515625
22564.353515625,23379.318413339035,22411.547832033943,23251.980030706058,74420706.0,2021-07-19,0.0,29.32409387810101,-691.1521360676525,-269.17885065646794,-421.9732854111845,22415.628351002324,25398.90478515625,28382.181219310176,23.491378540837136,0.024926480650603076,-0.048467584724304916,-0.047311779543360744,24438.7736328125,25398.90478515625,1,24092.4140625
24092.4140625,24092.4140625,22640.757254315664,22920.901320019693,77326666.0,2021-07-20,0.0,43.60064495345455,-661.2387676063154,-347.59083404643746,-313.6479335598779,22283.09887760948,25286.8470703125,28290.59526301552,23.757395964398494,0.30117624195095244,0.06552563875955916,0.06772011198179784,24184.0970703125,25286.8470703125,-1,23812.26953125
23812.26953125,24347.090351291146,23735.865752168753,24194.28467097118,40273267.0,2021-07-21,0.0,41.92844967747214,-652.6145951781291,-408.5955862727758,-244.0190089053533,22126.54987804798,25168.42236328125,28210.29484851452,24.172134759396947,0.27708585113040146,-0.011696047393125367,-0.011627914517958082,23901.4060546875,25168.42236328125,0,24041.478515625
24041.478515625,24296.155290299466,23583.061447916545,23786.801740950534,40573206.0,2021-07-22,0.0,43.82671989533929,-620.1360841782334,-450.90368585386733,-169.2323983243661,22013.972175016897,25081.8322265625,28149.6922781081,24.46280657516428,0.3304430949493012,0.00957963572727638,0.009625667308788,23641.6359375,25081.8322265625,-1,23328.3828125
23328.3828125,23939.607398534135,23328.3828125,23837.736321221364,54559945.0,2021-07-23,0.0,39.50059442652534,-644.5080067589042,-489.6245500348747,-154.88345672402954,21814.19983239674,24957.040625,28099.881417603265,25.18600534275696,0.24089400005035586,-0.03010984439720655,-0.029661058601763823,23565.2328125,24957.040625,0,23226.51171875
23226.51171875,23481.188472930447,22742.62551023865,23175.577119050904,44330663.0,2021-07-26,0.0,38.90970540864529,-664.3844663248565,-524.5765332928711,-139.80793303198539,21661.47153907566,24783.86044921875,27906.249359361842,25.196953610522094,0.25061583049284814,-0.004376392960132462,-0.004366830507231523,23478.642578125,24783.86044921875,1,23532.125
23532.125,23837.736354522764,23277.448245283533,23430.253922544915,34366211.0,2021-07-27,0.0,41.726030767042516,-648.0064510551601,-549.262516845329,-98.7439342098312,21566.481323564258,24641.24150390625,27716.001684248244,24.956211559832056,0.3196417868624004,0.0130721361714606,0.013157950059426549,23514.297265625,24641.24150390625,1,23786.798828125
23786.798828125,23990.540974052274,23532.123962479523,23583.058560040135,40045811.0,2021-07-28,0.0,44.0411643340242,-607.4741228759995,-560.9048380514631,-46.56928482453634,21516.9320422728,24518.99658203125,27521.0611217897,24.487662288419354,0.3780509638934738,0.010764246799539003,0.010822389738495808,23575.4193359375,24518.99658203125,0,23990.54296875
23990.54296875,24296.15433520861,23837.737285520696,23914.139188214067,61881757.0,2021-07-29,0.0,45.89315649908324,-552.5421494336224,-559.232300327895,6.6901508942726196,21581.861007521467,24373.83095703125,27165.80090654103,22.90957014046548,0.43135886216315705,0.008528954020535141,0.008565429173432948,23605.9806640625,24373.83095703125,0,24092.4140625
24092.4140625,24245.21974580742,23990.542981014198,23990.542981014198,43445567.0,2021-07-30,0.0,46.84048801422234,-495.0810328541702,-546.40204683315,51.32101397897986,21665.191625390948,24246.49267578125,26827.793726171552,21.29216035413361,0.4701548540303052,0.004237312031653394,0.0042463021317482585,23646.7291015625,24246.49267578125,0,24066.9453125
24066.9453125,24398.02396009115,23888.670461173268,23990.541536525336,45693133.0,2021-08-02,0.0,46.620717167501596,-446.4513855870282,-526.4119145839256,79.96052899689744,21795.16641892986,24117.88095703125,26440.595495132642,19.261348393248735,0.48903531973135045,-0.0010576865101550978,-0.001057127356931864,23796.98828125,24117.88095703125,0,24066.9453125
24066.9453125,24270.68558536168,23812.26856304106,24092.412611877404,53413983.0,2021-08-03,0.0,46.6207171675016,-403.2634695163397,-501.7822255704085,98.51875605406883,21992.372114252405,23989.26923828125,25986.166362310094,16.648253051762534,0.5194491927711417,0.0,0.0,23794.44140625,23989.26923828125,0,24066.9453125
24066.9453125,24066.9453125,24066.9453125,24066.9453125,0.0,2021-08-04,0.0,46.6207171675016,-364.83118804196783,-474.3920180647204,109.56083002275255,22298.319205308806,23860.65751953125,25422.995833753695,13.095517698484088,0.5660189253156145,0.0,0.0,23819.908984375,23860.65751953125,1,24856.443359375
24856.443359375,24958.31255893016,24117.88039554514,24168.81499532272,56069459.0,2021-08-05,0.0,54.82665784366353,-267.58290465130995,-433.0301953820383,165.44729073072835,22776.080959137296,23771.520703125,24766.960447112702,8.375061540398992,1.0449464233283634,0.032277673803096756,0.032804248176229844,23901.40546875,23771.520703125,0,24652.701171875
24652.701171875,25009.249003372533,24601.76657216499,24754.57224913751,37944157.0,2021-08-06,0.0,52.58022883642599,-204.59478983354347,-387.3431142723394,182.74832443879592,22736.808997268654,23799.53505859375,24862.261119918843,8.930645566887712,0.9014045313885751,-0.008230533554192773,-0.008196755447040016,24033.8373046875,23799.53505859375,1,25314.861328125
25314.861328125,25314.861328125,24423.492654119036,24499.896434456576,57420036.0,2021-08-09,0.0,58.52762173586696,-100.09166986426135,-329.8928253907238,229.80115552646242,22604.07027591734,23860.657421875,25117.24456783266,10.532711850643677,1.0786323339881594,0.0265051520585631,0.026859537688528112,24242.672265625,23860.657421875,0,25314.861328125
25314.861328125,25314.861328125,25314.861328125,25314.861328125,0.0,2021-08-10,0.0,58.52762173586696,-17.075360260241723,-267.32933236462736,250.25397210438564,22597.50040491849,23967.62158203125,25337.74275914401,11.433100880898026,0.9916498513411683,0.0,0.0,24420.9458984375,23967.62158203125,-1,24932.84765625
24932.84765625,25365.79930735623,24932.84765625,25365.79930735623,41330700.0,2021-08-11,0.0,53.99638175608075,17.686473841313273,-210.32617112343925,228.01264496475252,22673.893229455396,24055.48505859375,25437.076887732102,11.486709378531394,0.8175187414807703,-0.015205510457633136,-0.01509049040101118,24535.55078125,24055.48505859375,-1,24652.701171875
24652.701171875,24958.312525820034,24652.701171875,24907.377926110024,40673249.0,2021-08-12,0.0,50.88511059574162,22.372106092203467,-163.78651568031074,186.1586217725142,22709.19897641095,24103.8736328125,25498.548289214054,11.572203519213502,0.6967582677950668,-0.011299641600930015,-0.011236040432981764,24601.7666015625,24103.8736328125,0,24780.0390625
24780.0390625,24805.50636185502,24296.152863384817,24652.70068788245,48718012.0,2021-08-13,0.0,52.23240871771111,35.946241084020585,-123.83996432744448,159.78620541146506,22747.319141309323,24158.6291015625,25569.939061815676,11.683692434037143,0.7201536085049755,0.005151977077561506,0.005165271332225219,24670.5291015625,24158.6291015625,1,25187.5234375
25187.5234375,25212.990738828492,24932.846668529884,24958.313969858376,41947568.0,2021-08-16,0.0,56.358060498171575,78.67747942707501,-83.33647557654058,162.0139550036156,23022.059587874624,24289.78759765625,25557.515607437876,10.438362251499887,0.8540727320517241,0.01631031765573254,0.016444057007829915,24782.5869140625,24289.78759765625,0,25187.5234375
25187.5234375,25187.5234375,25187.5234375,25187.5234375,0.0,2021-08-17,0.0,56.358060498171575,111.25976041463218,-44.417228378306035,155.67698879293823,23019.409662529895,24344.54306640625,25669.676470282608,10.886492305579122,0.8180737760544765,0.0,0.0,24894.6447265625,24344.54306640625,1,25671.408203125
25671.408203125,25926.08495750199,25416.73144874801,25722.3428028634,38060811.0,2021-08-18,0.0,60.99737123296349,174.11976516511277,-0.7098296696222732,174.82959483473505,23012.50993905025,24437.5,25862.49006094975,11.662322749460861,0.9329532664608924,0.01902908108325838,0.019211287954756795,25055.091015625,24437.5,0,25926.0859375
25926.0859375,26129.826221997413,25671.409173496308,25773.280254666297,51920891.0,2021-08-19,0.0,63.21386873935132,241.70095835092798,47.77232793448778,193.9286304164402,22973.94503211622,24531.73037109375,26089.51571007128,12.700166807744642,0.9475441935156009,0.009871789584210585,0.009920676433480491,25162.0552734375,24531.73037109375,-1,24958.3125
24958.3125,25977.019515886223,24550.830069214007,25875.15031657159,93121914.0,2021-08-20,0.0,51.28651810600241,214.69345989706926,81.15655432700407,133.5369055700652,23153.025323040514,24613.22685546875,26073.428387896987,11.865177540536893,0.6181637044159892,-0.038042707852415245,-0.03732817363303553,25192.61640625,24613.22685546875,-1,24194.28515625
24194.28515625,24958.313573174386,24194.28515625,24958.313573174386,61961980.0,2021-08-23,0.0,44.19661201971618,130.13903955689966,90.9530513729832,39.185988183916464,23337.062021375135,24661.61552734375,25986.169033312366,10.741822687974409,0.3235894703430637,-0.03109047833609153,-0.030612139492603885,25080.5587890625,24661.61552734375,0,24321.623046875
24321.623046875,24576.2998066472,24194.2846669889,24245.219267806326,41393935.0,2021-08-24,0.0,45.54771001261535,72.56764122563254,87.27596934351307,-14.708328117880527,23474.86128217959,24701.0904296875,25927.319577195412,9.928542636596665,0.34527060721737846,0.005249337289415006,0.005263139200130773,24981.2349609375,24701.0904296875,1,24652.701171875
24652.701171875,24703.6376494275,24143.34766340495,24423.49171749498,30961925.0,2021-08-25,0.0,49.00481801019914,53.045653744149604,80.42990622364039,-27.384252479490783,23595.362788218186,24744.385546875,25893.408305531815,9.287139149041638,0.46010332506068985,0.013520683498328936,0.013612501285868772,24953.2203125,24744.385546875,-1,24296.154296875
24296.154296875,24754.5732236822,24219.752394302177,24754.5732236822,26157983.0,2021-08-26,0.0,45.64395437626636,8.703654677530722,66.08465591441846,-57.38100123688774,23645.24713497275,24759.66611328125,25874.085091589754,9.00189019682071,0.29203879984627357,-0.014568397059962329,-0.0144627914204698,24917.565625,24759.66611328125,0,24245.220703125
24245.220703125,24372.55909054954,23812.270937018617,24194.28609929224,46229211.0,2021-08-27,0.0,45.1674031387485,-30.199493433668977,46.82782604480097,-77.02731947846995,23670.188002485746,24767.3064453125,25864.424888139256,8.859408634114088,0.2620650051044932,-0.0020985648817125444,-0.0020963644339611065,24864.0837890625,24767.3064453125,1,24805.5078125
24805.5078125,24830.975113344364,24270.68698339805,24448.96184499374,32097882.0,2021-08-30,0.0,51.20287919123759,-15.639746124114026,34.334311611017974,-49.974057735132,23757.826471565506,24804.2345703125,25850.642669059493,8.437334325159222,0.5006083870093443,0.022846204173895837,0.023109177525564295,24825.8822265625,24804.2345703125,1,25111.12109375
25111.12109375,25314.86137865248,24856.44432923997,24958.313532769927,48837119.0,2021-08-31,0.0,54.16636783956284,20.3251010827953,31.532469505373438,-11.207368422578138,23862.019346897625,24856.443359375,25850.867371852375,8.001337907438897,0.6280528884959897,0.012245101748216653,0.012320379955938376,24818.2419921875,24856.443359375,0,25060.18359375
25060.18359375,25238.45844835362,24907.377916834386,24958.312516525428,28439525.0,2021-09-01,0.0,53.582277098726884,44.207672528857074,34.06751011007017,10.140162418786907,23980.896607729926,24906.1052734375,25831.313939145075,7.429573235557744,0.5832667948449577,-0.0020305438664195044,-0.002028483706873474,24757.11953125,24906.1052734375,0,25060.18359375
25060.18359375,25060.18359375,25060.18359375,25060.18359375,0.0,2021-09-02,0.0,53.582277098726884,62.4152977640515,39.737067640866435,22.678230123185067,23988.901953929206,24916.29228515625,25843.682616383296,7.444047618429431,0.5775786115881564,0.0,0.0,24670.529296875,24916.29228515625,0,25060.18359375
25060.18359375,25060.18359375,25060.18359375,25060.18359375,0.0,2021-09-03,0.0,53.5822770987269,75.96924576582387,46.98350326585793,28.985742499965944,24015.777446358832,24936.66640625,25857.555366141165,7.385822506414566,0.5670641048376772,0.0,0.0,24680.71640625,24936.66640625,1,26078.892578125
26078.892578125,26180.763663036378,25162.056569607877,25212.99117314225,90791483.0,2021-09-06,0.0,63.4318992818559,166.98722377130616,70.98424736694759,96.00297640435858,23932.53906779688,24974.86796875,26017.196869703123,8.347022312649212,1.029595125092215,0.039845998053403144,0.04065049964873624,24869.1771484375,24974.86796875,0,25824.21484375
25824.21484375,26486.37405426852,25773.280242111097,26282.633769870354,58981459.0,2021-09-07,0.0,60.00389984053189,216.07844455170925,100.00308680389992,116.07535774780933,23899.7656597813,25000.33564453125,26100.9056292812,8.804441671491684,0.8742965965975972,-0.009813662070730053,-0.009765665225701436,25019.436328125,25000.33564453125,0,25824.21484375
25824.21484375,25824.21484375,25824.21484375,25824.21484375,0.0,2021-09-08,0.0,60.00389984053189,252.07779479787496,130.41802840269492,121.65976639518004,23885.23495701354,25044.90400390625,26204.573050798957,9.26071864129992,0.836005708668299,0.0,0.0,25136.5876953125,25044.90400390625,1,26435.439453125
26435.439453125,26690.1162170094,26231.697290880453,26282.63377036287,69309274.0,2021-09-09,0.0,65.2335495563891,326.1683908121304,169.568100884582,156.60028992754837,23835.55504652309,25134.04091796875,26432.526789414405,10.332487924911012,1.001121561572076,0.023392901870706695,0.02366866187697192,25350.5162109375,25134.04091796875,0,26231.697265625
26231.697265625,26588.245110288397,26180.762664034184,26486.374029264203,32500508.0,2021-09-10,0.0,62.30892560405331,364.2466218396876,208.5038050756031,155.74281676408447,23831.431748215033,25206.623828125,26581.81590803497,10.911354803300224,0.872701912872822,-0.0077370146375961785,-0.007707160982183492,25549.1638671875,25206.623828125,-1,25875.15234375
25875.15234375,26231.69832496964,25824.215862259596,26231.69832496964,51394440.0,2021-09-13,0.0,57.45446706057508,361.48670512378885,239.10038508524028,122.38632003854858,23833.813082567216,25241.0052734375,26648.19746430778,11.150048705478053,0.7253235465726651,-0.013685359574708037,-0.013592140770175343,25656.1283203125,25241.0052734375,0,25620.47265625
25620.47265625,25977.018596923015,25569.536180552124,25875.149401212107,42344342.0,2021-09-14,0.0,54.205829474526666,334.88854225380055,258.25801651895233,76.63052573484822,23845.638469226546,25262.652734375,26679.66699952345,11.218253918523098,0.626258404970085,-0.00989139422924579,-0.009842635286416601,25707.0634765625,25262.652734375,1,26282.634765625
26282.634765625,26486.375057742152,25416.733360059858,25518.60444503975,48905639.0,2021-09-15,0.0,60.46496422013495,363.0551807274096,279.2174493606438,83.83773136676581,23814.07724476032,25293.2140625,26772.35088023968,11.695918233916066,0.8344588178925086,0.025516701014727337,0.025845038780479612,25829.30859375,25293.2140625,0,26129.826171875
26129.826171875,26639.179698905336,26129.826171875,26486.37401636475,33942823.0,2021-09-16,0.0,58.47855433134607,368.79581956596303,297.1331234017077,71.66269616425535,23803.254786348705,25303.40107421875,26803.547362088793,11.85726996517097,0.7754481694014107,-0.0058310189593889184,-0.005814051563424627,25936.2728515625,25303.40107421875,0,26384.50390625
26384.50390625,26486.374990973087,26129.827133363593,26180.76361464645,46337937.0,2021-09-17,0.0,60.790533333191746,389.40684225781297,315.5878671729288,73.81897508488419,23809.457625347353,25374.71064453125,26939.963663715145,12.337110291511749,0.8225655051747623,0.009699437492473479,0.009746629491516723,26068.7048828125,25374.71064453125,0,26129.826171875
26129.826171875,26690.116178313907,25926.0858877684,26690.116178313907,61022899.0,2021-09-20,0.0,57.351466393078695,380.80122205475345,328.6305381492937,52.170683905459725,23975.735112908522,25471.4876953125,26967.240277716475,11.744524703825912,0.7200693096930572,-0.009699437492473411,-0.009652549666271049,26073.7982421875,25471.4876953125,0,26129.826171875
26129.826171875,26129.826171875,26129.826171875,26129.826171875,0.0,2021-09-21,0.0,57.351466393078695,369.71931195771685,336.84829291097833,32.871019046738525,24142.127602926463,25561.8978515625,26981.668100198534,11.108488554962682,0.7000071211726357,0.0,0.0,26104.359375,25561.8978515625,0,26129.826171875
26129.826171875,26129.826171875,26129.826171875,26129.826171875,0.0,2021-09-22,0.0,57.351466393078695,356.8235782696356,340.8433499827098,15.980228286925808,24262.198594956288,25635.7541015625,27009.30960816871,10.71593604123776,0.6798515123474175,0.0,0.0,26134.9205078125,25635.7541015625,0,25977.021484375
25977.021484375,26435.440427398902,25926.086880857958,26129.827172768757,33549069.0,2021-09-23,0.0,55.01899112407846,330.4641699297463,338.7675139721171,-8.303344042370838,24493.568321969164,25719.7974609375,26946.02659990584,9.53529389825639,0.6048841587853264,-0.005865068888281167,-0.005847902947952677,26089.0787109375,25719.7974609375,0,25875.15234375
25875.15234375,26333.569410107808,25875.15234375,25977.021551045535,2998339344.0,2021-09-24,0.0,53.45808575974443,297.91992516995015,330.5979962116837,-32.678071041733574,24789.864132996183,25801.29404296875,26812.72395294132,7.840148701752413,0.5365118235346885,-0.003929218937811443,-0.003921509657536126,26053.42421875,25801.29404296875,0,25875.15234375
25875.15234375,26486.375098893743,25875.15234375,26180.763721321873,53738839.0,2021-09-27,0.0,53.45808575974443,269.0271986468106,318.28383669870914,-49.25663805189856,24958.48419320787,25854.77626953125,26751.068345854626,6.933280466090282,0.5113668717804216,0.0,0.0,26053.42421875,25854.77626953125,1,26791.986328125
26791.986328125,26842.920927920764,25773.27930946979,25773.27930946979,67219512.0,2021-09-28,0.0,64.09161162185507,316.4623638150406,317.91954212197544,-1.4571783069348498,25021.16384125718,25938.81953125,26856.475221242817,7.075539338922229,0.9648621515558182,0.03481968594549605,0.03543298884562729,26170.5755859375,25938.81953125,1,27148.533203125
27148.533203125,27301.3388855372,26791.98723677739,26842.9218383006,65874974.0,2021-09-29,0.0,67.227451506792,378.4627440600598,330.02818250959234,48.434561550467436,25072.802199976806,26043.23701171875,27013.671823460692,7.45248995971794,1.0694850277589638,0.013220194058061671,0.013307967189641001,26257.1654296875,26043.23701171875,0,26944.79296875
26944.79296875,27352.27541521288,26893.85648929054,27352.27541521288,43695108.0,2021-09-30,0.0,63.79886007630691,406.47279257470655,345.3171045226152,61.155688052091364,25203.64633400658,26137.46748046875,27071.28862693092,7.145460034794647,0.9322698684538493,-0.007532951372574546,-0.007504649803752539,26338.662109375,26137.46748046875,0,27199.46875
27199.46875,27352.274427173495,26842.920918033506,26944.791995430005,57530839.0,2021-10-01,0.0,66.12453936688416,444.1018354414555,365.0740507063833,79.0277847350722,25340.57063350915,26244.43173828125,27148.292843053354,6.888021914787296,1.028309607901288,0.009407373980870652,0.009451762407132414,26420.15859375,26244.43173828125,1,28269.111328125
28269.111328125,28472.851611994873,27454.146436960393,27454.146436960393,7610.0,2021-10-04,0.0,73.75172158256817,553.8499027750477,402.82922112011613,151.02068165493154,25079.69122750919,26353.94267578125,27628.194124053312,9.670290809603022,1.2514877283211245,0.038572294193663544,0.03932586286726658,26634.087109375,26353.94267578125,0,28167.240234375
28167.240234375,28472.85159896119,28065.369153565418,28269.111315184582,50156363.0,2021-10-05,0.0,72.08703287669607,625.396706993386,447.3427182947702,178.05398869861585,24988.16635438552,26471.0939453125,27954.021536239477,11.204127747728196,1.07189113596647,-0.003610127216597711,-0.0036036185420744715,26837.828515625,26471.0939453125,0,28167.240234375
28167.240234375,28167.240234375,28167.240234375,28167.240234375,0.0,2021-10-06,0.0,72.08703287669607,674.3248674836141,492.739148132539,181.58571935107506,24957.644815088726,26588.24521484375,28218.845614598777,12.265573651657835,0.9841759574474747,0.0,0.0,27041.569921875,26588.24521484375,0,28320.046875
28320.046875,28880.336899491274,28269.112271792892,28727.529334184717,50535393.0,2021-10-07,0.0,73.14166403569776,717.163986008909,537.624115707813,179.53987030109602,24880.267931854836,26682.4755859375,28484.683240020164,13.508549072054496,0.9543236972034821,0.005410315176547131,0.005424977362124217,27275.8724609375,26682.4755859375,0,28320.046875
28320.046875,28320.046875,28320.046875,28320.046875,0.0,2021-10-08,0.0,73.14166403569776,742.5545890015601,578.6102103665623,163.94437863499775,24857.17247232989,26786.89306640625,28716.61366048261,14.407946373567635,0.8972476153542782,0.0,0.0,27520.3619140625,26786.89306640625,0,28320.046875
28320.046875,28320.046875,28320.046875,28320.046875,0.0,2021-10-11,0.0,73.14166403569776,753.9853510157263,613.6852384963952,140.30011251933115,24913.955888309927,26909.13779296875,28904.319697627576,14.82902886007858,0.8535790593170285,0.0,0.0,27764.8513671875,26909.13779296875,1,29033.140625
29033.140625,29338.751979275767,28931.269547627246,29185.946302137883,34179905.0,2021-10-12,0.0,77.98890577616018,811.2336220978723,653.1949152166907,158.0387068811816,24968.299690652304,27079.77119140625,29191.242692160195,15.594455993217696,0.9625611647839574,0.024868033667843483,0.02517982237626515,27988.966796875,27079.77119140625,0,28931.26953125
28931.26953125,29236.88088535277,28778.463854198617,29033.14060856509,29413904.0,2021-10-13,0.0,75.88200823768787,838.7149595172414,690.2989240768009,148.4160354404405,24982.3179747646,27212.2029296875,29442.087884610402,16.388860252766822,0.8854608278708118,-0.0035149567936422674,-0.003508786564491717,28167.2404296875,27212.2029296875,0,28931.26953125
28931.26953125,28931.26953125,28931.26953125,28931.26953125,0.0,2021-10-14,0.0,75.88200823768787,850.6879166461804,722.3767225906769,128.3111940555035,25057.6551143096,27352.27509765625,29646.8950810029,16.778275117182258,0.8440644736499734,0.0,0.0,28365.8880859375,27352.27509765625,0,29185.947265625
29185.947265625,29389.68754925389,29033.14158344269,29185.947265625,34958352.0,2021-10-15,0.0,77.63391105787294,870.6901619634846,752.0394104652385,118.65075149824611,25106.271323005378,27492.347265625,29878.423208244625,17.358110019241963,0.8548923086958896,0.008764334516854745,0.008802853746183281,28564.5359375,27492.347265625,0,29185.947265625
29185.947265625,29185.947265625,29185.947265625,29185.947265625,0.0,2021-10-18,0.0,77.63391105787294,876.4390417766008,776.919336727511,99.5197050490898,25235.162019133313,27645.1533203125,30055.144621491687,17.435181301081272,0.8196679474649148,0.0,0.0,28656.21953125,27645.1533203125,0,29135.01171875
29135.01171875,29542.49415062757,29084.075241113744,29338.75199576754,44775570.0,2021-10-19,0.0,76.34754868172925,866.8920060757482,794.9138705971585,71.9781354785897,25408.59879930927,27795.41259765625,30182.22639600323,17.174156274609416,0.7806249741855665,-0.0017467325885133715,-0.0017452079389930208,28752.9966796875,27795.41259765625,0,28982.205078125
28982.205078125,29287.8183200577,28421.91695134554,29236.88184081431,65425914.0,2021-10-20,0.0,72.46814523205205,837.3433200941618,803.3997604965592,33.94355959760253,25630.7125021491,27938.03154296875,30245.3505837884,16.51740594014999,0.7262741989043089,-0.005258579167157475,-0.00524477704351356,28834.4931640625,27938.03154296875,0,29135.01171875
29135.01171875,29644.36335021509,28829.39848645995,29135.01171875,73979385.0,2021-10-21,0.0,73.89655359413075,816.8399697015302,806.0878023375535,10.752167363976696,25925.496634581963,28095.9310546875,30266.365474793034,15.450169036084835,0.7393715871894385,0.0052585791671575614,0.005272429762093411,28915.9896484375,28095.9310546875,0,28880.3359375
28880.3359375,29440.624065485703,28880.3359375,29236.8819037586,37467161.0,2021-10-22,0.0,67.60144806009646,771.1513568474547,799.1005132395338,-27.94915639207909,26320.84088903971,28246.190234375,30171.53957971029,13.632630307730356,0.6646832832341307,-0.008779656675494341,-0.00874122803548083,28972.0185546875,28246.190234375,0,28880.3359375
28880.3359375,28880.3359375,28880.3359375,28880.3359375,0.0,2021-10-25,0.0,67.60144806009646,726.5673854450033,784.5938876806277,-58.026502235624434,26811.196875328336,28396.4494140625,29981.701952796662,11.165146146398948,0.6526212737763183,0.0,0.0,29028.0474609375,28396.4494140625,0,28880.3359375
28880.3359375,28880.3359375,28880.3359375,28880.3359375,0.0,2021-10-26,0.0,67.60144806009644,683.356953315506,764.3465008076034,-80.98954749209747,27095.714284441143,28500.86689453125,29906.019504621356,9.860420142937668,0.6350276974343794,0.0,0.0,29012.7669921875,28500.86689453125,0,28880.3359375
28880.3359375,28880.3359375,28880.3359375,28880.3359375,0.0,2021-10-27,0.0,67.60144806009644,641.7150825209937,739.8202171502816,-98.10513462928782,27327.224042772392,28587.45703125,29847.690019727608,8.816684793614215,0.6162003014235505,0.0,0.0,29007.6736328125,28587.45703125,1,29542.494140625
29542.494140625,29644.36334017803,29185.94630866191,29491.55766300599,41383364.0,2021-10-28,0.0,75.03799267034738,654.5984297828873,722.7758596768027,-68.17742989391547,27649.118062575206,28717.34208984375,29785.566117112296,7.439574483784388,0.8862261237893927,0.022668760051997267,0.02292764892202004,29068.79609375,28717.34208984375,-1,29084.076171875
29084.076171875,29593.42969748314,29084.076171875,29542.49509605935,45072112.0,2021-10-29,0.0,64.07306784293412,620.6634544349945,702.3533786284412,-81.6899241934467,28007.215329801238,28811.5724609375,29615.92959207376,5.583569811934439,0.6693922390869793,-0.015638892379269013,-0.015517239897480883,29058.608984375,28811.5724609375,0,29084.076171875
29084.076171875,29084.076171875,29084.076171875,29084.076171875,0.0,2021-11-01,0.0,64.07306784293412,587.0031352372425,679.2833299502015,-92.28019471295897,28081.81298527965,28852.320703125,29622.82842097035,5.3410450117580766,0.6503913999707122,0.0,0.0,29048.421875,28852.320703125,-1,28727.52734375
28727.52734375,28269.110313120367,28116.30463624382,28269.110313120367,48453748.0,2021-11-02,0.0,56.611108819685214,525.4989543032498,648.5264548208112,-123.0275005175614,28176.8800913273,28880.33505859375,29583.790025860202,4.871515277362599,0.3913877064245167,-0.01233500983353643,-0.012259245437879596,29007.6734375,28880.33505859375,-1,28320.046875
28320.046875,28676.59473097761,28167.24118753606,28625.6601277705,56377137.0,2021-11-03,0.0,49.51405208006998,438.8177614284359,606.5847161423361,-167.7669547139002,28214.448403865626,28887.975390625,29561.502377384375,4.663026589104293,0.07839216038131809,-0.014285879966240022,-0.014184320978068876,28941.4576171875,28887.975390625,1,28676.59375
28676.59375,28982.205114473436,28320.04590621929,28320.04590621929,28029161.0,2021-11-04,0.0,54.847992945725395,394.34685947320395,564.1371448085097,-169.79028533530573,28278.265111359917,28905.802734375,29533.340357390083,4.341949115073775,0.3173743087516118,0.012511317229430514,0.012589911188132463,28895.6158203125,28905.802734375,0,28829.3984375
28829.3984375,29033.140592014024,28370.98140660718,28676.592760535725,36577157.0,2021-11-05,0.0,56.94733150557753,367.2005511382122,524.7498260744502,-157.54927493623802,28365.524933004017,28931.2703125,29497.015691995985,3.9109612083058014,0.4099666752110665,0.005314404336814664,0.0053285508325060515,28890.5220703125,28931.2703125,0,28931.26953125
28931.26953125,29033.14060856509,28625.658177147234,28982.204130986298,40121693.0,2021-11-08,0.0,58.33806475494316,349.87392329867725,489.77464551929563,-139.90072222061838,28474.508259309685,28961.8314453125,29449.154631315312,3.365278794077695,0.4686430741032686,0.0035273553079558763,0.00353358374684265,28895.6154296875,28961.8314453125,0,28778.46484375
28778.46484375,29338.75297148482,28727.528364419755,28931.27052605563,46656375.0,2021-11-09,0.0,55.44488358398678,320.1222150392314,455.8441594232828,-135.72194438405143,28456.340901919135,28949.09765625,29441.854410580865,3.4042978484649296,0.3268589816371879,-0.00529564193136666,-0.005281644738574287,28885.4283203125,28949.09765625,-1,28167.240234375
28167.240234375,28829.399442873455,28116.305632891486,28778.46484138994,81877670.0,2021-11-10,0.0,45.68497330531096,244.40569739249258,413.5564670171248,-169.15076962463223,28306.501768474966,28910.89619140625,29515.290614337533,4.181083968686794,-0.11520749432510792,-0.021467750119381637,-0.021238958113074746,28814.11875,28910.89619140625,-1,27505.080078125
27505.080078125,28167.239263807216,27301.337923526244,28014.433586779396,102483089.0,2021-11-11,0.0,37.90128881020223,129.47649648815423,356.74047291133076,-227.26397642317653,27967.886264246932,28839.58671875,29711.28717325307,6.045166062912644,-0.26546170977148603,-0.023788891112624416,-0.023508165895567812,28610.37734375,28839.58671875,1,27810.693359375
27810.693359375,27912.564443733725,27403.210899782716,27454.14738088339,39350608.0,2021-11-12,0.0,42.74953566356035,62.33614218717048,297.8596067664987,-235.52346457932822,27802.544731137506,28770.8240234375,29739.103315737495,6.730980603900726,0.004207788136281301,0.011049882225781385,0.01111115766185522,28483.0390625,28770.8240234375,-1,27301.337890625
27301.337890625,27810.69139866557,27148.532213781327,27759.756798998507,57849277.0,2021-11-15,0.0,37.49526970185298,-31.609427973857237,231.9657998184275,-263.57522779228475,27528.33104059638,28676.5935546875,29824.856068778623,8.008360629733348,-0.09884201007425948,-0.01848489197872508,-0.01831509420380184,28304.765234375,28676.5935546875,-1,26486.375
26486.375,27301.3399223772,26486.375,27148.5342341618,75083065.0,2021-11-16,0.0,30.942342006360946,-169.86457048065859,151.5997257586103,-321.4642962392689,27057.444842239747,28544.16171875,30030.878595260256,10.416959455030444,-0.19205736184962466,-0.030305258144850793,-0.029850657645054457,28080.65,28544.16171875,-1,26180.763671875
26180.763671875,26791.988303706978,26180.763671875,26486.37504886967,56633096.0,2021-11-17,0.0,28.902438265161265,-300.6275992411902,61.15426075865021,-361.7818599998404,26597.6439825875,28404.0896484375,30210.535314287503,12.719616704557007,-0.115386894439568,-0.01160551972284347,-0.011538435445582862,27866.7216796875,28404.0896484375,-1,25442.19921875
25442.19921875,26180.762195659277,25263.926238528893,26180.762195659277,110625251.0,2021-11-18,0.0,24.669678514429933,-458.568132573615,-42.790217907802834,-415.77791466581215,26016.23974370029,28219.4490234375,30422.65830317471,15.614828467468284,-0.13027371712476637,-0.028615748091537982,-0.028210195179234288,27543.2822265625,28219.4490234375,-1,24448.962890625
24448.962890625,25314.86242342156,24398.026408915255,25263.92781955446,91494614.0,2021-11-19,0.0,20.352862714707612,-656.3173956038809,-165.49565344701844,-490.82174215686246,25250.438932436424,27997.88037109375,30745.321809751076,19.626067418260035,-0.14585862150406834,-0.03982138455359843,-0.03903893368592992,27105.238671875,27997.88037109375,1,24780.0390625
24780.0390625,25060.183111090122,24448.960415199843,24550.82961261992,42717143.0,2021-11-22,0.0,25.060171983293202,-777.3591190751249,-287.8683465726398,-489.49077250248513,24728.976810902423,27792.86552734375,30856.75424378508,22.048023176501538,0.008332915507598076,0.013450655111947119,0.013541522123294403,26690.115625,27792.86552734375,1,25238.458984375
25238.458984375,25365.797364149537,24754.572765663244,24907.378445824186,29540184.0,2021-11-23,0.0,31.12969816337373,-826.7644742483208,-395.647572107776,-431.11690214054477,24390.132504038007,27610.7716796875,30831.41085533699,23.32886029417881,0.1317015713450599,0.018330528735499438,0.0184995641338086,26336.1150390625,27610.7716796875,-1,24780.0390625
24780.0390625,25314.85986032522,24703.637164434942,25212.98878506269,51204547.0,2021-11-24,0.0,28.632325238919037,-892.6196668071098,-495.0419910476428,-397.57767575946696,24008.231843710106,27405.7568359375,30803.281828164894,24.79424314071253,0.11358374413073893,-0.01833052873549938,-0.0181635464415163,25997.394921875,27405.7568359375,1,25085.65234375
25085.65234375,25136.58882422807,24805.508273569692,24805.508273569692,41080593.0,2021-11-25,0.0,32.519044198447546,-909.663904446541,-577.9663737274225,-331.6975307191185,23790.844955626486,27182.91474609375,30574.984536561013,24.957366214413867,0.19085801120046417,0.012257610358126938,0.012333042755872325,25755.4521484375,27182.91474609375,0,24983.783203125
24983.783203125,25442.200261558224,24958.31402389876,25111.121587885773,50454981.0,2021-11-26,0.0,31.89550159763617,-920.7774248754758,-646.5285839570332,-274.2488409184426,23574.023125234322,26977.90009765625,30381.777070078177,25.23455836147636,0.20708152634664778,-0.004069120415381075,-0.0040608527627299384,25472.7611328125,26977.90009765625,-1,24652.701171875
24652.701171875,24907.377926110024,24550.83009461249,24550.83009461249,41152511.0,2021-11-29,0.0,29.889528631591546,-945.4025111816154,-706.3033694019497,-239.09914177966573,23352.803277971205,26756.33134765625,30159.859417341297,25.44091733251152,0.19096329856684338,-0.01334046702030741,-0.013251877370140996,25207.8974609375,26756.33134765625,1,24932.84765625
24932.84765625,25442.201214368382,24703.640057370867,24932.84765625,41859795.0,2021-11-30,0.0,33.68976372371377,-931.5739844778072,-751.3574924171212,-180.21649206068605,23202.90530663752,26566.59736328125,29930.28941992498,25.322716422034702,0.2571493347905643,0.01129964160093004,0.011363723691852678,25052.5447265625,26566.59736328125,0,24958.3125
24958.3125,25212.989253971555,24907.377900342683,25212.989253971555,26093993.0,2021-12-01,0.0,34.03974950083385,-908.0920573938783,-782.7044054124726,-125.38765198140572,23067.936257287845,26398.51064453125,29729.08503177465,25.233047667659765,0.2837913258975055,0.0010208159474177827,0.0010213371573550845,24930.299609375,26398.51064453125,0,24754.572265625
24754.572265625,25085.650919645548,24754.572265625,25060.183619773583,24222249.0,2021-12-02,0.0,32.559066031595776,-895.5986909689345,-805.2832625237651,-90.31542844516946,22976.390174032113,26202.4095703125,29428.428966592885,24.623837648393124,0.2756000310542365,-0.008196723084828585,-0.0081632215469295,24861.5369140625,26202.4095703125,-1,24296.154296875
24296.154296875,25034.717288801017,24296.154296875,24856.4443049552,40927887.0,2021-12-03,0.0,29.454524960372197,-912.1731428044477,-826.6612385799017,-85.51190422454602,22893.047624523628,25975.74736328125,29058.447102038874,23.73521497298869,0.22757757667907783,-0.018692131523481523,-0.018518517057415473,24846.2560546875,25975.74736328125,-1,23302.916015625
23302.916015625,24423.492256725604,23175.577635696067,24194.284675127547,65374949.0,2021-12-06,0.0,24.093964103748092,-993.9963723159781,-860.128265327117,-133.8681069888611,22722.02146024227,25694.3296875,28666.63791475773,23.13590790970293,0.09771775182257356,-0.04173957480817498,-0.04088047306226361,24698.54375,25694.3296875,1,24245.220703125
24245.220703125,24245.220703125,23430.255774744994,23659.465247677697,41404883.0,2021-12-07,0.0,35.995229448254335,-971.6056924766854,-882.4237507570307,-89.18194171965467,22811.00003879568,25467.66748046875,28124.33492214182,20.86306053517056,0.26992852809347145,0.039641009926462585,0.04043720051465538,24599.219921875,25467.66748046875,0,24041.478515625
24041.478515625,24398.026375737783,23965.076609928245,24398.026375737783,20968970.0,2021-12-08,0.0,34.727392796823,-959.2436455373318,-897.787729713091,-61.45591582424072,22858.742009177135,25261.37939453125,27664.016779885365,19.022218445238618,0.24613296073255483,-0.008438903462922795,-0.008403395869015062,24525.3638671875,25261.37939453125,0,23990.54296875
23990.54296875,24092.414050183725,23837.737285520696,23888.671887316275,19480787.0,2021-12-09,0.0,34.40116854538198,-942.6899641186101,-906.7681765941949,-35.92178752441521,22866.909446085596,25085.6525390625,27304.395632039403,17.689339270899605,0.2532139764673739,-0.002120900365804305,-0.002118652845826241,24415.8529296875,25085.6525390625,-1,23684.9296875
23684.9296875,24041.47562692948,23633.993211979778,23965.073730412772,36671160.0,2021-12-10,0.0,32.432552043051544,-943.357057076948,-914.0859526907456,-29.27110438620241,22983.74724580058,24879.36435546875,26774.981465136923,15.238468978420624,0.1849483311063178,-0.012820742003601017,-0.012738906395244665,24285.967578125,24879.36435546875,0,23710.3984375
23710.3984375,24016.009797956183,23583.060057669503,23710.3984375,27010800.0,2021-12-13,0.0,32.77779179113999,-931.0975053254842,-917.4882632176934,-13.609242107790806,23115.402280352457,24699.8173828125,26284.232485272543,12.829366937445998,0.18776523785456287,0.001074736834158984,0.0010753145707433909,24191.7373046875,24699.8173828125,1,24296.154296875
24296.154296875,25009.24998794341,23532.12588193394,23710.39886577976,67343527.0,2021-12-14,0.0,40.32936796771879,-864.1546824894285,-906.8215470720404,42.66686458261188,23240.40844030494,24590.30634765625,25940.20425500756,10.979106061279081,0.3910465564916621,0.024404373879881695,0.024704597896953784,24128.06796875,24590.30634765625,0,24347.091796875
24347.091796875,24754.574261202943,24296.155315182354,24448.962882417647,17074285.0,2021-12-15,0.0,40.950588886725434,-797.7952949969149,-885.0162966570153,87.22100166010046,23373.12432382185,24498.62275390625,25624.12118399065,9.1882587963435,0.43268273283158376,0.0020943305683350406,0.0020965252104343524,24066.9458984375,24498.62275390625,0,24194.28515625
24194.28515625,24499.896523019754,24092.41407471256,24499.896523019754,20820228.0,2021-12-16,0.0,39.61808584850175,-748.9023411424132,-857.793505554095,108.89116441168176,23395.83570188741,24436.22705078125,25476.61839967509,8.515155361192138,0.38372553520918545,-0.00629595429611647,-0.006276176304745085,24010.9171875,24436.22705078125,-1,23786.798828125
23786.798828125,24219.750418759853,23735.864230564384,24117.879345796217,41556646.0,2021-12-17,0.0,36.23230020049665,-734.5674280738749,-833.1482900580511,98.58086198417618,23323.046822081833,24403.11884765625,25483.190873230666,8.851917923418627,0.21468568533497992,-0.01698569900319328,-0.016842255329859834,23959.981640625,24403.11884765625,0,23888.671875
23888.671875,24117.88133864707,23684.93159008016,23786.800793618797,18850328.0,2021-12-20,0.0,37.66652828944842,-706.8386072230387,-807.8863534910486,101.04774626800986,23270.432937239453,24358.55048828125,25446.668039323045,8.934173251115931,0.28408646527602943,0.004273610744525683,0.004282755641526137,24018.5572265625,24358.55048828125,-1,23481.189453125
23481.189453125,23914.139202167742,23481.189453125,23888.671901255093,32267389.0,2021-12-21,0.0,34.339575340250505,-709.5643270225519,-788.2219481973493,78.65762117479744,23198.049074330243,24270.68701171875,25343.324949107257,8.838958179227467,0.13198320184539766,-0.017204714631133575,-0.017057558662415206,23942.1541015625,24270.68701171875,-1,22971.8359375
22971.8359375,23684.931630544128,22971.8359375,23583.060548988884,46559352.0,2021-12-22,0.0,30.690445088966882,-744.245848601684,-779.4267282782163,35.1808796765323,22990.034300644413,24180.27685546875,25370.519410293087,9.844738850085955,-0.007644812845352577,-0.02193071068677068,-0.02169198100640568,23835.18984375,24180.27685546875,0,22895.43359375
22895.43359375,22971.835495063006,22462.4819749395,22971.835495063006,50349842.0,2021-12-23,0.0,30.172506943183564,-769.0313205813254,-777.3476467388382,8.316326157512776,22829.333647903582,24070.76591796875,25312.19818803392,10.31485474368261,0.026622453532220352,-0.003331456840316877,-0.0033259136952688007,23725.67890625,24070.76591796875,1,23455.72265625
23455.72265625,23761.33402945418,23048.240199363554,23073.707500823468,36182649.0,2021-12-24,0.0,38.38460446573585,-734.9908241769845,-768.8762822264675,33.88545804948308,22802.424082185782,23994.362890625,25186.30169906422,9.935156968930647,0.27404870511753776,0.02417701734444701,0.024471651091724667,23702.758203125,23994.362890625,0,23379.318359375
23379.318359375,23735.86620549287,23201.045375237347,23710.398904593574,20150130.0,2021-12-27,0.0,37.73291850123081,-706.0398854436426,-756.3090028699025,50.26911742625998,22750.84484102417,23930.69375,25110.542658975828,9.860549144972696,0.2663364408652879,-0.0032627008750929455,-0.0032573840505673024,23669.6501953125,23930.69375,0,23328.3828125
23328.3828125,23786.799843643734,23226.51173518723,23379.31741223514,23324506.0,2021-12-28,0.0,37.278529362090055,-679.3747219651741,-740.9221466889569,61.5474247237828,22741.468394015188,23850.4705078125,24959.472621609813,9.299624621107967,0.26461375103928775,-0.0021810350665257593,-0.0021786583377686464,23572.873046875,23850.4705078125,0,23328.3828125
23328.3828125,23583.059566860684,23175.57713545209,23328.3828125,28537114.0,2021-12-29,0.0,37.278529362090055,-650.7410500436927,-722.8859273599041,72.14487731621148,22768.512533864254,23768.9740234375,24769.435513010743,8.418213496188228,0.27980601176091424,0.0,0.0,23471.0021484375,23768.9740234375,0,23277.44921875
23277.44921875,23583.060586053474,23277.44921875,23583.060586053474,19413966.0,2021-12-30,0.0,36.765082151465,-624.9544877827757,-703.2996394444785,78.34515166170286,22787.201427406944,23695.11787109375,24603.034314780554,7.663320761905931,0.2699850821912042,-0.002185718473739966,-0.002183331530495436,23379.3185546875,23695.11787109375,1,23633.994140625
23633.994140625,23761.33251766541,23353.85008670459,23430.253864065835,26013393.0,2021-12-31,0.0,42.71328245591476,-569.1870222973557,-676.477116015054,107.29009371769826,22799.20515913754,23662.00986328125,24524.814567424964,7.292742325178512,0.4837647369551285,0.01520105807664405,0.015317181815085013,23364.0380859375,23662.00986328125,0,23633.994140625
23633.994140625,23633.994140625,23633.994140625,23633.994140625,0.0,2022-01-03,0.0,42.71328245591476,-519.0081017911398,-644.9833131702712,125.97521137913145,22832.220843993357,23678.56376953125,24524.906695069145,7.148600175040504,0.4736692848954078,0.0,0.0,23338.5703125,23678.56376953125,0,23812.26953125
23812.26953125,24041.477112808683,23735.865752168753,23837.736831662907,37942081.0,2022-01-04,0.0,45.676495737915644,-459.5581118085938,-607.8982728979357,148.3401610893419,22850.388570453964,23656.9162109375,24463.443851421034,6.818535715239557,0.5963099790475639,0.007514869067026409,0.007543176560180331,23371.6783203125,23656.9162109375,0,23837.736328125
23837.736328125,24117.880382434385,23837.736328125,23888.67092787489,35412697.0,2022-01-05,0.0,46.10536225546911,-405.7118154982418,-567.460981417997,161.74916591975523,22855.654593095034,23646.7291015625,24437.80361002997,6.690773214932255,0.6207264451818407,0.0010689106471449246,0.0010694821357359885,23458.268359375,23646.7291015625,-1,23481.189453125
23481.189453125,23786.800819761927,23481.189453125,23684.93161611133,32415188.0,2022-01-06,0.0,41.20113549614333,-387.3435355912952,-531.4374922526567,144.09395666136152,22844.118477474494,23621.26142578125,24398.404374088004,6.5800291889454146,0.40988017522295017,-0.01507023319281569,-0.014957245524161888,23516.8439453125,23621.26142578125,0,23328.3828125
23328.3828125,23532.124967125543,23251.9790350548,23481.188489547912,30834512.0,2022-01-07,0.0,39.273059632081534,-380.7279652799625,-501.29558685811793,120.56762157815541,22816.148810273397,23603.43408203125,24390.719353789103,6.6709383814382806,0.32531664226544305,-0.006528886124259383,-0.006507619255406327,23504.1099609375,23603.43408203125,0,23251.98046875
23251.98046875,23761.334008877624,23175.578564436422,23353.851552344047,32990529.0,2022-01-10,0.0,38.30778452752229,-377.3008197764393,-476.49663344178225,99.19581366534294,22779.762629347573,23580.51318359375,24381.263737839927,6.791629579998307,0.2948595145506772,-0.003280455835218056,-0.003275081018863535,23491.376171875,23580.51318359375,-1,22971.8359375
22971.8359375,23455.722166505475,22971.8359375,23455.722166505475,24082944.0,2022-01-11,0.0,34.9187555866163,-392.6637217206735,-459.73005109756053,67.06632937688704,22744.28541074137,23514.297265625,24284.309120508628,6.549307820559804,0.14775780743857503,-0.012121368727293233,-0.012048200867298409,23455.721484375,23514.297265625,1,23532.125
23532.125,23557.592299903146,22997.302312821426,23022.77149056707,27722614.0,2022-01-12,0.0,45.33502238522988,-355.5299593211894,-438.89003274228634,83.36007342109696,22810.23598511323,23473.54892578125,24136.86186644927,5.651577805855307,0.5441541771820076,0.024097567773839555,0.024390260492212823,23476.095703125,23473.54892578125,1,23786.798828125
23786.798828125,24092.41204701591,23532.123962479523,23583.058560040135,47171312.0,2022-01-13,0.0,49.306612449911405,-302.06907133075947,-411.525840459981,109.45676912922153,22861.960550001993,23453.174609375,24044.388668748008,5.041654865236707,0.7821517971881567,0.010764246799539003,0.010822389738495808,23527.0306640625,23453.174609375,0,23557.59375
23557.59375,23863.20512333479,23532.1264485292,23684.9321351966,14915815.0,2022-01-14,0.0,46.062978342476946,-275.0255434242317,-384.22578105283117,109.20023762859944,22869.137852981625,23441.71435546875,24014.290857955875,4.885107751119304,0.6011911893239591,-0.009682534988150584,-0.0096358101727414,23519.390625,23441.71435546875,-1,22768.095703125
22768.095703125,23684.931683486422,22768.095703125,23557.593300718374,40887681.0,2022-01-17,0.0,37.027308644773406,-313.6833011578674,-370.11728507383845,56.433983915971055,22778.974862355517,23385.685546875,23992.396231394483,5.188735504917084,-0.008965689502512465,-0.034087975971518546,-0.033513526689244344,23432.80078125,23385.685546875,-1,22411.548828125
22411.548828125,23048.24076958794,21902.195274954644,22666.225604710176,40473730.0,2022-01-18,0.0,33.80247653573524,-368.83846546589484,-369.86152115224974,1.023055686354894,22587.951208767423,23332.203515625,24076.455822482574,6.379614393121235,-0.11850979769699277,-0.015783846060446242,-0.015659933955348926,23292.7287109375,23332.203515625,-1,22156.87109375
22156.87109375,22691.691925891286,22131.403792760906,22615.288145081428,33420713.0,2022-01-19,0.0,31.680062909686114,-428.16408622186646,-381.5220341661731,-46.64205205569334,22391.231589776155,23291.4552734375,24191.678957098844,7.730076743534317,-0.13016792397250387,-0.011428742903658516,-0.011363682908670625,23124.6421875,23291.4552734375,1,22411.548828125
22411.548828125,22513.419914327602,22055.000965337218,22309.677741922398,27682409.0,2022-01-20,0.0,36.007168709392985,-449.4487380751525,-395.107374947969,-54.34136312718351,22298.799673661142,23267.26103515625,24235.72239665136,8.324670102181669,0.05821045575313193,0.011428742903658444,0.011494300494749865,23017.678125,23267.26103515625,-1,22055.0
22055.0,22640.757311644644,21953.12891825625,22411.547847181846,30725031.0,2022-01-21,0.0,32.8685185877048,-489.44546598071975,-413.97499315451915,-75.47047282620059,22093.06382255095,23197.22490234375,24301.38598213655,9.519768717517938,-0.0172365351611981,-0.016037065126311305,-0.01590915607213883,22890.33984375,23197.22490234375,-1,20730.681640625
20730.681640625,22004.065472100847,20730.681640625,21953.128992136266,55543007.0,2022-01-24,0.0,24.37109823931887,-620.8478374126535,-455.349562006146,-165.49827540650745,21509.43023247669,23064.79306640625,24620.155900335812,13.486900397948409,-0.2503430630022879,-0.061924525805864813,-0.0600461736284289,22638.2099609375,23064.79306640625,1,22029.533203125
22029.533203125,22055.000504683063,20476.005273971878,20628.81096116286,33764633.0,2022-01-25,0.0,40.59284247159026,-613.1111338346782,-486.90187637185244,-126.20925746282575,21383.557735033814,22999.8505859375,24616.143436841186,14.054811746402521,0.19983243374801007,0.06076916369323694,0.06265358684370015,22543.9796875,22999.8505859375,0,22131.40234375
22131.40234375,22640.75584155325,22131.40234375,22156.869643071674,28701713.0,2022-01-26,0.0,41.649949108658475,-591.9362792569518,-507.90875694887234,-84.02752230807948,21286.70863988951,22940.0015625,24593.29448511049,14.41406111596022,0.2554579688536825,0.00461354905879632,0.004624207861587903,22403.907421875,22940.0015625,-1,21469.244140625
21469.244140625,22156.87064254038,21392.84036137105,22004.06496187502,27749230.0,2022-01-27,0.0,37.03661301879514,-621.4223178939792,-530.6114691378937,-90.81084875608553,21080.30246776443,22849.59130859375,24618.88014942307,15.48639375588208,0.10991469111348146,-0.030376114605882878,-0.029919396558799494,22172.151953125,22849.59130859375,0,21494.7109375
21494.7109375,21800.322291670607,21240.034183076998,21520.178237373802,28203764.0,2022-01-28,0.0,37.324152891632025,-635.4106399484153,-551.571303299998,-83.83933664841732,20915.296299659036,22742.6271484375,24569.957997215963,16.069654898282124,0.15854125108988665,0.0011854960657732374,0.0011861990439994141,21965.863671875,22742.6271484375,0,21494.7109375
21494.7109375,21494.7109375,21494.7109375,21494.7109375,0.0,2022-01-31,0.0,37.324152891632025,-639.129004635528,-569.082843567104,-70.046161068424,20777.829571559774,22635.66298828125,24493.496405002723,16.415100522421604,0.19293478077418508,0.0,0.0,21838.5251953125,22635.66298828125,0,21494.7109375
21494.7109375,21494.7109375,21494.7109375,21494.7109375,0.0,2022-02-01,0.0,37.324152891632025,-634.7587319016639,-582.218021234016,-52.540710667647886,20681.957192888956,22519.78505859375,24357.61292429854,16.321895266078133,0.22111802736742137,0.0,0.0,21746.84140625,22519.78505859375,0,21494.7109375
21494.7109375,21494.7109375,21494.7109375,21494.7109375,0.0,2022-02-02,0.0,37.324152891632025,-624.1010113050288,-590.5946192482186,-33.50639205681023,20620.680602269025,22402.6337890625,24184.586975855975,15.90842580003666,0.245245032728313,0.0,0.0,21680.625390625,22402.6337890625,0,21494.7109375
21494.7109375,21494.7109375,21494.7109375,21494.7109375,0.0,2022-02-03,0.0,37.32415289163203,-608.6386830734191,-594.2034320132587,-14.43525106016034,20553.32139722048,22303.30986328125,24053.298329342022,15.692634651880443,0.26897021281477096,0.0,0.0,21588.9416015625,22303.30986328125,0,21494.7109375
21494.7109375,21494.7109375,21494.7109375,21494.7109375,0.0,2022-02-04,0.0,37.32415289163203,-589.588269979442,-593.2803996064954,3.6921296270534185,20495.963237152446,22211.62626953125,23927.289301910056,15.448333332820946,0.2910675585761058,0.0,0.0,21532.9126953125,22211.62626953125,1,21927.662109375
21927.662109375,22258.742663011562,21290.97018149132,21800.323723798265,31352280.0,2022-02-07,0.0,44.09486558963403,-533.4063625912313,-581.3055922034425,47.89922961221123,20497.9414078884,22145.4103515625,23792.8792952366,14.878649052062922,0.43391431048712564,0.019942047824264824,0.020142218852530203,21652.6107421875,22145.4103515625,1,23201.044921875
23201.044921875,23201.044921875,21902.193822965466,21902.193822965466,50075762.0,2022-02-08,0.0,58.34712953208246,-381.73009839714723,-541.3904934421835,159.66039504503624,20482.23089411277,22156.87080078125,23831.51070744973,15.11621313068659,0.8117607901662351,0.056448367606770425,0.058071982601171745,21769.7619140625,22156.87080078125,1,24092.4140625
24092.4140625,24601.767592086446,23277.449166298717,23328.383768120337,76064994.0,2022-02-09,0.0,65.06168688333291,-187.438847729165,-470.6001642995798,283.1613165704148,20398.36869074591,22184.88525390625,23971.40181706659,16.10570929453671,1.0338682125676288,0.03769970436152086,0.03841935325010204,21965.8630859375,22184.88525390625,0,23939.609375
23939.609375,24398.02644399087,23786.80180749373,24143.34966860395,44543962.0,2022-02-10,0.0,63.18139434038195,-45.26985036559927,-385.5341015127837,340.26425114718444,20376.10600114816,22192.52578125,24008.945561351837,16.36965344103818,0.9809140521614587,-0.006362638592562879,-0.006342439869396088,22212.899609375,22192.52578125,0,24016.009765625
24016.009765625,24194.284623853215,23583.060025921175,23735.865705943554,32737213.0,2022-02-11,0.0,63.74555775341846,72.72663001600449,-293.88195520702607,366.60858522303056,20316.791384646833,22215.44658203125,24114.10177941567,17.093108530351373,0.9741680285272966,0.0031862983580235337,0.003191380002415034,22465.0294921875,22215.44658203125,-1,23532.125
23532.125,24194.284186694313,23506.655822254357,23684.93067726138,34442470.0,2022-02-14,0.0,57.713744508820724,125.74472730197886,-209.9566187052251,335.70134600720394,20278.951861309633,22253.648046875,24228.34423244037,17.747168297133804,0.8237148485094588,-0.020354172617187846,-0.02014842475279144,22668.7708984375,22253.648046875,0,23532.125
23532.125,23532.125,23532.125,23532.125,0.0,2022-02-15,0.0,57.713744508820724,165.85013426618025,-134.79526811094405,300.6454023771243,20254.18075782869,22309.67685546875,24365.172953108813,18.426946396009313,0.7973608526756035,0.0,0.0,22872.5123046875,22309.67685546875,0,23430.25390625
23430.25390625,23684.93066078935,23226.511751481525,23481.188506020873,17649626.0,2022-02-16,0.0,56.4104695158677,187.2552503718507,-70.3851644143851,257.6404147862358,20259.714891409134,22373.34599609375,24486.977100778367,18.89418869268498,0.7500218481393788,-0.0043384196416943206,-0.00432902229399168,23066.0666015625,22373.34599609375,1,23684.9296875
23684.9296875,23812.268059536935,23430.252943426134,23430.252943426134,21430489.0,2022-02-17,0.0,58.90867586246744,222.2076942538224,-11.866592680743594,234.074286934566,20243.337976790088,22437.0150390625,24630.69210133491,19.554090046766497,0.7844344479640039,0.010810878458167512,0.01086952716214773,23285.0884765625,22437.0150390625,1,23965.076171875
23965.076171875,24270.68754476109,23455.72263183645,23532.126413979273,40348771.0,2022-02-18,0.0,61.521141063064945,269.4076738920776,44.38826063382064,225.01941325825695,20244.57993189364,22532.51884765625,24820.45776341886,20.30788418491076,0.8130672139778812,0.01175864334966361,0.011828047964307364,23532.125,22532.51884765625,0,23761.333984375
23761.333984375,24194.285619742586,23710.399381551804,23990.543452764592,22985871.0,2022-02-21,0.0,58.6030357392349,287.06460396316106,92.92352929968874,194.14107466347232,20499.474765926738,22684.05146484375,24868.62816376076,19.26090409645488,0.7465655062752674,-0.00853797402797861,-0.00850162903880558,23715.4921875,22684.05146484375,0,23633.994140625
23633.994140625,23735.865217825827,23277.448187185837,23583.05954094583,33353136.0,2022-02-22,0.0,56.7899590758343,287.4688254124376,131.83258852223852,155.63623689019906,20563.12337191452,22764.27451171875,24965.425651522983,19.338645197509873,0.6975601795757652,-0.005373531746582514,-0.005359120150145502,23758.787109375,22764.27451171875,0,23786.798828125
23786.798828125,24041.475571612886,23557.59126125983,23761.331529344694,24503124.0,2022-02-23,0.0,58.4511226362343,296.6990728395067,164.80588538569216,131.89318745381453,20621.731724575096,22847.0443359375,25072.3569472999,19.48009185470064,0.7111511181370953,0.006444650407963253,0.006465461850874377,23728.2255859375,22847.0443359375,-1,23430.25390625
23430.25390625,23863.203637829894,22971.83499694218,23812.26903805902,42368692.0,2022-02-24,0.0,53.301997304994686,272.10723220869477,186.2661547502927,85.84107745840205,20804.185076789534,22945.09482421875,25086.00457164797,18.66115406216991,0.6133067572357551,-0.01510266644123337,-0.01498919314243452,23677.2900390625,22945.09482421875,0,23379.318359375
23379.318359375,23608.527823153814,23379.318359375,23481.18944081476,24115411.0,2022-02-25,0.0,52.58926068558328,245.67594897562594,198.14811359535938,47.527835380266566,21003.904716346166,23039.3251953125,25074.745674278834,17.669098046156787,0.583519146922203,-0.0021762885031081577,-0.002173922104250603,23613.6208984375,23039.3251953125,1,24041.478515625
24041.478515625,24347.091771939948,23455.723060579312,23455.723060579312,66443708.0,2022-02-28,0.0,60.06517231879468,274.9898455283437,213.51645998195625,61.473385546387476,21221.460279928695,23166.66357421875,25111.866868508805,16.793124206757106,0.72486465655651,0.02792880933068076,0.02832247485027617,23664.55625,23166.66357421875,0,23888.671875
23888.671875,24499.896485444653,23863.20457411534,24296.154322682247,44120762.0,2022-03-01,0.0,57.80011096338736,282.63308265764135,227.33978451709328,55.293298140548075,21485.049629355344,23286.36162109375,25087.673612832157,15.470961252329808,0.6671865442157449,-0.0063762436418137,-0.006355958537478834,23700.2109375,23286.36162109375,0,23888.671875
23888.671875,24117.88133864707,23735.86619184948,23939.608354611886,37555878.0,2022-03-02,0.0,57.80011096338736,285.40048402495086,238.95192441866482,46.44855960628604,21798.27228634388,23406.05966796875,25013.847049593624,13.738214842074703,0.6500858299259409,0.0,0.0,23746.052734375,23406.05966796875,1,25518.6015625
25518.6015625,25518.6015625,24092.412167409428,24245.21783869727,143904583.0,2022-03-03,0.0,71.22411219784657,414.339129865155,274.0293655079629,140.30976435719208,21999.46717777592,23607.25419921875,25215.04122066158,13.621126861047964,1.09440315719367,0.06600329281960425,0.0682302346496606,23929.419921875,23607.25419921875,0,25365.796875
25365.796875,26129.825261071313,25365.796875,25977.01958385705,63006011.0,2022-03-04,0.0,69.00784741563277,498.4480752685595,318.91310746008224,179.53496780847723,22338.365065021862,23800.80849609375,25263.251927165635,12.28902313391502,1.035059457909837,-0.006005972420585448,-0.005987972621687376,24069.4919921875,23800.80849609375,1,26027.95703125
26027.95703125,26741.050844099456,25467.66702346554,25569.538104684765,72589734.0,2022-03-07,0.0,72.93765335335375,611.4869700259987,377.4278799732656,234.05909005273315,22500.05111730071,24005.8232421875,25511.59536707429,12.545057169633461,1.1714607594474273,0.025769543918126227,0.026104449212183578,24296.154296875,24005.8232421875,-1,25187.5234375
25187.5234375,26078.892128895408,25187.5234375,25773.280757268305,76465543.0,2022-03-08,0.0,62.16356953777868,626.0385584966352,427.1500156779395,198.88854281869573,22561.30688447106,24105.14716796875,25648.987451466437,12.809216826098982,0.850546711697095,-0.032822460537439695,-0.032289648885655886,24451.5072265625,24105.14716796875,0,25391.265625
25391.265625,25620.47509283288,24881.912086634755,25467.667529049228,65641667.0,2022-03-09,0.0,63.56854059145712,646.5579711616992,471.03160677469145,175.5263643870078,22522.70322359118,24170.08974609375,25817.476268596318,13.63161278926415,0.8706403634561564,0.008056471627545561,0.00808901232411996,24611.95390625,24170.08974609375,-1,25034.716796875
25034.716796875,25518.603015031567,25009.24949651782,25467.666536474673,50641099.0,2022-03-10,0.0,59.41090770801809,626.8236105085525,502.1900075214637,124.6336029870888,22537.403147428435,24224.8451171875,25912.287086946562,13.931498522249175,0.7399702313327956,-0.014141708424979626,-0.014042184166430216,24772.4001953125,24224.8451171875,-1,24245.220703125
24245.220703125,25111.12211318041,23863.205540851377,25060.185631505006,83696561.0,2022-03-11,0.0,51.395196145691315,541.2391824554215,509.99984250825526,31.239339947166286,22551.72463016199,24236.3056640625,25920.88669796301,13.901302098185708,0.5026460701156827,-0.032044019877534795,-0.03153605052358932,24858.9904296875,24236.3056640625,-1,23328.3828125
23328.3828125,24550.830106725778,23328.3828125,24092.413075582048,63886388.0,2022-03-14,0.0,43.97509345789555,394.8798223929334,486.97583848519093,-92.09601609225751,22521.265362258448,24226.1185546875,25930.97174711655,14.07450548531374,0.23671171624214246,-0.03854874786012938,-0.037815200853454245,24787.680859375,24226.1185546875,0,23506.65625
23506.65625,23786.800309717335,23150.11028918295,23404.787048533715,39383263.0,2022-03-15,0.0,45.61913309158846,289.9319960204084,447.56706999223445,-157.63507397182605,22517.772679677757,24224.8451171875,25931.91755469724,14.09356740364524,0.2896431190010939,0.0076128600323004695,0.007641911526095058,24749.479296875,24224.8451171875,0,23532.125
23532.125,24016.00933168729,23532.125,23888.670954329056,21554126.0,2022-03-16,0.0,45.86354739168381,206.4355423550951,399.3407644648066,-192.90522210971153,22532.266920075777,24229.938671875,25927.61042367422,14.013009069393984,0.29447921215174716,0.001082883179027778,0.0010834697087127587,24713.824609375,24229.938671875,0,23404.787109375
23404.787109375,23786.80037155167,23379.317931099693,23735.865770686127,28234154.0,2022-03-17,0.0,44.77987486008822,128.50754274004794,345.17412011985493,-216.666577379807,22494.864502168417,24215.93154296875,25936.99858376908,14.21433685296368,0.26434839132804794,-0.005425930139504139,-0.005411236368368821,24502.4431640625,24215.93154296875,1,23684.9296875
23684.9296875,23863.20265721474,23455.720242265037,23532.124016624162,33462617.0,2022-03-18,0.0,47.707247934052255,88.33592485515328,293.8064810669146,-205.47055621176133,22467.750591457614,24201.92421875,25936.097846042383,14.330873955459007,0.3509392245639218,0.011898388955977193,0.011969456368726705,24334.3564453125,24201.92421875,0,23863.205078125
23863.205078125,24041.478065925447,23633.995609636848,23786.801296014746,36455596.0,2022-03-21,0.0,49.54049350754875,70.07715653530977,249.06061616059367,-178.9834596252839,22477.70130846035,24207.0177734375,25936.33423841465,14.287728303936214,0.4005928925458296,0.007498768433060505,0.007526954606881908,24117.88125,24207.0177734375,0,23888.671875
23888.671875,23914.13917588466,23583.060508698956,23888.671875,43349489.0,2022-03-22,0.0,49.81117203890823,57.00479299798826,210.6494515280726,-153.64465853008434,22504.508034000904,24219.75166015625,25934.995286311594,14.164006718343694,0.4034889912699013,0.001066630294531208,0.0010671993469286711,23987.99609375,24219.75166015625,0,23837.736328125
23837.736328125,24168.814982184274,23837.736328125,24041.476604967054,32638869.0,2022-03-23,0.0,49.24221467564726,42.05005095452725,176.92957141336353,-134.87952045883628,22509.612363100703,24222.29853515625,25934.984707211795,14.14140090437539,0.3877312687794688,-0.0021344814383177694,-0.0021322050527348146,23832.6431640625,24222.29853515625,0,23633.994140625
23633.994140625,23939.60737222748,23608.526840785413,23939.60737222748,28177149.0,2022-03-24,0.0,46.93294099442578,13.601231821277906,144.26390349494642,-130.6626716736685,22537.3011600058,24232.485546875,25927.669933744197,13.991007101521266,0.3234730655597468,-0.008583779714171135,-0.00854704426190056,23692.5708984375,24232.485546875,0,23633.994140625
23633.994140625,23914.13819454541,23532.124941266662,23710.397917986244,25378026.0,2022-03-25,0.0,46.93294099442578,-8.84272883093945,113.64257702976926,-122.4853058607087,22573.353518676035,24245.2193359375,25917.08515319897,13.791302888180862,0.31720267589605533,0.0,0.0,23631.4482421875,24245.2193359375,-1,23379.318359375
23379.318359375,23863.20458783193,23328.383757576405,23481.18944081476,36818015.0,2022-03-28,0.0,43.945313516511845,-46.64227338659475,81.58560694649647,-128.2278803330912,22497.576307369938,24212.111328125,25926.646348880062,14.162622974258696,0.25713736999573,-0.01083430453637821,-0.010775824845121407,23636.541796875,24212.111328125,0,23353.8515625
23353.8515625,23557.593729776694,23328.384261051066,23532.12642832776,24512373.0,2022-03-29,0.0,43.64611076255284,-77.75730464516892,49.7170246281634,-127.47432927333232,22433.32253558903,24185.3703125,25937.418089410967,14.488492458645025,0.26270089179130474,-0.0010898811032270257,-0.0010892873985262064,23621.261328125,24185.3703125,0,23175.578125
23175.578125,23633.995175717166,23124.641645247488,23328.383808572387,29685718.0,2022-03-30,0.0,41.51523785531056,-115.47029788598593,16.679560125333538,-132.14985801131945,22344.042438153654,24149.715625,25955.388811846347,14.953991300643704,0.2302564198504392,-0.007662862452422699,-0.0076335775716867005,23585.606640625,24149.715625,0,22971.8359375
22971.8359375,23404.787564649137,22819.030254088422,23251.98000339499,35661105.0,2022-03-31,0.0,39.16205089061154,-159.95455201613368,-18.647262302959902,-141.30728971317376,22264.602706080575,24022.37734375,25780.15198141942,14.63447695052339,0.20117289675914382,-0.008830116073387346,-0.008791245094344369,23542.3115234375,24022.37734375,1,23277.44921875
23277.44921875,23430.254902401735,22666.224606300475,22920.90137166756,37189306.0,2022-04-01,0.0,44.26534031811065,-168.6046369241849,-48.6387372272049,-119.96589969697999,22250.405966371643,23917.9599609375,25585.513955503357,13.943948374270079,0.30794902465684315,0.013216106088771176,0.01330382482625625,23501.5634765625,23917.9599609375,0,23353.8515625
23353.8515625,23583.06103122563,23302.91695960213,23430.255344689413,22946231.0,2022-04-04,0.0,45.49623606271147,-167.36557475044174,-72.38410473185228,-94.98147001858946,22429.567993224402,23784.2546875,25138.9413817756,11.39145802191199,0.3411429274315884,0.003276872437038724,0.0032822472527813673,23450.628125,23784.2546875,0,23481.189453125
23481.189453125,23633.995136443464,23404.78755038705,23430.2548512997,22885639.0,2022-04-05,0.0,47.5743777940922,-154.32949117699536,-88.7731820208809,-65.55630915611447,22511.79699487483,23698.93798828125,24886.07898168767,10.018516390847926,0.4082886799606527,0.005437732160960578,0.005452543460945369,23409.8798828125,23698.93798828125,1,24066.9453125
24066.9453125,24423.491259468552,23430.25343885265,23430.25343885265,56075688.0,2022-04-06,0.0,55.90345528783695,-95.63033160461055,-90.14461193762682,-5.4857196669837265,22729.166643881734,23632.72197265625,24536.277301430768,7.64664628831124,0.7402859714372345,0.024639683428641132,0.024945749044967824,23432.80078125,23632.72197265625,-1,23710.3984375
23710.3984375,24245.219257219585,23710.3984375,24194.284656424396,27394550.0,2022-04-07,0.0,50.630542742733965,-76.99364297548527,-87.51441814519852,10.520775169713247,22945.6897342037,23566.5060546875,24187.322375171298,5.2686326860940405,0.6158896585550185,-0.014925630690940207,-0.014814795578349305,23440.4412109375,23566.5060546875,0,23633.994140625
23633.994140625,23965.074672067065,23608.526840785413,23812.26899518707,25933358.0,2022-04-08,0.0,49.55194755711526,-67.60975798286017,-83.53348611273086,15.923728129870682,23001.660657598783,23535.9447265625,24070.228795526215,4.540154008440773,0.5917577556192866,-0.0032275992590562862,-0.0032223961599127104,23440.4412109375,23535.9447265625,0,23633.994140625
23633.994140625,23633.994140625,23633.994140625,23633.994140625,0.0,2022-04-11,0.0,49.55194755711526,-59.487229763763025,-78.72423484293729,19.237005079174267,23024.50869277072,23551.22529296875,24077.94189316678,4.472944347021142,0.578570570611532,0.0,0.0,23465.9087890625,23551.22529296875,-1,22971.8359375
22971.8359375,23684.931630544128,22946.36863657183,23684.931630544128,34417554.0,2022-04-12,0.0,40.81302274510636,-105.26724545662,-84.03283696567384,-21.234408490946166,22937.395424085393,23524.48427734375,24111.573130602104,4.991300521931328,0.02933160221273294,-0.028417164165415173,-0.028017194181613192,23427.7072265625,23524.48427734375,0,23022.771484375
23022.771484375,23150.109861698984,22768.09472972703,23073.706084167596,23996303.0,2022-04-13,0.0,41.665275316003026,-135.8719178817155,-94.40065314888217,-41.47126473283332,22870.587721277403,23499.0166015625,24127.445481847597,5.34855471563275,0.12108272540606053,0.002214849546603523,0.002217304137709375,23412.4265625,23499.0166015625,0,22869.96484375
22869.96484375,23201.045389167357,22869.96484375,23073.707006751847,22724438.0,2022-04-14,0.0,39.8131326008494,-170.4912431890516,-109.61877115691607,-60.87247203213553,22784.271701953472,23472.27548828125,24160.27927460903,5.862267479531514,0.06227664985240497,-0.006659319864296923,-0.006637195731569734,23402.239453125,23472.27548828125,-1,22513.419921875
22513.419921875,22920.902388979357,22487.952619776475,22869.96590693965,34691256.0,2022-04-15,0.0,35.81280763613813,-224.11405600745638,-132.51782812702413,-91.59622788043225,22611.86405671385,23413.7,24215.53594328615,6.849288606979254,-0.06138670613554568,-0.01571289842988294,-0.015590094882565464,23325.8365234375,23413.7,-1,21723.921875
21723.921875,22691.69248116532,21723.921875,22437.01570935719,43765893.0,2022-04-18,0.0,28.89056979121564,-326.5521261314825,-171.32468772791583,-155.22743840356668,22232.792016452484,23306.73583984375,24380.679663235016,9.215737722957483,-0.236916554836914,-0.03569752846923448,-0.03506788615921874,23162.8435546875,23306.73583984375,1,22055.0
22055.0,22360.613245231256,21851.25971435507,21902.19431630566,35967840.0,2022-04-19,0.0,34.59948298457448,-376.67769103057435,-212.39528838844754,-164.2824026421268,22041.79647180547,23215.05224609375,24388.30802038203,10.107715992633137,0.005626875436661597,0.015125289643762876,0.015240255737662523,23020.224609375,23215.05224609375,0,22004.06640625
22004.06640625,22411.5488740528,21953.129924122986,22156.872096945717,24985783.0,2022-04-20,0.0,34.14531565617132,-415.7203127061548,-253.060293251989,-162.6600194541658,21871.074245315758,23123.36875,24375.663254684245,10.8314192298148,0.05309939492538731,-0.0023120606310484356,-0.0023093898775787824,22813.93671875,23123.36875,0,22080.466796875
22080.466796875,22462.481936310676,21443.77677565807,21902.19381627536,33622119.0,2022-04-21,0.0,35.512717922825885,-435.47708983566554,-289.5436525687243,-145.9334372669412,21735.37855261856,23045.6923828125,24356.00621300644,11.37144251019486,0.13168152403816238,0.0034660894223857556,0.003472103256482617,22650.9435546875,23045.6923828125,1,22309.677734375
22309.677734375,22437.01612262451,21571.11470695931,22411.54882054314,23968744.0,2022-04-22,0.0,39.56694976023186,-427.70871120681113,-317.1766642963417,-110.53204691046943,21660.520915676643,22979.4765625,24298.432209323357,11.479422894912659,0.2460874329860222,0.01032720109608566,0.010380710680103933,22518.5119140625,22979.4765625,-1,20756.1484375
20756.1484375,22309.676298595394,20756.1484375,22309.676298595394,54844406.0,2022-04-25,0.0,27.121374100398796,-540.6764643257229,-361.876624302218,-178.79984002350494,21213.012045870615,22848.31806640625,24483.624086941883,14.314454269962349,-0.13968749660108642,-0.07217805041786425,-0.06963477085468184,22230.72734375,22848.31806640625,1,20985.357421875
20985.357421875,21087.22849917979,20170.392559121647,20450.536613327957,43943516.0,2022-04-26,0.0,30.590333736207285,-604.7379306730145,-410.4488855763773,-194.2890450966372,20915.498144405727,22729.893359375,24544.288574344275,15.964837021295766,0.019251394870564736,0.010982415869227397,0.011042943977066955,22032.0794921875,22729.893359375,1,21647.515625
21647.515625,21851.257770361615,20934.42187191915,20985.356469338352,35449883.0,2022-04-27,0.0,39.543145057590635,-595.2152008590892,-447.4021486329197,-147.81305222616953,20790.086422961384,22653.490234375,24516.894045788616,16.451361729558464,0.2300706902032558,0.03106576723622419,0.03155334406812482,21894.55390625,22653.490234375,1,21953.12890625
21953.12890625,22131.40376866471,21647.517539028457,21647.517539028457,25693633.0,2022-04-28,0.0,43.18559097964431,-556.5918863939442,-469.2400961851246,-87.35179020881952,20720.19498751225,22602.5548828125,24484.91477811275,16.656169225644845,0.3274968622674277,0.014018980212187915,0.014117706925087292,21802.8703125,22602.5548828125,0,22055.0
22055.0,22105.936479793163,21825.790535537202,21851.25971435507,23307707.0,2022-04-29,0.0,44.388344981470524,-511.8620583355696,-477.7644886152136,-34.09756972035598,20672.000250067053,22541.432421875,24410.86459368295,16.586631557573824,0.3698983495601858,0.004629657212801597,0.004640390633382507,21757.0283203125,22541.432421875,0,22055.0
22055.0,22055.0,22055.0,22055.0,0.0,2022-05-02,0.0,44.388344981470524,-470.98413540282127,-476.4084179727352,5.424282569913942,20635.870386488707,22476.48984375,24317.109301011296,16.378175329481998,0.3855032630218016,0.0,0.0,21790.1361328125,22476.48984375,0,22055.0
22055.0,22055.0,22055.0,22055.0,0.0,2022-05-03,0.0,44.388344981470524,-433.58993213183203,-467.8447208045546,34.254788672722555,20618.742486355823,22405.18037109375,24191.618255831676,15.946650329516793,0.4019892115798022,0.0,0.0,21790.1361328125,22405.18037109375,-1,21392.83984375
21392.83984375,22054.999029173312,21392.83984375,22054.999029173312,28127693.0,2022-05-04,0.0,37.87841598202133,-452.1731764251381,-464.7104119286713,12.537235503533225,20613.017340959985,22271.47509765625,23929.932854352515,14.893111025868185,0.23510472293954068,-0.030483054256383535,-0.0300231310927227,21729.0134765625,22271.47509765625,0,21418.30859375
21418.30859375,21698.452666799287,21138.164520700713,21698.452666799287,26081535.0,2022-05-05,0.0,38.25351747338908,-459.5480324791497,-463.67793603876703,4.129903559617333,20603.639742912095,22156.87060546875,23710.101468025405,14.02030900675375,0.26224976289002544,0.0011898187240545687,0.0011905268391676493,21662.79765625,22156.87060546875,0,21290.96875
21290.96875,21902.193335241373,21087.228473481202,21087.228473481202,28334008.0,2022-05-06,0.0,37.0489703949676,-470.24720316273306,-464.9917894635603,-5.255413699172777,20606.805284816222,22039.7193359375,23472.63338705878,13.003015413039309,0.23873150823261463,-0.005963117571024671,-0.005945373473008941,21560.9267578125,22039.7193359375,-1,20348.666015625
20348.666015625,21341.90575653223,20348.666015625,21138.163597120605,49612923.0,2022-05-09,0.0,29.616995627443018,-548.4402507064151,-481.6814817121313,-66.7587689942838,20458.920257438192,21875.4529296875,23291.98560193681,12.950887707809796,-0.03891694274799892,-0.045267622771315026,-0.04425833063021145,21520.178515625,21875.4529296875,1,20934.423828125
20934.423828125,20934.423828125,19711.974597409004,20119.457048366807,36694944.0,2022-05-10,0.0,37.94967151941432,-556.7254596001112,-496.6902772897273,-60.0351823103839,20396.544273308686,21773.58232421875,23150.620375128816,12.648704566895141,0.19530308347719125,0.02837951946721805,0.028786054675535855,21515.08515625,21773.58232421875,-1,20705.212890625
20705.212890625,21036.291536934477,20654.276414224925,20883.485863419144,18045078.0,2022-05-11,0.0,36.14631082928264,-575.1569036381879,-512.3836025594195,-62.77330107876844,20334.27214888561,21657.70439453125,22981.13664017689,12.221352933229774,0.14014345764955438,-0.011009378117122258,-0.010948996704273295,21420.8548828125,21657.70439453125,-1,19482.765625
19482.765625,20705.214886654416,19482.765625,20679.747584920497,47666807.0,2022-05-12,0.0,28.39611069701087,-680.5601598587527,-546.0189140192862,-134.54124583946657,19966.11451500551,21488.34443359375,23010.57435218199,14.167959037444186,-0.15876343123441583,-0.06085523835915367,-0.059040555249664006,21173.8185546875,21488.34443359375,-1,18285.78515625
18285.78515625,19635.572775873967,18209.38325266384,19431.830610625693,81162458.0,2022-05-13,0.0,23.159800495770853,-850.8710087083891,-606.9893329571069,-243.88167575128227,19260.264767530884,21276.9626953125,23293.660623094118,18.956633582159856,-0.24160277001742606,-0.06340627008396148,-0.06143791347641381,20796.8970703125,21276.9626953125,1,18489.52734375
18489.52734375,19100.751962387818,18489.52734375,18871.542495668313,55475997.0,2022-05-16,0.0,25.672242917182786,-958.3559606993185,-677.2626585055492,-281.0933021937693,18759.26321018009,21115.24296875,23471.222727319913,22.315440670578123,-0.05724494564287317,0.011080491678865797,0.011142107695078174,20440.3498046875,21115.24296875,1,19457.296875
19457.296875,19457.296875,18336.72065937443,18438.58985872767,44198342.0,2022-05-17,0.0,36.32269351304847,-954.4453939748382,-732.699205599407,-221.7461883754312,18562.059414210544,20985.3578125,23408.656210789453,23.09513537906901,0.1847146561524123,0.05101767810958709,0.05234149652706699,20180.5794921875,20985.3578125,0,19457.296875
19457.296875,19711.97362906808,19279.02389828934,19559.16795219573,30339772.0,2022-05-18,0.0,36.32269351304847,-940.5046890599333,-774.2603022915123,-166.244386768421,18392.822295389942,20858.0193359375,23323.21637648506,23.637882397588218,0.2159005065521297,0.0,0.0,19987.0251953125,20858.0193359375,0,19304.4921875
19304.4921875,19406.363269916714,18769.671352115485,18998.880818092446,30277104.0,2022-05-19,0.0,35.39398273018219,-931.0540299207933,-805.6190478173686,-125.43498210342466,18231.336271297245,20719.22060546875,23207.104939640252,24.015230896425106,0.21567640855782175,-0.00788433572124807,-0.007853335870941724,19775.6435546875,20719.22060546875,0,19177.154296875
19177.154296875,19253.55808011209,18973.41400464716,19202.62159867315,26293135.0,2022-05-20,0.0,34.60004799906818,-923.1973733810592,-829.1347129301068,-94.06266045095231,18102.03268117718,20562.59443359375,23023.156186010317,23.93240561508787,0.2184707647840823,-0.006618134463478479,-0.0065962828438167476,19564.262109375,20562.59443359375,-1,18718.736328125
18718.736328125,19457.29743386175,18489.526867311768,19329.959053170234,19213691.0,2022-05-23,0.0,31.831798631463073,-943.0900602273505,-851.9257823895556,-91.16427783779488,17868.710718654584,20460.723828125,23052.736937595415,25.33647520238237,0.1639701601748628,-0.02419472526145868,-0.02390437922401767,19401.269140625,20460.723828125,-1,17776.4296875
17776.4296875,18846.073121948655,17419.883753859503,18718.734751979224,79659173.0,2022-05-24,0.0,27.042324512482892,-1023.0977940715711,-886.1601847259587,-136.93760934561237,17459.656287173802,20300.27744140625,23140.8985956387,27.986032825723512,0.05575776971424256,-0.05165155998724595,-0.050340291358726974,19085.4697265625,20300.27744140625,-1,17547.224609375
17547.224609375,17801.901385388563,16834.128885399965,17572.691911407826,74405416.0,2022-05-25,0.0,26.016910967647092,-1092.4068476851753,-927.4095173178022,-164.99733036737314,17077.70059716334,20095.262890625,23112.825184086658,30.03257344664484,0.07779856164510777,-0.012977609454067698,-0.012893763379615675,18769.6708984375,20095.262890625,1,17827.3671875
17827.3671875,18132.97854186633,17598.157732804008,17827.3671875,30627820.0,2022-05-26,0.0,29.5339294694938,-1111.912175792011,-964.3100490126441,-147.60212677936704,16842.23090941277,19888.9748046875,22935.718699962228,30.63751576131176,0.16167034577719216,0.01583896353562329,0.01596506481004001,18604.1310546875,19888.9748046875,1,18056.578125
18056.578125,18285.785720676,17725.49756571277,17827.36865148135,33206470.0,2022-05-27,0.0,32.3669020619043,-1096.2381309948942,-990.6956654090942,-105.54246558579996,16716.92977441995,19689.0537109375,22661.17764745505,30.19062246619298,0.22536885728758024,0.0127752984194857,0.012857251162735617,18581.2103515625,19689.0537109375,0,18056.578125
18056.578125,18260.31841869452,17980.1743412129,18082.045426981484,28416874.0,2022-05-30,0.0,32.3669020619043,-1071.4651542336796,-1006.8495631740113,-64.6155910596683,16652.26521520574,19489.1326171875,22326.00001916926,29.112300251678935,0.2475111999970889,0.0,0.0,18537.9154296875,19489.1326171875,-1,17674.560546875
17674.560546875,18005.63918308432,17572.68947502506,18005.63918308432,35562761.0,2022-05-31,0.0,30.033021025917648,-1070.3200344651086,-1019.5436574322309,-50.77637703287769,16595.60279998434,19270.11064453125,21944.618489078162,27.75809536211378,0.2017114567621407,-0.021383708949099803,-0.021156698433136834,18359.641796875,19270.11064453125,-1,17496.287109375
17496.287109375,17725.496570018262,17216.143047629917,17572.690888870267,40856346.0,2022-06-01,0.0,28.98274121892048,-1071.4467244246007,-1029.924270830705,-41.52245359389576,16485.504414546926,19075.2830078125,21665.061601078076,27.153239007829157,0.19514847667991772,-0.010137655255496827,-0.010086442433869691,18163.5408203125,19075.2830078125,0,17496.287109375
17496.287109375,17496.287109375,17496.287109375,17496.287109375,0.0,2022-06-02,0.0,28.98274121892048,-1060.1192396415863,-1035.9632645928812,-24.15597504870516,16447.272393859985,18879.18193359375,21311.091473327517,25.76286989857764,0.21567716610665058,0.0,0.0,17982.7203125,18879.18193359375,-1,17012.40234375
17012.40234375,17318.013698471812,16935.998566148297,16961.465866068032,27766407.0,2022-06-03,0.0,26.108563309553873,-1077.763792814254,-1044.3233702371558,-33.44042257709816,16378.20919056538,18665.25361328125,20952.29803599712,24.505902465622267,0.13864906752259643,-0.028046065544083773,-0.027656425766225623,17766.2451171875,18665.25361328125,0,16961.466796875
16961.466796875,17445.353033274532,16859.59571376311,17394.41655279729,33541519.0,2022-06-06,0.0,25.818317582977755,-1083.3688989787152,-1052.1324759854679,-31.236422993247288,16232.195040196406,18495.89365234375,20759.592264491097,24.47785064833021,0.1610796933755255,-0.002998515407710599,-0.002994024350341795,17590.5181640625,18495.89365234375,0,16910.53125
16910.53125,17088.80422710956,16630.387195466767,16961.465849790588,36574892.0,2022-06-07,0.0,25.512876834243954,-1079.4775141120808,-1057.6014836107904,-21.876030501290415,16237.724590411408,18294.6990234375,20351.67345646359,22.48710875637674,0.16354278613925236,-0.003007533550177285,-0.0030030154517287633,17503.9283203125,18294.6990234375,0,16757.7265625
16757.7265625,17037.87063357859,16681.322780459202,16961.466851537793,46891381.0,2022-06-08,0.0,24.573652915574172,-1076.3165179731295,-1061.3444904832584,-14.972027489871152,16269.440801796654,18097.32470703125,19925.208612265844,20.20059798699879,0.13356585702872578,-0.009077139514487046,-0.009036066652252539,17424.978515625,18097.32470703125,1,17216.142578125
17216.142578125,17598.157709498246,16681.321769770955,16757.7255471826,50927259.0,2022-06-09,0.0,32.59107752832152,-1025.0054397748245,-1054.0766803415718,29.071240566747292,16238.583672642611,17983.9935546875,19729.403436732384,19.4107040434292,0.2800370605032615,0.02698802644280271,0.0273555015899849,17363.8560546875,17983.9935546875,0,17114.271484375
17114.271484375,17445.352015716628,17114.271484375,17216.142561544923,28658109.0,2022-06-10,0.0,31.782583390712546,-981.2499479268699,-1039.5113338586316,58.26138593176165,16144.384435888802,17925.41787109375,19706.451306298695,19.871597393297186,0.27228210018825155,-0.005934760505233489,-0.005917184600889525,17269.625390625,17925.41787109375,-1,16197.435546875
16197.435546875,17063.33688612748,16146.500947207054,16808.660132102777,40085073.0,2022-06-13,0.0,25.62206078602992,-1008.924153625172,-1033.3938978119397,24.469744186767684,15892.897765978449,17810.81328125,19728.72879652155,21.536529354227756,0.07939290820467472,-0.05505977502977101,-0.0535714265335252,17083.7111328125,17810.81328125,-1,15433.40625
15433.40625,16070.097197224575,15382.470711324086,16044.629897347242,53680323.0,2022-06-14,0.0,21.825460744402193,-1080.0567184828142,-1042.7264619461146,-37.33025653669961,15578.079493422807,17609.61875,19641.158006577196,23.073063482163057,-0.03560680477977997,-0.04831853309707289,-0.04716976923068572,16859.595703125,17609.61875,-1,14974.9892578125
14974.9892578125,15739.018632166872,14694.844246258634,15331.536173988365,54178650.0,2022-06-15,0.0,19.91837558367402,-1160.0478986627895,-1066.1907492894497,-93.85714937333978,15227.201168649492,17385.503369140624,19543.805569631757,24.828757093362423,-0.05842831249015997,-0.03015297037509457,-0.029702904515164996,16607.46591796875,17385.503369140624,1,15789.9541015625
15789.9541015625,15968.228967212632,15229.665958873757,15357.004343834162,63019224.0,2022-06-16,0.0,31.395251659971507,-1144.4876916253015,-1081.8501377566201,-62.63755386868138,15138.80235748225,17209.77646484375,19280.750572205252,24.067414374522546,0.15720905002280366,0.05299249479932432,0.0544217314429678,16436.8326171875,17209.77646484375,0,15691.1044921875
15691.1044921875,15894.006461557305,14845.678341106697,15860.189146985682,43904414.0,2022-06-17,0.0,30.818324990643447,-1127.1394903737055,-1090.9080082800372,-36.23148209366832,15077.999920577187,17035.473974609376,18992.948028641567,22.98115164802246,0.1566060531804705,-0.006279962533602386,-0.0062602847822855745,16304.70283203125,17035.473974609376,-1,14608.958984375
14608.958984375,15555.836115422817,14608.958984375,15386.750502437153,54120250.0,2022-06-20,0.0,25.33054629102034,-1187.0276981032366,-1110.1319462446772,-76.89575185855938,14757.067684571062,16829.985107421875,18902.902530272688,24.633621594075855,-0.035724698572983535,-0.0714589893378362,-0.0689655408484019,16069.45205078125,16829.985107421875,-1,14067.88671875
14067.88671875,14541.324324223406,13864.98379179859,14439.873340262679,57985765.0,2022-06-21,0.0,23.114278678731665,-1263.5837373360228,-1140.8223044629465,-122.76143287307627,14284.519950044523,16644.557958984376,19004.59596792423,28.358073729028714,-0.0458961318576044,-0.03774030741459389,-0.037037017230570846,15785.18759765625,16644.557958984376,1,14541.32421875
14541.32421875,14879.49544153949,14101.702971765595,14101.702971765595,31134510.0,2022-06-22,0.0,28.970387690568757,-1271.3966314661448,-1166.9371698635862,-104.45946160255858,13997.382131906135,16494.262939453125,18991.143747000115,30.275748806873025,0.10892431973519986,0.03309987997711024,0.03365377540103398,15563.54736328125,16494.262939453125,1,14744.2275390625
14744.2275390625,14778.043895023051,14541.324608149318,14541.324608149318,10056842.0,2022-06-23,0.0,31.382564430410724,-1246.8429744609311,-1182.9183307830554,-63.92464367787579,13809.300599231208,16340.10595703125,18870.91131483129,30.97660889660289,0.1847093726409679,0.013857110752993397,0.013953565525405942,15316.355859375,16340.10595703125,0,14744.2275390625
14744.2275390625,15217.666112809964,14676.592909081448,14778.043895023051,18627417.0,2022-06-24,0.0,31.382564430410724,-1213.3967420555782,-1189.01401303756,-24.382729018018154,13683.426394367101,16174.488427734375,18665.550461101648,30.802359462520645,0.21292146291143726,0.0,0.0,15079.35146484375,16174.488427734375,1,15488.201171875
15488.201171875,15488.201171875,14439.873077951239,14879.495279168254,30113899.0,2022-06-27,0.0,40.041390055143,-1114.016221832091,-1174.0144547964665,59.99823296437535,13703.12930780966,16046.069580078125,18389.00985234659,29.20266873549301,0.3809469420099664,0.04922686643317501,0.05045863751366153,15008.42802734375,16046.069580078125,-1,15217.666015625
15217.666015625,15454.385300986965,15048.58040078218,15454.385300986965,25901211.0,2022-06-28,0.0,38.15584697974433,-1045.039801393952,-1148.2195241159636,103.17972272201155,13684.477251700439,15923.224853515625,18161.97245533081,28.119273858283833,0.3424210846013738,-0.01762152848970048,-0.017467177320841132,14986.85400390625,15923.224853515625,1,15386.75
15386.75,15657.286588331008,14947.128763234557,15082.397057400061,29316315.0,2022-06-29,0.0,40.055779075096446,-965.6009797741099,-1111.695815247593,146.09483547348304,13695.300082432179,15817.747998046874,17940.19591366157,26.83628435447029,0.3984667668695064,0.011049758614885828,0.011111032677507238,15028.030078125,15817.747998046874,-1,15082.3974609375
15082.3974609375,15826.3716602083,15082.3974609375,15488.201395261582,28968271.0,2022-06-30,0.0,37.804437687645866,-916.6374220225352,-1072.6841366025815,156.04671458004623,13706.040380968041,15697.053515625,17688.06665028196,25.367985560794388,0.34564239080386533,-0.019978416697439223,-0.019780170540400044,14957.2744140625,15697.053515625,0,15150.03125
15150.03125,15285.299548853296,14575.141699145957,15082.39758008833,22070400.0,2022-07-01,0.0,38.629913552739225,-862.4343617275954,-1030.6341816275842,168.19981989998882,13699.629440271441,15603.9349609375,17508.24048160356,24.40801663725528,0.38082172056647173,0.004474261895351573,0.004484286350208366,14903.16708984375,15603.9349609375,-1,14879.4951171875
14879.4951171875,15319.116354588783,14879.4951171875,15319.116354588783,18067526.0,2022-07-04,0.0,36.54076710804657,-831.7204947496211,-990.8514442519917,159.13094950237053,13682.348648821739,15499.836376953124,17317.32410508451,23.45170212033758,0.32934100457354504,-0.018018496126760104,-0.017857133648651713,14930.220703125,15499.836376953124,0,14811.8603515625
14811.8603515625,15116.213291747923,14710.409371500691,14947.128644654884,21915616.0,2022-07-05,0.0,36.01635310660187,-803.5739934378234,-953.3959540891581,149.82196065133462,13680.964749950112,15394.90283203125,17108.84091411239,22.266305942705277,0.3299114517133564,-0.004555863586702332,-0.004545501382427597,15004.61806640625,15394.90283203125,-1,14507.5078125
14507.5078125,15048.580040799901,14406.05682963314,14676.592464268118,26475187.0,2022-07-06,0.0,33.674350020144345,-796.643187908634,-922.0454008530533,125.40221294441926,13651.72977599391,15282.39189453125,16913.05401306859,21.340404431336,0.26240201044030487,-0.020761939349016233,-0.020547894176601078,15001.23642578125,15282.39189453125,1,14710.41015625
14710.41015625,14710.41015625,14473.690870467655,14507.508185302268,15722256.0,2022-07-07,0.0,36.63268826852971,-765.9485728170039,-890.8260352458434,124.87746242883952,13787.943667345635,15157.1052734375,16526.26687952937,18.066267686235484,0.33687275658329785,0.013889121445395815,0.013986023400599068,14997.8546875,15157.1052734375,1,15183.8486328125
15183.8486328125,15251.482303028584,14879.495678295178,14879.495678295178,28321114.0,2022-07-08,0.0,43.01909833954295,-695.4041546255048,-851.7416591217757,156.33750449627087,14046.135288765186,15060.584130859375,16075.032972953564,13.47157365583938,0.5607544199560927,0.03167685591430731,0.03218390728292175,15041.816796875,15060.584130859375,-1,14913.3115234375
14913.3115234375,15319.116407934063,14845.677855536373,15150.030799636346,18115732.0,2022-07-11,0.0,40.50682058551772,-653.7907855125031,-812.1514843999212,158.36069888741804,14133.693623674399,14996.3779296875,15859.062235700601,11.505235598327953,0.45185584942776363,-0.017978068006666004,-0.017817426656267177,14984.32783203125,14996.3779296875,0,14913.3115234375
14913.3115234375,14913.3115234375,14913.3115234375,14913.3115234375,0.0,2022-07-12,0.0,40.50682058551772,-613.7371113013196,-772.468609780201,158.73149847888135,14132.14870953301,14970.373193359375,15808.59767718574,11.198444728127264,0.46596277547191317,0.0,0.0,14953.8923828125,14970.373193359375,1,15082.3974609375
15082.3974609375,15420.567725884219,14980.94647735648,15014.762832530183,25926476.0,2022-07-13,0.0,42.92293765196319,-561.8735355084973,-730.3495949258602,168.47605941736288,14136.019631639796,14975.743603515624,15815.467575391453,11.21445444189762,0.5635053070972986,0.011274127814089837,0.011337920302560978,14923.45712890625,14975.743603515624,0,15014.7626953125
15014.7626953125,15150.03099186098,14947.129026553232,15014.7626953125,18179475.0,2022-07-14,0.0,42.184939277314555,-520.2319285353897,-688.3260616477662,168.09413311237654,14188.943037133002,14936.984033203125,15685.025029273249,10.015957631169961,0.5519882349483446,-0.004494435961760696,-0.004484351098700934,14916.69365234375,14936.984033203125,1,15691.1044921875
15691.1044921875,15894.006461557305,15116.21398058978,15116.21398058978,69256334.0,2022-07-15,0.0,51.21750091554356,-427.72497712728364,-636.2058447436697,208.48086761638604,14188.943037133002,14936.984033203125,15685.025029273249,10.015957631169961,1.0040635893929544,0.044060062123166405,0.045045120632252855,14970.8009765625,14936.984033203125,-1,15285.298828125
15285.298828125,15758.737372273112,15217.665161402376,15691.103705550488,28936908.0,2022-07-18,0.0,46.52118525969811,-382.74562398771377,-585.5138005924786,202.7681766047648,14224.048574257524,14970.801025390625,15717.553476523726,9.976118844497389,0.7105770140139245,-0.0262024533568089,-0.025862147834433746,15011.38134765625,14970.801025390625,-1,14980.9462890625
14980.9462890625,15285.29923598018,14947.128975283887,15217.665567452897,23634058.0,2022-07-19,0.0,43.31340417629699,-367.4224515786482,-541.8955307897126,174.47307921106437,14402.244867084137,15016.45400390625,15630.663140728364,8.180481712424765,0.47109476828408525,-0.020112359310458034,-0.019911454953205787,15028.28994140625,15016.45400390625,0,15116.2138671875
15116.2138671875,15386.750463670975,15082.397511899533,15116.2138671875,24528781.0,2022-07-20,0.0,45.12446964487484,-340.43939059201693,-501.6043027501735,161.16491215815654,14472.186147887409,15045.198486328125,15618.210824768841,7.617212082132702,0.5619667117924741,0.008988787527066779,0.009029307996635483,15089.160546875,15045.198486328125,1,15352.9326171875
15352.9326171875,15555.835537032033,15082.396989111325,15116.213343227146,33459016.0,2022-07-21,0.0,48.2409452860593,-296.53561756155614,-460.59056571245003,164.0549481508939,14505.274554122352,15075.633740234374,15645.992926346396,7.566636281297121,0.743091444571441,0.015538571979749383,0.01565992331676669,15153.41279296875,15075.633740234374,-1,15014.7626953125
15014.7626953125,15420.567584957944,15014.7626953125,15352.93295716873,24164474.0,2022-07-22,0.0,44.36471390601557,-285.73526929624677,-425.6195064292094,139.88423713296265,14539.435905562963,15089.160498046875,15638.885090530786,7.286350921312919,0.43233174961464726,-0.022272608962715563,-0.02202640565857894,15136.50419921875,15089.160498046875,-1,14811.8603515625
14811.8603515625,15082.396937747268,14744.226684531268,15014.762311686116,30088489.0,2022-07-25,0.0,42.175007819968386,-290.20315754369767,-398.5362366521071,108.33307910840944,14526.148154784016,15055.34345703125,15584.538759278483,7.029999730761174,0.2699496722336766,-0.013605661856350095,-0.013513523181644782,15126.35908203125,15055.34345703125,-1,14642.7763671875
14642.7763671875,14879.49565105538,14608.959052626386,14744.227351840882,38301146.0,2022-07-26,0.0,40.386130817713635,-303.8846623880672,-379.60592179929915,75.72125941123193,14472.653412430824,15026.598974609375,15580.544536787926,7.372866782624059,0.15355566175818672,-0.01148110182531986,-0.011415445485020603,15099.30556640625,15026.598974609375,-1,14372.2392578125
14372.2392578125,14541.323906547037,14236.970963406911,14507.507552218087,41528652.0,2022-07-27,0.0,37.63550147386316,-332.7220249098609,-370.22914242141155,37.50711751155063,14376.824931705749,14975.8734375,15574.921943294252,8.00018120204218,-0.003827464595015521,-0.018648616512035684,-0.018475806950192686,15028.28974609375,14975.8734375,0,14473.6904296875
14473.6904296875,14676.592394456076,14372.23944730321,14541.324098267045,34137246.0,2022-07-28,0.0,39.3049311840126,-343.4307251416394,-364.8694589654571,21.4387338238177,14308.522000136942,14945.4380859375,15582.354171738058,8.523217347504142,0.12966263000168496,0.007034031578835075,0.007058828485606572,14974.18251953125,14945.4380859375,0,14541.32421875
14541.32421875,14845.67812745455,14541.32421875,14608.958846919879,29893195.0,2022-07-29,0.0,40.44941089967449,-342.51170397190435,-360.3979079667466,17.88620399484222,14261.297760029847,14915.002734375,15568.707708720154,8.765737237694799,0.21418412717500598,0.004661993962716901,0.00467287796371374,14859.2044921875,14915.002734375,1,15420.5673828125
15420.5673828125,15454.384696263802,14608.95857319079,14676.592241063461,55384942.0,2022-08-01,0.0,52.8867555616008,-267.74935003653263,-341.8681963807038,74.11884634417117,14250.83084829609,14942.05634765625,15633.28184701641,9.25207994505499,0.846132366065191,0.05870762056172833,0.060465137207296404,14872.73134765625,14942.05634765625,0,15488.201171875
15488.201171875,15657.286781424613,15352.9328760413,15488.201171875,40263814.0,2022-08-02,0.0,53.688017261042695,-200.7282935518524,-313.6402158149335,112.91192226308112,14246.350601834203,14975.873388671875,15705.396175509546,9.742640951939414,0.8511389859554347,0.004376356624439998,0.00438594685808269,14923.4568359375,14975.873388671875,1,16063.0908203125
16063.0908203125,16130.724489179293,15285.299312709649,15352.93298157644,85444392.0,2022-08-03,0.0,59.926687960971584,-100.07127399702222,-270.9264274513513,170.85515345432907,14211.39365718792,15053.6525390625,15895.911420937078,11.19009329714518,1.0992446639466347,0.03644562523010069,0.03711790943685833,15018.14453125,15053.6525390625,0,15995.45703125
15995.45703125,16198.358995355638,15894.00604919718,16164.541681661387,43606318.0,2022-08-04,0.0,58.92106953406766,-25.463811376464946,-221.83390423637402,196.37009285990908,14193.810650996696,15117.9048828125,16041.999114628303,12.225162666109945,0.9748174581249957,-0.0042193981909474,-0.004210509037088528,15082.39697265625,15117.9048828125,-1,15758.73828125
15758.73828125,15995.457566978217,15657.28729579933,15826.371951873789,61734103.0,2022-08-05,0.0,55.41596123273038,14.39596772940422,-174.5879298432184,188.98389757262262,14179.172215219718,15146.649365234374,16114.12651524903,12.77480090395802,0.8163324921970267,-0.014909723447000166,-0.014799123872329956,15156.79453125,15146.649365234374,1,15961.6396484375
15961.6396484375,16164.54161166452,15758.737685210483,15826.371353276178,44090996.0,2022-08-08,0.0,57.73672515199769,61.646946830389425,-127.34095450849685,188.98790133888627,14172.998143624944,15199.065771484375,16225.133399343806,13.501719688383492,0.8716002026805958,0.01279329868072611,0.012875483021944412,15271.7724609375,15199.065771484375,1,16299.8115234375
16299.8115234375,16435.078865025967,15995.457607288517,16164.542263789088,70019215.0,2022-08-09,0.0,61.348001364456316,124.94108918209895,-76.8845457703777,201.82563495247666,14141.239093638495,15268.390771484375,16395.542449330256,14.764511790607,0.9575341421326236,0.020965223157267517,0.02118653737638443,15437.4759765625,15268.390771484375,-1,16096.9091796875
16096.9091796875,16502.713113126203,16096.9091796875,16232.1765181471,43740628.0,2022-08-10,0.0,58.138093207072195,156.92074492281427,-30.12348763173931,187.04423255455356,14137.224534255085,15319.116357421875,16501.008180588666,15.430287173113378,0.8290456905698811,-0.012526267622909624,-0.012448140486670423,15609.94296875,15319.116357421875,-1,15826.37109375
15826.37109375,16333.625993499409,15758.737426793386,16265.993285572713,49880120.0,2022-08-11,0.0,54.07536577591468,158.60637438935373,7.6224847724793,150.98388961687442,14166.129356436535,15359.69677734375,16553.264198250967,15.541549266360283,0.6954955824998708,-0.016949671871274496,-0.016806834338041088,15745.21103515625,15359.69677734375,1,16198.359375
16198.359375,16265.994003973672,15724.920808304136,15758.738122790972,49073679.0,2022-08-12,0.0,58.38187104552456,187.79382305243416,43.65675242847027,144.1370706239639,14141.33644792148,15385.059521484374,16628.78259504727,16.167933205927543,0.8269617935067188,0.023232358689332433,0.023504332044691045,15910.91455078125,15385.059521484374,0,16232.1767578125
16232.1767578125,16367.444098269301,16096.9094173557,16299.811387070866,45757456.0,2022-08-15,0.0,58.76047776791424,211.21906467319604,77.16921487741543,134.04984979578063,14133.792810386556,15432.40341796875,16731.014025550943,16.829661231770984,0.8079342395534568,0.002085527968529037,0.0020877041945799313,15992.07548828125,15432.40341796875,1,16604.162109375
16604.162109375,16705.61404548302,16232.175513098491,16232.175513098491,95091915.0,2022-08-16,0.0,62.77230685291751,256.8391644759504,113.10320479712243,143.73595967882795,14133.418252952039,15513.564208984375,16893.710165016713,17.792764286018205,0.8951023787099627,0.02265790148528845,0.022916541454211625,16103.67158203125,15513.564208984375,-1,16435.078125
16435.078125,16671.797400665964,16333.62618483179,16637.98008727656,39848542.0,2022-08-17,0.0,59.91896116085255,276.16628477610357,145.71582079291866,130.4504639831849,14154.014410831813,15579.507421875,17005.000432918187,18.299590255872523,0.8000964215527395,-0.010235432735963427,-0.010183228955560009,16140.8703125,15579.507421875,0,16333.6259765625
16333.6259765625,16468.895228395304,16265.993268705935,16299.810581664136,33708325.0,2022-08-18,0.0,58.20925375754761,280.0683724888877,172.5863311321125,107.4820413567752,14168.807815490305,15628.54208984375,17088.276364197194,18.68036398995984,0.7415110404361269,-0.006192034465164172,-0.006172903327011148,16174.68720703125,15628.54208984375,-1,16063.0908203125
16063.0908203125,16401.261082706347,15995.45715144571,16299.811058921134,45675854.0,2022-08-19,0.0,53.80073333174668,258.35274928678155,189.73961476304632,68.61313452373523,14238.842172455177,15680.95849609375,17123.074819732323,18.393216511577595,0.6324901181530905,-0.01670178164788417,-0.01656308015367791,16205.1224609375,15680.95849609375,-1,15792.5546875
15792.5546875,16063.090313460678,15657.286395004705,15995.456646727987,34555712.0,2022-08-22,0.0,49.743556736842926,216.8136635418341,195.1544245188039,21.65923902303021,14346.815586981074,15729.993212890626,17113.170838800175,17.58649997097323,0.5226151267333564,-0.016985537903853345,-0.016842096943783358,16188.21396484375,15729.993212890626,1,15995.45703125
15995.45703125,15995.45703125,15623.469457703037,15623.469457703037,24230104.0,2022-08-23,0.0,52.62888852318659,197.98392676397634,195.7203249678384,2.263601796137948,14509.254142384994,15797.62724609375,17086.000349802507,16.310969788546316,0.5767750368999358,0.012766139712905996,0.012847974742845159,16157.778515625,15797.62724609375,0,15894.005859375
15894.005859375,16063.090507767007,15894.005859375,15995.45684021619,17606080.0,2022-08-24,0.0,51.05069464566292,172.8820859278876,191.15267715984825,-18.27059123196065,14773.828577316686,15873.715576171875,16973.602575027064,13.857965308465467,0.5092238035472025,-0.006362698204391885,-0.006342499103138888,16137.48818359375,15873.715576171875,1,16130.724609375
16130.724609375,16265.993866176414,15961.63995643314,16063.090940004247,26512213.0,2022-08-25,0.0,54.48067948785391,170.12878229929447,186.9478981877375,-16.819115888443037,15072.198426957895,15956.56728515625,16840.936143354607,11.084700642613136,0.598464188672102,0.014783766042785664,0.014893586430910544,16167.92353515625,15956.56728515625,-1,15894.005859375
15894.005859375,16232.176115188942,15894.005859375,16232.176115188942,23914149.0,2022-08-26,0.0,50.65791402472464,147.14929903131997,178.98817835645403,-31.83887932513406,15439.38867898217,16024.2013671875,16609.01405539283,7.299118062792707,0.3886861464890214,-0.014783766042785668,-0.01467502271177712,16137.48818359375,16024.2013671875,-1,15555.8359375
15555.8359375,15724.920589521767,15319.116657445566,15589.652292486384,47143536.0,2022-08-29,0.0,45.72220748601911,100.49199730106739,163.2889421453767,-62.79694484430931,15473.035306659047,16030.964794921874,16588.8942831847,6.960647664070257,0.0742034903897638,-0.021506178506969096,-0.021276569599068873,16069.8541015625,16030.964794921874,0,15589.65234375
15589.65234375,15758.737955357721,15522.018674524883,15623.469657877535,22229684.0,2022-08-30,0.0,46.28580395788573,65.48952838361947,143.72905939302524,-78.23953100940577,15497.373323287931,16036.037353515625,16574.70138374332,6.718168813813606,0.08565545059975725,0.0021715132049291938,0.0021738726472730896,15968.403125,16036.037353515625,0,15555.8359375
15555.8359375,15657.286920519049,15386.750326448284,15555.8359375,21747184.0,2022-08-31,0.0,45.77394638946734,34.6220171561763,121.90765094565546,-87.28563378947916,15431.155555238189,16010.674609375,16590.193663511815,7.239158477400788,0.10757228892803299,-0.002171513204929259,-0.0021691571758210015,15880.47890625,16010.674609375,0,15555.8359375
15555.8359375,15555.8359375,15555.8359375,15555.8359375,0.0,2022-09-01,0.0,45.77394638946734,10.043516711242773,99.53482409877293,-89.49130738753016,15374.435869268624,15988.6935546875,16602.951240106373,7.683650741292607,0.14765795572234147,0.0,0.0,15802.69990234375,15988.6935546875,0,15555.8359375
15555.8359375,15555.8359375,15555.8359375,15555.8359375,0.0,2022-09-02,0.0,45.77394638946734,-9.327599212407222,77.7623394365369,-87.08993864894413,15342.001467243612,15978.5484375,16615.095407756387,7.967519361927494,0.16796440816477384,0.0,0.0,15751.9744140625,15978.5484375,1,16164.5419921875
16164.5419921875,16299.811249563078,15589.65244349108,15589.65244349108,38161609.0,2022-09-05,0.0,56.57120127714381,24.15964594171055,67.04180073757163,-42.882154795861084,15346.835816299596,15988.6935546875,16630.5512930754,8.02889537150114,0.6369839662147445,0.038384207810671346,0.039130398207666284,15789.17314453125,15988.6935546875,-1,15927.822265625
15927.822265625,16367.443503715089,15927.822265625,16232.17616817193,22263370.0,2022-09-06,0.0,52.216812293188,31.237143063834083,59.88086920282413,-28.643726138990047,15344.852485356165,15970.094091796875,16595.335698237584,7.830155575124238,0.4661956068370802,-0.014752669387442293,-0.014644381924146632,15782.40966796875,15970.094091796875,-1,15555.8359375
15555.8359375,16096.90912564153,15555.8359375,15927.822555559867,36337026.0,2022-09-07,0.0,46.19896358007107,6.752088786994136,49.255113119658134,-42.503024332664,15294.512817203764,15943.0404296875,16591.568042171235,8.13555752234202,0.20147416645485533,-0.023631538423228977,-0.02335450018975982,15748.59267578125,15943.0404296875,0,15623.4697265625
15623.4697265625,15860.18900843602,15488.201428487637,15691.104355114909,29570706.0,2022-09-08,0.0,47.386239546879416,-7.113017160383606,37.98148706364979,-45.09450422403339,15270.483729590978,15932.895361328125,16595.30699306527,8.315018917966826,0.26644006540603077,0.004338383662059059,0.004347808072432624,15697.8671875,15932.895361328125,1,16096.9091796875
16096.9091796875,16096.9091796875,15623.469658959095,15792.555270578523,37821841.0,2022-09-09,0.0,54.8905971869927,19.8723179410772,34.35965323913527,-14.48733529805807,15272.454198410178,15927.8228515625,16583.19150471482,8.229230815284097,0.6290009274258812,0.029853023817385558,0.030303092809151888,15718.15751953125,15927.8228515625,0,16096.9091796875
16096.9091796875,16435.07848486645,16096.9091796875,16164.541889887349,38000146.0,2022-09-12,0.0,54.8905971869927,40.78820934032774,35.645364459373766,5.142844880953973,15276.208227465493,15921.05947265625,16565.910717847008,8.100607202658368,0.6363490482050869,0.0,0.0,15772.26484375,15921.05947265625,0,16029.2744140625
16029.2744140625,16232.176379043054,15894.006117732151,16063.090768872631,21317247.0,2022-09-13,0.0,53.62340217486337,51.315114924185764,38.77931455233617,12.535800371849597,15329.659013046607,15892.315087890625,16454.971162734644,7.080857278908881,0.621707853425241,-0.004210575797280078,-0.004201723751435904,15816.22705078125,15892.315087890625,0,16029.2744140625
16029.2744140625,16096.909041742647,15724.92050756173,15724.92050756173,39246253.0,2022-09-14,0.0,53.62340217486337,58.97790288960823,42.819032219790586,16.158870669817645,15365.292098644688,15872.02490234375,16378.757706042812,6.385231963997677,0.655160185575964,0.0,0.0,15863.5708984375,15872.02490234375,0,15961.6396484375
15961.6396484375,16164.54161166452,15860.188666823991,16164.54161166452,19936540.0,2022-09-15,0.0,52.22512159610519,58.91403292218092,46.03803236026866,12.876000561912264,15392.823531934879,15853.4255859375,16314.027639940123,5.810757448045687,0.617470234402584,-0.004228379737077682,-0.004219452726173523,15904.15126953125,15853.4255859375,-1,15555.8359375
15555.8359375,15961.6398695762,15555.8359375,15826.371572540816,39945536.0,2022-09-16,0.0,44.69459012205702,25.820801358133394,41.9945861598416,-16.17378480170821,15360.264547372752,15828.062841796875,16295.861136220998,5.910998700217649,0.2090338853928529,-0.025752451945086945,-0.02542368577887455,15904.15126953125,15828.062841796875,-1,15319.1162109375
15319.1162109375,15724.920131185687,15183.847917844798,15623.46915112364,39899653.0,2022-09-19,0.0,40.98227095086655,-19.284823226757,29.738704282521883,-49.02352750927888,15284.061861201768,15804.39091796875,16324.719974735734,6.584613851526494,0.03368478973050161,-0.015334395596924094,-0.01521742242034363,15819.60869140625,15804.39091796875,1,15555.8359375
15555.8359375,15555.8359375,15285.299343429233,15420.567640464616,16713972.0,2022-09-20,0.0,45.82790552949454,-35.52059281133552,16.686844863750405,-52.20743767508593,15258.932414288462,15782.40986328125,16305.887312274037,6.633682099597353,0.28358769206085616,0.01533439559692402,0.015452570716415481,15782.41005859375,15782.40986328125,0,15488.201171875
15488.201171875,15522.01848559091,15352.9328760413,15488.201171875,14398467.0,2022-09-21,0.0,44.69867391871108,-53.23149794528035,2.7031763019442536,-55.934674247224606,15225.559973390533,15762.11962890625,16298.679284421967,6.808217018372542,0.2447455709580216,-0.004357350327792372,-0.004347870850318958,15775.64658203125,15762.11962890625,0,15555.8359375
15555.8359375,15623.469606502716,15319.116657445566,15352.933012431951,16834778.0,2022-09-22,0.0,46.12822278094581,-61.1055705451472,-10.058573067474038,-51.046997477673166,15218.815448054766,15733.3751953125,16247.934942570233,6.5409963325738065,0.32748431182319726,0.004357350327792309,0.004366857382238631,15768.883203125,15733.3751953125,-1,15352.9326171875
15352.9326171875,15691.103830585082,15352.9326171875,15589.651891147854,21189181.0,2022-09-23,0.0,42.572737511460026,-82.76437582017024,-24.599733618013282,-58.16464220215696,15170.85084670722,15706.321533203125,16241.79221969903,6.818537177707978,0.1700202971630568,-0.013129363899091466,-0.01304354977307054,15694.485546875,15706.321533203125,-1,15150.03125
15150.03125,15285.299548853296,14778.043667910923,15183.848564470814,37571371.0,2022-09-26,0.0,39.30976710584874,-114.97620553128036,-42.6750280006667,-72.30117753061366,15098.343383275716,15686.031298828126,16273.719214380535,7.493137102133851,0.043975607934441295,-0.01330391110560322,-0.013215805230614608,15599.79775390625,15686.031298828126,0,15150.03125
15150.03125,15217.665878941629,14947.129281235035,15183.848564470814,13083391.0,2022-09-27,0.0,39.309767105848756,-138.90312390287727,-61.92064718110882,-76.98247672176845,15030.11766048135,15664.050244140624,16297.982827799899,8.094108149281587,0.09457913397231299,0.0,0.0,15511.8734375,15664.050244140624,-1,14744.2275390625
14744.2275390625,15183.848797819437,14608.95923813037,15014.763181896782,20426445.0,2022-09-28,0.0,33.37616524440155,-188.43814943800135,-87.22414763248733,-101.21400180551402,14868.094276495958,15623.46982421875,16378.845371941541,9.669753981946377,-0.08199016886823754,-0.027150941756272688,-0.026785668243258565,15383.36875,15623.46982421875,0,14642.7763671875
14642.7763671875,15082.397620362144,14642.7763671875,14980.946635708762,15001047.0,2022-09-29,0.0,32.072758445625595,-233.19317005596895,-116.41795211718366,-116.77521793878529,14704.129624656314,15577.816845703124,16451.504066749934,11.21706885760185,-0.035111682986105563,-0.006904519782509536,-0.006880738350396487,15251.482421875,15577.816845703124,-1,14338.421875
14338.421875,14642.7757756958,14000.25162013905,14541.323836110583,33932514.0,2022-09-30,0.0,28.479538335638182,-289.8791637054492,-151.11019443483679,-138.7689692706124,14482.047078682475,15516.946142578125,16551.845206473776,13.338952837580742,-0.06939092356593202,-0.021004354563151882,-0.02078529949207708,15129.741015625,15516.946142578125,-1,13357.728515625
13357.728515625,14338.42197376814,13357.728515625,14338.42197376814,48747124.0,2022-10-03,0.0,20.507115989977805,-409.21974963503635,-202.7321054748767,-206.48764416015965,14004.99430506422,15376.60546875,16748.216632435782,17.84023354794812,-0.23595090451870218,-0.07084764618989882,-0.06839618529322988,14933.60224609375,15376.60546875,-1,12749.021484375
12749.021484375,13695.898574402625,12613.753191652495,13594.447594618225,44301100.0,2022-10-04,0.0,17.274697570368076,-546.6145616210633,-271.50859670411404,-275.1059649169493,13438.76124049252,15217.6654296875,16996.56961888248,23.379462472930847,-0.19386647136674995,-0.04664061003193258,-0.045569651347381,14652.92080078125,15217.6654296875,1,12985.7412109375
12985.7412109375,13087.192194269206,12749.021930153538,12985.7412109375,36759558.0,2022-10-05,0.0,22.397521092560964,-629.1472189028973,-343.03632114387074,-286.11089775902656,13059.474037542424,15089.160693359376,17118.84734917633,26.90257857364064,-0.018163598404120865,0.018397403239746757,0.018567678064753457,14402.6748046875,15089.160693359376,-1,12174.1318359375
12174.1318359375,13053.374291159414,12174.1318359375,13053.374291159414,54398889.0,2022-10-06,0.0,18.229397139093564,-751.3835561590022,-424.70576814689707,-326.6777880121051,12524.370852565873,14916.693798828124,17309.016745090375,32.07578004249434,-0.07320061390030641,-0.06453856625917831,-0.06250004230150574,14064.50439453125,14916.693798828124,-1,11903.595703125
11903.595703125,12038.86399958607,11531.608127614543,11937.413016997752,52961409.0,2022-10-07,0.0,17.087857020539758,-860.1712206591255,-511.7988586493428,-348.37236200978276,12031.92257785502,14707.028125,17382.13367214498,36.378601093414034,-0.02398538533684742,-0.022472844913486934,-0.022222211526729874,13719.570703125,14707.028125,1,12410.8515625
12410.8515625,12579.936213632265,11633.060057425706,11700.693726072623,36385958.0,2022-10-10,0.0,26.394929264135953,-895.136345423789,-588.466356004232,-306.66998941955694,11744.872705828971,14522.725244140625,17300.57778245228,38.255251567641054,0.11987296796463545,0.04173070151671053,0.04261366666223654,13445.652734375,14522.725244140625,-1,11835.9619140625
11835.9619140625,12444.66876243307,11734.510932505727,12444.66876243307,38403512.0,2022-10-11,0.0,23.214431483119924,-958.189832844977,-662.411051372381,-295.77878147259594,11385.045355938431,14313.059619140626,17241.07388234282,40.913883419958744,0.07700040327517535,-0.047428699191552404,-0.046321531245652636,13114.24580078125,14313.059619140626,1,12647.5712890625
12647.5712890625,12647.5712890625,11835.96244141694,12038.864413570835,42103208.0,2022-10-12,0.0,35.10339100707368,-931.9274032422618,-716.3143217463572,-215.61308149590457,11242.806527468234,14143.974462890625,17045.142398313015,41.02337632232228,0.24210331715763667,0.06632268705303994,0.06857147571890332,12904.58017578125,14143.974462890625,1,13188.6435546875
13188.6435546875,13256.278184862398,12546.120322205843,12715.20497958313,35135641.0,2022-10-13,0.0,41.59573750748687,-857.5687103897944,-744.5651994750447,-113.00351091474977,11206.679942937288,14005.324658203124,16803.96937346896,39.965438625182166,0.35409346547976356,0.04189091874311083,0.042780724714547747,12759.16689453125,14005.324658203124,0,13154.826171875
13154.826171875,13459.180088035177,13053.375186164933,13357.72910232511,32798647.0,2022-10-14,0.0,41.3175207126221,-792.2352954119087,-754.0992186624176,-38.13607674949117,11161.693778554512,13885.274169921875,16608.854561289238,39.22976756580222,0.36590298557698225,-0.0025674219637395594,-0.002564128954753664,12640.80732421875,13885.274169921875,-1,13019.55859375
13019.55859375,13087.192263317993,12782.839311717093,13019.55859375,24773007.0,2022-10-17,0.0,40.16041999177588,-742.810400502889,-751.841455030512,9.031054527622928,11108.119087374174,13770.2962890625,16432.473490750825,38.66550357094124,0.3589993004905178,-0.010335966524413914,-0.01028273398353241,12606.99033203125,13770.2962890625,-1,12749.021484375
12749.021484375,13323.911009173213,12647.5705045906,13188.642716450708,35410795.0,2022-10-18,0.0,37.87578726491477,-717.2034243220023,-744.9138488888101,27.710424566807774,11070.141410961136,13629.95556640625,16189.769721851364,37.56159208257858,0.32793007059567797,-0.02099821170023684,-0.02077928429193221,12606.99033203125,13629.95556640625,-1,12444.6689453125
12444.6689453125,12749.021894455407,12410.851631286638,12749.021894455407,29382091.0,2022-10-19,0.0,35.43365665284773,-713.246555224332,-738.5803901559145,25.333834931582487,11023.405687550818,13477.778955078125,15932.152222605433,36.42103458897513,0.2895369006348317,-0.024162188291278204,-0.023872619513231608,12552.88310546875,13477.778955078125,-1,12241.765625
12241.765625,12579.935877251995,12207.949271095742,12410.851230640956,37799916.0,2022-10-20,0.0,33.86594106957625,-718.2042980904098,-734.5051717428137,16.30087365240388,11005.37998236561,13312.075439453125,15618.77089654064,34.65568487166381,0.2679993231953294,-0.016438816954890717,-0.016304436960448587,12559.646484375,13312.075439453125,-1,11430.1572265625
11430.1572265625,12377.034349514532,11430.1572265625,12377.034349514532,65566366.0,2022-10-21,0.0,28.444741911401977,-778.6475951048269,-743.3336564152164,-35.313938689610495,10873.704770668552,13115.936669921875,15358.168569175199,34.190953428363564,0.12408450171439678,-0.06859828377270707,-0.06629831213073079,12512.30263671875,13115.936669921875,-1,11091.9873046875
11091.9873046875,11531.608565611337,10956.71900308863,11497.792209484105,40616941.0,2022-10-24,0.0,26.538484846692242,-844.1064957060935,-763.4882242733918,-80.6182714327017,10711.763896166707,12913.03447265625,15114.305049145794,34.09377681366532,0.08636453250721016,-0.030032250110748785,-0.02958576292276438,12380.4162109375,12913.03447265625,1,11565.42578125
11565.42578125,11835.962382119815,10855.267923239215,11091.98720924281,45170994.0,2022-10-25,0.0,33.27987660797301,-848.0053399761073,-780.391647413935,-67.61369256217233,10724.039222027272,12733.80419921875,14743.569176410228,31.565821898137596,0.20932461476130254,0.0417971281635949,0.04268292629242576,12353.36259765625,12733.80419921875,-1,11430.1572265625
11430.1572265625,11768.327490612519,11396.340871478464,11497.791854790474,16325852.0,2022-10-26,0.0,32.36598130314033,-852.1867654621437,-794.7506710235768,-57.4360944385669,10715.959514485134,12568.10068359375,14420.241852702366,29.47368446095247,0.19280326035328338,-0.011764878052846177,-0.011695942479419852,12231.62119140625,12568.10068359375,1,11768.3271484375
11768.3271484375,11903.595441930445,11430.156894220094,11463.974207350811,31024593.0,2022-10-27,0.0,37.022116785926194,-818.7747629957939,-799.5554894180202,-19.21927357777372,10820.648134863171,12424.37822265625,14028.10831044933,25.81586070631086,0.29546088234786627,0.02915654942908231,0.02958576292276427,12089.58955078125,12424.37822265625,-1,11362.5234375
11362.5234375,11937.412976223455,11362.5234375,11768.327366467172,45308353.0,2022-10-28,0.0,33.997482346235174,-815.6383076568218,-802.7720530657805,-12.866254591041297,10881.012072202244,12275.58330078125,13670.154529360258,22.721058452517735,0.1726377812155175,-0.035091260538221904,-0.03448270139153797,11910.35927734375,12275.58330078125,-1,10584.732421875
10584.732421875,10821.451711020223,10584.732421875,10584.732421875,96264986.0,2022-10-31,0.0,29.09166073471974,-865.9319543481488,-815.4040333222542,-50.52792102589456,10647.221380358651,12136.93349609375,13626.64561182885,24.548410291851074,-0.020973501465018224,-0.0709078969319285,-0.06845231342344593,11666.87666015625,12136.93349609375,-1,10145.109375
10145.109375,10821.450831159253,10009.842042798056,10652.365227361963,118413939.0,2022-11-01,0.0,26.74271639042921,-930.5372829385251,-838.4306832455084,-92.10659969301673,10302.557636864894,12006.737890625,13710.918144385105,28.387065150989077,-0.046194720751370176,-0.042420870883158684,-0.04153369488740688,11406.48544921875,12006.737890625,1,10381.8291015625
10381.8291015625,10618.548381873303,10145.109821251695,10145.109821251695,58256708.0,2022-11-02,0.0,30.01929944065418,-951.6659549808319,-861.0777375925732,-90.58821738825873,10091.342472655531,11876.54228515625,13661.74209765697,30.062618725854733,0.08135969622920057,0.02306532184458413,0.023333383388239648,11200.20146484375,11876.54228515625,0,10280.3779296875
10280.3779296875,10449.463537817954,10212.744261853279,10314.195243119577,29954324.0,2022-11-03,0.0,29.412137887039464,-965.4675327706045,-881.9556966281796,-83.51183614242495,9866.936799870691,11781.85458984375,13696.772379816808,32.50622005849173,0.10795271002799177,-0.009820053297704348,-0.009771994017868324,11004.0626953125,11781.85458984375,-1,9908.390625
9908.390625,10246.561850338594,9806.939641010405,10145.109907319042,63727699.0,2022-11-04,0.0,27.236851938923095,-994.9524566804484,-904.5550486386334,-90.39740804181508,9593.840099555051,11682.0943359375,13770.348572319948,35.751367457432266,0.07531423137200363,-0.036855086877623275,-0.03618420521421506,10851.88603515625,11682.0943359375,-1,9265.8671875
9265.8671875,10009.842331195154,9265.8671875,9840.75672252628,55558021.0,2022-11-07,0.0,23.942934712142772,-1057.970121918299,-935.2380632945665,-122.73205862373243,9206.663091659586,11524.8451171875,13843.027142715415,40.22929595940008,0.012769509725391747,-0.06704448248552256,-0.06484639754500998,10669.2740234375,11524.8451171875,-1,8893.8798828125
8893.8798828125,9265.867465834079,8792.4288981757,8860.062568256912,67189557.0,2022-11-08,0.0,22.26418338262799,-1124.9604979410506,-973.1825502238632,-151.77794771718732,8785.49591631355,11377.741015625,13969.986114936451,45.56695561538151,0.02090542412978982,-0.04097406699705999,-0.040145978477796995,10402.11943359375,11377.741015625,-1,8792.4287109375
8792.4287109375,9198.233599872894,8758.611397102064,8927.697007249299,47605417.0,2022-11-09,0.0,21.81494511282449,-1172.7187436019976,-1013.0897888994901,-159.62895470250749,8422.566783972392,11184.98388671875,13947.400989465108,49.39510205332529,0.06694534409691359,-0.011472409186202001,-0.011406852038900905,10138.34658203125,11184.98388671875,-1,8183.7216796875
8183.7216796875,8657.160227003214,8183.7216796875,8589.526559828078,115796274.0,2022-11-10,0.0,19.298797282554034,-1245.3296822269313,-1059.5377675649784,-185.7919146619529,8033.287527401618,10934.73779296875,13836.188058535881,53.068492733914866,0.02592395845470017,-0.07174395718040136,-0.06923081793006614,9779.88603515625,10934.73779296875,1,8318.990234375
8318.990234375,8555.709515468432,8116.08826744633,8318.990234375,88159777.0,2022-11-11,0.0,21.466550878237825,-1277.2361490693802,-1103.0774438658589,-174.15870520352132,7764.625398664083,10692.94599609375,13621.266593523414,54.77107241539261,0.09465576211114159,0.01639386119423985,0.016528977888293106,9475.53271484375,10692.94599609375,0,8251.3564453125
8251.3564453125,8420.441095622256,8014.63716765489,8217.539131638574,87512185.0,2022-11-14,0.0,21.160490444295093,-1293.073983482902,-1141.0767517892675,-151.99723169363438,7547.44879549263,10454.535888671875,13361.62298185112,55.61389092995033,0.12106752003946045,-0.008163276961832293,-0.008130047897283221,9242.1951171875,10454.535888671875,1,8454.2587890625
8454.2587890625,8488.076104255504,8116.088514222399,8116.088514222399,58685193.0,2022-11-15,0.0,24.63216485827752,-1274.5607154053705,-1167.7735445124881,-106.78717089288239,7412.964562368809,10239.79775390625,13066.630945443692,55.21267625542836,0.1841803453084824,0.02429270866488288,0.02459018042606398,9073.11005859375,10239.79775390625,1,9029.1484375
9029.1484375,9029.1484375,7980.82028788221,8318.990565917306,50678575.0,2022-11-16,0.0,33.559286832027865,-1199.6709668606618,-1174.1530289821228,-25.517937878538987,7394.458949870095,10069.021728515625,12743.584507161155,53.12458053538859,0.3055993863149766,0.06578774616214932,0.06800000600658818,8937.8419921875,10069.021728515625,1,9637.8544921875
9637.8544921875,9637.8544921875,9333.500596826163,9401.135222030864,31238618.0,2022-11-17,0.0,41.46512530934834,-1078.7674504832066,-1155.0759132823396,76.30846279913294,7463.508850082231,9938.826171875,12414.143493667769,49.81105975668332,0.4392054349885293,0.06524046152837013,0.06741566592918247,8873.5896484375,9938.826171875,1,10212.744140625
10212.744140625,10280.37780765639,9637.854614253456,9874.573887408205,144704577.0,2022-11-18,0.0,47.784506966065685,-925.888684209749,-1109.2384674678215,183.34978325807242,7499.055361943042,9877.955517578124,12256.855673213206,48.165840621609526,0.5703662619580391,0.05793784515859384,0.059649131339709394,8904.025,9877.955517578124,0,10111.29296875
10111.29296875,10314.194925025009,9976.02467822336,10280.377612635873,45890314.0,2022-11-21,0.0,46.82381545254495,-803.653406005933,-1048.1214551754438,244.46804916951078,7515.8675266882665,9828.92080078125,12141.974074874233,47.066271485454045,0.5610388379574778,-0.009983451019911983,-0.009933781800274488,8988.567578125,9828.92080078125,-1,10009.8427734375
10009.8427734375,10449.464032757463,9773.123486260602,9908.390828335992,62794208.0,2022-11-22,0.0,45.83151864134389,-706.8194753468924,-979.8610592097335,273.0415838628411,7583.930749617079,9751.141650390626,11918.352551164173,44.4504034189008,0.5596852671224881,-0.010084028684742521,-0.010033355341007577,9100.1638671875,9751.141650390626,-1,9333.5009765625
9333.5009765625,10043.658815925399,9333.5009765625,9942.207833020691,44000682.0,2022-11-23,0.0,39.77911437009288,-676.8507046342893,-919.2589882946447,242.40828366035544,7623.005300242874,9646.308837890625,11669.612375538376,41.949798034668575,0.422698731182028,-0.06995870313413603,-0.06756767435646105,9154.27109375,9646.308837890625,1,9705.48828125
9705.48828125,9739.305594280533,9198.233380941589,9265.867047972737,45179851.0,2022-11-24,0.0,44.14779763352419,-615.9832992332831,-858.6038504823724,242.62055124908932,7781.999697080048,9543.16689453125,11304.334091982453,36.90949172146296,0.5460834686660258,0.03908134457401369,0.039855066777364945,9306.44775390625,9543.16689453125,1,10348.0126953125
10348.0126953125,10348.0126953125,9705.488526636818,9874.574137034611,38527222.0,2022-11-25,0.0,50.78852973406551,-510.019899586674,-788.8870603032328,278.86716071655883,7901.719644829402,9492.441357421874,11083.163070014347,33.51554468859019,0.7689255232759291,0.06410296346599087,0.06620217298121833,9509.35,9492.441357421874,1,11058.1708984375
11058.1708984375,11058.1708984375,10550.915009498449,10550.915009498449,85442794.0,2022-11-28,0.0,56.889622647302865,-364.5371526104227,-704.0170787646708,339.4799261542481,7844.896833684887,9516.11328125,11187.329728815113,35.123929238168735,0.9613578389065666,0.06637511136897514,0.06862749631595366,9790.0314453125,9516.11328125,1,11768.3271484375
11768.3271484375,11802.144461568216,11058.170285901895,11227.254933495637,93371586.0,2022-11-29,0.0,61.9674737412345,-189.75003286993706,-601.163669585724,411.413636715787,7660.827593002041,9597.274169921875,11533.72074684171,40.354095186500174,1.0605765230995843,0.0622421802166456,0.06422004656306624,10121.43828125,9597.274169921875,1,12444.6689453125
12444.6689453125,12444.6689453125,11633.060121901466,11869.7794020226,83811618.0,2022-11-30,0.0,66.06686287639255,3.307028020699363,-480.2695300644394,483.57655808513874,7402.085621770024,9700.416162109375,11998.746702448727,47.386225537762385,1.0970100329428534,0.05588055129851534,0.05747136261119312,10462.99033203125,9700.416162109375,-1,12309.400390625
12309.400390625,13290.093845581263,12174.13209638243,12681.38700100466,96685050.0,2022-12-01,0.0,64.56788292287933,143.7342191933276,-355.468780212886,499.20299940621356,7232.590016696649,9801.86728515625,12371.14455361585,52.42424109027597,0.9879841378451403,-0.01092910416320084,-0.010869598482846854,10730.144921875,9801.86728515625,1,13154.826171875
13154.826171875,13154.826171875,12038.864370034285,12174.132670657698,66331861.0,2022-12-02,0.0,69.2619732749871,319.55889888192905,-220.463244393923,540.022143275852,6988.510426885328,9964.1890625,12939.867698114671,59.72746235443426,1.036119235321244,0.06642547067912977,0.06868131301455493,11024.353125,9964.1890625,1,13526.8134765625
13526.8134765625,13797.350072163934,13188.643211575683,13391.545178761784,67538037.0,2022-12-05,0.0,71.07759771093872,483.3457816457103,-79.70143918599634,563.0472208317067,6825.677211514742,10177.236376953126,13528.795542391508,65.86383653283637,0.9997043069014793,0.027885198478601346,0.02827762980880788,11365.90517578125,10177.236376953126,-1,12579.9365234375
12579.9365234375,13492.996347321434,12579.9365234375,13459.179991680154,91149880.0,2022-12-06,0.0,61.17254687732764,530.6262800672412,42.364104664651165,488.26217540259,6903.4253204978795,10361.539208984375,13819.653097470871,66.7490383183225,0.8207524948555186,-0.0725706936111211,-0.07000000072194568,11622.91455078125,10361.539208984375,-1,12343.216796875
12343.216796875,12951.923644014105,11971.23018492937,12174.132147632428,50267804.0,2022-12-07,0.0,58.960419550301495,542.7387575655375,142.43903524482846,400.29972232070907,7055.654589407291,10539.07861328125,14022.502637155209,66.10490635270867,0.7589604612055448,-0.018996540462006085,-0.01881724332403989,11923.8861328125,10539.07861328125,1,12782.8388671875
12782.8388671875,13087.191808204376,12512.302280263664,12782.8388671875,43478107.0,2022-12-08,0.0,61.728381449366715,581.1131001596113,230.17384822778504,350.93925193182633,7333.406474745035,10769.03447265625,14204.662470567466,63.80568298178725,0.7930766072106173,0.034996892898243044,0.035616491028805486,12231.62119140625,10769.03447265625,1,12985.7412109375
12985.7412109375,13154.825863480359,12512.302649369574,12782.83924427409,50166309.0,2022-12-09,0.0,62.9697648262532,620.7420387286456,308.2874863279572,312.45455240068844,7634.131577345108,11002.372021484374,14370.61246562364,61.22753234597212,0.7944221504293414,0.015748367711378886,0.015873026786783262,12495.39404296875,11002.372021484374,-1,12579.9365234375
12579.9365234375,13222.460707041359,12579.9365234375,12985.741422402563,52028790.0,2022-12-12,0.0,58.85781408001632,612.344485171865,369.0988860967388,243.24559907512622,8044.139823138973,11218.801025390625,14393.462227642278,56.59537405230189,0.7143749224455005,-0.031748720147615705,-0.031250021150752816,12647.57060546875,11218.801025390625,1,12850.47265625
12850.47265625,12850.47265625,12343.216790715553,12579.93606676097,35346036.0,2022-12-13,0.0,60.70027484141062,620.3681505563327,419.35273898865756,201.01541156767513,8467.66205578661,11438.61171875,14409.56138171339,51.945983236644956,0.7376110499448401,0.02127738782442773,0.02150536549278037,12755.78515625,11438.61171875,1,12985.7412109375
12985.7412109375,13256.277805842015,12850.472913485242,13087.192194269206,49782255.0,2022-12-14,0.0,61.62562989341533,630.3754295014987,461.55727709122584,168.8181524102729,8818.026757630392,11636.441357421874,14454.855957213356,48.4411773878594,0.7393721373738719,0.010471332323187952,0.010526348587007739,12809.8923828125,11636.441357421874,0,13087.1923828125
13087.1923828125,13290.094352399059,12918.106768803724,12918.106768803724,30467461.0,2022-12-15,0.0,62.341811582241675,639.1250956109416,497.07084079516903,142.05425481577254,9084.868235510476,11808.908251953126,14532.948268395776,46.13534051282191,0.7346302042450715,0.007782145688753391,0.007812505287688287,12887.67158203125,11808.908251953126,1,13797.349609375
13797.349609375,13831.166922448372,12816.655202486592,12985.74080882353,80417277.0,2022-12-16,0.0,66.98649121855814,695.3474891761907,536.7261704713734,158.62131870481733,9234.745942588415,11988.138525390625,14741.531108192834,45.93528139453147,0.8285421583694192,0.052842445161873024,0.054263527713946935,12951.92392578125,11988.138525390625,-1,13526.8134765625
13526.8134765625,14372.239618544516,13526.8134765625,13932.618369964652,69753499.0,2022-12-19,0.0,63.76021488422296,709.8909551448196,571.3591274060627,138.53182773875687,9472.800423750534,12158.91455078125,14845.028677811966,44.18345265627555,0.7546241263570868,-0.01980261738712087,-0.019607833422491283,12951.92392578125,12158.91455078125,-1,12850.47265625
12850.47265625,13594.447797829866,12681.387048061873,13391.544876198128,66141213.0,2022-12-20,0.0,56.441454401383574,659.2423692532084,588.9357757754918,70.30659347771655,9799.21917002255,12300.946044921875,14802.6729198212,40.67535725729156,0.6098294575722298,-0.051293305786693444,-0.050000010829185704,12978.9775390625,12300.946044921875,0,12782.8388671875
12782.8388671875,13154.825475420374,12241.765693339827,13121.009121327335,40223594.0,2022-12-21,0.0,55.75227363665746,606.6524071707136,592.4791020545363,14.17330511617729,10392.921028589371,12473.412939453125,14553.904850316878,33.35882361888628,0.5743636459528246,-0.005277035388190695,-0.00526313629636066,13022.93974609375,12473.412939453125,0,12782.8388671875
12782.8388671875,13256.277414789254,12647.570573725583,12918.106201619497,27537470.0,2022-12-22,0.0,55.75227363665746,558.5360276796346,585.6904871795559,-27.15445949992136,11003.707121379763,12627.28046875,14250.853816120236,25.715328829327216,0.5479061813528365,0.0,0.0,13022.93974609375,12627.28046875,-1,12410.8515625
12410.8515625,12782.839137632904,12241.765952337792,12749.021823794474,36025136.0,2022-12-23,0.0,51.723639796614094,484.79872567958773,565.5121348795624,-80.71340919997465,11502.675725848798,12730.422412109376,13958.169098369954,19.288388814069926,0.36985472932420943,-0.029532341944575973,-0.02910052364364546,12965.45078125,12730.422412109376,-1,11565.42578125
11565.42578125,12377.034624829474,11565.42578125,12377.034624829474,45549240.0,2022-12-26,0.0,43.950582009470864,354.061190557848,523.2219460152195,-169.16075545737147,11659.58158354606,12755.78515625,13851.98872895394,17.187551519191732,-0.04294631245536416,-0.07055110454982175,-0.0681198850048691,12863.99970703125,12755.78515625,1,12343.216796875
12343.216796875,12343.216796875,11565.425300493325,11565.425300493325,34347060.0,2022-12-27,0.0,51.214423772755055,309.642619380611,480.5060806882978,-170.8634613076868,11770.261925189303,12784.529638671875,13798.797352154446,15.867110361487486,0.2824475550534924,0.06508655359615456,0.06725139483286147,12813.27412109375,12784.529638671875,0,12309.400390625
12309.400390625,12512.302352473893,12140.314783064305,12444.66868486757,20779862.0,2022-12-28,0.0,50.90552979409133,268.6154486505184,438.12795428074196,-169.5125056302236,11752.214974641209,12777.7662109375,13803.31744723379,16.052120838123344,0.2716516719320766,-0.0027434350846039786,-0.002739675305594713,12745.6400390625,12777.7662109375,-1,12174.1318359375
12174.1318359375,12512.302084794383,12072.680857183426,12377.033793445647,25297905.0,2022-12-29,0.0,49.616400471470726,222.61985526981334,395.02633447855624,-172.4064792087429,11730.766889436989,12771.002783203125,13811.23867696926,16.290590667387384,0.21310788695020155,-0.01104987056495246,-0.010989044989593633,12654.333984375,12771.002783203125,0,12174.1318359375
12174.1318359375,12478.484772199723,12106.497210748179,12241.765502096914,20985465.0,2022-12-30,0.0,49.616400471470726,184.04644330180054,352.83035624320513,-168.7839129414046,11665.581239359657,12721.96806640625,13778.354893452844,16.607286255278357,0.2407028294737589,0.0,0.0,12492.01220703125,12721.96806640625,0,12174.1318359375
12174.1318359375,12174.1318359375,12174.1318359375,12174.1318359375,0.0,2023-01-02,0.0,49.616400471470726,151.72771377356366,312.6098277492768,-160.88211397571314,11642.650824090138,12654.333984375,13666.017144659862,15.989512550151469,0.26267167069268577,0.0,0.0,12356.74404296875,12654.333984375,1,13019.55859375
13019.55859375,13019.55859375,12309.400747651278,12377.03441721927,40642351.0,2023-01-03,0.0,57.93236793844131,192.11913184590048,288.5116885686016,-96.3925567227011,11652.408324589784,12676.315087890625,13700.221851191467,16.154643620036786,0.6676146296528191,0.06713937471966827,0.06944452131829526,12373.65263671875,12676.315087890625,0,13121.009765625
13121.009765625,13391.54540680337,13053.37513605793,13154.826121378564,29373960.0,2023-01-04,0.0,58.81092780791492,229.66840892569962,276.74303264002117,-47.07462371432155,11685.5006577851,12715.204736328125,13744.90881487115,16.19642152675839,0.6970493454153674,0.007762010361754577,0.007792212857638869,12407.4697265625,12715.204736328125,1,13391.544921875
13391.544921875,13526.813217080899,12951.923681728284,13121.009290493139,31221194.0,2023-01-05,0.0,61.141490342204555,278.0512064648501,277.004667404987,1.0465390598631075,11672.453407686822,12745.6400390625,13818.826670438179,16.84005868809419,0.8009284983286356,0.02040878743052079,0.020618470764251606,12468.34033203125,12745.6400390625,-1,13121.009765625
13121.009765625,13594.44833647461,12985.741465520829,13323.91173626627,28502905.0,2023-01-06,0.0,57.62984318526529,291.2081298905123,279.84535990209207,11.362769988420212,11671.170805514195,12752.403466796875,13833.636128079555,16.95731575773711,0.6704565132128187,-0.020408787430520867,-0.020201937702354456,12539.35615234375,12752.403466796875,1,13256.27734375
13256.27734375,13594.44759607761,13188.642717866529,13391.54467745711,23500620.0,2023-01-09,0.0,58.90089116468952,308.9882256454821,285.6739330507701,23.314292594712015,11685.567446720892,12786.2205078125,13886.87356890411,17.21623775249456,0.713535423901563,0.010256457637251599,0.010309235382125914,12708.44130859375,12786.2205078125,1,13391.544921875
13391.544921875,13594.447844198816,12985.740995287242,13256.277585699037,38989249.0,2023-01-10,0.0,60.18709678999293,330.1878427894553,294.5767149985071,35.61112779094822,11679.860287433508,12813.27412109375,13946.68795475399,17.691244610062114,0.755101351160408,0.010152329793269367,0.010204039536693577,12813.27412109375,12813.27412109375,1,13662.08203125
13662.08203125,13898.801317094776,13459.180060248755,13526.813730905846,37329903.0,2023-01-11,0.0,62.701241061390384,364.61571289183485,308.5845145771727,56.03119831466216,11653.261765139267,12847.091162109375,14040.920559079483,18.5852093973013,0.8413347297398774,0.02000072880021027,0.02020208354997788,12948.54228515625,12847.091162109375,0,13560.630859375
13560.630859375,13695.899157860056,13459.1798752687,13594.448173753754,29291050.0,2023-01-12,0.0,61.14197328316218,379.34097959863357,322.7358075814649,56.605172017168684,11638.72420309937,12870.7630859375,14102.801968775631,19.144768256736036,0.7799699680939925,-0.007453455645687081,-0.007425747528300941,13087.1921875,12870.7630859375,0,13492.99609375
13492.99609375,13763.532687975898,13459.179738744224,13695.899018934397,27841664.0,2023-01-13,0.0,60.06947644884461,381.15952942335025,334.420551949842,46.73897747350827,11664.871220827,12855.54541015625,14046.2195994855,18.52390001887563,0.7676847660369834,-0.005000062036146869,-0.0049875825340560676,13219.07861328125,12855.54541015625,1,13695.8994140625
13695.8994140625,13966.435057063429,13492.996483024332,13526.81379803569,32408204.0,2023-01-16,0.0,62.21101381527721,394.426640685042,346.421769696882,48.00487098816001,11651.063868785264,12863.99970703125,14076.935545277234,18.85783373553739,0.8429281586049321,0.014925732242252493,0.01503767724400995,13371.25537109375,12863.99970703125,1,14642.7763671875
14642.7763671875,14642.7763671875,13831.16753093048,13831.16753093048,60380984.0,2023-01-17,0.0,70.23391502817383,475.86055442215184,372.309526641936,103.55102778021586,11503.27851071908,12953.614892578125,14403.951274437171,22.392766712402846,1.0823343797127263,0.0668506579318423,0.06913579930010139,13533.5771484375,12953.614892578125,0,14676.5927734375
14676.5927734375,14913.312058123427,14575.141788433528,14879.495702475413,37534490.0,2023-01-18,0.0,70.47500251121983,536.9367465447049,405.2349706224898,131.70177592221506,11409.838459070452,13048.302587890625,14686.766716710797,25.113827914149333,0.9968952804353967,0.0023067632242020756,0.0023094258494433806,13689.13544921875,13048.302587890625,-1,14304.6044921875
14304.6044921875,14778.04303849469,14101.702532064395,14608.958391402077,63801460.0,2023-01-19,0.0,64.30501507327045,548.9952478909254,433.98702607617696,115.00822181474842,11398.811345517297,13124.390869140625,14849.970392763953,26.295765507573876,0.841976016430901,-0.0256724184468622,-0.025345683905820704,13780.44140625,13124.390869140625,0,14304.6044921875
14304.6044921875,14304.6044921875,14304.6044921875,14304.6044921875,0.0,2023-01-20,0.0,64.30501507327045,552.1864355793787,457.62690797681734,94.55952760256133,11451.048500720044,13219.078515625,14987.108530529957,26.74967113350811,0.8069874287798372,0.0,0.0,13898.80087890625,13219.078515625,0,14304.6044921875
14304.6044921875,14304.6044921875,14304.6044921875,14304.6044921875,0.0,2023-01-23,0.0,64.30501507327045,548.3939309412217,475.78031256969825,72.61361837152344,11706.99866167652,13356.037451171875,15005.07624066723,24.69353347538968,0.7876121068401034,0.0,0.0,14003.63359375,13356.037451171875,0,14304.6044921875
14304.6044921875,14304.6044921875,14304.6044921875,14304.6044921875,0.0,2023-01-24,0.0,64.30501507327045,539.1730919119964,488.45886843815794,50.714223473838445,11825.517903087886,13454.1068359375,15082.695768787115,24.209543639113402,0.7611148949544457,0.0,0.0,14094.93955078125,13454.1068359375,0,14304.6044921875
14304.6044921875,14304.6044921875,14304.6044921875,14304.6044921875,0.0,2023-01-25,0.0,64.30501507327045,525.8043651294174,495.9279677764099,29.87639735300752,11976.902232814125,13553.867041015625,15130.831849217124,23.269592411219836,0.738032404803021,0.0,0.0,14159.191796875,13553.867041015625,0,14304.6044921875
14304.6044921875,14304.6044921875,14304.6044921875,14304.6044921875,0.0,2023-01-26,0.0,64.30501507327045,509.3382189022759,498.6100180015831,10.728200900692798,12191.744514052525,13660.390673828126,15129.036833603726,21.50225707072013,0.7193223378113779,0.0,0.0,14233.58916015625,13660.390673828126,1,14541.32421875
14541.32421875,14575.14153283494,14101.702971765595,14203.153954990463,38513428.0,2023-01-27,0.0,67.15916427574572,509.5165928500737,500.79133297128124,8.725259878792485,12438.500833395476,13778.75029296875,15118.999752542026,19.453860924632618,0.7844895479473079,0.016413064252176483,0.016548498540577272,14338.42197265625,13778.75029296875,1,14710.41015625
14710.41015625,15014.763112671597,14439.873555633043,14676.592841415388,61479567.0,2023-01-30,0.0,69.06207483813932,517.3382245145876,504.1007112799425,13.237513234645121,12735.424294879604,13905.564208984375,15075.704123089146,16.82980850714054,0.8439101331234314,0.011560874892183232,0.011627960078214539,14439.873046875,13905.564208984375,1,14947.12890625
14947.12890625,14947.12890625,14676.592315330474,14811.860610790238,40809766.0,2023-01-31,0.0,71.54767774272574,536.4542382173877,510.5714166674316,25.882821549956077,12821.585513633141,14001.942724609375,15182.299935585608,16.85990628859915,0.9003814154102103,0.01596381794630244,0.016091920448555674,14470.30830078125,14001.942724609375,-1,14270.7880859375
14270.7880859375,15319.116154775205,14203.15346012415,15014.762256674954,75366640.0,2023-02-01,0.0,57.36638896286346,491.3646195468773,506.73005724332074,-15.36543769644345,12949.852262573946,14059.431640625,15169.011018676054,15.78412849698565,0.5952416967606868,-0.0463045782598711,-0.045248878534103976,14429.72783203125,14059.431640625,0,14406.056640625
14406.056640625,14676.592271710537,14270.788345567264,14338.422013581165,36864247.0,2023-02-02,0.0,59.11194017588764,461.22905236360566,497.62985626737776,-36.4008039037721,13036.976523467833,14110.1572265625,15183.337929657167,15.211463428265631,0.6378609460686502,0.009434061469083687,0.00947870249862337,14439.873046875,14110.1572265625,0,14270.7880859375
14270.7880859375,14575.141025007833,14203.15346012415,14507.507358224399,30428547.0,2023-02-03,0.0,56.615613719957835,421.5717397821136,482.418232970325,-60.84649318821141,13199.528602268541,14167.646142578125,15135.76368288771,13.666596844201152,0.5532693289114419,-0.009434061469083679,-0.009389700322713135,14436.49140625,14167.646142578125,0,14304.6044921875
14304.6044921875,14304.6044921875,13898.800571941292,14270.78813818693,32353899.0,2023-02-06,0.0,57.103327533262615,388.39456444296957,463.61349926485394,-75.21893482188437,13351.287200136127,14220.0625,15088.837799863873,12.219008177550181,0.5486558447280595,0.0023668211692088044,0.0023696243015003393,14436.49140625,14220.0625,-1,13357.728515625
13357.728515625,14338.42197376814,13323.911202196981,14304.604660340121,62986888.0,2023-02-07,0.0,42.64669089124193,282.44063618147266,427.3789266481777,-144.93829046670504,13342.70275357759,14218.3716796875,15094.040605797409,12.317429109845229,0.00857959075592657,-0.06848634553039032,-0.06619378935500375,14341.80380859375,14218.3716796875,1,14101.703125
14101.703125,14270.788738232091,13357.728920256692,13357.728920256692,49095750.0,2023-02-08,0.0,52.76522115257153,255.5580044033013,393.01474219920243,-137.45673779590112,13402.213018962038,14240.352734375,15078.49244978796,11.771333632625025,0.4172872930220918,0.05420044672912159,0.05569619179673757,14321.513671875,14240.352734375,-1,13932.6181640625
13932.6181640625,14372.239406145456,13932.6181640625,14203.15379663589,23731342.0,2023-02-09,0.0,50.58109011599307,218.09551248632124,358.0308962566262,-139.93538377030495,13469.211119048232,14258.952099609374,15048.693080170517,11.077125093684513,0.2933917932718896,-0.012062857489630856,-0.01199039289358883,14284.3150390625,14258.952099609374,0,13864.9833984375
13864.9833984375,14067.886319632385,13628.26412290174,14000.25169289078,22983272.0,2023-02-10,0.0,49.69496908614203,180.86377241619266,322.5974714885395,-141.73369907234684,13548.58169655247,14277.55146484375,15006.521233135029,10.21141153069914,0.21701976930173822,-0.004866239912134413,-0.004854418949013839,14216.68095703125,14277.55146484375,-1,13662.08203125
13662.08203125,13797.350331594153,13357.729074748133,13797.350331594153,27213093.0,2023-02-13,0.0,47.032975638592966,133.44661603385612,284.76730039760287,-151.32068436374675,13541.076457063367,14275.860595703125,15010.644734342883,10.29407836695911,0.08234089974413425,-0.014742221066566424,-0.014634086558687587,14111.84814453125,14275.860595703125,1,13932.6181640625
13932.6181640625,14135.520128250027,13695.898886167071,13729.715240845033,25111759.0,2023-02-14,0.0,50.81603439958158,116.35689309787995,251.08521893765828,-134.72832583977834,13511.614241496585,14240.352685546875,14969.091129597165,10.234837017624107,0.28885804365280704,0.019608460978700903,0.019801969582212253,14010.3970703125,14240.352685546875,0,14067.88671875
14067.88671875,14236.971372341226,13695.899138207364,13932.618420459045,29150642.0,2023-02-15,0.0,52.63752993427471,112.43215848667023,223.35460684746067,-110.92244836079044,13507.523489481737,14209.9173828125,14912.311276143264,9.885967305909025,0.3988952883765913,0.009661940565966079,0.009708767806212437,13990.10693359375,14209.9173828125,1,14406.056640625
14406.056640625,14473.690308638901,13932.618087437892,14169.337364031446,34724434.0,2023-02-16,0.0,56.93175277014532,135.05246378715492,205.69417823539953,-70.64171444824461,13508.26486024588,14214.989990234375,14921.71512022287,9.943378510628738,0.6351774843451055,0.02375405602480855,0.02403843083441104,13990.10693359375,14214.989990234375,-1,14203.154296875
14203.154296875,14439.873583107748,14203.154296875,14406.057227238765,17842030.0,2023-02-17,0.0,53.78098938002131,135.04992383696845,191.56532735571332,-56.515403518744876,13504.445385900714,14209.91748046875,14915.389575036786,9.929291926398502,0.4952066257150177,-0.014184644676003378,-0.014084516589905394,13983.3435546875,14209.91748046875,1,14811.8603515625
14811.8603515625,14811.8603515625,14203.153512161733,14203.153512161733,35924948.0,2023-02-20,0.0,60.791459650868845,182.06665132870876,189.66559215031242,-7.598940821603662,13480.710221365825,14235.2802734375,14989.850325509175,10.601407735956897,0.882058681325874,0.041964161424108776,0.04285710356758066,14034.069140625,14235.2802734375,-1,14608.958984375
14608.958984375,15082.397549898908,14608.958984375,14913.311936913244,29973781.0,2023-02-21,0.0,57.652356368766185,200.64242105424637,191.86095793109922,8.781463123147148,13477.978650593257,14250.497998046874,15023.017345500492,10.841997908557246,0.7320077726918341,-0.013793265358319835,-0.013698574140694975,14159.1921875,14250.497998046874,-1,14338.421875
14338.421875,14947.128717361678,14338.421875,14473.690168750363,47385148.0,2023-02-22,0.0,53.67272168236586,191.3282556064005,191.7544174661595,-0.42616185975902,13479.023113859761,14252.1888671875,15025.35462051524,10.849782591750264,0.5557661843151672,-0.018692191030151854,-0.018518575462108777,14182.8640625,14252.1888671875,1,14541.32421875
14541.32421875,14541.32421875,13797.350022090995,14304.604938215329,48772680.0,2023-02-23,0.0,56.11922247558639,198.03639550502157,193.01081307393193,5.025582431089646,13480.304960965876,14264.024853515624,15047.744746065373,10.988762296731233,0.6769122921789136,0.014051763592668125,0.014150953676692613,14243.73466796875,14264.024853515624,-1,14067.88671875
14067.88671875,14541.324324223406,13966.434775759317,14541.324324223406,21195715.0,2023-02-24,0.0,49.54467544565888,163.26814163066774,187.0622787852791,-23.79413715461135,13463.327854079178,14240.352978515624,15017.37810295207,10.91300371007294,0.38902143937063227,-0.03309987997711019,-0.032558073314226554,14264.025,14240.352978515624,-1,13594.4482421875
13594.4482421875,13898.801196038503,13492.996298540536,13797.350211421503,45470977.0,2023-02-27,0.0,43.99414315077187,96.40027916422878,168.92987886106903,-72.52959969684025,13389.587973548772,14184.5548828125,14979.521792076226,11.208908786090884,0.12884829937667636,-0.034233170260792416,-0.033653844818887446,14257.26162109375,14184.5548828125,0,13526.8134765625
13526.8134765625,13864.983741549317,13459.179807177119,13831.167386371602,22095955.0,2023-02-28,0.0,43.248721433554465,37.516983630244795,142.6472998149042,-105.13031618465939,13352.361539169233,14113.539111328126,14874.716683487019,10.786487586914886,0.11459345609624122,-0.004987592873344705,-0.004975175484879912,14216.68115234375,14113.539111328126,1,14135.5205078125
14135.5205078125,14135.5205078125,13391.545340441331,13526.813639875176,27036094.0,2023-03-01,0.0,51.25388482163858,39.513629409828354,122.02056573388901,-82.50693632406066,13349.08537300331,14106.775732421875,14864.466091840439,10.74221882860376,0.5189686822811653,0.044016915469059614,0.045000031404638596,14223.44453125,14106.775732421875,-1,13932.6181640625
13932.6181640625,14270.788424051692,13932.6181640625,14203.15379663589,12875464.0,2023-03-02,0.0,48.78368231747953,24.441713303693177,102.50479524784984,-78.06308194415666,13335.264207069515,14083.10380859375,14830.943410117987,10.62038044579195,0.3993864164023054,-0.014458092900888415,-0.014354076571701624,14176.10068359375,14083.10380859375,-1,13763.5322265625
13763.5322265625,14270.78808397315,13763.5322265625,14067.886124620856,19759396.0,2023-03-03,0.0,46.76114735733723,-1.1336429139773827,81.77710761548441,-82.9107505294618,13302.333908461966,14057.741015625,14813.148122788036,10.747204779536196,0.30526474647067137,-0.012210219532624288,-0.012135977280719357,14132.1384765625,14057.741015625,0,13797.349609375
13797.349609375,14101.702549945581,13797.349609375,13966.434256682016,16504593.0,2023-03-06,0.0,47.23234858222796,-18.46071319732073,61.72954345292339,-80.19025665024412,13277.808160904784,14032.378271484375,14786.948382063965,10.75470025081886,0.3442632044298392,0.0024540143515740156,0.0024570279093933944,14030.68740234375,14032.378271484375,1,14270.7880859375
14270.7880859375,14439.872732411048,13898.800521053816,13932.61783396049,42578302.0,2023-03-07,0.0,53.4446883659766,5.941497254587375,50.57193421325619,-44.63043695866882,13387.56393249837,14078.03125,14768.49856750163,9.809145969918635,0.6395843300990455,0.03373814030274103,0.03431372618410777,13996.8703125,14078.03125,0,14338.421875
14338.421875,14338.421875,14067.886246529195,14135.519913889415,23463739.0,2023-03-08,0.0,54.27290865511713,30.387616852898645,46.53507074118468,-16.147453888286037,13389.644601062497,14089.8671875,14790.089773937503,9.939378095184805,0.6774826264635097,0.004728121828717344,0.004739317033874757,13996.8703125,14089.8671875,0,14338.421875
14338.421875,14575.141149305657,14338.421875,14338.421875,33795009.0,2023-03-09,0.0,54.27290865511713,49.194261930173525,47.066908978982454,2.127352951191071,13405.61589769048,14110.157373046875,14814.69884840327,9.986302161338113,0.6619950776053718,0.0,0.0,13976.580078125,14110.157373046875,0,14406.056640625
14406.056640625,14507.507622160818,14203.15371852343,14304.604700059248,32609451.0,2023-03-10,0.0,55.19730121248409,68.76356046586989,51.40623927635994,17.357321189509946,13430.758538758044,14137.21103515625,14843.663531554455,9.994227215557693,0.6902786152214333,0.0047059396403663625,0.004717029964289576,14010.3970703125,14137.21103515625,0,14270.7880859375
14270.7880859375,14473.690045317722,14135.519793340713,14236.970773030824,30390795.0,2023-03-13,0.0,52.894253685356645,72.52134771431338,55.62926096395063,16.89208675036275,13495.779187643398,14167.646337890625,14839.51348813785,9.48452741159063,0.576757546494811,-0.009434061469083679,-0.009389700322713135,14078.0310546875,14167.646337890625,-1,13729.71484375
13729.71484375,14270.788011307573,13662.081177320259,14236.970698577748,44816996.0,2023-03-14,0.0,44.83576608619793,31.4764910795966,50.798706987079825,-19.322215907483226,13464.88397917551,14157.501171875,14850.118364574488,9.784455382217132,0.19118126677039732,-0.0386522060102594,-0.037914741563619514,14098.32119140625,14157.501171875,1,14406.056640625
14406.056640625,14406.056640625,13932.618087437892,14067.886382495628,38883688.0,2023-03-15,0.0,54.223889500080624,52.913325192514094,51.22163062816668,1.691694564347415,13474.530827289882,14174.40966796875,14874.288508647618,9.875244995358788,0.6654907672530557,0.04808626747934307,0.04926116853642326,14125.3748046875,14174.40966796875,-1,14101.703125
14101.703125,14270.788738232091,13864.983841893049,14203.154109327272,43919224.0,2023-03-16,0.0,50.09254795387097,44.82665181012817,49.942634864558975,-5.1159830544308065,13467.331232151515,14159.1919921875,14851.052752223484,9.772602284335532,0.4584534414233078,-0.02135313910114359,-0.021126774884858146,14142.28330078125,14159.1919921875,-1,13797.349609375
13797.349609375,14236.970843209147,13797.349609375,14236.970843209147,49307887.0,2023-03-17,0.0,46.294062957885224,13.701181083924894,42.69434410843216,-28.99316302450727,13428.905155579774,14138.9017578125,14848.898360045227,10.04316480012905,0.25946916692036176,-0.02181906267068107,-0.021582748759292114,14145.6650390625,14138.9017578125,-1,13526.8134765625
13526.8134765625,13932.618369964652,13526.8134765625,13797.350072163934,33379882.0,2023-03-20,0.0,43.161058465255444,-32.422240263058484,27.671027234134037,-60.09326749719252,13388.905315143786,14074.6494140625,14760.393512981214,9.744386218722608,0.10055366253692072,-0.01980261738712087,-0.019607833422491283,14118.61142578125,14074.6494140625,1,13831.1669921875
13831.1669921875,13898.800659645343,13425.362110350667,13662.081384998006,27675991.0,2023-03-21,0.0,47.46826037806231,-43.9104267925959,13.35473642878805,-57.26516322138395,13390.581331210293,14035.759814453126,14680.938297695959,9.193353146132772,0.3414447880861668,0.022250624291611024,0.022500015702319187,14074.64931640625,14035.759814453126,0,13729.71484375
13729.71484375,13932.617761099045,13628.263864590432,13898.80044836922,18669380.0,2023-03-22,0.0,46.21117755057007,-60.50378788861599,-1.416968434692759,-59.086819453923226,13362.838248237573,14005.324462890625,14647.810677543677,9.174885113949676,0.28551320413197,-0.007362072612008602,-0.007335038937408944,14013.77861328125,14005.324462890625,0,13797.349609375
13797.349609375,13797.349609375,13560.630335921242,13662.081316111435,15600142.0,2023-03-23,0.0,47.214790489469046,-67.41941669873086,-14.617458087500378,-52.801958611230475,13371.816304350034,13968.125732421875,14564.435160493716,8.538145195639641,0.3568057831996072,0.004914065707518316,0.004926159530238783,13959.67138671875,13968.125732421875,0,13797.349609375
13797.349609375,13864.983276491823,13729.714983228258,13831.166922448372,19877299.0,2023-03-24,0.0,47.214790489469046,-72.06933195795318,-26.107832861590943,-45.96149909636224,13355.550306746336,13954.598876953125,14553.647447159914,8.585679538179408,0.3687508197174703,0.0,0.0,13898.80068359375,13954.598876953125,1,14067.88671875
14067.88671875,14135.520388380499,13763.532807837862,13797.35012216809,29429136.0,2023-03-27,0.0,51.41973542849154,-53.309817160103194,-31.548229721293396,-21.761587438809798,13402.167811854382,13978.27080078125,14554.37378970812,8.24283628694144,0.5777776887910968,0.019418145747016197,0.019607904201483395,13878.510546875,13978.27080078125,0,14000.251953125
14000.251953125,14203.153919061462,14000.251953125,14135.520250092623,17901853.0,2023-03-28,0.0,50.34006875634672,-43.400038241159564,-33.918591425266634,-9.48144681589293,13466.472078364335,14001.942724609375,14537.413370854414,7.648519305880505,0.4984212285993349,-0.004819336068038681,-0.004807741701165047,13905.5642578125,14001.942724609375,0,14067.88671875
14067.88671875,14270.788686671453,14000.252090089543,14000.252090089543,26053090.0,2023-03-29,0.0,51.43816308186966,-29.74601318938221,-33.084075778089755,3.338062588707544,13465.7949204938,13998.56103515625,14531.3271498187,7.611726852845112,0.5650620241094663,0.004819336068038665,0.004830967746255688,13871.747265625,13998.56103515625,0,14067.88671875
14067.88671875,14304.605041971725,14034.069404419772,14203.154058010998,30431161.0,2023-03-30,0.0,51.43816308186966,-18.709429309050392,-30.209146484281884,11.499717175231492,13472.648706772163,14005.324462890625,14538.000219009087,7.606760664915304,0.5587245196921087,0.0,0.0,13868.365625,14005.324462890625,0,14067.88671875
14067.88671875,14135.520388380499,13763.532807837862,14067.88671875,34514475.0,2023-03-31,0.0,51.43816308186966,-9.8493202368918,-26.13718123480387,16.28786099791207,13499.692596531606,14020.5421875,14541.391778468393,7.429806693677743,0.5454493313146076,0.0,0.0,13895.4193359375,14020.5421875,0,14203.154296875
14203.154296875,14270.788926672913,14101.703311208104,14236.971611773955,31029966.0,2023-04-03,0.0,53.9800567939367,7.995179658522829,-19.31070905613853,27.30588871466136,13524.999158055605,14040.832421875,14556.665685694396,7.347616556063294,0.6573394800076641,0.009569411348805023,0.009615344566622941,13963.05341796875,14040.832421875,0,14270.7880859375
14270.7880859375,14338.421752720935,14169.337106247389,14304.60443981426,28843108.0,2023-04-04,0.0,55.24157003216016,27.280088052697465,-9.992549634371333,37.272637687068794,13524.999158055605,14040.832421875,14556.665685694396,7.347616556063294,0.7228972811484026,0.0047505832069197,0.00476188511712361,14007.01552734375,14040.832421875,1,14541.32421875
14541.32421875,14541.32421875,14169.337599935474,14270.78858316034,37058960.0,2023-04-05,0.0,59.9686428288319,63.65969253969706,4.737898800442347,58.92179373925472,13503.490864507972,14050.9775390625,14598.464213617028,7.7928624258701475,0.9478160861965081,0.01877988542138546,0.018957336566372884,14088.17646484375,14050.9775390625,0,14541.32421875
14541.32421875,14811.86081336961,14473.690549610074,14575.14153283494,40422082.0,2023-04-06,0.0,59.9686428288319,91.43676508604221,22.07767205756232,69.35909302847989,13484.466226323637,14061.12265625,14637.779086176362,8.20213924625778,0.9163671274430432,0.0,0.0,14162.57392578125,14061.12265625,-1,14338.421875
14338.421875,14608.958462500728,14270.78820763978,14541.323836110583,26953476.0,2023-04-07,0.0,54.92314528375455,95.97147239345213,36.85643212474028,59.11504026871185,13488.86081564402,14057.74091796875,14626.621020293478,8.093478257201062,0.746696057643999,-0.01405176359266804,-0.013953498367663908,14216.68115234375,14057.74091796875,-1,14000.251953125
14000.251953125,14439.873198997317,13932.61828415616,14372.239530028479,38544356.0,2023-04-10,0.0,47.71725236433658,71.45409577653845,43.775964855099915,27.678130921438537,13483.862134209015,14044.214111328125,14604.566088447235,7.979826748256809,0.4607727285721878,-0.023867452452480776,-0.023584877389095538,14209.91767578125,14044.214111328125,0,14067.88671875
14067.88671875,14101.70307405027,13932.618420459045,14000.252090089543,20932322.0,2023-04-11,0.0,49.15409138038744,56.826399151874284,46.386051714454794,10.44034743741949,13520.673437986561,14061.122705078125,14601.57197216969,7.687142462619757,0.5062577693076311,0.004819336068038665,0.004830967746255688,14216.68115234375,14061.122705078125,0,14034.0693359375
14034.0693359375,14135.520319403175,13966.434707607083,14135.520319403175,15446666.0,2023-04-12,0.0,48.43731374403361,42.0206758266886,45.512976536901554,-3.4923007102129517,13527.02880241358,14042.52333984375,14558.01787727392,7.341907504152391,0.49180010330623963,-0.0024067647868118137,-0.002403870850582468,14213.2994140625,14042.52333984375,-1,13831.1669921875
13831.1669921875,14067.88626683484,13763.532365699732,14067.88626683484,21362404.0,2023-04-13,0.0,44.26640418637112,13.755940092409219,39.16156924800308,-25.405629155593864,13505.898634579284,14028.996533203124,14552.094431826965,7.457381536673685,0.3109058155881798,-0.014563374055714198,-0.014457841050451559,14189.62744140625,14028.996533203124,0,13966.4345703125
13966.4345703125,14101.702866613652,13864.98358784412,13898.800901676896,19758670.0,2023-04-14,0.0,47.51135007568396,2.2450173009656282,31.778258858595592,-29.533241557629964,13524.754416708227,14037.45078125,14550.147145791772,7.304693316917452,0.43074242782960726,0.009732396913898003,0.00977991070467188,14179.4822265625,14037.45078125,0,14101.703125
14101.703125,14135.52043945241,13932.618470797868,13932.618470797868,13468026.0,2023-04-17,0.0,50.608286615310845,3.991557740846474,26.22091863504577,-22.229360894199296,13613.036427369932,14066.195263671874,14519.354099973816,6.443232555889433,0.5391781628025749,0.009638658852292878,0.009685260329435286,14169.337109375,14066.195263671874,0,14169.337890625
14169.337890625,14203.154246373744,14067.886905318826,14135.520575846285,16802108.0,2023-04-18,0.0,52.129169216185815,10.709807961657134,23.118696500368046,-12.408888538710912,13641.787939585385,14083.10380859375,14524.419677602116,6.2673097494185495,0.5977010890465109,0.00478474737611159,0.004796212558545232,14159.19208984375,14083.10380859375,0,14067.88671875
14067.88671875,14236.971372341226,14067.88671875,14236.971372341226,15215653.0,2023-04-19,0.0,49.65908329816714,7.758374247629035,20.046632049820243,-12.288257802191207,13690.972873786439,14100.01240234375,14509.05193090106,5.8019740250628224,0.46073034346208896,-0.007185664299776311,-0.007159909140293963,14111.84833984375,14100.01240234375,0,14067.88671875
14067.88671875,14135.520388380499,14034.069404419772,14067.88671875,9510164.0,2023-04-20,0.0,49.65908329816715,5.357582884815201,17.108822216819238,-11.751239332004037,13729.514553960033,14113.5392578125,14497.563961664966,5.4419334064613345,0.4405604136862535,0.0,0.0,14064.50458984375,14113.5392578125,0,14000.251953125
14000.251953125,14101.70293609323,14000.251953125,14067.886581123785,16180942.0,2023-04-21,0.0,47.90404838012594,-1.9798000035443692,13.291097772746518,-15.270897776290887,13764.942193974772,14123.684375,14482.42655602523,5.080008466632545,0.32796500048830307,-0.004819336068038681,-0.004807741701165047,14030.68759765625,14123.684375,0,13966.4345703125
13966.4345703125,14067.886511810822,13898.800901676896,14000.251884145275,15355045.0,2023-04-24,0.0,47.009452398113055,-10.403582946661118,8.55216162886499,-18.955744575526108,13753.731031523716,14118.611767578124,14483.492503632533,5.168790559030997,0.2914699486314721,-0.0024184058605892698,-0.002415483873127844,14027.305859375,14118.611767578124,1,14236.9716796875
14236.9716796875,14372.239980898612,14000.252392325547,14067.887022446092,26807114.0,2023-04-25,0.0,54.353474667467474,4.696454332341091,7.781020169560211,-3.0845658372191203,13766.376193126138,14130.44775390625,14494.519314686362,5.153008129971924,0.646295312867883,0.019185300180048687,0.01937052065887035,14044.21435546875,14130.44775390625,1,14879.4951171875
14879.4951171875,14879.4951171875,14135.519977716154,14236.970958729533,38940752.0,2023-04-26,0.0,66.29940460827262,67.72887793460905,19.77059172256998,47.95828621203907,13678.168389945864,14171.028173828125,14663.887957710385,6.955878964273074,1.2187307288279592,0.04414187810819532,0.045130625525982904,14128.75693359375,14171.028173828125,-1,14676.5927734375
14676.5927734375,14879.495702475413,14608.959103111507,14879.495702475413,24883359.0,2023-04-27,0.0,60.88093862033952,100.15547438442445,35.847568254940875,64.30790612948357,13662.40828111262,14201.4634765625,14740.518672012378,7.5915442987902315,0.940705609449207,-0.013730202187820251,-0.013636372884428427,14213.29951171875,14201.4634765625,0,14642.7763671875
14642.7763671875,14744.227351840882,14473.690753411887,14676.592722718653,22871758.0,2023-04-28,0.0,60.000804477941095,121.72194945895899,53.0224444957445,68.69950496321448,13660.69352044789,14230.207958984374,14799.722397520858,8.004302399205846,0.8622106660397655,-0.0023067632242020184,-0.002304104690511233,14280.93369140625,14230.207958984374,0,14642.7763671875
14642.7763671875,14642.7763671875,14642.7763671875,14642.7763671875,0.0,2023-05-01,0.0,60.000804477941095,137.2316156916113,69.86427873491786,67.36733695669344,13653.864345669183,14252.1890625,14850.513779330817,8.396250066666799,0.8264007767858462,0.0,0.0,14335.041015625,14252.1890625,0,14642.7763671875
14642.7763671875,14642.7763671875,14642.7763671875,14642.7763671875,0.0,2023-05-02,0.0,60.00080447794109,147.81917053837242,85.45525709560877,62.363913442763646,13647.42612151967,14270.7884765625,14894.150831605331,8.736200611011851,0.7983721166474999,0.0,0.0,14382.38486328125,14270.7884765625,0,14642.7763671875
14642.7763671875,14642.7763671875,14642.7763671875,14642.7763671875,0.0,2023-05-03,0.0,60.00080447794109,154.42971441502777,99.25014855949257,55.1795658555352,13641.672211561097,14275.861083984375,14910.049956407653,8.88477225566104,0.789279187287785,0.0,0.0,14439.873828125,14275.861083984375,-1,14406.056640625
14406.056640625,14608.958603696636,14338.422013581165,14507.507622160818,24019564.0,2023-05-04,0.0,52.812157295928465,138.9654077616633,107.19320039992672,31.772207361736577,13644.009233156214,14269.097705078126,14894.186177000038,8.761429556957253,0.6095516408467565,-0.016298414922785446,-0.01616631440830829,14473.6908203125,14269.097705078126,0,14507.5078125
14507.5078125,14676.592464268118,14338.422201701937,14406.05682963314,15662143.0,2023-05-05,0.0,55.28475256966916,133.35881759579024,112.42632383909944,20.932493756690803,13643.99925828603,14277.552001953125,14911.10474562022,8.874809121065383,0.6814811890923695,0.007017577399089131,0.007042258294952752,14524.41640625,14277.552001953125,0,14608.958984375
14608.958984375,14710.409968554415,14507.508000195585,14575.141669971876,15175142.0,2023-05-08,0.0,57.673238233310535,135.53940234365837,117.04893954001123,18.490462803647134,13672.045088060695,14307.987353515626,14943.929618970556,8.889332227410348,0.7366343984418694,0.006968673990696449,0.006993011700299645,14588.66884765625,14307.987353515626,0,14744.2275390625
14744.2275390625,14980.946825936231,14608.95923813037,14608.95923813037,32544837.0,2023-05-09,0.0,60.68841011332007,146.49388304889726,122.93792824178844,23.55595480710882,13687.94258342308,14341.80439453125,14995.666205639418,9.118264245153089,0.8077279768405664,0.009216683315509663,0.009259287731054444,14639.39443359375,14341.80439453125,0,14676.5927734375
14676.5927734375,14811.861073119453,14642.776417789488,14744.22740279346,12689028.0,2023-05-10,0.0,58.4465240301402,148.01164152253114,127.95267089793698,20.058970624594153,13720.593690764541,14373.93056640625,15027.26744204796,9.090580653960343,0.731627984211035,-0.004597756558307633,-0.004587203055962941,14619.10419921875,14373.93056640625,0,14710.41015625
14710.41015625,14845.678456558477,14608.959170776134,14744.227471084612,19805425.0,2023-05-11,0.0,59.25695485972289,150.21170913765673,132.40447854588092,17.807230591775806,13801.023569003806,14417.892724609375,15034.761880214945,8.556994664728746,0.7370984421756877,0.0023015206974975728,0.002304171229285945,14622.4859375,14417.892724609375,1,15116.2138671875
15116.2138671875,15217.66581014127,14608.95894756843,14710.409931492244,65492895.0,2023-05-12,0.0,67.45866874083512,182.59540048768213,142.44266293424116,40.15273755344097,13822.413693394048,14475.381689453125,15128.349685512201,9.021772414261575,0.990707187490087,0.02721251674293662,0.02758615882406823,14669.8296875,14475.381689453125,-1,14947.12890625
14947.12890625,15285.29916538444,14947.12890625,15183.848183547101,25690381.0,2023-05-15,0.0,61.87004097672894,192.39812018299926,152.43375438399278,39.96436579900649,13857.124203436388,14517.652978515625,15178.181753594863,9.099663369233864,0.8251000894570069,-0.011248698796634331,-0.011185668741068189,14700.26494140625,14517.652978515625,0,14879.4951171875
14879.4951171875,15082.397079214257,14811.860490491963,14947.12878485311,25852860.0,2023-05-16,0.0,59.73816130064017,192.49045448992365,160.44509440517896,32.045360084744686,13895.124380062642,14553.16083984375,15211.197299624857,9.04321015926012,0.7479606353820456,-0.004535136455979727,-0.004524868253074299,14723.93681640625,14553.16083984375,0,14744.2275390625
14744.2275390625,14947.129510945706,14710.410224071973,14879.495839994628,37750112.0,2023-05-17,0.0,55.61094491405714,179.5785967376287,164.2717948716689,15.306801865959784,13965.443178929085,14586.977880859375,15208.512582789665,8.521774791279423,0.6265011090408611,-0.009132445629512617,-0.00909087150200083,14734.08193359375,14586.977880859375,0,14845.677734375
14845.677734375,15014.76238226282,14744.226753836323,14811.860421185465,27022736.0,2023-05-18,0.0,57.9570242370209,175.5088822074813,166.5192123388314,8.989669868649884,14045.092519444746,14625.867431640625,15206.642343836504,7.941749983860362,0.6892388067377808,0.006857108320545163,0.0068806721168486185,14778.04404296875,14625.867431640625,0,14744.2275390625
14744.2275390625,14947.129510945706,14642.776553120897,14879.495839994628,16717311.0,2023-05-19,0.0,54.83586331856314,162.22736513235031,165.6608428975352,-3.4334777651848754,14161.0467055566,14663.0662109375,15165.085716318401,6.847401466501364,0.5808348353550717,-0.0068571083205452065,-0.006833651998089163,14801.716015625,14663.0662109375,0,14811.8603515625
14811.8603515625,14947.128644654884,14710.409371500691,14744.226684531268,21590368.0,2023-05-22,0.0,56.5170588870495,155.36808334833404,163.60229098769497,-8.234207639360932,14321.940265033967,14705.3375,15088.734734966032,5.214395588894612,0.6389196919637903,0.004576582042810366,0.004587070588867315,14822.00615234375,14705.3375,0,14676.5927734375
14676.5927734375,14913.312058123427,14608.959103111507,14845.678387797434,19776385.0,2023-05-23,0.0,52.32207378990399,137.43284969734304,158.3684027296246,-20.935553032281547,14412.75445484614,14727.3185546875,15041.88265452886,4.271844853131649,0.4193713121179735,-0.009174338601117897,-0.009132382760463353,14815.24267578125,14727.3185546875,0,14676.5927734375
14676.5927734375,14676.5927734375,14676.5927734375,14676.5927734375,0.0,2023-05-24,0.0,52.32207378990399,121.81484213947442,151.05769061159458,-29.24284847212016,14410.279952816056,14717.1734375,15024.066922183943,4.170549270038034,0.4338847742168722,0.0,0.0,14815.24267578125,14717.1734375,-1,14338.421875
14338.421875,14507.507481945437,14338.421875,14406.056501390143,19251342.0,2023-05-25,0.0,43.055988083036304,81.21371221576555,137.0888949324288,-55.87518271666323,14349.788486000833,14700.264892578125,15050.741299155417,4.768300559729928,-0.01621594319548843,-0.02331111778735383,-0.02304151267653487,14778.04384765625,14700.264892578125,0,14270.7880859375
14270.7880859375,14473.690045317722,14101.702480434038,14406.056378534287,23360066.0,2023-05-26,0.0,41.474013156830715,43.0829097324804,118.28769789243911,-75.20478815995871,14282.274689078016,14681.665478515624,15081.056267953232,5.440674152698213,-0.014380155281861755,-0.004728121828717339,-0.004716961856201518,14693.50126953125,14681.665478515624,1,14507.5078125
14507.5078125,14507.5078125,14338.422201701937,14406.05682963314,16105293.0,2023-05-29,0.0,48.593367457954024,31.601000963011757,100.95035850655366,-69.3493575435419,14268.223485527811,14674.90205078125,15081.580616034687,5.542504663351913,0.29419343360655015,0.0164516388681727,0.016587712264872323,14649.53916015625,14674.90205078125,0,14439.873046875
14439.873046875,14608.95865606072,14372.239378618673,14541.324028774457,19540870.0,2023-05-30,0.0,46.840171113632294,16.849712208153505,84.13022924687363,-67.28051703872012,14244.797363261363,14664.756884765626,15084.716406269888,5.727466534962262,0.23225534084200652,-0.004672953938669622,-0.0046620526763889725,14605.576953125,14664.756884765626,0,14338.421875
14338.421875,14507.507481945437,14304.604561804927,14473.690168750363,19000436.0,2023-05-31,0.0,44.26062742196162,-2.9925557944661705,66.70567223860567,-69.69822803307184,14204.894225242797,14649.53916015625,15094.184095069702,6.070428974623257,0.15015087238449415,-0.007050563100785835,-0.007025766192380489,14564.99638671875,14649.53916015625,0,14473.6904296875
14473.6904296875,14473.6904296875,14236.971151114178,14304.604819693723,15734162.0,2023-06-01,0.0,48.345312849308165,-7.713735128631015,51.82179076515834,-59.535525893789355,14215.096411493643,14652.920849609374,15090.745287725105,5.975933980799505,0.29531702171168217,0.009389769629951274,0.009433991820491094,14527.79765625,14652.920849609374,0,14608.958984375
14608.958984375,14744.22728295754,14507.508000195585,14541.324355568751,27394158.0,2023-06-02,0.0,52.123662484117986,-0.5341050577790156,41.35061160057087,-41.88471665834989,14224.937750998914,14657.993408203125,15091.049065407336,5.908798634905353,0.44338554062001045,0.009302421400200506,0.00934582339898915,14514.27080078125,14657.993408203125,0,14642.7763671875
14642.7763671875,14913.312006586531,14608.959052626386,14744.227351840882,29104323.0,2023-06-05,0.0,53.0483000971574,7.794730863774021,34.6394354532115,-26.844704589437477,14227.17100685143,14659.68427734375,15092.19754783607,5.900717400316193,0.4804538827941587,0.0023121635329999457,0.0023148386444693525,14497.36240234375,14659.68427734375,0,14710.41015625
14710.41015625,14778.043826889254,14575.141855941521,14676.592841415388,17133454.0,2023-06-06,0.0,54.92334107353512,19.62663128748318,31.636874620065836,-12.010243332582657,14226.608835755764,14657.993408203125,15089.377980650486,5.885997631926119,0.560754082777579,0.004608283921699531,0.004618918391327664,14500.744140625,14657.993408203125,1,15285.298828125
15285.298828125,15420.567120600163,14879.494909729427,14879.494909729427,80607199.0,2023-06-07,0.0,66.9904607628948,74.53303842101741,40.21610738025615,34.31693104076126,14173.681949527034,14688.4287109375,15203.175472347966,7.008874421362285,1.0797706386262695,0.03833608852632789,0.03908039719958101,14561.61474609375,14688.4287109375,0,15420.5673828125
15420.5673828125,15657.286658911746,15352.932755909898,15352.932755909898,61741072.0,2023-06-08,0.0,69.08739715982658,127.49215334776272,57.671316573757466,69.82083677400526,14113.689379656955,14723.936572265626,15334.183764874297,8.289185295162813,1.0707775627520157,0.008810657143217084,0.008849585226204715,14669.829296875,14723.936572265626,0,15488.201171875
15488.201171875,15488.201171875,15217.665539237536,15420.56750347312,34664467.0,2023-06-09,0.0,70.10980938222772,172.92672339110868,80.72239793722771,92.20432545388097,14063.185172233389,14742.5359375,15421.886702766613,9.216199548662109,1.0488072381006017,0.004376356624439998,0.00438594685808269,14791.57060546875,14742.5359375,0,15522.0185546875
15522.0185546875,15657.286851123352,15217.665606979293,15623.469537256902,32262278.0,2023-06-12,0.0,70.63282373459027,209.25061680166255,106.42804171011468,102.82257509154786,14011.582708846005,14771.280419921875,15530.978130997746,10.28614567564873,0.9941031964558918,0.0021810484747535083,0.0021834286911193157,14893.0216796875,14771.280419921875,1,15826.37109375
15826.37109375,15860.188406743267,15488.20084090709,15555.835466893623,53643268.0,2023-06-13,0.0,74.89110330421458,259.6037202616226,137.06317742041628,122.5405428412063,13924.421237959266,14818.62421875,15712.827199540732,12.068636974535035,1.0634888815226617,0.019418037461209164,0.01960779379242461,15031.671484375,14818.62421875,-1,15623.4697265625
15623.4697265625,15860.18900843602,15623.4697265625,15860.18900843602,34086861.0,2023-06-14,0.0,67.82979442066573,279.9098464416602,165.63251122466505,114.27733521699514,13899.949248798808,14862.586328125,15825.223407451193,12.953829946872164,0.8952078175557542,-0.012903351946111185,-0.012820460608789053,15160.17626953125,14862.586328125,0,15657.287109375
15657.287109375,15724.920779193506,15555.836125132264,15555.836125132264,25371231.0,2023-06-15,0.0,68.36517197826844,295.3270317194183,191.57141532361572,103.75561639580258,13877.187302041195,14903.166796875,15929.146291708807,13.76861050832418,0.8675123705187481,0.002162185279894653,0.0021645244881169923,15278.5359375,14903.166796875,1,15860.1884765625
15860.1884765625,16096.908709527532,15657.286515769527,15724.920183023878,47930520.0,2023-06-16,0.0,71.43663543069296,320.2263368640215,217.30239963169691,102.92393723232459,13851.252976866981,14958.96484375,16066.676710633019,14.810006955071248,0.9067951512284713,0.012875661298048107,0.012958909533313134,15403.65888671875,14958.96484375,0,15792.5546875
15792.5546875,15894.005667113994,15758.737374618699,15860.188354232692,19138666.0,2023-06-19,0.0,69.03069136848637,330.68974846960555,239.97986939927867,90.70987907032688,13842.39461419016,15007.999560546876,16173.604506903592,15.533115411608428,0.8365441822314569,-0.004273493241546809,-0.004264374863038101,15518.63671875,15007.999560546876,1,15995.45703125
15995.45703125,15995.45703125,15758.737753450108,15792.555067144362,21211251.0,2023-06-20,0.0,72.06980242390301,351.30497588458275,262.2448906963395,89.06008518824325,13840.053980061306,15073.9427734375,16307.831566813695,16.371148702388435,0.8734186835796731,0.012766139712905996,0.012847974742845159,15647.14140625,15073.9427734375,1,16637.98046875
16637.98046875,16671.797782914764,15894.006270334892,16029.27456796399,51699766.0,2023-06-21,0.0,79.07314800155382,414.7084627380882,292.73760510468924,121.97085763339896,13770.677291668675,15172.012158203124,16573.347024737574,18.472630418725082,1.0230613843828305,0.03938331559133207,0.04016912028488551,15782.4095703125,15172.012158203124,0,16637.98046875
16637.98046875,16637.98046875,16637.98046875,16637.98046875,0.0,2023-06-22,0.0,79.07314800155382,459.65753690834936,326.12159146542126,133.5359454429281,13798.963911709083,15286.990087890625,16775.01626407217,19.467876509716085,0.9539538357874124,0.0,0.0,15904.15087890625,15286.990087890625,1,17179.052734375
17179.052734375,17280.502753347486,16739.431510021368,16807.064216649756,42336399.0,2023-06-23,0.0,83.18976908706432,532.7982454174326,367.45692225582354,165.341323161609,13801.008152724668,15432.4033203125,17063.79848790033,21.142464122105338,1.0353238285746191,0.03200271537261227,0.03252030897868052,16073.23603515625,15432.4033203125,0,17043.78515625
17043.78515625,17246.689050210585,16705.615835769,17179.05441889039,29619638.0,2023-06-26,0.0,79.00551980307509,573.239868411245,408.61351148690784,164.62635692433713,13838.668132017137,15559.2171875,17279.766242982863,22.11613906726775,0.9314227379972504,-0.007905147023616395,-0.007873983520309658,16225.4126953125,15559.2171875,1,17449.58984375
17449.58984375,17449.58984375,16976.151292708182,17145.23594149173,28957381.0,2023-06-27,0.0,81.94024542741387,630.7641365014279,453.0436364898119,177.72050001161597,13878.452047792463,15709.70302734375,17540.954006895037,23.31362949845553,0.9750541667512379,0.02353051340013215,0.023809540180174782,16387.7345703125,15709.70302734375,1,17990.662109375
17990.662109375,18058.296739893995,17517.223531861975,17584.85816238097,44014911.0,2023-06-28,0.0,84.9591978778923,711.8072721603858,504.7963636239267,207.01090853645906,13914.306997374879,15892.3150390625,17870.32308075012,24.892635677379637,1.030419246557311,0.030536707870143724,0.031007735452234675,16624.45380859375,15892.3150390625,-1,17449.58984375
17449.58984375,18058.295730206682,17449.58984375,18024.478416838,53438972.0,2023-06-29,0.0,71.99788862678344,724.0283826449195,548.6427674281254,175.38561521679412,14064.709225750257,16041.110009765625,18017.51079378099,24.641696027421535,0.8563244472922209,-0.03053670787014366,-0.03007517246088709,16803.68408203125,16041.110009765625,1,17686.30859375
17686.30859375,17720.12398805405,17348.137388171275,17381.954700535127,33495607.0,2023-06-30,0.0,73.87567271302075,744.2358380656242,587.7613815556251,156.47445650999907,14208.900793203686,16194.977490234374,18181.05418726506,24.527069558797454,0.8754465035880191,0.013474670761479306,0.013565863273559131,16986.29609375,16194.977490234374,0,17720.125
17720.125,17889.211571475316,17517.22303228953,17720.125,24766909.0,2023-07-03,0.0,74.14243350767086,754.2841749984764,621.0659402441954,133.21823475428096,14392.499190908724,16348.844921875,18305.190652841276,23.932525390202418,0.850469770352835,0.0019101848506100914,0.0019120104158958373,17179.053125,16348.844921875,0,17753.94140625
17753.94140625,17753.94140625,17517.22213635174,17686.308699178935,28645346.0,2023-07-04,0.0,74.42368801478293,756.2585776524393,648.1044677258442,108.15410992659508,14608.860677461631,16501.021484375,18393.18229128837,22.933862715166782,0.8310817762679628,0.0019065429999495064,0.001908361608623066,17354.9015625,16501.021484375,1,18227.380859375
18227.380859375,18396.4674306747,17753.942295855653,17855.394238635476,46179408.0,2023-07-05,0.0,78.02714974400494,786.9543927713275,675.874452734941,111.07994003638657,14697.372033988853,16648.1255859375,18598.87913788615,23.435113363109533,0.9047808273525756,0.026317364037119238,0.02666672387227398,17513.8416015625,16648.1255859375,0,18261.197265625
18261.197265625,18362.64920336028,17923.027975960365,18193.56264046815,40091462.0,2023-07-06,0.0,78.26272774236759,804.7332843998447,701.6462190679217,103.08706533192299,14802.4326767367,16790.157080078126,18777.88148341955,23.677257977531397,0.8700312234115583,0.0018535343205624121,0.0018552531771236502,17676.16328125,16790.157080078126,1,18565.552734375
18565.552734375,18565.552734375,17923.029495104493,18193.56418254262,32836399.0,2023-07-07,0.0,80.30896170655873,833.7709345002513,728.0711621543877,105.69977234586361,14904.88576085528,16944.024658203125,18983.163555550967,24.069120984908782,0.897601183097649,0.016529419426286163,0.016666786099667208,17814.81328125,16944.024658203125,0,18734.63671875
18734.63671875,18903.72137182369,18497.917437222874,18565.55206567631,35236700.0,2023-07-10,0.0,81.35881772902219,860.5077481814806,754.5584793598063,105.94926882167431,15031.312993231852,17104.65556640625,19177.99813958065,24.243020446976658,0.8930805196963086,0.009066181433198567,0.009107403738211062,17983.8984375,17104.65556640625,-1,18464.099609375
18464.099609375,18971.355472545492,18430.282296088986,18802.27082417528,34868763.0,2023-07-11,0.0,74.5133334813973,850.0677302530239,773.6603295384498,76.40740071457412,15170.00376815577,17236.5419921875,19303.08021621923,23.978570933408722,0.7970082050533249,-0.014545756445597758,-0.014440477999994594,18085.3494140625,17236.5419921875,-1,18261.197265625
18261.197265625,18565.551160771025,18024.47799563583,18464.099223035744,40304906.0,2023-07-12,0.0,69.77174322376541,816.0149055341135,782.1312447375825,33.88366079653099,15401.047418910308,17368.428369140624,19335.80931937094,22.65468018656037,0.7268927368590874,-0.01104984441388693,-0.010989019125902999,18112.4029296875,17368.428369140624,0,18295.015625
18295.015625,18599.369537560422,18193.563681459887,18599.369537560422,20338018.0,2023-07-13,0.0,70.11310973430741,782.7337877069403,782.2517533314541,0.4820343754862506,15666.826832677285,17500.314794921876,19333.802757166468,20.953771217608274,0.7167183113395617,0.0018502118435336104,0.0018519245415884455,18196.9455078125,17500.314794921876,1,18599.369140625
18599.369140625,18599.369140625,18295.0152345599,18362.64986214323,24797836.0,2023-07-14,0.0,73.0615411339019,772.0177076049476,780.2049441861528,-8.187236581205184,15913.708271026913,17637.273828125,19360.839385223084,19.544580119288376,0.7791002954711662,0.01649901044396512,0.016635870767396588,18288.2515625,17637.273828125,0,18464.099609375
18464.099609375,18768.453510889267,18396.466900862826,18734.636197603253,18200674.0,2023-07-17,0.0,69.76720457115711,744.0332639198532,772.970608132893,-28.93734421303975,16246.693592236466,17770.85107421875,19295.00855620103,17.15345512284969,0.727420244742239,-0.007299377873611796,-0.00727280211641923,18362.6490234375,17770.85107421875,0,18396.466796875
18396.466796875,18497.91681809973,18295.014857590428,18464.099505004873,18008430.0,2023-07-18,0.0,68.11351281112724,708.2339083099359,760.0232681683017,-51.78935985836574,16594.295079013868,17890.9015625,19187.50804598613,14.494590772371893,0.6949570825126944,-0.0036696608322392367,-0.003662935855570204,18426.9015625,17890.9015625,0,18531.734375
18531.734375,18734.6363381787,18295.015098281536,18328.832411821295,22329291.0,2023-07-19,0.0,69.66235121816311,682.9055144681515,744.5997174282718,-61.694202960120265,16802.6237597724,17985.5892578125,19168.554755852598,13.154592613931158,0.7308372974919124,0.007326009868927211,0.00735291073109634,18457.3369140625,17985.5892578125,1,19072.80859375
19072.80859375,19072.80859375,18464.100753018847,18464.100753018847,44816415.0,2023-07-20,0.0,74.91183041333682,698.4415479742383,735.368083537465,-36.92653556322671,17010.276038781318,18107.3306640625,19204.385289343685,12.117242962359997,0.9400318395449265,0.02877905275172139,0.02919717106888431,18538.498046875,18107.3306640625,0,19208.07421875
19208.07421875,19208.07421875,19005.172262679025,19174.256906394872,26797966.0,2023-07-21,0.0,76.02854940226727,713.4446263852842,730.983392107029,-17.538765721744767,17097.987608813983,18208.78173828125,19319.575867748517,12.200641925780111,0.9498099395555893,0.007067035973349771,0.007092066400977037,18602.7501953125,18208.78173828125,0,19106.625
19106.625,19343.342360280894,18937.538431142388,19241.89233702621,24922708.0,2023-07-24,0.0,73.39004381542483,708.9759367342776,726.5819010324788,-17.605964298201116,17276.041988975947,18311.92373046875,19347.80547196155,11.313740235486282,0.883586869861232,-0.005295589311627057,-0.005281592396752077,18639.9490234375,18311.92373046875,0,19106.625
19106.625,19174.257709483165,18937.538431142388,19106.625,29366990.0,2023-07-25,0.0,73.39004381542483,697.395328754319,720.7445865768468,-23.34925782252776,17384.55047255872,18394.77548828125,19405.000504003783,10.983825449417582,0.8523222552599435,0.0,0.0,18704.2015625,18394.77548828125,0,19208.07421875
19208.07421875,19241.89153110513,19038.989575034157,19106.624199744412,33205207.0,2023-07-26,0.0,74.41961814022096,688.4674929010289,714.2891678416833,-25.82167494065436,17402.162963105104,18455.64609375,19509.1292243949,11.416377679691847,0.8571144630191628,0.005295589311627107,0.005309635728445006,18798.8892578125,18455.64609375,0,19208.07421875
19208.07421875,19410.976174820975,19005.172262679025,19208.07421875,30950686.0,2023-07-27,0.0,74.41961814022096,673.626966316242,706.156727536595,-32.52976122035295,17551.91434537392,18543.5703125,19535.22627962608,10.695415719998826,0.835047601324782,0.0,0.0,18890.1951171875,18543.5703125,0,19140.44140625
19140.44140625,19343.343381531664,19038.99137763916,19208.07603736388,32963594.0,2023-07-28,0.0,72.25800670576703,648.9279024242751,694.710962514131,-45.783060089855894,17677.442879707018,18616.276953125,19555.111026542985,10.086163584501115,0.779157131151349,-0.0035272751249849,-0.003521061597834718,18944.30234375,18616.276953125,0,19072.80859375
19072.80859375,19106.625909130616,18497.918068399464,19072.80859375,66108688.0,2023-07-31,0.0,70.0662920579157,616.786384105224,679.1260468323496,-62.33966272712564,17825.449852900656,18683.9111328125,19542.372412724344,9.18931024462242,0.7265084460055299,-0.003539760848364856,-0.0035335032805416944,19005.1732421875,18683.9111328125,-1,18599.369140625
18599.369140625,19005.17307000521,18599.369140625,19005.17307000521,40672552.0,2023-08-01,0.0,57.026603455373774,546.8081283739957,652.6624631406788,-105.85433476668311,17985.32865132379,18726.18251953125,19467.036387738706,7.912492227764559,0.41441404010410215,-0.025136023914797665,-0.02482274442161303,19025.4634765625,18726.18251953125,0,18599.369140625
18599.369140625,18836.08841910677,18430.282571666678,18531.734513041672,26896848.0,2023-08-02,0.0,57.026603455373774,485.7504279763234,619.2800561078078,-133.5296281314844,18038.797599563608,18744.78193359375,19450.76626762389,7.532595860876895,0.3970141503433552,0.0,0.0,19032.226953125,18744.78193359375,-1,18159.748046875
18159.748046875,18599.369293664164,17923.02876644546,18497.917351454405,84258979.0,2023-08-03,0.0,47.5055340148921,397.3080919470776,574.8856632756618,-177.5775713285842,18017.816952616922,18739.70947265625,19461.601992695578,7.704415280211957,0.09830486555695685,-0.02392016396711486,-0.023636344352657268,18940.9208984375,18739.70947265625,1,18497.91796875
18497.91796875,18599.36991434532,18125.931337687078,18125.931337687078,32191856.0,2023-08-04,0.0,53.88380326590649,350.4644538749126,530.001421395512,-179.53696752059943,18010.37780299755,18736.327734375,19462.277665752452,7.749116493575964,0.33579462210800687,0.0184506845150559,0.018621950095458084,18869.9052734375,18736.327734375,0,18633.1875
18633.1875,18768.454844697175,18464.100921553545,18633.1875,33529438.0,2023-08-07,0.0,56.177500859128386,320.5604327628171,488.11322366897303,-167.55279090615596,18003.839351027837,18731.2552734375,19458.67119584716,7.766867855793938,0.43259167800957943,0.007286081465269576,0.007312689540440287,18822.5615234375,18731.2552734375,-1,18396.466796875
18396.466796875,18869.905344083323,18362.649483780144,18667.001465514175,37125316.0,2023-08-08,0.0,51.36297233425754,274.59454323467435,445.40948758211334,-170.814944347439,17994.622960494005,18727.8736328125,19461.124305130998,7.8305811614810485,0.2740153207840831,-0.012785640719061738,-0.012704251654474086,18751.545703125,18727.8736328125,1,18802.271484375
18802.271484375,18836.088798848432,18295.015603393353,18396.46754681365,61946385.0,2023-08-09,0.0,58.007030636231995,267.82398328260024,409.89238672221074,-142.0684034396105,18055.005731856396,18754.92734375,19454.848955643607,7.463869084268689,0.5338210306843585,0.021819061906878434,0.02205883836177347,18710.9654296875,18754.92734375,-1,18497.91796875
18497.91796875,18869.906517872885,18464.10065355156,18869.906517872885,24777944.0,2023-08-10,0.0,52.24283046664814,235.1883754266164,374.9515844630919,-139.76320903647547,18087.700556555472,18765.0724609375,19442.444365319527,7.219496815608737,0.30280072847778744,-0.016319502653086414,-0.01618706100898093,18639.9498046875,18765.0724609375,1,18734.63671875
18734.63671875,18768.45403297672,18362.650098375903,18531.734751449592,33950664.0,2023-08-11,0.0,55.91239044550661,225.8225045944164,345.1257684893568,-119.30326389494041,18098.742558097845,18771.83583984375,19444.929121589652,7.171310121061723,0.47236703878750685,0.012715858024044928,0.01279704831645967,18599.3693359375,18771.83583984375,1,19038.990234375
19038.990234375,19174.25757042017,18700.81901717227,18802.27095775105,65262172.0,2023-08-14,0.0,60.15188022672383,240.19000869774027,324.1386165310335,-83.94860783329324,18133.74904078867,18800.58037109375,19467.411701398833,7.093731333212965,0.6787632437517404,0.01611495250275334,0.016245498655460766,18595.9875,18800.58037109375,0,18903.720703125
18903.720703125,19106.62458130781,18836.087995123904,19038.989955246874,26046702.0,2023-08-15,0.0,57.50514737789857,237.91866031775135,306.8946252883771,-68.97596497062574,18185.775501078064,18825.94306640625,19466.110631734435,6.800908332401424,0.5607478736281161,-0.007130228758091461,-0.007104868986474444,18626.42265625,18825.94306640625,0,18903.720703125
18903.720703125,18937.538016155468,18700.81874300203,18903.720703125,21772014.0,2023-08-16,0.0,57.50514737789857,233.42779010188679,292.201258251079,-58.77346814919224,18218.915817582758,18844.5423828125,19470.16894804224,6.639870075065919,0.547295242562766,0.0,0.0,18656.8578125,18844.5423828125,0,19005.173828125
19005.173828125,19410.977773692804,18937.53919784371,18937.53919784371,67670024.0,2023-08-17,0.0,59.071611165959055,235.34228306550358,280.82946321396395,-45.48718014846037,18220.01414584949,18841.16064453125,19462.30714321301,6.593505680469322,0.6320245577668314,0.005352483551205142,0.005366833682811878,18741.400390625,18841.16064453125,-1,17923.029296875
17923.029296875,18937.53915869739,17720.125406450567,18869.906446615867,67312396.0,2023-08-18,0.0,41.49928743494313,147.8353587285601,254.23064231688318,-106.39528358832308,18057.488793337874,18776.9083984375,19496.328003537124,7.6628121076576265,-0.09344998072734906,-0.05862480999637748,-0.05693947032721047,18683.9115234375,18776.9083984375,-1,17720.125
17720.125,17956.84428200553,17517.22303228953,17889.211571475316,45652767.0,2023-08-21,0.0,39.14777070112912,61.40497143490575,215.6655081404877,-154.26053670558196,17865.231965298954,18707.5833984375,19549.934831576044,9.005454260959223,-0.08613208192588619,-0.011385439516605473,-0.011320870680626371,18592.6052734375,18707.5833984375,0,17686.30859375
17686.30859375,17821.575925145607,16976.150788288498,17720.12398805405,51069308.0,2023-08-22,0.0,38.75363949686531,-9.708520777330705,170.59070235692403,-180.29922313425473,17701.485955732842,18636.567578125,19571.649200517157,10.034912474867163,-0.008115527895850733,-0.0019101848506101918,-0.001908361608622955,18521.589453125,18636.567578125,-1,17348.138671875
17348.138671875,17889.21187361463,17348.138671875,17821.57724388219,31616283.0,2023-08-23,0.0,34.96282518585326,-92.29009937492447,118.01454201055432,-210.3046413854788,17485.891614837416,18543.57080078125,19601.249986725084,11.407502873171266,-0.06512038092131398,-0.01930559499962577,-0.01912043545335984,18376.176171875,18543.57080078125,1,17787.759765625
17787.759765625,17787.759765625,17314.32119796662,17348.138512522208,24098698.0,2023-08-24,0.0,42.796584206606205,-120.8695383830127,70.23772593184093,-191.10726431485364,17412.011438199723,18472.555078125,19533.098718050274,11.482370851676714,0.17714892309936056,0.02502534766138205,0.025341110194301075,18305.1603515625,18472.555078125,-1,17551.041015625
17551.041015625,17855.394937822537,17551.041015625,17720.125675485862,31722860.0,2023-08-25,0.0,40.002530046401276,-160.76695312287848,24.036790120897045,-184.80374324377553,17305.414230110277,18393.08505859375,19480.755887077226,11.82695371677505,0.11291411844574228,-0.013397301856959597,-0.013307957444841478,18186.80078125,18393.08505859375,1,18159.748046875
18159.748046875,18159.748046875,17584.857543806156,17584.857543806156,33134349.0,2023-08-28,0.0,49.18891292354848,-141.63568351026333,-9.097704605335032,-132.5379789049283,17304.145695566287,18347.43203125,19390.71836693371,11.372559755575049,0.4100515467539403,0.0340942337238285,0.03468210408192274,18098.8765625,18347.43203125,0,18261.197265625
18261.197265625,18362.64920336028,18058.295308214256,18193.56264046815,26091859.0,2023-08-29,0.0,50.54791854525405,-116.93990002732608,-30.666143689733243,-86.27375633759283,17293.48652363275,18330.5234375,19367.56035136725,11.314864165261243,0.46657487744748,0.005570941679616218,0.005586488231452025,18034.62421875,18330.5234375,0,18396.466796875
18396.466796875,18430.282191910017,18092.112897081122,18261.197544495568,29248507.0,2023-08-30,0.0,52.37692874856848,-85.46797144351513,-41.626509240489625,-43.8414622030255,17290.469948308604,18320.3783203125,19350.286692316393,11.243308997194625,0.536939439774849,0.007380183581647762,0.007407484256502395,17983.898828125,18320.3783203125,1,18667.001953125
18667.001953125,18869.90583699431,18464.099987315585,18531.73461527202,37656313.0,2023-08-31,0.0,55.89067482918539,-38.25533149672992,-40.95227369173769,2.6969421950077646,17307.53821708606,18345.741015625,19383.94381416394,11.318188757321996,0.6547197416304932,0.014598739412877003,0.01470582146219268,17950.081640625,18345.741015625,0,18667.001953125
18667.001953125,18667.001953125,18667.001953125,18667.001953125,0.0,2023-09-01,0.0,55.89067482918539,-0.8294132307710242,-32.927701599544356,32.09828836877333,17308.051389876193,18354.19521484375,19400.339039811304,11.399506355053896,0.6495046526183685,0.0,0.0,18024.47890625,18354.19521484375,0,18667.001953125
18667.001953125,18667.001953125,18667.001953125,18667.001953125,0.0,2023-09-04,0.0,55.8906748291854,28.50233940758335,-20.641693398118818,49.14403280570217,17307.736241839797,18355.8859375,19404.0356331602,11.420311710685604,0.6484120144828344,0.0,0.0,18119.1666015625,18355.8859375,0,18802.271484375
18802.271484375,18903.721509735376,18430.28294322716,18802.271484375,35576323.0,2023-09-05,0.0,57.8335732665102,61.94897613954163,-4.123559490586729,66.07253563012836,17309.17704944393,18376.176171875,19443.175294306067,11.612852559218782,0.6996699451491482,0.007220322494001483,0.007246451872115145,18230.762890625,18376.176171875,1,19613.87890625
19613.87890625,19613.87890625,18531.734458406514,18768.45373619039,76338319.0,2023-09-06,0.0,67.17570188007852,152.1912468211085,27.139401771752322,125.05184504935619,17226.866732280025,18416.75654296875,19606.646353657474,12.921817236521022,1.0030391690589988,0.042259736934123035,0.043165392146872206,18457.3369140625,18416.75654296875,-1,19377.16015625
19377.16015625,19816.78141009994,19275.710130470747,19613.879440481498,48891453.0,2023-09-07,0.0,62.8050620072714,202.27596035429087,62.16671348826003,140.10924686603084,17195.61088080274,18460.71865234375,19725.82642388476,13.705942822333125,0.8621989859369636,-0.012142362148276228,-0.012068941137623135,18616.276953125,18460.71865234375,0,19444.794921875
19444.794921875,19715.331522617285,19208.07563598299,19275.71026568355,49068452.0,2023-09-08,0.0,63.5350742740237,244.60634729932644,98.65464025047332,145.9517070488531,17160.836005543446,18496.2265625,19831.617119456554,14.43959990914016,0.8551651441720735,0.003484360018295215,0.003490437457275508,18805.65234375,18496.2265625,-1,18937.5390625
18937.5390625,19647.696921198247,18768.454406065164,19613.879606299288,69256770.0,2023-09-11,0.0,54.84151656826135,234.5187887756474,125.82746995550815,108.69131882013926,17163.697201930794,18491.15400390625,19818.610805881704,14.357749675277493,0.668135436847912,-0.026433275004694678,-0.02608697399036841,18883.4314453125,18491.15400390625,1,19444.794921875
19444.794921875,19444.794921875,18734.637064198978,18937.539035240705,32837560.0,2023-09-12,0.0,60.64127266021244,264.4077070473977,153.54351737388606,110.86418967351165,17134.48625908247,18518.20771484375,19901.929170605028,14.944442540755398,0.8348170989086356,0.026433275004694633,0.026785732702696574,19001.7912109375,18518.20771484375,-1,19208.07421875
19208.07421875,19884.414711673184,19106.624199744412,19478.610799531234,71428816.0,2023-09-13,0.0,56.96448611040052,265.92805465150377,176.0204248294096,89.90762982209418,17125.372009097926,18533.425390625,19941.478772152077,15.1947451898377,0.7395679158816131,-0.012248698117022,-0.012173988158583948,19082.951953125,18533.425390625,-1,18802.271484375
18802.271484375,19309.52736535665,18768.454169901568,19208.07542193635,50361168.0,2023-09-14,0.0,51.23007870410051,231.71696294216963,187.1597324519616,44.55723049020804,17126.66095593295,18523.2802734375,19919.89959094205,15.079611136773751,0.5998809079327343,-0.0213530366871199,-0.021126674634507348,19096.47890625,18523.2802734375,0,18667.001953125
18667.001953125,19005.17317484729,18667.001953125,18869.90583699431,35937871.0,2023-09-15,0.0,49.44333676196756,191.482020073694,188.0241899763081,3.4578300973859086,17191.82446665857,18560.47890625,19929.133345841426,14.748050915114606,0.5389152454387248,-0.007220322494001532,-0.007194318588709447,19096.47890625,18560.47890625,0,18667.001953125
18667.001953125,19005.17317484729,18396.467277419044,18667.001953125,30334022.0,2023-09-18,0.0,49.44333676196756,157.77678540381748,181.97470906180996,-24.197923657992476,17297.290936998055,18607.82275390625,19918.354570814445,14.085815780173219,0.5225783145648327,0.0,0.0,19096.47890625,18607.82275390625,1,19038.990234375
19038.990234375,19038.990234375,18599.36899465336,18937.53829379622,30539770.0,2023-09-19,0.0,54.50401286045663,159.24580306526695,177.42892786250135,-18.1831247972344,17427.019962954455,18675.4568359375,19923.893708920546,13.369813482481,0.6455954266910042,0.0197316303677133,0.01992758570359099,19120.15078125,18675.4568359375,0,19208.07421875
19208.07421875,19309.52615581539,18971.354950323897,19038.989575034157,38624216.0,2023-09-20,0.0,56.62914538070861,172.07015693175708,176.3571736763525,-4.287016744595405,17667.997800680714,18768.45361328125,19868.909425881786,11.726654046999512,0.6997447786794198,0.008841728813408077,0.008880932354790483,19079.5703125,18768.45361328125,0,19208.07421875
19208.07421875,19681.51275560221,19038.989575034157,19208.07421875,62321582.0,2023-09-21,0.0,56.62914538070861,180.156814155569,177.11710177219578,3.039712383373228,17825.57580626362,18839.4693359375,19853.362865611383,10.763504126305879,0.6817769183964809,0.0,0.0,19062.66171875,18839.4693359375,-1,18464.099609375
18464.099609375,18903.720845973465,18092.11299934856,18768.453510889267,73447242.0,2023-09-22,0.0,45.729053783806805,125.0910432650453,166.7118900707657,-41.62084680572039,18048.830133280717,18885.122265625,19721.41439796928,8.856623966544444,0.24828015237343293,-0.039502437761759185,-0.03873238935367962,18964.5921875,18885.122265625,-1,17584.857421875
17584.857421875,18599.369164698513,17381.955456922275,18261.197944404048,53540031.0,2023-09-25,0.0,36.73084365117724,10.383828399080812,135.44627773642873,-125.06244933734791,17886.2911982916,18856.377734375,19826.4642704584,10.289214076518427,-0.155364374828663,-0.048790127146574,-0.0476190123591822,18829.3240234375,18856.377734375,0,17720.125
17720.125,18125.930853480848,17483.40763605438,17483.40763605438,44777647.0,2023-09-26,0.0,38.72837317440172,-68.81425483236308,94.59417122267037,-163.40842605503343,17763.860052027267,18829.32412109375,19894.78819016023,11.317071841924315,-0.02052394505691102,0.007662841375055971,0.007692276080483396,18656.85703125,18829.32412109375,1,17923.029296875
17923.029296875,18058.296639098,17686.310009439785,17686.310009439785,29512335.0,2023-09-27,0.0,41.70167797042674,-113.8937293532108,52.89659110749414,-166.79032046070495,17680.33940690578,18805.65224609375,19930.965085281718,11.967815042647251,0.10783218742280888,0.011385439516605575,0.011450500313908707,18528.3525390625,18805.65224609375,0,17990.662109375
17990.662109375,18159.748685672486,17720.125505358992,17990.662109375,24048895.0,2023-09-28,0.0,42.69980768904743,-142.51926162050586,13.81342056189414,-156.3326821824,17589.76072391182,18771.83525390625,19953.909783900683,12.594128533580145,0.1695753420323969,0.003766412741448552,0.0037735145872797027,18447.1916015625,18771.83525390625,-1,17787.759765625
17787.759765625,18159.748307676542,17753.94245106941,18125.930993120954,21807733.0,2023-09-29,0.0,40.461659090412866,-179.50846376302434,-24.850956303089554,-154.65750745993478,17466.634227462495,18727.87314453125,19989.112061600008,13.46910999807848,0.12730559365739857,-0.011342284446908029,-0.011278203243240692,18359.2673828125,18727.87314453125,0,17720.125
17720.125,17889.211571475316,17584.857660879657,17787.759628590127,16570659.0,2023-10-02,0.0,39.714387491767305,-211.83829331185552,-62.24842370484275,-149.58986960701276,17341.01175994286,18680.529296875,20020.04683380714,14.341323156793246,0.14151111486207674,-0.0038095678111461154,-0.0038023206135100462,18264.5796875,18680.529296875,-1,16773.25
16773.25,17652.492510438078,16705.615370563246,17652.492510438078,59006376.0,2023-10-03,0.0,31.064561644630203,-310.2880082767624,-111.85634061922669,-198.43166765753574,16993.61756586049,18579.07822265625,20164.53887945201,17.06716165135007,-0.06949638419469134,-0.054915643819890336,-0.0534350068072319,18038.0056640625,18579.07822265625,1,17077.6015625
17077.6015625,17246.688131796353,16232.176388257783,16570.345690730715,30630230.0,2023-10-04,0.0,35.89740454259953,-359.6061730409856,-161.40630710357848,-198.1998659374071,16810.571348351685,18452.26435546875,20093.957362585814,17.793946319986592,0.08132769433465525,0.017982399250633215,0.01814505611613737,17824.9583984375,18452.26435546875,-1,16840.8828125
16840.8828125,17246.68867349731,16807.065497578562,17179.054043654432,15135793.0,2023-10-05,0.0,33.90635075269134,-413.0312317817188,-211.73129203920658,-201.29993974251224,16595.13419458004,18325.45048828125,20055.76678198246,18.88429749443498,0.0710126289668964,-0.013958323773624028,-0.01386135805626243,17588.2392578125,18325.45048828125,0,16874.69921875
16874.69921875,17111.418492393223,16671.797258207214,16807.064592549126,22143000.0,2023-10-06,0.0,34.46555319329728,-447.4839578545834,-258.88182520228196,-188.60213265230146,16435.19110816812,18196.945703125,19958.700298081876,19.36319010562666,0.12473590585203975,0.00200598154042356,0.0020079948674009973,17429.29921875,18196.945703125,1,17246.6875
17246.6875,17314.320207181074,16874.698979234934,16874.698979234934,16599264.0,2023-10-09,0.0,40.43566062032904,-439.70302327800164,-295.04606481742593,-144.6569584605757,16338.052858185878,18112.403125,19886.753391814123,19.592654321668014,0.2560471454842993,0.021804683526266376,0.022044142916436194,17395.4822265625,18112.403125,1,17584.857421875
17584.857421875,17753.94207299229,17314.320829251403,17381.955456922275,29046824.0,2023-10-10,0.0,45.313041591428664,-401.619470815971,-316.36074601713494,-85.25872479883606,16347.056322962799,18019.40625,19691.7561770372,18.561654072671804,0.370078378603794,0.019418061901135465,0.01960781871156425,17381.95546875,18019.40625,0,17720.125
17720.125,17753.94231429506,17449.590321759315,17686.309603764847,19605194.0,2023-10-11,0.0,47.17629792236158,-356.41449361419654,-324.3714955365473,-32.04299807764926,16365.500477461332,17945.0087890625,19524.51710066367,17.603873368553387,0.4288120906326434,0.007662841375055971,0.007692276080483396,17361.6650390625,17945.0087890625,-1,17449.58984375
17449.58984375,17787.759141317092,17314.320590275274,17787.759141317092,32022843.0,2023-10-12,0.0,43.950983123266965,-338.5169371186312,-327.2005838529641,-11.31635326566709,16337.068918727657,17877.37470703125,19417.680495334844,17.231901367461795,0.3611363839149146,-0.01538485561208961,-0.015267113310430958,17307.5578125,17877.37470703125,0,17415.7734375
17415.7734375,17415.7734375,16942.33486179864,17314.321492109728,28418544.0,2023-10-13,0.0,43.55018408332546,-323.33449720479985,-326.4273665233313,3.0928693185314273,16308.275945685891,17814.81328125,19321.35061681411,16.913310420712996,0.3675639048797341,-0.0019398287395597054,-0.0019379484877756203,17270.3591796875,17814.81328125,-1,16908.517578125
16908.517578125,17449.590785093147,16908.517578125,17415.77346990014,23529660.0,2023-10-16,0.0,37.958401274610864,-348.21955446228094,-330.7858041111212,-17.433750351159745,16224.512486568907,17726.8890625,19229.26563843109,16.95025642270493,0.2276410263958568,-0.029558821306517612,-0.02912623210191556,17189.1984375,17726.8890625,0,16773.25
16773.25,17212.87125521904,16773.25,17043.784681627152,21352386.0,2023-10-17,0.0,36.608525324866214,-374.5386562157255,-339.5363745320421,-35.00228168368341,16188.080386609277,17613.60205078125,19039.12371495322,16.186600106691326,0.2052475343230312,-0.008032138161723438,-0.007999966732742947,17189.1984375,17613.60205078125,-1,16232.1767578125
16232.1767578125,16874.69998158718,15691.104518895405,16773.249955759562,44910505.0,2023-10-18,0.0,31.745416358177877,-434.0533261262208,-358.43976485087785,-75.61356127534293,16121.14931620092,17464.807177734376,18808.46503926783,15.387033453727048,0.04131536933251379,-0.032789863577988444,-0.03225810395644846,17104.65595703125,17464.807177734376,-1,16029.2744140625
16029.2744140625,16367.44371634346,15860.188803892079,16299.8110067232,30213361.0,2023-10-19,0.0,30.129074404150117,-491.9210940632038,-385.13603069334306,-106.78506336986072,16083.939111275864,17305.8671875,18527.795263724136,14.12154690643567,-0.022368213922329475,-0.0125787905838671,-0.01250000827229436,17023.4951171875,17305.8671875,1,16468.896484375
16468.896484375,16468.896484375,15792.555927810234,16029.275218510902,23767933.0,2023-10-20,0.0,37.54852924397628,-496.5835836292099,-407.4255412805164,-89.15804234869347,16058.82283291906,17206.10703125,18353.391229580942,13.33577893299426,0.17871493918094183,0.02705683904260471,0.02742619902537946,16982.91484375,17206.10703125,-1,16232.1767578125
16232.1767578125,16468.896042156848,16029.274788097337,16468.896042156848,17349512.0,2023-10-23,0.0,35.37053477736056,-513.4610840277455,-428.63264982996225,-84.82843419778328,15927.484626514432,17138.472998046876,18349.46136957932,14.131811762581764,0.125803078898477,-0.01447804845873757,-0.014373745489692613,16881.46376953125,17138.472998046876,0,16232.1767578125
16232.1767578125,16502.71335678603,15995.457473468154,16265.994072441683,14103421.0,2023-10-24,0.0,35.37053477736056,-520.8327885106119,-447.0726775660922,-73.76011094451968,15821.142273075699,17064.0755859375,18307.0088987993,14.567836465587414,0.1653485671690672,0.0,0.0,16746.195703125,17064.0755859375,0,16265.994140625
16265.994140625,16637.98076698543,16265.994140625,16265.994140625,17514169.0,2023-10-25,0.0,35.985733640232354,-517.9752411031877,-461.25319027351134,-56.72205082967639,15758.626116053741,16981.223828125,18203.821540196255,14.39940636135236,0.2074958997394588,0.002081187592028138,0.0020833547660958907,16600.7826171875,16981.223828125,-1,15420.5673828125
15420.5673828125,16130.724252080307,15285.299088037227,16096.90885668887,45056431.0,2023-10-26,0.0,28.64479816207536,-577.275020924546,-484.4575564037183,-92.81746452082768,15539.911486709218,16852.719091796876,18165.526696884535,15.57977199924578,-0.045453767724307446,-0.05337451681029222,-0.051975105271986455,16397.88037109375,16852.719091796876,1,15792.5546875
15792.5546875,15894.005667113994,15454.384435776718,15724.920061737395,21803522.0,2023-10-27,0.0,34.934217023534046,-587.4821287192044,-505.0624708668155,-82.41965785238892,15436.099861696277,16752.958837890626,18069.817814084978,15.72091221541086,0.13534282419285995,0.023836443950687545,0.024122802712312152,16235.55849609375,16752.958837890626,-1,15555.8359375
15555.8359375,16063.090852595249,15555.8359375,15792.555217554433,23483922.0,2023-10-30,0.0,32.94421608373409,-607.6677444703582,-525.583525587524,-82.0842188828342,15306.989476733474,16644.744384765625,17982.499292797776,16.074201887492528,0.09300898814588603,-0.015102736998455036,-0.01498926264205791,16100.29033203125,16644.744384765625,0,15555.8359375
15555.8359375,15894.006200573482,15488.201309467335,15894.006200573482,30189984.0,2023-10-31,0.0,32.94421608373409,-616.5576970449602,-543.7783598790113,-72.77933716594885,15162.558724528133,16583.873681640624,18005.188638753116,17.14092840306635,0.13834977638272353,0.0,0.0,15978.54892578125,16583.873681640624,1,16198.359375
16198.359375,16198.359375,15522.01883944304,15555.836153929877,27796797.0,2023-11-01,0.0,43.14028233121655,-565.241030149904,-548.0708939331898,-17.170136216714127,15128.540629656003,16539.911572265624,17951.282514875245,17.066245323538844,0.37899984796551955,0.04047409429750259,0.041304333632825596,15975.1671875,16539.911572265624,1,17077.6015625
17077.6015625,17314.320841455006,16299.811015976324,16367.44372563498,38683893.0,2023-11-02,0.0,53.54897006543982,-448.4551932076247,-528.1477537880769,79.69256058045221,15125.853680867736,16551.747509765624,17977.64133866351,17.229526103592406,0.6843945327755657,0.052857790797150576,0.05427970618166378,16079.99990234375,16551.747509765624,0,16976.15234375
16976.15234375,17246.68894938928,16739.433053573128,17179.054318464467,29763531.0,2023-11-03,0.0,52.3580044082084,-359.9385327889431,-494.5059095882502,134.56737679930706,15125.377774317261,16556.820166015626,17988.26255771399,17.291271842603333,0.6464719014073798,-0.005958198861179796,-0.005940483994706147,16130.72548828125,16556.820166015626,1,17415.7734375
17415.7734375,17517.223464830313,17043.784889128958,17145.23683451923,29592050.0,2023-11-06,0.0,56.837874665453825,-251.41652033511855,-445.88803173762386,194.4715114025053,15114.805641770336,16565.274462890626,18015.743284010914,17.512161653217593,0.7931807158572636,0.025566759078787728,0.025896391882454628,16249.08515625,16565.274462890626,0,17449.58984375
17449.58984375,17720.12451457973,17212.87056822909,17449.58984375,28839188.0,2023-11-07,0.0,57.17148700132585,-160.82940101562053,-388.8763055932232,228.04690457760267,15126.921355073235,16558.511083984376,17990.100812895518,17.291285691692355,0.8112200170796743,0.0019398287395596863,0.0019417114244943967,16370.82646484375,16558.511083984376,1,18227.380859375
18227.380859375,18227.380859375,17314.321046596247,17449.59030363601,50603942.0,2023-11-08,0.0,64.05350738426532,-25.977766102732858,-316.2965976951252,290.3188315923923,15051.225842813235,16583.873876953126,18116.521911093016,18.483594912885046,1.0361658207927031,0.04360876264915819,0.044573598725793806,16566.96513671875,16583.873876953126,0,18058.296875
18058.296875,18531.735456055132,17990.662243974988,18227.38153450255,45537043.0,2023-11-09,0.0,61.73124014943176,66.48308604243721,-239.7406609476127,306.2237469900499,14987.964905994519,16614.309228515624,18240.65355103673,19.577633955792308,0.9439366333710794,-0.009319666533086298,-0.009276373038973107,16830.7380859375,16614.309228515624,0,17923.029296875
17923.029296875,18328.833241603956,17821.577351662785,17855.394666733522,40700140.0,2023-11-10,0.0,59.86145180069959,127.37570657876859,-166.31738744233644,293.693094021105,14946.262615529746,16639.672021484374,18333.081427439003,20.353879616956114,0.8789270541659583,-0.0075188009873768434,-0.007490605512874504,17043.785546875,16639.672021484374,1,18396.466796875
18396.466796875,18667.001465514175,17923.028249666677,17923.028249666677,63889016.0,2023-11-13,0.0,63.97439195727017,211.3991191747118,-90.77408611892679,302.1732052936386,14848.89735645942,16714.069482421874,18579.241608384327,22.318587677573657,0.9510032320971414,0.02607218542267331,0.026415038002674418,17327.8486328125,16714.069482421874,0,18261.197265625
18261.197265625,18599.368473349452,18058.295308214256,18531.733848192598,33769454.0,2023-11-14,0.0,62.01898394102047,264.0295895797972,-19.81335097918199,283.8429405589792,14798.808254354564,16788.466845703126,18778.125437051687,23.702683629598955,0.8700962633302026,-0.007380183581647709,-0.0073530168995809,17598.384765625,16788.466845703126,0,18261.197265625
18261.197265625,18802.270430760196,18261.197265625,18633.18578592788,50264319.0,2023-11-15,0.0,62.01898394102047,302.2554044033859,44.60040009733159,257.6550043060543,14814.616942252938,16889.91787109375,18965.21879993456,24.574434815844594,0.8303808559699338,0.0,0.0,17804.6685546875,16889.91787109375,0,18396.466796875
18396.466796875,18396.466796875,18125.930210175982,18159.74752327084,23610972.0,2023-11-16,0.0,63.31926900257566,339.55063042581605,103.59044616302847,235.96018426278758,14870.573175261461,17008.277490234374,19145.981805207288,25.13722293395457,0.8246916088715981,0.007380183581647762,0.007407484256502395,17936.555078125,17008.277490234374,-1,17923.029296875
17923.029296875,18531.735213968434,17787.760036592044,18396.467871745434,55948464.0,2023-11-17,0.0,56.08247045123988,327.13391998269435,148.29914092696166,178.8347790557327,14921.716826124702,17080.984130859375,19240.251435594048,25.282703715339565,0.6949840031776645,-0.02607218542267334,-0.025735240643079527,18031.2427734375,17080.984130859375,0,18024.478515625
18024.478515625,18193.56316533525,17652.491902650472,17652.491902650472,26499000.0,2023-11-20,0.0,57.211001338903266,321.7705213308727,182.99341700774386,138.77710432312887,15010.888806332368,17170.59921875,19330.309631167635,25.155911973756467,0.6976837477759681,0.005644312735782898,0.005660271880919554,18092.11328125,17170.59921875,1,18295.015625
18295.015625,18599.369537560422,18227.380995973257,18261.19831048663,38773046.0,2023-11-21,0.0,60.151685145409445,335.4828357124279,213.4913007486807,121.99153496374723,15105.716672492263,17273.741162109374,19441.765651726484,25.101968001844988,0.7355311177944746,0.014897900948776448,0.01500942782563608,18176.655859375,17273.741162109374,0,18396.466796875
18396.466796875,18396.466796875,18193.562918305855,18261.197544495568,24705925.0,2023-11-22,0.0,61.22778295623409,350.49590672262275,240.8922219434691,109.60368477915364,15211.365899134536,17380.264794921874,19549.16369070921,24.95818011266481,0.7342667986799432,0.005529971738114012,0.005545290255798863,18193.564453125,17380.264794921874,-1,17483.408203125
17483.408203125,18497.918074582754,17483.408203125,18464.100759190835,31485894.0,2023-11-23,0.0,48.52651323679719,285.4274459702392,249.79926674882316,35.62817922141605,15520.485248698558,17483.4068359375,19446.328423176445,22.454680665602513,0.5000003482532128,-0.05090629575013786,-0.049632280145506025,18136.0755859375,17483.4068359375,1,17855.39453125
17855.39453125,17855.39453125,17280.504015529517,17584.85793079683,38083782.0,2023-11-24,0.0,52.820538519936335,260.86927131700577,252.0132676624597,8.856003654546072,15787.796690765013,17586.548828125,19385.30096548499,20.455999126825414,0.5747311698874703,0.021053348686590586,0.021276533945967735,18129.312109375,17586.548828125,0,17787.759765625
17787.759765625,18092.113678565365,17720.125136513823,17923.029023847354,24284119.0,2023-11-27,0.0,51.971602786414905,233.26030108222403,248.26267434641255,-15.00237326418852,16173.86532811784,17698.14501953125,19222.42471094466,17.225304569843345,0.5293957685714012,-0.003795110064585502,-0.003787917735820878,18068.44140625,17698.14501953125,1,18058.296875
18058.296875,18058.296875,17618.675609457376,17855.39489998494,27389947.0,2023-11-28,0.0,55.08145137186597,230.552412317571,244.72062194064426,-14.168209623073267,16674.9611788795,17823.26806640625,18971.574953933,12.885480746273542,0.6023371065464741,0.015094672692836368,0.015209172652411063,18048.1513671875,17823.26806640625,1,18261.197265625
18261.197265625,18328.831890781854,18024.47799563583,18058.295308214256,32674356.0,2023-11-29,0.0,57.31383588717902,241.98925527469328,244.17434860745408,-2.1850933327608004,17055.586988693485,17926.4099609375,18797.232933181516,9.715531153661889,0.6922246629672556,0.011173200853648707,0.01123585419098383,18048.1513671875,17926.4099609375,-1,17956.84375
17956.84375,18396.46690475124,17956.84375,18328.83227816492,30794161.0,2023-11-30,0.0,53.05446599476904,223.91311953284094,240.12210279253145,-16.208983259690513,17196.607893027227,17970.3720703125,18744.136247597773,8.611554332406401,0.4912581115088814,-0.01680713100594884,-0.016666679144741403,18004.1890625,17970.3720703125,1,18193.5625
18193.5625,18328.831749269324,17889.210525263617,18125.929793425137,22360945.0,2023-12-01,0.0,55.805483103616915,226.0827354669127,237.3142293274077,-11.231493860494993,17410.3579819274,18031.242578125,18652.1271743226,6.886764386951792,0.6307166604463015,0.01309651304202284,0.013182647980662043,18031.2423828125,18031.242578125,1,18599.369140625
18599.369140625,18768.453791523443,18295.0152345599,18396.467175934893,61480438.0,2023-12-04,0.0,60.11993865878141,257.57817528885425,241.367018519697,16.211156769157242,17491.294123417236,18090.42236328125,18689.550603145264,6.623706487694673,0.924739432629037,0.0220598402514247,0.02230495762580853,18088.7314453125,18090.42236328125,0,18430.283203125
18430.283203125,18633.18709282688,18362.650491284323,18599.369777876567,32686117.0,2023-12-05,0.0,57.596867514920255,265.8303889637209,246.2596926085018,19.5706963552191,17604.02102078718,18139.45703125,18674.89304171282,5.903550580818285,0.7715788312627825,-0.009132524989347942,-0.00909095014038297,18102.258203125,18139.45703125,1,18667.001953125
18667.001953125,18667.001953125,18396.467277419044,18430.282673337366,27077041.0,2023-12-06,0.0,60.12019624651331,288.1499394045568,254.63774196771283,33.51219743684396,17576.955339189826,18161.4380859375,18745.920832685177,6.436524948982354,0.9324882727511489,0.012762225696373876,0.012844010446885656,18129.31171875,18161.4380859375,0,18667.001953125
18667.001953125,18869.90583699431,18227.38070752795,18700.81926710322,71773666.0,2023-12-07,0.0,60.12019624651331,302.3530066798012,264.1807949101305,38.172211769670696,17567.942505835883,18191.87333984375,18815.80417385162,6.859445669526927,0.8807542337900052,0.0,0.0,18247.67109375,18191.87333984375,0,18734.63671875
18734.63671875,19106.625257184005,18599.36937990303,18802.271347203437,76641932.0,2023-12-08,0.0,60.89137513999157,315.4305135500981,274.430738638124,40.9997749119741,17577.351365795163,18232.4537109375,18887.55605607984,7.186112802242831,0.8832859182509761,0.0036166778649599656,0.0036232259360575725,18335.5953125,18232.4537109375,0,18599.369140625
18599.369140625,18802.271105315107,18464.09988545834,18734.636477731776,25911520.0,2023-12-11,0.0,58.45667952598452,311.29119773138154,281.8028304567755,29.48836727460605,17570.73201573914,18242.598828125,18914.465640510858,7.365911169959266,0.7655067238944856,-0.007246378571985975,-0.007220186873953205,18416.75625,18242.598828125,1,18903.720703125
18903.720703125,19072.80726827734,18599.368721970463,18599.368721970463,46001973.0,2023-12-12,0.0,62.126084165908,328.779423112941,291.1981489880086,37.581274124932406,17540.556192812957,18274.725,19008.89380718704,8.034800055125768,0.928372669178762,0.016231102316647893,0.016363542236238038,18501.2986328125,18274.725,-1,18497.91796875
18497.91796875,19072.808491003565,18464.10065355156,19005.173860606683,48420860.0,2023-12-13,0.0,55.13355176000723,306.36252204450284,294.2310235993075,12.131498445195348,17545.708255547248,18286.56103515625,19027.413814765252,8.102702068307966,0.6426443548644694,-0.02170058176870688,-0.021466818133211052,18524.970703125,18286.56103515625,-1,18295.015625
18295.015625,18633.18685207379,18295.015625,18633.18685207379,46140930.0,2023-12-14,0.0,51.983054680654384,269.1221701727118,289.2092529139884,-20.087082741276618,17542.417070337087,18281.4884765625,19020.55988278791,8.085462047282716,0.5091514489151912,-0.01102953099190619,-0.010968928724453209,18558.787890625,18281.4884765625,0,18125.9296875
18125.9296875,18396.466266397874,18092.112375380293,18328.83164215846,50365088.0,2023-12-15,0.0,49.44728019157803,223.3900001002512,276.04540235124097,-52.655402250989766,17567.868019895013,18291.63349609375,19015.398972292485,7.913623202141011,0.3855265869656863,-0.00928516000055087,-0.009242186012071274,18552.024609375,18291.63349609375,0,17990.662109375
17990.662109375,18261.19871339101,17990.662109375,18193.564082872017,21599661.0,2023-12-18,0.0,47.453012170515635,174.2236213030228,255.68104614159734,-81.45742483857452,17563.396698517787,18289.94267578125,19016.488653044715,7.944759479487322,0.2940387974251188,-0.007490640942559869,-0.007462656010316704,18491.15390625,18289.94267578125,1,18396.466796875
18396.466796875,18396.466796875,17956.843644701694,17990.66095779655,29760482.0,2023-12-19,0.0,53.51064154212187,166.08938368350573,237.76271364997905,-71.67332996647332,17566.905199650424,18295.015234375,19023.12526909958,7.95965486113957,0.569667740905655,0.022305772681224776,0.022556406486481384,18487.772265625,18295.015234375,0,18396.466796875
18396.466796875,18497.91681809973,18328.832170685284,18396.466796875,25644643.0,2023-12-20,0.0,53.51064154212187,157.8236489823612,221.7749007164555,-63.95125173409431,17566.905199650424,18295.015234375,19023.12526909958,7.95965486113957,0.569667740905655,0.0,0.0,18460.71875,18295.015234375,0,18396.466796875
18396.466796875,18464.099505004873,18227.38023140071,18328.832170685284,20774344.0,2023-12-21,0.0,53.51064154212187,149.54908590901687,207.32973775496777,-57.7806518459509,17720.2968483856,18340.6681640625,18961.0394797394,6.76498053536003,0.5449719638887701,0.0,0.0,18433.665234375,18340.6681640625,0,18295.015625
18295.015625,18497.917594020306,18295.015625,18396.467568540116,25307053.0,2023-12-22,0.0,51.65141977739908,133.26893205914166,192.51757661580257,-59.248644556660906,17784.991876400087,18362.64921875,18940.306561099915,6.2916558005156595,0.44145872579506495,-0.0055299717381140185,-0.005514709590443423,18389.703125,18362.64921875,1,18565.552734375
18565.552734375,18667.002762649303,18362.650759766417,18362.650759766417,29631399.0,2023-12-25,0.0,56.03797119352668,140.57639936839405,182.12934116632087,-41.55294179792682,17885.39080952473,18401.5388671875,18917.68692485027,5.609835801103926,0.6588825771525614,0.014679207582752552,0.014787476267870137,18386.321484375,18401.5388671875,1,18802.271484375
18802.271484375,18869.906113321867,18531.73488664746,18531.73488664746,48995852.0,2023-12-26,0.0,59.50039909851308,163.58315980306725,178.42010489367016,-14.83694509060291,17919.519858705487,18438.73759765625,18957.955336607014,5.631814392941533,0.8500784540348907,0.012669826062239936,0.012750428354427745,18376.1765625,18438.73759765625,0,18768.453125
18768.453125,18937.537769893745,18768.453125,18836.087750181425,28825249.0,2023-12-27,0.0,58.788043925910316,177.04644304473186,178.14537252388251,-1.0989294791506552,17932.00129593131,18464.100390625,18996.19948531869,5.76360703675398,0.7859925316638656,-0.001800251065696278,-0.0017986315857158042,18403.230078125,18464.100390625,0,18903.720703125
18903.720703125,19072.80726827734,18700.81874300203,18768.453369062965,45459506.0,2023-12-28,0.0,60.80914177659349,196.3675521808509,181.78980845527622,14.577743725574692,18001.337377915628,18511.44423828125,19021.55109864687,5.5112594544161055,0.8845042042392709,0.007181330181316767,0.007207177769212203,18464.1005859375,18511.44423828125,0,18903.720703125
18903.720703125,19005.172642216407,18802.270682093433,18903.720703125,29718229.0,2023-12-29,0.0,60.80914177659349,209.2673664364338,187.28532005150774,21.982046384926065,18031.17810889229,18546.9521484375,19062.72618798271,5.561819919707519,0.8458574175254008,0.0,0.0,18541.8796875,18546.9521484375,0,18903.720703125
18903.720703125,18903.720703125,18903.720703125,18903.720703125,0.0,2024-01-01,0.0,60.80914177659349,216.98924522429297,193.2261050860648,23.76314013822818,18022.479103443788,18562.1697265625,19101.860349681214,5.814951927159838,0.8164321946051024,0.0,0.0,18633.185546875,18562.1697265625,-1,18565.552734375
18565.552734375,19038.991314481686,18565.552734375,19005.173999036924,32215814.0,2024-01-02,0.0,52.7340407078974,193.58997616664055,193.29887930217996,0.2910968644605987,18032.823267695618,18568.933203125,19105.043138554385,5.774267477457033,0.4968472243036366,-0.018050905177860448,-0.017888963451205497,18650.094140625,18568.933203125,1,18802.271484375
18802.271484375,18802.271484375,18531.73488664746,18531.73488664746,26971480.0,2024-01-03,0.0,57.035121081361886,191.93460894293457,193.0260252303309,-1.0914162873963278,18031.03256685621,18575.6966796875,19120.360792518786,5.864265790115717,0.7079949819988269,0.012669826062239936,0.012750428354427745,18690.674609375,18575.6966796875,0,18768.453125
18768.453125,19005.17239507517,18734.635812409288,18802.270437590712,55958192.0,2024-01-04,0.0,56.247643902961606,185.75261895778021,191.57134397582078,-5.818725018040567,18030.662261638347,18580.76923828125,19130.876214924152,5.921250832926103,0.6705885352191998,-0.001800251065696278,-0.0017986315857158042,18727.8732421875,18580.76923828125,0,18802.271484375
18802.271484375,18869.906113321867,18633.186830067756,18768.454169901568,25168096.0,2024-01-05,0.0,56.88866418628054,181.49010141005783,189.55509546266822,-8.064994052610388,18029.250638859103,18584.1509765625,19139.0513142659,5.971758821839256,0.6965402550620601,0.0018002510656963304,0.0018018724904906858,18778.598828125,18584.1509765625,0,18836.087890625
18836.087890625,19106.624475308025,18836.087890625,18903.720598250886,45366142.0,2024-01-08,0.0,57.558275752638686,178.77986392782987,187.40004915570054,-8.620185227870678,18029.737544495616,18595.9869140625,19162.236283629387,6.090016864215807,0.7120099283696755,0.0017969122943012146,0.001798527708638975,18805.65234375,18595.9869140625,0,18734.63671875
18734.63671875,18903.72137182369,18599.36937990303,18869.90597565688,41561902.0,2024-01-09,0.0,54.80791870844472,166.526110150553,183.22526135467103,-16.69915120411804,18035.764958730204,18587.53271484375,19139.300470957296,5.936966079127994,0.6333024649196591,-0.0054005569233426766,-0.005386000132516555,18798.8888671875,18587.53271484375,-1,18497.91796875
18497.91796875,18768.454572277562,18430.283338353118,18734.63725707912,47396910.0,2024-01-10,0.0,48.932498089372174,136.14431035182497,173.80907115410184,-37.664760802276874,18035.764958730204,18587.53271484375,19139.300470957296,5.936966079127994,0.4187930564074964,-0.01271585802404487,-0.012635353092440127,18771.8353515625,18587.53271484375,0,18599.369140625
18599.369140625,18700.819163940112,18531.734513041672,18565.551826833336,22164634.0,2024-01-11,0.0,51.34005392755215,118.8823748146242,162.82373188620633,-43.94135707158213,18068.439487781616,18602.750390625,19137.06129346838,5.744429093803817,0.49683587778014177,0.00546947945205883,0.005484464362226493,18741.4001953125,18602.750390625,-1,18362.650390625
18362.650390625,18565.552361154678,18295.01576109513,18497.917731624806,41565678.0,2024-01-12,0.0,45.90222247430198,85.11973443858733,147.28293239668255,-62.163197958095225,18115.417250415194,18614.58642578125,19113.755601147306,5.363204574609356,0.2476446387424689,-0.012808931411496458,-0.01272724618831056,18687.2931640625,18614.58642578125,0,18328.83203125
18328.83203125,18565.551303053337,18328.83203125,18396.46665692519,18145789.0,2024-01-15,0.0,45.16620590492098,54.99973699224938,128.8262933157959,-73.82655632354653,18203.47304876025,18631.494921875,19059.51679498975,4.594605799583109,0.14643992557845492,-0.001843390711917456,-0.0018416927107791636,18629.804296875,18631.494921875,1,18802.271484375
18802.271484375,18802.271484375,18295.015603393353,18328.832917866785,28701974.0,2024-01-16,0.0,55.84120182295319,68.54192058708941,116.76941877005461,-48.227498182965206,18232.285333554944,18651.78515625,19071.284978945056,4.498227050985369,0.6793639949097096,0.025502345324441282,0.02583031217252696,18653.476171875,18651.78515625,0,18700.818359375
18700.818359375,18903.720315335657,18700.818359375,18836.08760872197,33991610.0,2024-01-17,0.0,53.440302259336676,70.2776622002857,107.47106745610083,-37.19340525581512,18264.774525363828,18667.002734375,19069.230943386174,4.30951036687294,0.5420353722618445,-0.0054104007378721845,-0.005395790880070472,18643.330859375,18667.002734375,0,18700.818359375
18700.818359375,18836.08760872197,18667.001047038255,18734.63567171174,18351828.0,2024-01-18,0.0,53.440302259336676,70.83668868127643,100.14419170113595,-29.307503019859524,18300.58585335688,18682.2203125,19063.854771643124,4.085536437955144,0.5243663097362282,0.0,0.0,18636.5673828125,18682.2203125,0,18802.271484375
18802.271484375,18869.906113321867,18667.00222648127,18768.454169901568,21576574.0,2024-01-19,0.0,55.65169378177842,78.56054346061137,95.82746205303104,-17.26691859241967,18369.342308206746,18707.58310546875,19045.823902730757,3.6160822630597167,0.6399718479744797,0.005410400737872147,0.005425063387621165,18636.5673828125,18707.58310546875,1,19140.44140625
19140.44140625,19377.160697088602,18836.089402357495,18937.539430968336,95930590.0,2024-01-22,0.0,62.11147002915744,110.69323777108366,98.80061719664157,11.892620574442091,18354.06245924737,18736.3275390625,19118.59261887763,4.080469654665922,1.028578058167042,0.017825761562135056,0.017985588717619905,18667.002734375,18736.3275390625,0,19174.2578125
19174.2578125,19275.709754359636,19106.62510265347,19241.892440406424,31476891.0,2024-01-23,0.0,62.696618133070984,137.30456927904743,106.50140761312275,30.803161665924677,18325.823276395764,18754.92685546875,19184.03043454174,4.575902453577046,0.9886127469935683,0.0017651927704121619,0.0017667516402708472,18710.96484375,18754.92685546875,0,19106.625
19106.625,19275.709650797733,19106.625,19140.44039571164,23430778.0,2024-01-24,0.0,60.67822574800593,151.19396853139187,115.43991979677658,35.754048734615296,18314.74912741159,18771.83544921875,19228.92177102591,4.869916136263425,0.8662213621462224,-0.0035335069570543334,-0.003527271467890114,18771.835546875,18771.83544921875,0,19106.625
19106.625,19106.625,19106.625,19106.625,0.0,2024-01-25,0.0,60.67822574800593,160.35296830423977,124.42252949826923,35.93043880597054,18304.037842785157,18781.9806640625,19259.92348533984,5.089376140098357,0.8396267518673696,0.0,0.0,18822.5611328125,18781.9806640625,0,19174.2578125
19174.2578125,19275.709754359636,19106.62510265347,19208.075126453212,20868579.0,2024-01-26,0.0,62.093512350476445,171.09664868690743,133.75735333599687,37.33929535091056,18288.620098282085,18795.50751953125,19302.394940780414,5.393708264833342,0.8736039573001881,0.00353350695705426,0.0035397571522965965,18903.721875,18795.50751953125,-1,18937.5390625
18937.5390625,19208.075663631706,18937.5390625,19174.25834873275,31326900.0,2024-01-29,0.0,54.675855005161715,158.6806957253284,138.74202181386318,19.93867391146523,18288.56843928063,18797.1984375,19305.82843571937,5.411763885033684,0.6379594454626252,-0.012422494533099827,-0.012345653861276396,18964.592578125,18797.1984375,0,18937.5390625
18937.5390625,19005.17369229791,18836.089035863075,18937.5390625,25452398.0,2024-01-30,0.0,54.67585500516173,147.14477023434665,140.42257149795986,6.722198736386787,18315.70022141787,18815.79775390625,19315.89528639463,5.31571968437594,0.6217175657596152,0.0,0.0,18978.1193359375,18815.79775390625,0,18768.453125
18768.453125,19005.17239507517,18768.453125,18903.720457303032,35511418.0,2024-01-31,0.0,49.75230921302034,122.94145159913751,136.9263475181954,-13.984895919057891,18313.588221876595,18814.1068359375,19314.625449998402,5.320673667110739,0.45439359331005486,-0.008968710865143503,-0.008928611945932419,18984.8828125,18814.1068359375,0,18836.087890625
18836.087890625,19005.172536779453,18734.635952096432,18768.453264939286,15443617.0,2024-02-01,0.0,51.628675247995886,107.97306130404104,131.13569027536454,-23.1626289713235,18317.354933821953,18817.48857421875,19317.62221461555,5.31562581716686,0.5185943464945618,0.0035971633599973466,0.0036036409167310435,18998.409765625,18817.48857421875,0,18836.087890625
18836.087890625,18836.087890625,18836.087890625,18836.087890625,0.0,2024-02-02,0.0,51.628675247995886,95.01522775313424,123.91159777091849,-28.89637001778425,18319.03371596412,18819.17939453125,19319.32507309838,5.3152761667436845,0.5169035711177111,0.0,0.0,19001.79140625,18819.17939453125,0,18937.5390625
18937.5390625,19140.44103383379,18869.906350762034,18869.906350762034,23567702.0,2024-02-05,0.0,54.57928559625063,91.8732553172049,117.50392928017578,-25.63067396297089,18321.334031445127,18824.251953125,19327.169874804873,5.343297815309829,0.6126298193913954,0.0053715475051461055,0.005386000132516555,18981.501171875,18824.251953125,0,18971.35546875
18971.35546875,19106.624721866992,18937.538155470753,19038.990095308498,21286755.0,2024-02-06,0.0,55.552538941819755,91.0622123937028,112.21558590288119,-21.153373509178394,18330.913124306317,18836.087890625,19341.262656943683,5.3639032611449675,0.6338819623857341,0.0017840887020246978,0.001785681135146211,18961.2109375,18836.087890625,0,19038.990234375
19038.990234375,19140.44025689391,18971.35560732248,18971.35560732248,20049651.0,2024-02-07,0.0,57.513418650335666,94.78439981239717,108.72934868478438,-13.944948872387215,18376.61139628563,18863.14150390625,19349.67161152687,5.158526828840968,0.6807172132971805,0.003558759372239873,0.0035650992748730292,18954.4474609375,18863.14150390625,0,19038.990234375
19038.990234375,19038.990234375,19038.990234375,19038.990234375,0.0,2024-02-08,0.0,57.513418650335666,96.6204794160767,106.30757483104284,-9.687095414966137,18409.160724039237,18885.12255859375,19361.084393148263,5.040600960653283,0.6616386699631766,0.0,0.0,18947.683984375,18885.12255859375,0,19038.990234375
19038.990234375,19038.990234375,19038.990234375,19038.990234375,0.0,2024-02-09,0.0,57.513418650335666,96.95791523757725,104.43764291234973,-7.479727674772477,18507.551722772438,18918.93955078125,19330.327378790065,4.34895229623825,0.645909377259427,0.0,0.0,18934.1572265625,18918.93955078125,0,19038.990234375
19038.990234375,19038.990234375,19038.990234375,19038.990234375,0.0,2024-02-12,0.0,57.513418650335666,96.11735452522043,102.77358523492387,-6.656230709703436,18648.417263851148,18954.4474609375,19260.47765802385,3.2291122990215055,0.6381281557219102,0.0,0.0,18944.30234375,18954.4474609375,0,19038.990234375
19038.990234375,19038.990234375,19038.990234375,19038.990234375,0.0,2024-02-13,0.0,57.513418650335666,94.3634410950217,101.09155640694345,-6.728115311921755,18666.793673939635,18966.2833984375,19265.773122935363,3.158127696463047,0.6213845250607577,0.0,0.0,18954.4474609375,18966.2833984375,0,19038.990234375
19038.990234375,19038.990234375,19038.990234375,19038.990234375,0.0,2024-02-14,0.0,57.513418650335666,91.91392554606136,99.25603023476705,-7.342104688705689,18709.756331399716,18983.1919921875,19256.627652975287,2.880818577827346,0.6020317577208845,0.0,0.0,18981.501171875,18983.1919921875,1,19410.9765625
19410.9765625,19546.245814622136,19106.624581344873,19140.439976315567,53703381.0,2024-02-15,0.0,69.179183600835,118.6214603305416,103.12911625392196,15.49234407661963,18716.709287564117,19018.69990234375,19320.69051712338,3.175723012932302,1.1494848531013162,0.019349714206300425,0.019538133248967027,19038.9900390625,19018.69990234375,0,19343.341796875
19343.341796875,19478.611048021157,19343.341796875,19444.793735234616,24275697.0,2024-02-16,0.0,65.6496174279801,132.79898963797677,109.06309093073293,23.735898707243848,18728.82562620999,19045.75341796875,19362.68120972751,3.3280677829185215,0.9694892443083196,-0.0034904411769034536,-0.003484356668363775,19089.7154296875,19045.75341796875,1,19749.1484375
19749.1484375,19884.415776101683,19241.892561138855,19377.159899740538,61384897.0,2024-02-19,0.0,74.166239394397,174.76540142855447,122.20355303029724,52.561848398257226,18630.30045556388,19076.18876953125,19522.07708349862,4.674815492280614,1.254628061431988,0.020762106251562253,0.02097913819061814,19170.8763671875,19076.18876953125,0,19749.1484375
19749.1484375,19850.598461936286,19647.69649500381,19749.1484375,31060748.0,2024-02-20,0.0,74.166239394397,205.65344027953688,138.8935304801452,66.75990979939169,18567.667305399686,19104.93330078125,19642.199296162813,5.624369234092992,1.0995309048558268,0.0,0.0,19248.6556640625,19104.93330078125,-1,19478.611328125
19478.611328125,19715.330602974987,19410.97670157933,19681.513289702154,45853579.0,2024-02-21,0.0,62.235876251363784,205.92853389891388,152.30053116389894,53.628002735014945,18560.8653271865,19123.5326171875,19686.199907188497,5.884553876780007,0.815531680308688,-0.013793364712847036,-0.01369867213420195,19292.6177734375,19123.5326171875,0,19309.52734375
19309.52734375,19478.611997868044,19309.52734375,19410.97736899686,32544111.0,2024-02-22,0.0,56.15588452811932,190.30911807906523,159.9022485469322,30.406869532133015,18565.009210242348,19133.677734375,19702.346258507652,5.944163291838026,0.6546152124765569,-0.00871838975387036,-0.008680494801539651,19319.671484375,19133.677734375,0,19208.07421875
19208.07421875,19512.428111886366,19208.07421875,19309.52615581539,39640761.0,2024-02-23,0.0,52.821464855858025,167.80979237315478,161.48375731217675,6.326035060978029,18565.991351847435,19135.3685546875,19704.745757527562,5.951045063102126,0.5638466588579981,-0.0052678960008337135,-0.0052540449693004865,19336.5798828125,19135.3685546875,1,19478.611328125
19478.611328125,19478.611328125,19140.44011345651,19208.074740002176,27909908.0,2024-02-26,0.0,59.69432201477905,169.85106110216657,163.15721807017474,6.6938430319918325,18581.32601150909,19162.42216796875,19743.518324428413,6.064955164499009,0.7720626841542345,0.013986285754704094,0.014084551438837911,19380.5419921875,19162.42216796875,1,20526.939453125
20526.939453125,20594.574082978248,19478.612280699417,19546.24691055266,126093858.0,2024-02-27,0.0,74.93306568832381,253.14203590578472,181.15418163729674,71.98785426848798,18409.77746112641,19241.8921875,20074.006913873593,8.648990632159897,1.2721575071897335,0.05242113449335332,0.0538194487964514,19529.3369140625,19241.8921875,0,20696.025390625
20696.025390625,20932.744669763946,20391.671483714963,20560.75613508281,51113013.0,2024-02-28,0.0,76.47780672202764,329.0020250151065,210.7237503128587,118.27827470224778,18312.954116008706,19338.27080078125,20363.587485553795,10.604016205328165,1.1621147446483586,0.008203528610825983,0.008237269754028498,19695.0404296875,19338.27080078125,1,20966.560546875
20966.560546875,21068.01249086046,20628.391236376658,20797.47589162583,48758886.0,2024-02-29,0.0,78.7357143057948,406.2683306561412,249.83266638151522,156.43566427462596,18216.552465372388,19444.79443359375,20673.036401815112,12.633118569763772,1.1194895438579358,0.01298714194787618,0.013071841145524843,19850.598828125,19444.79443359375,0,20865.109375
20865.109375,21101.82864657176,20729.84012378195,21101.82864657176,39144032.0,2024-03-01,0.0,75.79738405172677,454.0818005027504,290.6824932057623,163.39930729698813,18200.165698846544,19546.2455078125,20892.325316778453,13.773282530682796,0.9898906656213199,-0.004850457606275502,-0.00483871313314288,20002.7755859375,19546.2455078125,0,20831.29296875
20831.29296875,21237.09690394463,20763.65834019759,20966.56030779491,41497434.0,2024-03-04,0.0,74.79540459297253,483.6701698212855,329.2800285288669,154.3901412924186,18211.308313425616,19640.933203125,21070.558092824387,14.557606554783487,0.9163189149131635,-0.0016220302838317194,-0.0016207155036780385,20110.9900390625,19640.933203125,1,21068.01171875
21068.01171875,21169.4636590174,20763.65781600765,20831.292442852588,43439774.0,2024-03-05,0.0,77.07952074649344,520.2235768962455,367.46873820234265,152.75483869390285,18218.70484283986,19745.766015625,21272.827188410138,15.467226458338079,0.9329380272020852,0.011299532077506027,0.011363612923840805,20242.8763671875,19745.766015625,-1,20831.29296875
20831.29296875,21068.01225062352,20628.391001152682,21034.194936347318,40742248.0,2024-03-06,0.0,70.2258944879306,524.0502653236799,398.7850436266101,125.26522169706982,18273.0064768005,19835.38115234375,21397.755827887002,15.753412183447162,0.8187173448199812,-0.011299532077505945,-0.011235932140161387,20378.14453125,19835.38115234375,0,20966.560546875
20966.560546875,21203.279831447813,20696.025865700296,20763.658576964008,46844714.0,2024-03-07,0.0,71.77054301705184,531.8668762745328,425.4014101561947,106.46546611833816,18338.724072495865,19931.75966796875,21524.795263441632,15.984896687601196,0.8247890009008482,0.00647248789010716,0.006493479705168559,20543.8478515625,19931.75966796875,-1,20493.123046875
20493.123046875,21000.37699160985,20459.30573361404,20966.55967834889,68711834.0,2024-03-08,0.0,60.0317017441049,494.1627466630998,439.1536774575757,55.0090692055241,18450.744941586156,20004.46630859375,21558.187675601344,15.533744745193514,0.657253658428597,-0.02283944493152055,-0.022580599185142214,20672.352734375,20004.46630859375,-1,20222.5859375
20222.5859375,20696.024474828286,20154.95131272173,20493.12251855328,44162725.0,2024-03-11,0.0,54.54188306705715,437.4096820126797,438.8048783685966,-1.3951963559168803,18576.00401079786,20063.64609375,21551.288176702143,14.829229702327678,0.5534200549888288,-0.01328927323748183,-0.013201360707989052,20746.7501953125,20063.64609375,1,20425.48828125
20425.48828125,20560.75561531278,20154.951695064596,20188.769008095253,43756600.0,2024-03-12,0.0,57.66857528553035,404.14624645166623,431.8731519852105,-27.726905533544254,18718.97952809951,20132.97099609375,21546.962464087992,14.046525654545347,0.6034367221363746,0.009983451019911894,0.010033451922374814,20736.605078125,20132.97099609375,1,20831.29296875
20831.29296875,20865.110283026206,20357.85440500296,20425.48903355537,42640884.0,2024-03-13,0.0,63.13060853959639,405.8513788873206,426.6687973656325,-20.81741847831188,18874.897381785377,20222.5861328125,21570.274883839622,13.32854999035368,0.7258336116086088,0.019672779258983277,0.019867563600548976,20750.1318359375,20222.5861328125,-1,20526.939453125
20526.939453125,20898.927999257907,20459.3067413317,20898.927999257907,44683848.0,2024-03-14,0.0,57.17229904845365,378.28330899203866,416.9916996909138,-38.70839069887512,18980.7012574061,20278.38427734375,21576.0672972814,12.798682599061898,0.5957688325894842,-0.014718182668594938,-0.014610399656016293,20706.1697265625,20278.38427734375,0,20357.853515625
20357.853515625,20763.65743309119,20290.218890027358,20526.938161559276,52016012.0,2024-03-15,0.0,54.11648773127919,338.8851360371373,401.3703869601585,-62.485250923021226,19108.285291695414,20329.10986328125,21549.934434867086,12.010605282732104,0.5117722287922221,-0.008271383525919296,-0.008237269754028498,20655.444140625,20329.10986328125,-1,20019.685546875
20019.685546875,20425.489491161126,19613.87968452892,20391.672176127293,72746216.0,2024-03-18,0.0,48.52974641414637,277.17932056207064,376.53217368054095,-99.3528531184703,19143.05884123127,20342.63671875,21542.21459626873,11.793730518847303,0.36538966000981543,-0.016750692769123342,-0.01661117997977779,20574.2833984375,20342.63671875,0,20154.953125
20154.953125,20696.026335758383,19884.41651962081,19952.0511504806,39165522.0,2024-03-19,0.0,50.72121321842117,236.46614577463333,348.5189680993594,-112.0528223247261,19192.23650734294,20362.926953125,21533.61739890706,11.498253158565694,0.4111747136596533,0.006734004026379779,0.006756728411556612,20482.9775390625,20362.926953125,0,20290.21875
20290.21875,20357.85337513088,20121.134105232617,20188.768730363496,18834182.0,2024-03-20,0.0,52.88167621958709,212.6640085961626,321.34797619872006,-108.68396760255746,19308.03447778152,20403.50732421875,21498.98017065598,10.738083693453197,0.44829238598327903,0.0066888641118002835,0.006711284524508088,20428.8701171875,20403.50732421875,0,20459.306640625
20459.306640625,20662.20861112605,20357.854696344508,20526.939352085392,29000215.0,2024-03-21,0.0,55.50760165032614,205.08058175581027,298.09449731013814,-93.01391555432787,19494.122831761775,20460.9962890625,21427.869746363223,9.450893237467325,0.49912623082951496,0.008298936464150081,0.008333468096542784,20378.1447265625,20460.9962890625,0,20662.208984375
20662.208984375,20763.659012428183,20425.48969483761,20526.939722890795,54281713.0,2024-03-22,0.0,58.49666290697694,212.9879917754115,281.0731962031928,-68.08520442778132,19765.18322241399,20533.70302734375,21302.222832273506,7.485447743218618,0.5836061453504096,0.00986850739043575,0.009917361683563053,20395.0533203125,20533.70302734375,-1,20425.48828125
20425.48828125,20932.74414059015,20324.036342158033,20662.207554404747,31000490.0,2024-03-25,0.0,53.94341499404674,197.8723396409041,264.4330248907351,-66.56068524983101,19990.04043287677,20581.046875,21172.05331712323,5.743210690036689,0.3683951792546075,-0.011522832288111535,-0.011456698715225033,20415.3435546875,20581.046875,1,20662.208984375
20662.208984375,20662.208984375,20357.855064095507,20425.48969483761,17389587.0,2024-03-26,0.0,57.50552522705812,202.65833961796307,252.0780878361807,-49.41974821821765,19996.31524287782,20587.8103515625,21179.305460247182,5.746071083657424,0.5628903195648911,0.011522832288111488,0.01158947584828618,20439.015625,20587.8103515625,0,20696.025390625
20696.025390625,21034.1946933607,20696.025390625,20898.927355878397,35326434.0,2024-03-27,0.0,58.00519955553656,206.7961630089012,243.02170287072482,-36.22553986182362,19996.31524287782,20587.8103515625,21179.305460247182,5.746071083657424,0.5914758528630432,0.0016352929131026226,0.0016366307337019048,20425.4888671875,20587.8103515625,0,20662.208984375
20662.208984375,20865.110958541336,20594.574353632896,20865.110958541336,27753092.0,2024-03-28,0.0,57.279860262140524,204.98379094471966,235.41412048552382,-30.430329540804166,20007.03433408652,20572.5927734375,21138.15121278848,5.498173668038652,0.5792280732653737,-0.0016352929131026816,-0.001633956550194382,20439.0158203125,20572.5927734375,0,20459.306640625
20459.306640625,20696.025925886213,20459.306640625,20696.025925886213,21521253.0,2024-03-29,0.0,52.99758432040975,185.04190175261465,225.33967673894202,-40.29777498632737,20002.020097373945,20552.30263671875,21102.585176063552,5.3549478038696146,0.4155015928685702,-0.009868507390435668,-0.009819973455085895,20449.1611328125,20552.30263671875,0,20357.853515625
20357.853515625,20526.938161559276,20256.403495288367,20425.48814122264,30142648.0,2024-04-01,0.0,50.94665169173921,159.21604809210476,212.11495100957458,-52.898902917469826,19988.237190105978,20528.6306640625,21069.024138019024,5.264778569985555,0.34198814690789503,-0.004971111833206869,-0.004958776305671542,20482.9779296875,20528.6306640625,0,20560.755859375
20560.755859375,20560.755859375,20154.951934309804,20222.586561173957,38185276.0,2024-04-02,0.0,54.72065096799249,153.3536312145843,200.36268705057654,-47.00905583599223,20025.476034130857,20503.26787109375,20981.059708056644,4.660640830201526,0.560160077918738,0.009917443915936554,0.009966784739573242,20523.558203125,20503.26787109375,-1,20256.404296875
20256.404296875,20594.573602125587,20256.404296875,20526.93897385151,31203189.0,2024-04-03,0.0,48.67166577947035,122.73419270696104,184.83698818185346,-62.10279547489242,20010.86061813188,20474.5234375,20938.18625686812,4.529168366565268,0.26478689738132066,-0.014913198373006012,-0.014802547366527197,20520.1767578125,20474.5234375,-1,20019.685546875
20019.685546875,20324.03754605962,19985.868231841163,20256.4048340519,38291127.0,2024-04-04,0.0,44.54697591427889,78.46237686529275,163.56206591854132,-85.09968905324857,19982.06145973512,20427.1796875,20872.29791526488,4.358097736196656,0.04226302675674086,-0.011754938312053976,-0.011686118944442603,20476.2146484375,20427.1796875,0,19918.232421875
19918.232421875,20121.134381998738,19782.965087812456,19918.232421875,34875297.0,2024-04-05,0.0,42.87015160216251,34.789196341309435,137.80749200309495,-103.01829566178552,19900.170281588595,20398.43515625,20896.70003091141,4.8853244951855075,0.018125038714277588,-0.00508055243666296,-0.005067668258947111,20401.8169921875,20398.43515625,0,20019.685546875
20019.685546875,20154.952888950393,19816.781656671985,19918.233601773492,24261177.0,2024-04-08,0.0,45.09581492089304,8.268985716058523,111.89979074568767,-103.63080502962914,19867.20981242936,20388.29013671875,20909.370461008144,5.111564734415283,0.1463073228235736,0.0050805524366628815,0.005093480327530431,20361.23671875,20388.29013671875,1,20222.5859375
20222.5859375,20222.5859375,19985.866668835857,20019.683981224993,14284776.0,2024-04-09,0.0,49.34604006995753,3.5825956097723974,90.23635171850462,-86.65375610873222,19852.235670259466,20378.14501953125,20904.054368803034,5.1615036478318395,0.3521046619092724,0.010084028684742586,0.01013504383722319,20317.2744140625,20378.14501953125,0,20053.5
20053.5,20357.853902919687,20053.5,20256.403880653033,16167148.0,2024-04-10,0.0,46.14052164809687,-13.618241745407431,69.46543302572222,-83.08367477112965,19840.085262538225,20339.25537109375,20838.425479649275,4.908440347968177,0.21376954850055482,-0.008396393390011064,-0.008361242129101498,20253.021875,20339.25537109375,0,20222.5859375
20222.5859375,20391.67058138587,19918.232044057586,19918.232044057586,27945482.0,2024-04-11,0.0,49.6620120259404,-13.45115073598572,52.88211627338064,-66.33326700936635,19830.43308558795,20324.0376953125,20817.642305037054,4.85734790620268,0.39723378204559834,0.00839639339001094,0.008431741965242878,20209.0595703125,20324.0376953125,0,20256.404296875
20256.404296875,20357.854321226216,20188.769668600922,20290.219692952134,20207338.0,2024-04-12,0.0,50.361075252591306,-10.469188647566625,40.21185528919119,-50.68104393675782,19824.739131057297,20318.965234375,20813.1913376927,4.864677877213801,0.43670818166014325,0.0016709096273114918,0.0016723063746406641,20188.7693359375,20318.965234375,-1,19275.708984375
19275.708984375,20256.403377603896,19005.17240161601,20188.768752399195,45167799.0,2024-04-15,0.0,35.12671088281324,-86.24569127176801,14.92034597699935,-101.16603724876737,19611.908202678173,20281.76640625,20951.62460982183,6.605521335315307,-0.2509480487888973,-0.049625303765993355,-0.04841408663290225,20080.5548828125,20281.76640625,0,19174.2578125
19174.2578125,19309.527068312847,18836.08850908767,19275.709754359636,48531938.0,2024-04-16,0.0,33.98151511322382,-152.72486012951413,-18.608695244303345,-134.1161648852108,19400.009020051548,20232.731640625,21065.45426119845,8.231440374580366,-0.13555006311470505,-0.005277060853648034,-0.005263161627789503,19941.905078125,20232.731640625,-1,18937.5390625
18937.5390625,19309.527608328575,18869.906350762034,19275.710293429616,22614900.0,2024-04-17,0.0,31.408459576511163,-221.95277179721234,-59.27751055488515,-162.6752612423272,19151.868321456717,20165.09765625,21178.326991043283,10.049337246618698,-0.10576542328417896,-0.012422494533099827,-0.012345653861276396,19810.0185546875,20165.09765625,0,18937.5390625
18937.5390625,18937.5390625,18937.5390625,18937.5390625,0.0,2024-04-18,0.0,31.408459576511163,-273.66178781267445,-102.15436600644301,-171.50742180623143,18948.27430192174,20089.00927734375,21229.74425276576,11.356806696371253,-0.004705404696551003,0.0,0.0,19701.80390625,20089.00927734375,0,18802.271484375
18802.271484375,19174.25810746292,18599.369515594324,18802.271484375,37953102.0,2024-04-19,0.0,29.907671253585008,-321.84647282835067,-146.09278737082457,-175.7536854575261,18753.33022523139,19996.01240234375,21238.694579456107,12.429299923485763,0.019691784450201956,-0.007168459799447325,-0.007142827675685526,19590.2078125,19996.01240234375,0,18937.5390625
18937.5390625,19072.808322095825,18836.089035863075,19072.808322095825,17991586.0,2024-04-22,0.0,33.33800063729399,-345.1396645676614,-185.90216281019195,-159.23750175746943,18610.894219219692,19921.61494140625,21232.335663592807,13.158779808179895,0.12460505039372381,0.007168459799447344,0.007194214711632618,19481.9931640625,19921.61494140625,-1,18667.001953125
18667.001953125,18971.35586086907,18565.55192925024,18937.53854689085,26658574.0,2024-04-23,0.0,30.158937283740784,-381.0374085350122,-224.929211955156,-156.1081965798562,18446.356324987322,19821.85458984375,21197.35285470018,13.878603120832114,0.08020570936914563,-0.014388782293448747,-0.014285758486471734,19326.434765625,19821.85458984375,1,19478.611328125
19478.611328125,19580.06134988365,18768.453503575034,18869.905443393538,33471504.0,2024-04-24,0.0,46.60798720319399,-340.0763471586033,-247.9586389958455,-92.11770816275782,18441.772398804973,19760.98388671875,21080.195374632527,13.351678190481314,0.3929767663559773,0.042559644935825376,0.04347829271342252,19268.9458984375,19760.98388671875,0,19309.52734375
19309.52734375,19410.97736899686,19140.440771572037,19410.97736899686,16315252.0,2024-04-25,0.0,44.26878541279772,-317.5970146667278,-261.88631413002196,-55.710700536705815,18431.218444082544,19693.3498046875,20955.481165292455,12.817843313833151,0.34794670629468855,-0.00871838975387036,-0.008680494801539651,19177.6400390625,19693.3498046875,0,19208.07421875
19208.07421875,19309.52615581539,18971.354950323897,19140.43959403974,26577408.0,2024-04-26,0.0,42.878219057669654,-304.4587896127923,-270.40080922657603,-34.057980386216286,18404.998869219082,19630.78818359375,20856.57749796842,12.488437070490239,0.32757478798083794,-0.0052678960008337135,-0.0052540449693004865,19072.80703125,19630.78818359375,0,19208.07421875
19208.07421875,19208.07421875,19208.07421875,19208.07421875,0.0,2024-04-29,0.0,42.878219057669654,-290.69569260913704,-274.45978590308823,-16.23590670604881,18383.77292357613,19573.29921875,20762.825513923868,12.15458142114721,0.34648300694075257,0.0,0.0,19066.0435546875,19573.29921875,0,19208.07421875
19208.07421875,19208.07421875,19208.07421875,19208.07421875,0.0,2024-04-30,0.0,42.878219057669654,-276.5998679753975,-274.8878023175501,-1.712065657847404,18401.80090638595,19505.66513671875,20609.529367051553,11.318396195111692,0.3652049274759852,0.0,0.0,19069.4251953125,19505.66513671875,0,19208.07421875
19208.07421875,19208.07421875,19208.07421875,19208.07421875,0.0,2024-05-01,0.0,42.878219057669654,-262.40399547915877,-272.39104094987186,9.987045470713099,18401.137631512407,19453.2486328125,20505.359634112596,10.8168154446498,0.38348453073889577,0.0,0.0,19096.4787109375,19453.2486328125,0,19174.2578125
19174.2578125,19208.075126453212,18971.355846840623,19208.075126453212,10631689.0,2024-05-02,0.0,42.28275149567053,-250.9891192871837,-268.11065661733426,17.121537330150545,18387.13503960183,19410.97724609375,20434.819452585667,10.549105215173595,0.38439652512234174,-0.0017620823545727569,-0.001760530798917359,19120.1505859375,19410.97724609375,1,19377.16015625
19377.16015625,19681.51406970762,19174.258186631563,19174.258186631563,24269889.0,2024-05-03,0.0,47.03555731662774,-222.99962340416096,-259.0884499746996,36.08882657053863,18388.31232360015,19383.9236328125,20379.534942024853,10.272546756498901,0.49660335489366253,0.010526420453299573,0.010582018127331283,19177.639453125,19383.9236328125,1,19816.78125
19816.78125,19850.598564339853,19478.61194272132,19512.429257061172,39361106.0,2024-05-06,0.0,55.57200706832798,-163.45973597838383,-239.96270717543644,76.5029711970526,18401.584705075333,19373.77841796875,20345.97213086217,10.036180779188953,0.7278367089583384,0.02243405566172451,0.02268759148425592,19265.563671875,19373.77841796875,1,20391.671875
20391.671875,20425.48918953445,19782.965967559674,19884.4159931031,43762118.0,2024-05-07,0.0,63.79072534748023,-69.08866621769266,-205.7878989838877,136.69923276619502,18376.594263014184,19382.23271484375,20387.871166673318,10.376910303624678,1.001889699185511,0.028597459453531596,0.02901029272854294,19438.0306640625,19382.23271484375,1,20763.658203125
20763.658203125,20966.560169382847,20121.134990298502,20391.671584662265,49788789.0,2024-05-08,0.0,67.9253472278937,35.31023986937362,-157.56827121323545,192.87851108260907,18271.925660336703,19417.740625,20563.555589663294,11.801733134575699,1.0873189038513331,0.01807768072179616,0.018242071096733037,19566.5353515625,19417.740625,0,20594.57421875
20594.57421875,20898.928137036146,20324.037615613423,20898.928137036146,28201760.0,2024-05-09,0.0,64.32961687033222,103.21367762426598,-105.41188144573518,208.62555907000115,18225.296187522483,19436.3400390625,20647.383890602516,12.461645033026809,0.9781966310363739,-0.008176603133531177,-0.008143265638496766,19695.0400390625,19436.3400390625,0,20594.57421875
20594.57421875,20729.84156128831,20256.40490337425,20696.0261641987,27561718.0,2024-05-10,0.0,64.32961687033223,155.2381524735465,-53.28187466187884,208.52002713542535,18185.863134342686,19453.24853515625,20720.633935969814,13.030064346560144,0.9502678044346679,0.0,0.0,19833.6900390625,19453.24853515625,0,20425.48828125
20425.48828125,20729.84026240622,20357.85365518869,20662.207554404747,19125018.0,2024-05-13,0.0,60.60858186786102,180.7406360167297,-6.477372526157133,187.21800854288682,18174.805533354927,19510.7375,20846.66946664507,13.694325667034082,0.8423642835447736,-0.008244107144578662,-0.008210217686659305,19955.4314453125,19510.7375,0,20425.48828125
20425.48828125,20763.657575436875,20357.85365518869,20560.75561531278,22744128.0,2024-05-14,0.0,60.60858186786102,198.6614919435342,34.55040036778114,164.11109157575305,18187.456010375856,19573.2990234375,20959.142036499143,14.16054607250627,0.8074624072786644,0.0,0.0,20077.1728515625,19573.2990234375,1,21101.830078125
21101.830078125,21203.280105361104,20459.306845429805,20459.306845429805,65500155.0,2024-05-15,0.0,68.94247213688435,264.39129172871253,80.51857863996742,183.87271308874512,18172.19705080801,19681.51357421875,21190.83009762949,15.337402966688774,0.9705164496233808,0.03257622376223675,0.03311263787489782,20266.5484375,19681.51357421875,1,21372.365234375
21372.365234375,21541.44988036485,21270.913295945193,21372.365234375,39790462.0,2024-05-16,0.0,71.53651091164639,334.45714400509314,131.30629171299256,203.15085229210058,18159.78390342341,19803.2548828125,21446.72586220159,16.597988453054555,0.9773769574397255,0.012738973055007935,0.012820459422163921,20486.3591796875,19803.2548828125,0,21372.365234375
21372.365234375,21372.365234375,21068.01133714541,21372.365234375,41586586.0,2024-05-17,0.0,71.53651091164639,385.54056508766735,182.1531463879275,203.38741869973984,18217.447953200095,19931.7595703125,21646.071187424906,17.201809113389057,0.9201703032524104,0.0,0.0,20685.8796875,19931.7595703125,1,21642.90234375
21642.90234375,21744.352366580682,21372.365752768397,21406.183066398582,67503480.0,2024-05-20,0.0,74.0502239419157,442.75087163996795,234.2726914383356,208.47818020163234,18258.673369274413,20067.027734375,21875.382099475584,18.023141135175276,0.9357206308088146,0.012578821045711047,0.012658267178583982,20868.491796875,20067.027734375,0,21541.451171875
21541.451171875,21642.903116387322,21270.91457123542,21642.903116387322,30293802.0,2024-05-21,0.0,71.50016901271829,474.4351964343332,282.30519243753514,192.13000399679805,18414.032688842,20210.7501953125,22007.467701783,17.779820037429538,0.8703144684042596,-0.004698523898274238,-0.004687503102110413,20983.4697265625,20210.7501953125,-1,21169.46484375
21169.46484375,21609.08610672542,21068.012897804918,21541.451476095364,57764480.0,2024-05-22,0.0,62.941350629842646,464.17830567995406,318.67981508601895,145.49849059393512,18484.560090291532,20295.29287109375,22106.025651895965,17.843869436160865,0.7413862448187865,-0.017419234647997165,-0.01726839687618975,21024.050390625,20295.29287109375,1,21947.25390625
21947.25390625,21947.25390625,21277.67647987717,21463.670742219576,49988664.0,2024-05-23,0.0,70.8094317469766,512.8983500384347,357.5235220765021,155.37482796193262,18536.290283650465,20427.17919921875,22318.068114787035,18.51346088588289,0.9019471198217928,0.036082219082152034,0.036741082887110865,21159.318359375,20427.17919921875,-1,21500.87109375
21500.87109375,21947.255436434298,21203.280253253823,21798.46001618621,39800244.0,2024-05-24,0.0,62.59547357441632,509.61544419349957,387.9419064999016,121.67353769359795,18684.41901022244,20541.81904296875,22399.21907571506,18.084085239589136,0.758170570117633,-0.020548574616670676,-0.020338891344072962,21249.948046875,20541.81904296875,0,21500.87109375
21500.87109375,21798.46001618621,21314.876818439887,21500.87109375,20802012.0,2024-05-27,0.0,62.59547357441632,501.2357835549519,410.6006819109117,90.63510164404022,18863.769029355288,20656.45888671875,22449.14874408221,17.35718466746579,0.7355154193467527,0.0,0.0,21357.486328125,20656.45888671875,0,21686.865234375
21686.865234375,21724.064089206,21426.473250557992,21575.268669881996,23185272.0,2024-05-28,0.0,64.580927129122,503.79557309249867,429.23966014722913,74.55591294526954,19068.400574600317,20780.3984375,22492.396300399683,16.47704559706841,0.764739465077275,0.008613338245513066,0.00865053977645891,21483.6240234375,20780.3984375,-1,21277.677734375
21277.677734375,21761.262844976663,21277.677734375,21649.666280991663,28511208.0,2024-05-29,0.0,57.36650216686073,467.41810822200205,436.87534976218376,30.542758459818288,19329.06472650991,20883.87861328125,22438.692500052588,14.890087378525022,0.6266386686034485,-0.019048259052044516,-0.01886798740056783,21501.2087890625,20883.87861328125,-1,21017.287109375
21017.287109375,21240.47831333363,20831.292841026225,21203.279459663878,35980164.0,2024-05-30,0.0,53.28700683418336,412.8186416343233,432.06400813661173,-19.245366502288448,19645.57497183756,20976.030078125,22306.485184412442,12.685480534993282,0.5155048565919389,-0.012313234726496234,-0.012237737043048091,21465.7009765625,20976.030078125,1,21277.677734375
21277.677734375,21426.473153021667,20868.49225115662,21128.88423378828,23412576.0,2024-05-31,0.0,56.60994993554016,386.10869753703446,422.8729460166963,-36.76424847966183,19969.666004578656,21071.05595703125,22172.445909483846,10.4540555983391,0.5938004640788851,0.012313234726496255,0.012389354708098876,21456.2322265625,21071.05595703125,0,21277.677734375
21277.677734375,21277.677734375,21277.677734375,21277.677734375,0.0,2024-06-03,0.0,56.60994993554016,360.78200404158997,410.454757621675,-49.67275358008504,20212.23103981633,21144.10078125,22075.970522683667,8.814465567247236,0.5716714725169071,0.0,0.0,21419.709765625,21144.10078125,1,21798.458984375
21798.458984375,22170.44751738747,21575.267782627398,21575.267782627398,52343676.0,2024-06-04,0.0,62.755329451636115,378.3714806016578,404.0381022176716,-25.6666216160138,20309.72806600759,21214.44013671875,22119.15220742991,8.52920996152287,0.8227650357296411,0.02418074901162821,0.024475474086096183,21445.410546875,21214.44013671875,0,21761.26171875
21761.26171875,21947.254064372584,21649.66516054054,21798.45865342664,25338456.0,2024-06-05,0.0,62.07902259956561,384.87318058488745,400.2051178911148,-15.33193730622736,20354.266233837214,21264.3203125,22174.374391162786,8.559446672065233,0.77302850341608,-0.0017078748011283421,-0.0017064172128710142,21504.590234375,21264.3203125,0,21798.458984375
21798.458984375,22058.85095748373,21500.870076024905,21761.262049133635,27485832.0,2024-06-06,0.0,62.514079475698054,388.54838916194785,397.8737721452814,-9.325382983333554,20442.14693575961,21324.51455078125,22206.882165802886,8.275617369112034,0.7685640460535993,0.0017078748011283597,0.0017093340499163556,21489.7107421875,21324.51455078125,0,21798.458984375
21798.458984375,21872.856690977493,21649.665489229894,21835.657837676248,19645428.0,2024-06-07,0.0,62.514079475698054,386.99992421050774,395.6990025583267,-8.699078347818954,20548.984911274514,21384.7087890625,22220.432666850487,7.816088458641335,0.7475400107076173,0.0,0.0,21519.46953125,21384.7087890625,0,21798.458984375
21798.458984375,21910.05554427874,21686.86434253114,21872.856690977493,26742804.0,2024-06-10,0.0,62.514079475698054,381.376483872933,392.83449882124796,-11.45801494831494,20731.605622712363,21453.35732421875,22175.109025725134,6.728566448586568,0.7390722872117802,0.0,0.0,21549.2283203125,21453.35732421875,0,21649.666015625
21649.666015625,22058.85149382787,21612.467161419292,21872.857222799328,35622048.0,2024-06-11,0.0,59.12513758644715,360.75495921958645,386.41859090091566,-25.663631681329207,20975.270766073743,21514.5662109375,22053.861655801258,5.013305307448795,0.625255837013077,-0.006849250706849817,-0.006825848049931138,21545.5083984375,21514.5662109375,1,22021.65234375
22021.65234375,22021.65234375,21575.268017338825,21575.268017338825,25455408.0,2024-06-12,0.0,64.3311441650228,370.16144945021733,383.167162610776,-13.005713160558685,21012.648463033325,21560.55732421875,22108.466185404173,5.082511114589452,0.9207771147683687,0.017036138997253203,0.017182081601468058,21619.905859375,21560.55732421875,0,21947.25390625
21947.25390625,22096.049316123925,21798.45849637607,22058.850463655443,27124284.0,2024-06-13,0.0,62.61348186513614,367.37792456595344,380.0093150018115,-12.631390435858066,21022.95377004886,21589.3017578125,22155.64974557614,5.246561413767765,0.8160178513664015,-0.0033841418788294227,-0.0033784221246737633,21712.9025390625,21589.3017578125,-1,21649.666015625
21649.666015625,22282.044619062122,21649.666015625,21947.254931210744,45265968.0,2024-06-14,0.0,56.15485837222386,337.2712522612892,371.46170245370706,-34.19045019241787,21045.672344192724,21603.166796875,22160.661249557277,5.161228980215259,0.5417037501685239,-0.01365199711842378,-0.01355923123212488,21750.1013671875,21603.166796875,1,21910.056640625
21910.056640625,22282.045192251215,21575.26886222138,21649.666572546623,45372492.0,2024-06-17,0.0,60.03906664255515,330.6117582646293,363.2917136158915,-32.67995535126221,21042.465244787792,21616.52451171875,22190.58377864971,5.3113003121269555,0.7556636098529798,0.011955710954023197,0.012027466142529475,21813.3392578125,21616.52451171875,0,21872.857421875
21872.857421875,22096.05054914064,21872.857421875,21947.255130963546,21825012.0,2024-06-18,0.0,59.231777786380256,318.65909157762144,354.36518920823755,-35.706097630616114,21049.113344951114,21633.09482421875,22217.07630348639,5.398963800721257,0.705282706873625,-0.0016992577354667888,-0.0016978148144549676,21820.7791015625,21633.09482421875,0,21835.658203125
21835.658203125,21984.453618820276,21761.262413337274,21947.254764896457,25315356.0,2024-06-19,0.0,58.38632214204507,302.69556499574537,344.03126436573916,-41.33569936999379,21118.912270144796,21666.4044921875,22213.896714230203,5.053835510549236,0.654571794925243,-0.0017021501279357203,-0.0017007022920012549,21828.21875,21666.4044921875,0,21835.658203125
21835.658203125,21872.85705704882,21538.06928979436,21761.262413337274,36661680.0,2024-06-20,0.0,58.38632214204507,286.7390063917592,332.5728127709432,-45.83380637918401,21123.19844711378,21660.82470703125,22198.45096694872,4.964042387019111,0.6625976157866512,0.0,0.0,21831.938671875,21660.82470703125,-1,21612.466796875
21612.466796875,21835.65800028469,21575.267943296738,21835.65800028469,18859368.0,2024-06-21,0.0,53.111170493752695,253.16530548958326,316.6913113146712,-63.526005825087964,21133.472161744103,21666.4044921875,22199.336822630896,4.9194348848749865,0.4493953620081339,-0.010274016174532188,-0.010221418753388334,21813.339453125,21666.4044921875,-1,21352.07421875
21352.07421875,21649.665038970827,21017.286464061406,21575.26733391562,49956852.0,2024-06-24,0.0,47.696789710199006,203.2039916503927,293.99384738181556,-90.78985573142285,21112.32413031522,21658.9646484375,22205.60516655978,5.047706822511621,0.21929410690075177,-0.012121426656953108,-0.012048258099008446,21768.7009765625,21658.9646484375,0,21352.07421875
21352.07421875,21612.466186443224,21203.278808639585,21277.676513694794,21984600.0,2024-06-25,0.0,47.696789710199006,161.74479714219342,267.54403733389114,-105.79924019169772,21078.931333372857,21642.22509765625,22205.518861939643,5.205506936016437,0.24245154366712013,0.0,0.0,21738.941796875,21642.22509765625,0,21500.87109375
21500.87109375,21724.064224122136,21277.677963377868,21389.274528563932,26065776.0,2024-06-26,0.0,51.00682827865014,139.28911287346637,241.8930524418062,-102.60393956833983,21112.08617719077,21653.384765625,22194.68335405923,4.99966720485703,0.3591224186302022,0.006944562242617643,0.00696873163120304,21686.863671875,21653.384765625,0,21463.671875
21463.671875,21612.467292726848,21352.075311704863,21575.268438295134,13306260.0,2024-06-27,0.0,50.15231196453988,117.14082868430705,216.94260769030637,-99.80177900599932,21213.859292392513,21675.70400390625,22137.548715419984,4.261404487074603,0.2704508424365245,-0.001731624519887679,-0.0017301261231603693,21638.50546875,21675.70400390625,-1,21054.486328125
21054.486328125,21500.870661842368,21054.486328125,21389.274098898044,29280636.0,2024-06-28,0.0,41.84745367078881,65.8116640710432,186.71641896645374,-120.90475489541055,21153.98780801059,21664.54443359375,22175.10105917691,4.713292053272776,-0.09744411775279267,-0.019248161134500705,-0.019064098130926133,21578.9875,21664.54443359375,0,21091.685546875
21091.685546875,21203.280193687595,20868.49241712988,21054.48669191748,17895768.0,2024-07-01,0.0,42.77518848896408,27.81397518234735,154.9359302096325,-127.12195502728514,21109.458066343814,21655.24482421875,22201.031582093685,5.040688870573652,-0.01628155979636848,0.0017652482659652599,0.0017668072338723473,21497.150390625,21655.24482421875,1,21352.07421875
21352.07421875,21463.67077633281,21017.286464061406,21091.684169116616,28061088.0,2024-07-02,0.0,48.918363314085376,18.498483636420133,127.64844089499002,-109.14995725856988,21075.415277986136,21632.9255859375,22190.435893888865,5.154275650204008,0.24812002291085777,0.012269975145805289,0.012345560116392873,21445.0720703125,21632.9255859375,0,21389.2734375
21389.2734375,21649.6654096516,21352.074584335485,21575.26770332257,22773696.0,2024-07-03,0.0,49.748320145892,13.956671714266122,104.91008705884524,-90.95341534457911,21050.06387305595,21614.326171875,22178.58847069405,5.221187968869261,0.30057790955906893,0.001740667067484059,0.0017421829078008155,21400.43359375,21614.326171875,0,21352.07421875
21352.07421875,21612.466186443224,21277.676513694794,21463.67077633281,12345960.0,2024-07-04,0.0,48.892819259250004,7.271762624666735,85.38242217200954,-78.1106595473428,21023.116980271872,21592.00693359375,22160.89688691563,5.269449524275358,0.2891220319125613,-0.0017406670674839932,-0.001739152985195891,21352.0751953125,21592.00693359375,0,21314.875
21314.875,21538.06811133082,21277.67614811153,21352.07385188847,16318236.0,2024-07-05,0.0,48.003817736242695,-1.0160298970986332,68.10273175818791,-69.11876165528655,20994.79206247103,21567.827734375,22140.86340627897,5.3138005269827016,0.2792870960942624,-0.0017437022733745248,-0.0017421829078008155,21322.316015625,21567.827734375,0,21426.47265625
21426.47265625,21612.466925246066,21314.876094852363,21352.074948651574,24327732.0,2024-07-08,0.0,50.888804776050186,1.4046411886665737,54.76311364428365,-53.358472455617076,20983.61208356733,21549.22841796875,22114.84475237017,5.249527485910197,0.39148495698178665,0.0052220117506624145,0.005235670218568078,21329.755859375,21549.22841796875,0,21575.267578125
21575.267578125,21724.06298991962,21389.273313381724,21426.47216633038,29763624.0,2024-07-09,0.0,54.51273597592956,15.154851434625016,46.84146120235193,-31.686609767726914,20981.697721615077,21545.50849609375,22109.31927057242,5.2336734088303585,0.5263910192730598,0.00692044158726667,0.0069444431784060345,21352.0751953125,21545.50849609375,0,21538.068359375
21538.068359375,21947.253816800767,21538.068359375,21649.66491632562,40880136.0,2024-07-10,0.0,53.45083426368543,22.78764427479473,42.030697816840494,-19.243053542045764,21003.928501763843,21521.329296875,22038.730091986155,4.808260567680503,0.5161761082106615,-0.0017256483253861269,-0.0017241602504024511,21355.794921875,21521.329296875,0,21463.671875
21463.671875,21761.262710453695,21463.671875,21686.86500159027,19155840.0,2024-07-11,0.0,51.298573408915935,22.573302085187606,38.13921867050991,-15.565916585322306,21019.918695802553,21497.1501953125,21974.38169482245,4.439951297488809,0.46492444406239064,-0.003460165016438365,-0.0034541855441097002,21355.794921875,21497.1501953125,-1,21203.279296875
21203.279296875,21538.068977332434,21166.082361550725,21500.870123948276,23826528.0,2024-07-12,0.0,44.53869643351439,1.376067048200639,30.78658834604806,-29.41052129784742,20986.019622756714,21474.830859375,21963.642095993288,4.552410585389011,0.22223269213422805,-0.012205972250833525,-0.012131781534933661,21370.67421875,21474.830859375,0,21166.08203125
21166.08203125,21389.27323001213,20980.08776723168,21240.477818797473,21499632.0,2024-07-15,0.0,43.653739662647155,-18.21443819642809,20.98638303755283,-39.20082123398092,20975.78743726323,21437.63212890625,21899.476820549273,4.308728584070404,0.2060157856419161,-0.0017558572523023786,-0.001754316636789377,21378.1138671875,21437.63212890625,0,21166.08203125
21166.08203125,21314.875524404804,21128.883178446336,21203.27896599381,16272168.0,2024-07-16,0.0,43.653739662647155,-33.355552696393715,10.11799589076352,-43.47354858715724,20973.704661080574,21402.293359375,21830.882057669423,4.005072644298533,0.22443122151260045,0.0,0.0,21359.5146484375,21402.293359375,0,20980.087890625
20980.087890625,21277.676796744716,20533.703572415496,21240.477943722268,33721908.0,2024-07-17,0.0,39.143479479091404,-59.67526840637947,-3.8406569686650798,-55.83461143771439,20942.41416537874,21359.51484375,21776.615522121258,3.905525770809405,0.045161428882556115,-0.008826204061212602,-0.008787367466042806,21318.59609375,21359.51484375,0,21128.8828125
21128.8828125,21166.08166465939,20868.490847384262,20980.087403862435,27030036.0,2024-07-18,0.0,44.1177306005866,-67.7463878768067,-16.621803150293402,-51.12458472651329,20960.604985669786,21324.17607421875,21687.747162767715,3.4099426611706436,0.23142355392149203,0.007067165911906267,0.007092197261074906,21296.276953125,21324.17607421875,0,20980.087890625
20980.087890625,21128.883302714792,20980.087890625,21128.883302714792,15662064.0,2024-07-19,0.0,40.548458777056766,-85.16755629664112,-30.330953779562947,-54.83660251707818,20924.585825304912,21292.55712890625,21660.528432507588,3.456337361206742,0.07541629575036013,-0.007067165911906192,-0.007042252219174205,21262.7982421875,21292.55712890625,0,20868.4921875
20868.4921875,20980.088751144587,20645.299060210822,20905.691042048195,24287208.0,2024-07-22,0.0,38.0613504632077,-106.74827076321162,-45.61441717629269,-61.13385358691893,20856.001119316825,21268.37802734375,21680.754935370678,3.8778406843883735,0.015145208109421599,-0.005333321581689236,-0.005319124672250153,21207.0001953125,21268.37802734375,0,20682.498046875
20682.498046875,20980.088885161527,20682.498046875,20868.49232080408,19875108.0,2024-07-23,0.0,34.28665484840536,-137.2768728508272,-63.94690831119959,-73.32996453962761,20748.972306471882,21234.89921875,21720.82613102812,4.576682067311673,-0.06839944230011646,-0.008952632986816807,-0.00891267749264646,21117.7232421875,21234.89921875,0,20608.099609375
20608.099609375,20794.093876734307,20161.715285772552,20645.298462846862,25387692.0,2024-07-24,0.0,32.88188963044608,-165.56580257359747,-84.27068716367917,-81.2951154099183,20646.61249105085,21190.26064453125,21733.908798011646,5.131113416679005,-0.03542077852126857,-0.003603654208780279,-0.003597168839633569,21024.7263671875,21190.26064453125,-1,20347.708984375
20347.708984375,20570.900180907665,20310.51013194292,20533.703246535417,17582004.0,2024-07-25,0.0,28.483285079066533,-206.61460588831687,-108.73947090860672,-97.87513497971015,20489.359621931144,21134.4625,21779.56537806886,6.104748375491996,-0.10978918430823083,-0.012715858509179103,-0.012635353571444519,20913.130078125,21134.4625,0,20422.107421875
20422.107421875,20570.900918881413,20347.709714341843,20347.709714341843,11625108.0,2024-07-26,0.0,31.31058026465263,-230.4858487316087,-133.08874647320712,-97.39710225840159,20383.51527140773,21102.8435546875,21822.17183796727,6.817358821010531,0.026825130725646667,0.0036496862944982787,0.003656354509351978,20835.012890625,21102.8435546875,1,20756.89453125
20756.89453125,20905.689941610464,20533.703333769146,20570.90026829942,20385684.0,2024-07-29,0.0,42.35440101245624,-219.85510606630123,-150.44201839182597,-69.41308767447526,20350.28944269622,21086.10400390625,21821.91856511628,6.97914191330669,0.27629589708385743,0.016260446829625883,0.016393367366993372,20794.094140625,21086.10400390625,0,20756.89453125
20756.89453125,20980.087646790696,20756.89453125,20831.292236430232,20516496.0,2024-07-30,0.0,42.35440101245624,-209.02070533346705,-162.1577557801542,-46.86294955331286,20317.685300993577,21056.34501953125,21795.004738068925,7.016029779646134,0.2973014632000826,0.0,0.0,20753.175390625,21056.34501953125,-1,20236.11328125
20236.11328125,20756.89531922167,20161.71557324549,20756.89531922167,32057388.0,2024-07-31,0.0,32.831382117930985,-239.69401580964404,-177.66500778605217,-62.02900802359187,20192.508735797146,20998.68701171875,21804.865287640354,7.678368418670173,0.027043984410896116,-0.02540966363461156,-0.02508955514592759,20678.7779296875,20998.68701171875,-1,19864.126953125
19864.126953125,20570.901353502904,19789.72924401997,20459.306707905303,40234128.0,2024-08-01,0.0,27.9903234971689,-290.66837907235094,-200.26568204331193,-90.40269702903902,19990.843191833483,20924.2896484375,21857.73610504152,8.922132815856168,-0.06787547256298469,-0.018553355118769658,-0.01838230113436201,20552.30234375,20924.2896484375,1,20273.3125
20273.3125,20310.511354671522,19715.33159798715,19826.92816200171,23160456.0,2024-08-02,0.0,38.698179836637486,-294.65151601951584,-219.14284883855274,-75.5086671809631,19914.6100709303,20872.2115234375,21829.812975944704,9.175850402166606,0.1872921287507148,0.02038992665680831,0.020599221291758285,20481.6248046875,20872.2115234375,-1,19306.146484375
19306.146484375,19975.722045164897,19194.549918223354,19938.525107841004,60205200.0,2024-08-05,0.0,28.072473973118676,-371.5671998767575,-249.6277190461937,-121.93948083056381,19616.704002613096,20766.19521484375,21915.6864270744,11.070792702641956,-0.1350847726949743,-0.048881850055270175,-0.04770636350744362,20325.390234375,20766.19521484375,1,19566.53515625
19566.53515625,19678.131714429648,19231.747399770902,19380.54089261725,26082144.0,2024-08-06,0.0,33.37644107365671,-406.82264559964824,-281.06670435688466,-125.75594124276358,19464.079628542666,20665.75859375,21867.437558957336,11.629662272071268,0.04263015775168232,0.013397201094880101,0.013487345705459175,20213.7939453125,20665.75859375,0,19380.541015625
19380.541015625,19678.131839326197,19306.14522775956,19678.131839326197,20343444.0,2024-08-07,0.0,31.58482077074102,-444.64541747684416,-313.78244698087656,-130.8629704959676,19299.874839987373,20557.8822265625,21815.889613137624,12.238686579784712,0.0320610898228656,-0.009551194741806853,-0.009505726953685456,20091.0380859375,20557.8822265625,-1,19045.75390625
19045.75390625,19417.740530496863,19008.55505201932,19306.145885864753,28928856.0,2024-08-08,0.0,28.608031617997554,-495.91812305753774,-350.20958219620877,-145.70854086132897,19084.32594114388,20436.986328125,21789.64671510612,13.23737624778476,-0.014257841534033044,-0.017425337587675883,-0.017274394409582672,19960.842578125,20436.986328125,1,19380.541015625
19380.541015625,19417.73986858765,19120.15096294631,19268.946374796913,16002624.0,2024-08-09,0.0,35.18643156910022,-503.7308936557092,-380.9138444881089,-122.81704916760032,18965.248391306704,20345.8494140625,21726.450436818297,13.571328428308943,0.1504028381383263,0.017425337587675768,0.017578044482929878,19856.6859375,20345.8494140625,0,19231.748046875
19231.748046875,19417.740398706115,19120.151484940383,19380.54154472791,16600320.0,2024-08-12,0.0,33.70014992072785,-515.9810117892594,-407.927277948339,-108.05373384092036,18839.755171306526,20249.13271484375,21658.51025838097,13.920374402051008,0.13906595765129748,-0.007707064712963179,-0.0076774414413942615,19704.1712890625,20249.13271484375,-1,18896.958984375
18896.958984375,19306.146391632043,18748.16356355426,19268.94753642686,34642872.0,2024-08-13,0.0,30.571113073921325,-546.4053770017053,-435.6228977590123,-110.78247924269306,18672.78319195712,20135.6765625,21598.56993304288,14.530362225497026,0.07662068778624881,-0.01756144872079204,-0.01740814520260936,19518.177734375,20135.6765625,0,18934.15625
18934.15625,19120.150510411142,18822.559693753316,18971.355102082227,18072648.0,2024-08-14,0.0,31.33397369669015,-561.0479852293829,-460.70791525308647,-100.34006997629643,18533.44316980846,20033.37998046875,21533.316791129044,14.974375887869481,0.13357665381088343,0.0019664912007823165,0.001968426012659341,19387.98203125,20033.37998046875,0,18748.162109375
18748.162109375,18934.1563709745,18748.162109375,18934.1563709745,21422808.0,2024-08-15,0.0,29.58360696788955,-580.9635443723892,-484.759041076947,-96.20450329544212,18402.644550330257,19914.3439453125,21426.043340294742,15.182015527436658,0.11428117262982765,-0.009871773244187714,-0.009823207232960263,19276.385546875,19914.3439453125,1,19045.75390625
19045.75390625,19120.151614711358,18599.369573541775,18748.163072404564,47951112.0,2024-08-16,0.0,35.76636760436054,-566.2067189431509,-501.0485766501878,-65.15814229296313,18346.04216157944,19817.62724609375,21289.21233060806,14.851274234198488,0.23774083878456004,0.015748457889484795,0.015873118396292796,19153.6296875,19817.62724609375,0,19231.748046875
19231.748046875,19603.734668597142,19120.151484940383,19194.549192896793,32244300.0,2024-08-19,0.0,39.350615557481774,-533.3554659337133,-507.50995450689294,-25.845511426820337,18329.682056274145,19735.7900390625,21141.898021850855,14.24932044782889,0.3207669686975358,0.009718272874712688,0.0097656486343638,19146.18984375,19735.7900390625,0,19194.548828125
19194.548828125,19492.137736235374,19194.548828125,19343.342323150246,26991228.0,2024-08-20,0.0,38.88329183396723,-504.50663882165827,-506.909291369846,2.4026525481877457,18309.793156467204,19661.392578125,21012.991999782796,13.74876592578257,0.32729951547796776,-0.0019361340225664075,-0.0019342609241412845,19108.9912109375,19661.392578125,1,19454.939453125
19454.939453125,19529.337161847918,19194.549390654724,19231.74824501618,32751312.0,2024-08-21,0.0,43.905161194564236,-455.3830162829072,-496.6040363524583,41.221020069551116,18325.802070120113,19603.7345703125,20881.667070504885,13.037643369520637,0.44178287305272423,0.013474670761479306,0.013565863273559131,19116.4310546875,19603.7345703125,-1,19157.349609375
19157.349609375,19529.336216931275,19120.150756813386,19492.137364369664,31718808.0,2024-08-22,0.0,39.87279824040381,-435.44565833906745,-484.37236074978017,48.92670241071272,18301.79169425068,19544.2166015625,20786.64150887432,12.71399035981305,0.34430970841346537,-0.015414560672077277,-0.015296364425446685,19127.590625,19544.2166015625,1,19380.541015625
19380.541015625,19380.541015625,18896.957845170415,19157.34981590896,29578956.0,2024-08-23,0.0,44.025033295596565,-397.05843485498553,-466.90957557082123,69.8511407158357,18319.283220874666,19492.13828125,20664.993341625337,12.034134413088333,0.4524249545424273,0.011583088646127384,0.011650432382398934,19127.590625,19492.13828125,0,19343.341796875
19343.341796875,19640.932614948684,19306.144862675614,19454.93835365263,28569420.0,2024-08-26,0.0,43.48601735802475,-365.4255514574288,-446.6127707481428,81.18721929071398,18410.29423412526,19421.46064453125,20432.62705493724,10.412877063298701,0.4613719132418154,-0.0019212551784986882,-0.0019194107491637968,19138.75,19421.46064453125,0,19157.349609375
19157.349609375,19380.54080668483,19120.150756813386,19343.341954123218,16434660.0,2024-08-27,0.0,40.79652303931009,-351.3145432233614,-427.5531252431865,76.23858201982512,18544.764211888472,19341.4833984375,20138.202584986528,8.23844965907207,0.3844424784973037,-0.009661833467628712,-0.00961530791592835,19164.7890625,19341.4833984375,0,19120.150390625
19120.150390625,19306.144649870905,19082.95153877582,19231.74694617254,24626052.0,2024-08-28,0.0,40.260206982240426,-339.22278449896476,-409.8870570943422,70.66427259537744,18604.900264278545,19285.68525390625,19966.470243533953,7.0600031128249725,0.37842353620944685,-0.0019436603989801881,-0.001941772714310952,19183.3884765625,19285.68525390625,0,19045.75390625
19045.75390625,19306.145885864753,19045.75390625,19194.549323172716,21335688.0,2024-08-29,0.0,39.1516674396651,-331.8181599271629,-394.2732776609064,62.455117733743464,18613.8175269661,19244.7666015625,19875.7156761589,6.557097705151406,0.34229099991960293,-0.003898588542568335,-0.0038909989124080724,19213.14765625,19244.7666015625,0,18971.35546875
18971.35546875,19157.349732755938,18971.35546875,19120.15087995475,23714460.0,2024-08-30,0.0,38.024131045324225,-328.1703304486582,-381.05268821845675,52.882357769798546,18763.406720484247,19179.66875,19595.930779515755,4.340659215146809,0.24978106759781118,-0.0039139499924596005,-0.0039063004733871365,19205.7078125,19179.66875,0,18971.35546875
18971.35546875,18971.35546875,18971.35546875,18971.35546875,0.0,2024-09-02,0.0,38.024131045324225,-321.5725115643727,-369.15665288763995,47.58414132326726,18741.19208443751,19162.92919921875,19584.66631399999,4.401593414000973,0.2728754195986271,0.0,0.0,19179.6685546875,19162.92919921875,0,18971.35546875
18971.35546875,18971.35546875,18971.35546875,18971.35546875,0.0,2024-09-03,0.0,38.024131045324225,-312.73863623834404,-357.8730495577808,45.13441331943676,18749.02764151482,19133.17021484375,19517.312788172683,4.015461829016813,0.28938191529842167,0.0,0.0,19157.34921875,19133.17021484375,0,18785.361328125
18785.361328125,18934.156740307026,18673.766687048348,18822.560181170506,25162500.0,2024-09-04,0.0,34.886994905318446,-317.0906752066876,-349.7165746875622,32.62589948087458,18707.9094253924,19103.41123046875,19498.9130355451,4.140640645850197,0.09791599145501609,-0.009852320906678261,-0.009803945792453916,19090.39140625,19103.41123046875,0,18636.568359375
18636.568359375,18859.75956588002,18599.369505280843,18859.75956588002,29783820.0,2024-09-05,0.0,32.571819417306344,-328.7563479715536,-345.5245293443605,16.76818137280685,18635.91510587296,19082.951953125,19529.988800377043,4.685195962869215,0.0007306483862091701,-0.007952222352180946,-0.007920687079211564,19038.31328125,19082.951953125,1,18896.958984375
18896.958984375,18896.958984375,18413.375784767566,18636.56891599868,30163980.0,2024-09-06,0.0,40.06748918264248,-313.37770728338364,-339.0951649321651,25.717457648781476,18627.473521248958,19058.7728515625,19490.07218187604,4.525992661465416,0.312411177325658,0.013875317405239536,0.013972026393421988,18989.955078125,19058.7728515625,0,19045.75390625
19045.75390625,19492.13823895822,18822.560780865922,18896.958489327284,43092456.0,2024-09-09,0.0,43.90492550238828,-285.88797842047643,-328.4537276298274,42.565749209351,18625.926672268735,19049.47314453125,19473.019616793765,4.4468051063565195,0.4956094094452228,0.00784317584607932,0.00787401412036881,18960.1962890625,19049.47314453125,-1,18710.96484375
18710.96484375,19231.7468489459,18710.96484375,19157.349145623655,19825344.0,2024-09-10,0.0,38.008047954904235,-287.7992787025796,-320.3228378443779,32.52355914179827,18594.915906597435,19040.1734375,19485.43096840257,4.677032300825825,0.13031664721911215,-0.017734477366014263,-0.017578147032034086,18915.5578125,19040.1734375,0,18859.759765625
18859.759765625,19008.55518357753,18636.56855675615,18710.96626573241,18760764.0,2024-09-11,0.0,41.75249525111909,-274.1472919512089,-311.08772866574407,36.94043671453517,18586.251206397057,19036.45361328125,19486.656020165443,4.729897868898209,0.3037617692016232,0.007920832050245113,0.007952284829646494,18889.51875,19036.45361328125,0,18673.767578125
18673.767578125,19008.55535345013,18673.767578125,18896.958788988435,11927256.0,2024-09-12,0.0,38.61288366704488,-275.16408889014565,-303.9030007106244,28.738911820478734,18571.4101790232,19032.73388671875,19494.0575944143,4.847687257556467,0.1109388021841589,-0.0099108036504318,-0.009861853481241134,18852.3201171875,19032.73388671875,0,18599.369140625
18599.369140625,18822.560342754176,18599.369140625,18710.96570071953,16405224.0,2024-09-13,0.0,37.40135250101171,-278.75986966691926,-298.8743745018834,20.114504834964123,18510.190395592417,19010.4146484375,19510.638901282586,5.26263379411557,0.08913876578891189,-0.003992072728758021,-0.003984114999222355,18815.121484375,19010.4146484375,0,18487.7734375
18487.7734375,18785.362360153093,18487.7734375,18599.3700027674,19237152.0,2024-09-16,0.0,35.59714745480002,-287.30254750864333,-296.5600091032354,9.257461594592087,18433.224516277947,18973.21591796875,19513.207319659556,5.69214416813125,0.050509064636261675,-0.006018044646796904,-0.0059999724873061044,18766.76328125,18973.21591796875,1,18785.361328125
18785.361328125,18785.361328125,18450.573568775308,18524.97127486632,17388888.0,2024-09-17,0.0,43.43344284068859,-266.9822206680183,-290.644451416192,23.662230748173727,18417.08475415453,18952.75654296875,19488.42833178297,5.652705848880302,0.34375207138096553,0.015968295442618047,0.016096470006571106,18748.1638671875,18952.75654296875,0,18673.767578125
18673.767578125,18859.75993416787,18673.767578125,18785.362224526736,17469540.0,2024-09-18,0.0,41.399181483249485,-256.92126977387306,-283.89981508772826,26.978545313855193,18419.921747481196,18913.69794921875,19407.474150956303,5.2213607625889935,0.257045428425412,-0.005958178067063098,-0.005940463324116352,18737.0044921875,18913.69794921875,0,18785.361328125
18785.361328125,18971.355593352535,18748.162475079494,18822.560181170506,18054036.0,2024-09-19,0.0,44.213025294641916,-237.20881514428402,-274.56161509903944,37.352799954755426,18412.05852473787,18895.09853515625,19378.138545574628,5.112860454467958,0.3864098163046566,0.0059581780670630085,0.005975963315015376,18751.8837890625,18895.09853515625,1,19082.953125
19082.953125,19380.54204647,18934.15770523502,18971.356560176264,58857216.0,2024-09-20,0.0,50.973715742304705,-195.32183338868708,-258.713658756969,63.3918253682819,18444.0845976809,18880.219140625,19316.353683569097,4.620015686212649,0.7324213796578212,0.01571751621789871,0.015841686070177108,18770.483203125,18880.219140625,0,19120.150390625
19120.150390625,19417.739287358643,19120.150390625,19194.548094323363,20477688.0,2024-09-23,0.0,51.760642832524184,-157.31120446035857,-238.4331678976469,81.12196343728834,18473.264021639006,18869.0595703125,19264.855118985994,4.195180445518501,0.8171976303852195,0.0019473432238075832,0.0019492405279908365,18777.9228515625,18869.0595703125,0,19231.748046875
19231.748046875,19231.748046875,19082.952630962176,19120.151484940383,14054040.0,2024-09-24,0.0,54.13900366419132,-116.83569976482977,-214.11367427108348,97.27797450625371,18464.377708415228,18872.7794921875,19281.18127595977,4.327945271032618,0.939479660656508,0.005819684332144366,0.005836651593740472,18830.001171875,18872.7794921875,1,19492.138671875
19492.138671875,19640.934092102434,19380.542106704423,19417.740961761283,54132144.0,2024-09-25,0.0,59.19435592545401,-63.020759336537594,-183.8950912841743,120.8743319476367,18408.45867775087,18891.37890625,19374.29913474913,5.112599042088569,1.1220072489944193,0.013448781709916197,0.013539623354327013,18893.2390625,18891.37890625,0,19380.541015625
19380.541015625,19678.131839326197,19380.541015625,19566.53528043825,28703664.0,2024-09-26,0.0,56.32852396575866,-29.04224856694782,-152.924522740729,123.88227417378118,18381.440380159474,18908.11826171875,19434.79614327803,5.570917996907027,0.9484930642118468,-0.005741716996953017,-0.005725264842847855,18963.91640625,18908.11826171875,0,19380.541015625
19380.541015625,19566.53528043825,19268.946374796913,19454.938721550297,40312932.0,2024-09-27,0.0,56.32852396575866,-2.089942424769106,-122.75760667753703,120.66766425276792,18361.32873440052,18928.5775390625,19495.82634372448,5.993570340838987,0.8983820440413476,0.0,0.0,19042.03359375,18928.5775390625,1,19603.734375
19603.734375,19789.728642105467,19454.938961315627,19492.137814736718,49401264.0,2024-09-30,0.0,60.737556546016485,36.85495222280588,-90.83509489746845,127.69004712027433,18317.43519150674,18960.196484375,19602.95777724326,6.780112151242286,1.0006041105503367,0.011450555168905892,0.011516363717352096,19153.6296875,18960.196484375,1,19901.326171875
19901.326171875,20087.318529981323,19826.92846140848,19938.52502710826,49965564.0,2024-10-01,0.0,65.70867461960876,90.68685117349742,-54.53070568327527,145.2175568567727,18238.267620847953,19006.69501953125,19775.122418214545,8.085860249703183,1.0821182026283196,0.015066293887946955,0.015180362638177236,19265.226171875,19006.69501953125,-1,19566.53515625
19566.53515625,19864.1259780624,19566.53515625,19864.1259780624,28097124.0,2024-10-02,0.0,56.96973957414443,105.12239638502433,-22.600085269615352,127.72248165463968,18245.924266392365,19045.7537109375,19845.583155482636,8.399031686373363,0.825557810395858,-0.01696565431504604,-0.01682254804195582,19354.5029296875,19045.7537109375,0,19492.138671875
19492.138671875,19826.92836738673,19417.740961761283,19678.132947159294,35374020.0,2024-10-03,0.0,55.212478264166236,109.2995581660216,3.779843417512037,105.51971474850956,18289.33120841962,19088.5322265625,19887.73324470538,8.373624631345509,0.7525062131742324,-0.0038094777448538747,-0.003802230889674685,19425.1806640625,19088.5322265625,0,19492.138671875
19492.138671875,19715.331802216155,19417.740961761283,19492.138671875,23172996.0,2024-10-04,0.0,55.212478264166236,111.32668425465454,25.28921158494054,86.03747266971399,18304.92695865819,19118.2912109375,19931.655463216808,8.508754713538272,0.7298155223135635,0.0,0.0,19466.09921875,19118.2912109375,0,19640.93359375
19640.93359375,19715.331301976013,19492.138177297973,19640.93359375,16455648.0,2024-10-07,0.0,58.20296995150445,123.51588867019382,44.93454700199119,78.58134166820263,18302.928199830196,19148.0501953125,19993.1721907948,8.827238145523467,0.7916048813498326,0.007604597867027713,0.007633586256478697,19518.1775390625,19148.0501953125,1,20050.119140625
20050.119140625,20161.715703351918,19603.734807777262,19640.933662019568,50384268.0,2024-10-08,0.0,65.10352448991438,164.29982876162467,68.80760335391788,95.49222540770678,18305.917421297618,19215.00791015625,20124.098399014885,9.462296274966677,0.9593113890770288,0.02061925879086208,0.02083330432954611,19600.0146484375,19215.00791015625,1,20459.306640625
20459.306640625,20459.306640625,20124.516950753317,20198.91465961369,54930084.0,2024-10-09,0.0,70.37140981689139,227.0224333488004,100.45056935289439,126.57186399590601,18246.701766573373,19294.98525390625,20343.268741239124,10.865864612367629,1.0553466217812457,0.020202775506014615,0.020408232845405605,19696.7314453125,19294.98525390625,0,20273.3125
20273.3125,20608.10027398373,20273.3125,20533.70448270064,31447548.0,2024-10-10,0.0,65.52912112919515,258.73978545870705,132.10841257405693,126.63137288465012,18283.07351552239,19374.9625,20466.851484477615,11.27113391293132,0.9113742389432528,-0.00913250545866042,-0.009090930787247764,19786.00859375,19374.9625,0,20310.509765625
20310.509765625,20422.106320908508,20087.316655057984,20347.708617386168,20805576.0,2024-10-11,0.0,66.03252223160376,283.6082644498456,162.40838294921468,121.19988150063091,18356.426104739974,19460.51953125,20564.612957760026,11.34700874493156,0.884926770672736,0.0018331085622081546,0.0018347897328077067,19879.00546875,19460.51953125,0,20124.515625
20124.515625,20422.106440836953,20124.515625,20347.708736877714,23726604.0,2024-10-14,0.0,61.218404131714685,285.02297307453046,186.93130097427786,98.0916721002526,18500.99462774399,19542.356640625,20583.71865350601,10.657486525613894,0.7795180624864603,-0.009199719828297356,-0.009157531877402203,19931.08359375,19542.356640625,0,20198.9140625
20198.9140625,20422.10718248316,20198.9140625,20384.908329152633,26612388.0,2024-10-15,0.0,62.399280006737804,288.81815606453165,207.30867199232864,81.50948407220301,18596.416077798713,19613.03427734375,20629.65247688879,10.366761054605389,0.7881513361744084,0.003690088987899862,0.003696905748507895,19960.8423828125,19613.03427734375,0,20161.71484375
20161.71484375,20310.510254375276,20161.71484375,20198.91369640632,15349356.0,2024-10-16,0.0,61.39269613421428,285.53275598758773,222.95348879138047,62.57926719620727,18745.170781029577,19687.431640625,20629.692500220423,9.572207048593052,0.7516729832801515,-0.0018433424003232797,-0.0018416444881589333,20020.3603515625,19687.431640625,0,20273.3125
20273.3125,20273.3125,19901.32587134475,20198.91479065696,27140388.0,2024-10-17,0.0,63.305110140811436,288.6071671838545,236.08422446987527,52.522942713979205,18886.89890377679,19761.82919921875,20636.759494660713,8.854750100527644,0.7922994571372558,0.005519864678512703,0.0055351272009778185,20098.477734375,19761.82919921875,-1,20050.119140625
20050.119140625,20310.511120321138,20050.119140625,20273.312266078832,21439968.0,2024-10-18,0.0,57.202211716333906,269.92232486971625,242.8518445498435,27.070480319872757,18987.91757184915,19810.1875,20632.45742815085,8.301485567977087,0.6458959110693533,-0.011070270047354228,-0.011009220095383965,20154.27578125,19810.1875,0,19901.326171875
19901.326171875,20124.51738521458,19864.127316641738,20050.11967474806,18340740.0,2024-10-21,0.0,53.49939618426516,240.33764093562058,242.3490038269989,-2.011362891378326,19093.461513215945,19849.2462890625,20605.031064909053,7.6152491116301295,0.5344541756309963,-0.007448724597989817,-0.007421051601061102,20180.3150390625,19849.2462890625,0,19826.927734375
19826.927734375,19975.721231791955,19715.331172767354,19826.927734375,24175800.0,2024-10-22,0.0,51.69739928001273,208.48494892531016,235.57619284666117,-27.09124392135101,19180.927826985284,19879.0052734375,20577.082719889713,7.023263355988862,0.46269931128188696,-0.0037453709718076396,-0.003738365818311218,20157.9958984375,19879.0052734375,0,19678.1328125
19678.1328125,19864.12708651152,19603.735102895393,19826.928231709215,17962164.0,2024-10-23,0.0,48.20063093785588,169.2835588653761,222.31766605040417,-53.03410718502806,19207.177917115023,19888.30498046875,20569.43204382248,6.849523516686079,0.34571735636673523,-0.007532990631593658,-0.007504688768145695,20079.878515625,19888.30498046875,0,19678.1328125
19678.1328125,19864.12708651152,19603.735102895393,19715.331667302304,20986548.0,2024-10-24,0.0,48.20063093785588,136.6410617088477,205.1823451820929,-68.54128347324519,19256.637968357536,19903.1845703125,20549.731172267464,6.496916105770832,0.3259585951484312,0.0,0.0,20020.360546875,19903.1845703125,0,19678.1328125
19678.1328125,19826.928231709215,19678.1328125,19789.72937690691,12468192.0,2024-10-25,0.0,48.20063093785588,109.50929257813186,186.0477346613007,-76.53844208316883,19309.585318257527,19918.06416015625,20526.543002054972,6.109819076855002,0.30284331094606554,0.0,0.0,19957.1228515625,19918.06416015625,1,19901.326171875
19901.326171875,20050.11967474806,19715.331895708696,19715.331895708696,15751560.0,2024-10-28,0.0,54.02640742013545,104.80883782383171,169.7999552938069,-64.9911174699752,19342.54338941149,19932.94375,20523.344110588507,5.923865215227011,0.47322361211510583,0.011278361603401232,0.011342202103302279,19934.80390625,19932.94375,1,20124.515625
20124.515625,20198.91332895924,19864.125579202482,19938.523283161718,20767692.0,2024-10-29,0.0,58.99306011671135,117.73602950124405,159.38717013529435,-41.65114063405031,19347.81130934803,19944.10322265625,20540.395135964467,5.9796312388800485,0.6512785921771316,0.011152383379254742,0.011214803033599674,19927.3640625,19944.10322265625,0,20087.318359375
20087.318359375,20161.716069209644,19938.524857765675,20124.517214292322,14607780.0,2024-10-30,0.0,57.8709436266438,123.55514675419181,152.22076545907385,-28.665618704882036,19398.290103157306,19970.1423828125,20541.994662467696,5.727072633667003,0.6024530116703845,-0.001850066139693195,-0.0018483558222286423,19919.9244140625,19970.1423828125,0,20012.919921875
20012.919921875,20124.51648256934,19938.524132805334,20124.51648256934,17589132.0,2024-10-31,0.0,55.593243656201075,120.77133025146395,145.93087841755187,-25.159548166087916,19470.403203894035,19996.1814453125,20521.959686730966,5.258786462369479,0.5159178102514679,-0.0037106274702244646,-0.0037037515993406656,19893.88515625,19996.1814453125,-1,19752.529296875
19752.529296875,19975.720493784538,19678.13159188521,19938.52355934948,17425848.0,2024-11-01,0.0,48.411488411882914,96.44206427067911,136.0331155881773,-39.5910513174982,19524.70010609183,20009.2009765625,20493.70184703317,4.842780789079824,0.2351174215247995,-0.013096512270100695,-0.013011126113355531,19864.126171875,20009.2009765625,0,19566.53515625
19566.53515625,19752.52941988275,19454.938598070352,19752.52941988275,24168804.0,2024-11-04,0.0,44.035555387279416,61.44447925843633,121.11538832222912,-59.67090906379279,19508.103595372046,20005.4810546875,20502.858514002957,4.972411890079642,0.058739655148801986,-0.0094608318142825,-0.009416218947435051,19830.6470703125,20005.4810546875,0,19715.330078125
19715.330078125,19752.528929928845,19492.136967301918,19566.534670909612,10685136.0,2024-11-05,0.0,48.078890399471355,45.194177312849206,105.93114612035313,-60.73696880750393,19475.410591992917,19988.7416015625,20502.07261113208,5.136201365767368,0.23368886903330757,0.007575792678423721,0.007604561599015236,19819.4873046875,19988.7416015625,1,20050.119140625
20050.119140625,20198.91455759422,19752.530224746486,19826.927933231094,27709440.0,2024-11-06,0.0,55.81420583401541,58.65424570518735,96.47576603731999,-37.821520332132636,19503.607927184217,19968.2822265625,20432.956525940783,4.654123916178998,0.5880583606323772,0.01683858623461205,0.016981154318661984,19856.6859375,19968.2822265625,0,20050.119140625
20050.119140625,20310.511120321138,20050.119140625,20161.715703351918,21099936.0,2024-11-07,0.0,55.81420583401541,68.53145888202926,90.88690460626184,-22.35544572423258,19513.02832478289,19957.12255859375,20401.21679240461,4.450483605610067,0.604703658537995,0.0,0.0,19893.8845703125,19957.12255859375,0,20087.318359375
20087.318359375,20459.306908548217,20087.318359375,20236.113779044288,32687028.0,2024-11-08,0.0,56.646525012072715,78.45648997349781,88.40082167970904,-9.94433170621123,19528.86241258965,19945.96298828125,20363.063563972853,4.182305722081796,0.6694499832077248,0.0018535926415717175,0.0018553116063348973,19934.803125,19945.96298828125,1,20608.099609375
20608.099609375,20608.099609375,20050.118725356966,20124.51643230069,53958300.0,2024-11-11,0.0,66.23552712848709,126.88222384887922,96.09710211354307,30.785121735336148,19463.09243055865,19970.1421875,20477.191944441354,5.078078585326575,1.129087592629284,0.02559549488741053,0.025925872268407923,20005.48046875,19970.1421875,0,20459.306640625
20459.306640625,20756.89555800656,20310.51122290425,20645.298994716,31631424.0,2024-11-12,0.0,62.015079113409826,151.50713779570287,107.17910924997504,44.32802854572783,19439.33957518151,19983.16181640625,20526.984057630987,5.44280475953768,0.9377761593075237,-0.007246312022967505,-0.007220120805428887,20038.9595703125,19983.16181640625,-1,20124.515625
20124.515625,20384.90758885733,19975.720217081525,20236.112180938857,29419632.0,2024-11-13,0.0,53.72067669446938,142.36660886890604,114.21660917376124,28.1499996951448,19439.80140219055,19981.30185546875,20522.802308746952,5.420071797073576,0.6322379036473966,-0.016499116724749695,-0.016363751788157965,20042.679296875,19981.30185546875,-1,19566.53515625
19566.53515625,20161.714881814947,19566.53515625,20124.516029088398,35064876.0,2024-11-14,0.0,43.321071043509306,89.07155184513249,109.1875977080355,-20.116045862903007,19392.582466900618,19945.96298828125,20499.343509661885,5.5487972348666075,0.15717276144395737,-0.02811803769430074,-0.027726404905708102,19998.0408203125,19945.96298828125,-1,19268.947265625
19268.947265625,19603.735039706655,19268.947265625,19566.53618502425,36437676.0,2024-11-15,0.0,38.98628028822981,22.561899918015115,91.86245815003143,-69.30055823201631,19279.19631343577,19906.90439453125,20534.612475626735,6.306435884304791,-0.008163864795942754,-0.015325866804525192,-0.015209023378364606,19949.6826171875,19906.90439453125,0,19194.548828125
19194.548828125,19380.541176421528,18971.35570849731,19343.342323150246,27191208.0,2024-11-18,0.0,37.96353189487182,-35.73883549403763,66.34219942121763,-102.08103491525526,19167.58803931632,19871.56552734375,20575.543015371182,7.085274555331243,0.019148899835010644,-0.003868526672811132,-0.0038610535632490617,19912.483984375,19871.56552734375,-1,18934.15625
18934.15625,19343.341704844697,18934.15625,19231.74706665783,20912496.0,2024-11-19,0.0,34.54749152563615,-101.78082718588121,32.717594099797864,-134.49842128567906,19007.30996724132,19826.926953125,20646.54393900868,8.267715797021152,-0.044626769882305156,-0.013658823497443379,-0.013565965027709126,19834.3666015625,19826.926953125,0,19045.75390625
19045.75390625,19343.342822035505,18785.361926635243,18896.958489327284,30030660.0,2024-11-20,0.0,37.15737927190937,-143.4608557656975,-2.518095873301206,-140.94275989239628,18905.71750525007,19795.3080078125,20684.898510374926,8.987892506763092,0.07870834985117289,0.00587668464529717,0.005893986231892523,19733.930078125,19795.3080078125,0,19231.748046875
19231.748046875,19306.14575483141,19008.554923005766,19082.952630962176,16865772.0,2024-11-21,0.0,41.3545688761146,-159.64412784229717,-33.9433022671004,-125.70082557519677,18849.275401946485,19772.98876953125,20696.702137116015,9.343184061360931,0.2070299393461021,0.009718272874712688,0.0097656486343638,19652.09296875,19772.98876953125,0,19417.740234375
19417.740234375,19529.336795365183,19231.74788411793,19268.946737781323,22791648.0,2024-11-22,0.0,45.289651912780144,-155.66703969328228,-58.288049752336775,-97.3789899409455,18823.375763110456,19759.969140625,20696.56251813954,9.47970486035808,0.3173012352712878,0.00962463574705136,0.009671101506044444,19585.13515625,19759.969140625,0,19566.53515625
19566.53515625,19566.53515625,19380.54089261725,19417.739745343802,16936128.0,2024-11-25,0.0,48.27957419857086,-138.9074237039531,-74.41192454266005,-64.49549916129305,18805.307515857057,19743.22958984375,20681.151663830446,9.501202118109157,0.40580537632369545,0.007633623707718665,0.007662834092897697,19480.9787109375,19743.22958984375,0,19603.734375
19603.734375,19715.330935263282,19492.137814736718,19566.535521578906,17398524.0,2024-11-26,0.0,49.02953644001285,-121.22622080686051,-83.77478379550014,-37.45143701136037,18795.05526509056,19717.19052734375,20639.325789596944,9.353617199918794,0.4384818274563501,0.0018993604270992103,0.001901165354670331,19395.421484375,19717.19052734375,0,19566.53515625
19566.53515625,19678.131714429648,19417.739745343802,19603.73400897655,10515912.0,2024-11-27,0.0,48.27567702488617,-108.95939016603734,-88.81170506960758,-20.147685096429754,18783.728698822983,19691.1513671875,20598.574035552017,9.216552668185853,0.43133507940566407,-0.0018993604270991725,-0.001897557783553716,19339.6234375,19691.1513671875,0,19640.93359375
19640.93359375,19901.325572541045,19566.535885523987,19678.13244786301,18652920.0,2024-11-28,0.0,49.9337081601567,-92.1720048757561,-89.48376503083729,-2.6882398449188116,18777.737321223263,19672.55205078125,20567.366780339238,9.097088443311065,0.48233240022386015,0.003795120122173646,0.00380233070934044,19347.06328125,19672.55205078125,1,19901.326171875
19901.326171875,19901.326171875,19566.536474775654,19678.133040475437,18318036.0,2024-11-29,0.0,55.33075236002676,-57.197044300737616,-83.02642088481736,25.82937658407974,18779.918463117523,19679.99189453125,20580.065325944975,9.147091484969993,0.6229534555842325,0.013170534192872393,0.01325764770203497,19410.301171875,19679.99189453125,0,20012.919921875
20012.919921875,20198.9141896989,19901.325279240555,20050.11877543978,24519792.0,2024-12-02,0.0,57.44779019922122,-20.24112596645864,-70.46936190114562,50.22823593468698,18792.003661774546,19702.3111328125,20612.618603850457,9.240616137889695,0.6706065252372008,0.005591689769336983,0.005607352446577396,19492.13828125,19702.3111328125,0,20087.318359375
20087.318359375,20087.318359375,19789.729438096387,19975.721794623034,20871972.0,2024-12-03,0.0,58.84808245090962,14.878527297911205,-53.39978406133425,68.27831135924546,18794.42586711645,19720.910546875,20647.395226633547,9.395962499361985,0.6977408911907163,0.0037106274702245353,0.003717520371361749,19607.4544921875,19720.910546875,-1,19864.126953125
19864.126953125,19975.7215987226,19826.928098572484,19975.7215987226,16511220.0,2024-12-04,0.0,53.19287703069754,24.41992662415214,-37.83584192423698,62.25576854838912,18795.36242721938,19711.6109375,20627.859447780622,9.296536068876236,0.5832285203815979,-0.011173249251025665,-0.011111060334533573,19689.291796875,19711.6109375,1,20719.6953125
20719.6953125,20719.6953125,19640.932442570298,19864.12555416671,59065644.0,2024-12-05,0.0,66.48769288164891,99.86755958916547,-10.295161621556492,110.16272121072195,18732.85838905197,19745.08974609375,20757.321103135528,10.252993225741433,0.9814144314075153,0.04216927298670903,0.043071027556053965,19838.0865234375,19745.08974609375,0,20533.703125
20533.703125,20756.894320211635,20459.30542057618,20719.695467999725,31351716.0,2024-12-06,0.0,62.34219105567328,143.0038774724162,20.364646197238052,122.63923127517816,18704.965307547995,19767.408984375,20829.852661202007,10.749448019887753,0.860628124266098,-0.00901712124437522,-0.008976588926372542,19949.6828125,19767.408984375,0,20570.900390625
20570.900390625,20756.8946546816,20459.305750250896,20570.900390625,21052284.0,2024-12-09,0.0,62.841188883468156,178.13776734564817,51.91927042692008,126.21849691872809,18709.189364349848,19765.5490234375,20821.90868252515,10.688897716274374,0.8811918413672956,0.0018098836917242187,0.0018115225197599116,20050.1193359375,19765.5490234375,0,20756.89453125
20756.89453125,20980.087646790696,20533.703333769146,20608.099120889536,43149876.0,2024-12-10,0.0,65.3160194512298,218.47139863697885,85.22969606893184,133.241702568047,18675.649986148335,19780.42841796875,20885.206849789163,11.170419653972932,0.9419284831947096,0.009000983319323282,0.00904161398349701,20165.4353515625,19780.42841796875,0,20645.298828125
20645.298828125,20942.889661165176,20533.704183794856,20756.895390515067,22481580.0,2024-12-11,0.0,62.621150820353314,238.6798981328975,115.91973648172498,122.76016165117252,18644.474088306077,19806.467578125,20968.461067943925,11.733475292709668,0.8609449008749249,-0.005390824220976295,-0.005376319803378604,20273.31171875,19806.467578125,0,20459.306640625
20459.306640625,20756.89555800656,20347.71007733444,20645.298994716,27673932.0,2024-12-12,0.0,58.303528584671604,236.9557856509782,140.12694631557562,96.82883933540259,18659.701288318804,19851.10615234375,21042.511016368695,12.003410337758742,0.755245092011189,-0.009049762416936342,-0.009008936564610215,20355.1490234375,19851.10615234375,-1,20236.11328125
20236.11328125,20384.908697259023,20161.71557324549,20310.51098925451,22790988.0,2024-12-13,0.0,53.53350500341211,215.10003597111063,155.12156424668262,59.978471724428005,18729.22674650836,19899.464453125,21069.702159741642,11.761499505408723,0.6438377973216691,-0.010969076996698983,-0.010909136037475342,20388.627734375,19899.464453125,0,20087.318359375
20087.318359375,20347.71034379625,19975.721794623034,20236.113779044288,21981564.0,2024-12-16,0.0,50.56351835821073,183.65562252853124,160.82837590305235,22.827246625478892,18819.877015195976,19944.1029296875,21068.32884417902,11.273767674133616,0.5636951291735152,-0.007380105867743985,-0.007352939757105825,20396.067578125,19944.1029296875,0,20087.318359375
20087.318359375,20161.716069209644,19975.721794623034,20087.318359375,14268408.0,2024-12-17,0.0,50.56351835821073,156.9267445033911,160.0480496231201,-3.1213051197290156,18982.217506921872,20001.76103515625,21021.30456339063,10.194537635384906,0.5419586422008462,0.0,0.0,20396.067578125,20001.76103515625,1,20347.708984375
20347.708984375,20347.708984375,20050.118164918335,20087.31701735042,16888344.0,2024-12-18,0.0,55.56667636276139,154.96887859191338,159.03221541687878,-4.063336824965404,19142.515063964493,20066.8587890625,20991.202514160505,9.212639953412362,0.6519187006341843,0.012879636378231316,0.01296293613420385,20444.42578125,20066.8587890625,-1,19975.720703125
19975.720703125,20198.913820433383,19938.52376830013,20087.31726177919,40037976.0,2024-12-19,0.0,48.080586764676845,121.99463211036709,151.62469875557645,-29.630066645209354,19265.302051549443,20104.057421875,20942.81279220056,8.344140217316706,0.4234957394668081,-0.018450753672504854,-0.018281580571829936,20370.0283203125,20104.057421875,0,19864.126953125
19864.126953125,20050.119307827634,19864.126953125,19975.7215987226,18145908.0,2024-12-20,0.0,46.075177957824025,85.86779076886523,138.4733171582342,-52.605526389368976,19342.560519106646,20126.3767578125,20910.192996518355,7.788945304341468,0.33270963796278524,-0.0056021319567521825,-0.00558646927730333,20303.070703125,20126.3767578125,1,20087.318359375
20087.318359375,20124.517214292322,19901.326002848353,19901.326002848353,17026416.0,2024-12-23,0.0,50.520288800119566,74.38917778599352,125.65648928378609,-51.26731149779256,19413.59898477212,20152.41591796875,20891.232851165376,7.332291435468706,0.45594473023777893,0.011173249251025663,0.01123590313214784,20254.7125,20152.41591796875,-1,19864.126953125
19864.126953125,20012.920453275117,19789.72924401997,20012.920453275117,17770368.0,2024-12-24,0.0,46.4011423727713,46.74377990441644,109.87394740791215,-63.13016750349571,19458.856156525773,20165.435546875,20872.014937224227,7.007826721190994,0.28678362412957004,-0.011173249251025665,-0.011111060334533573,20165.4357421875,20165.435546875,1,20198.9140625
20198.9140625,20198.9140625,19901.325153915666,19901.325153915666,22630476.0,2024-12-25,0.0,52.63903495139469,51.25825148689182,98.1508082237081,-46.892556736816275,19549.158700586304,20197.0544921875,20844.950283788698,6.415745343973914,0.5014350844199061,0.016713404378618735,0.01685385469822176,20120.797265625,20197.0544921875,0,20087.318359375
20087.318359375,20236.113779044288,19975.721794623034,20198.914924126966,13167132.0,2024-12-26,0.0,50.528081785646535,45.308869696960755,87.58242051835863,-42.273550821397876,19623.47350181939,20219.37373046875,20815.27395911811,5.894349019835292,0.38919674406480764,-0.005540155127593027,-0.0055248367699222145,20083.5984375,20219.37373046875,0,19975.720703125
19975.720703125,20087.31726177919,19938.52376830013,20087.31726177919,15033744.0,2024-12-27,0.0,48.436218981875854,31.2289556057367,76.31172753583424,-45.082771930097536,19634.67059390464,20223.09345703125,20811.516320157858,5.819316064348438,0.2898001850303503,-0.005571117294273463,-0.005555627399010943,20057.5591796875,20223.09345703125,0,19901.326171875
19901.326171875,19975.72196428154,19826.92846140848,19938.52502710826,16062024.0,2024-12-30,0.0,47.03817300911305,13.907191866390349,63.830820401945466,-49.92362853555512,19618.675319221806,20217.51376953125,20816.352219840697,5.923957387994201,0.23599925197449861,-0.003731199945288019,-0.003724247668238645,20038.9599609375,20217.51376953125,0,19826.927734375
19826.927734375,19901.325442113433,19789.728880505783,19901.325442113433,13526568.0,2024-12-31,0.0,45.62004823100536,-5.757395158641884,49.913177289828,-55.67057244846988,19582.849218979663,20204.49423828125,20826.13925758284,6.153532100039045,0.19631663394452703,-0.0037453709718076396,-0.003738365818311218,20012.9208984375,20204.49423828125,0,19826.927734375
19826.927734375,19826.927734375,19826.927734375,19826.927734375,0.0,2025-01-01,0.0,45.62004823100536,-21.098511543965287,35.71083952306934,-56.809351067034626,19576.494994943838,20202.63427734375,20828.773559743662,6.198590478887164,0.19998165461787143,0.0,0.0,19960.8427734375,20202.63427734375,1,20087.318359375
20087.318359375,20124.517214292322,19864.12714793103,19864.12714793103,19748784.0,2025-01-02,0.0,51.54923991442547,-12.105564135948953,26.14755879126568,-38.25312292721463,19592.78036168029,20171.0154296875,20749.250497694713,5.733326316891034,0.42762712351488097,0.013047688211369281,0.013133180717078474,19972.0025390625,20171.0154296875,-1,19789.728515625
19789.728515625,20087.31742303191,19789.728515625,20012.919716665212,17424132.0,2025-01-03,0.0,45.4500954886323,-28.661213227838743,15.185804387444797,-43.84701761528354,19558.10616222393,20133.81669921875,20709.527236213573,5.718841545002855,0.20116216268172507,-0.014925647292412697,-0.014814811933874239,19964.5626953125,20133.81669921875,-1,19380.541015625
19380.541015625,19864.126104139446,19380.541015625,19789.72839821415,20130660.0,2025-01-06,0.0,38.67432973747328,-73.94727775022693,-2.640812040089548,-71.30646571013739,19445.199660946506,20074.29873046875,20703.39779999099,6.267706563192633,-0.05138987518341879,-0.020893519004001722,-0.020676761668404153,19893.8849609375,20074.29873046875,0,19380.541015625
19380.541015625,19640.932986363547,19380.541015625,19454.938721550297,19007472.0,2025-01-07,0.0,38.67432973747328,-108.5851086124967,-23.829671354570976,-84.75543725792572,19389.803067046392,20005.4810546875,20621.15904232861,6.155093056328672,-0.007521830898062962,0.0,0.0,19845.5263671875,20005.4810546875,0,19529.3359375
19529.3359375,19529.3359375,19306.14474338365,19380.540529382557,17104032.0,2025-01-08,0.0,42.30193442551823,-122.6158927725337,-43.586915638163525,-79.02897713437017,19377.409363683408,19949.68291015625,20521.956456629094,5.7371693480050485,0.13273946939621636,0.007648219878469934,0.0076775422190247244,19778.5685546875,19949.68291015625,0,19343.341796875
19343.341796875,19566.534910430262,19268.946010416403,19566.534910430262,12192708.0,2025-01-09,0.0,39.18190270563305,-147.0484796968085,-64.27922844989253,-82.76925124691597,19313.272444927417,19893.88466796875,20474.49689101008,5.837092480747896,0.025894521984117888,-0.009569475056968504,-0.009523833335666865,19704.1708984375,19893.88466796875,-1,19008.5546875
19008.5546875,19417.74015813076,19008.5546875,19343.342451096098,18841152.0,2025-01-10,0.0,34.28070052692698,-191.22171772498405,-89.66772630491084,-101.5539914200732,19153.09230389442,19832.50673828125,20511.921172668077,6.851523545184573,-0.1063692564354078,-0.017459142531061296,-0.017307614831532647,19607.454296875,19832.50673828125,1,19268.947265625
19268.947265625,19380.54191161225,18934.157573483397,19008.555282848196,17920320.0,2025-01-13,0.0,40.51345993571083,-202.8791576091644,-112.31001256576155,-90.56914504340284,19079.023855273415,19791.58818359375,20504.152511914086,7.20067860861228,0.1332675541022901,0.013605725646841585,0.013698704736148759,19544.21640625,19791.58818359375,0,19231.748046875
19231.748046875,19343.3426907497,19194.549192896793,19306.14575483141,10112124.0,2025-01-14,0.0,39.93083941335346,-212.6679253092043,-132.3815951144501,-80.28633019475419,19008.800102837624,19748.80966796875,20488.81923309988,7.494219424590168,0.1506385555961499,-0.0019323926502447738,-0.0019305267816245308,19484.6984375,19748.80966796875,1,19492.138671875
19492.138671875,19529.33752693186,19268.947459593815,19343.343251647566,14812512.0,2025-01-15,0.0,45.80592820405351,-197.14171994246135,-145.33362008005236,-51.808099862408994,19014.462862247183,19706.03115234375,20397.599442440314,7.018849049310609,0.34535693471509366,0.013448781709916197,0.013539623354327013,19451.21953125,19706.03115234375,0,19492.138671875
19492.138671875,19529.33752693186,19268.947459593815,19343.343251647566,14812512.0,2025-01-16,0.0,45.80592820405351,-182.73068474125103,-152.8130330122921,-29.91765172895893,18996.195732895092,19681.85205078125,20367.508368667408,6.967396321414189,0.361655632743875,0.0,0.0,19391.7015625,19681.85205078125,1,19715.330078125
19715.330078125,19715.330078125,19417.739263694228,19566.534670909612,18414132.0,2025-01-17,0.0,50.60812421461704,-151.55314401675423,-152.56105521318452,1.0079111964302854,18993.873504390525,19674.41220703125,20354.950909671978,6.918007973803811,0.5300628538354785,0.01138527042327755,0.011450329284391936,19384.26171875,19674.41220703125,0,19678.1328125
19678.1328125,19901.325941313822,19678.1328125,19715.331667302304,12743544.0,2025-01-20,0.0,49.81585295476087,-128.36649775521073,-147.72214372158976,19.35564596637903,19001.6643094902,19653.9529296875,20306.241549884802,6.637734633138484,0.518534650202226,-0.00188849996677898,-0.0018867178727214329,19414.0208984375,19653.9529296875,0,19566.53515625
19566.53515625,19789.7282726093,19492.1374507969,19789.7282726093,13756380.0,2025-01-21,0.0,47.41745816433403,-117.63983297473533,-141.70568157221888,24.06584859748355,18993.42836451553,19639.07333984375,20284.718315171973,6.575106311338395,0.4438250227558297,-0.005687292711644825,-0.005671150678437931,19432.6203125,19639.07333984375,0,19454.939453125
19454.939453125,19640.933724932293,19454.939453125,19640.933724932293,13569600.0,2025-01-22,0.0,45.08015224991708,-116.79734733647638,-136.7240147250704,19.926667388594012,19008.422344666677,19601.874609375,20195.326874083326,6.0550562283925045,0.3762030537348961,-0.005719722715857045,-0.005703396244345016,19425.1806640625,19601.874609375,1,19826.927734375
19826.927734375,19901.325442113433,19454.93919568284,19492.138049552057,20845440.0,2025-01-23,0.0,53.337034523946116,-85.13197749355095,-126.40560727876651,41.27362978521556,19029.817434049488,19588.855078125,20147.892722200515,5.707711265879897,0.7129307916676182,0.018940006059095366,0.01912050572792956,19473.5392578125,19588.855078125,0,19752.529296875
19752.529296875,19826.92700186479,19678.13159188521,19826.92700186479,13729716.0,2025-01-24,0.0,51.66404055252471,-65.28768015230162,-114.18202185347354,48.894341701171925,19042.784165728164,19577.6955078125,20112.606849896834,5.464497513212197,0.6634231463304213,-0.0037594515289559047,-0.0037523936384259438,19547.93671875,19577.6955078125,0,19752.529296875
19752.529296875,19752.529296875,19752.529296875,19752.529296875,0.0,2025-01-27,0.0,51.66404055252471,-48.996134598306526,-101.14484440244014,52.14870980413362,19050.368792753867,19570.2556640625,20090.142535371135,5.313030961198113,0.675301246166968,0.0,0.0,19596.294921875,19570.2556640625,0,19752.529296875
19752.529296875,19752.529296875,19752.529296875,19752.529296875,0.0,2025-01-28,0.0,51.66404055252471,-35.67374267311243,-88.0506240565746,52.37688138346218,19053.36036963556,19566.5357421875,20079.711114739443,5.245439247025024,0.6812183170078696,0.0,0.0,19648.373046875,19566.5357421875,0,19752.529296875
19752.529296875,19752.529296875,19752.529296875,19752.529296875,0.0,2025-01-29,0.0,51.66404055252471,-24.829432843707764,-75.40638581400124,50.576952970293476,19056.555968034525,19562.8158203125,20069.075672590472,5.175736018046164,0.6873676884596558,0.0,0.0,19674.412109375,19562.8158203125,0,19752.529296875
19752.529296875,19752.529296875,19752.529296875,19752.529296875,0.0,2025-01-30,0.0,51.66404055252471,-16.050222204219608,-63.535153092044915,47.48493088782531,19093.550233130114,19546.0763671875,19998.602501244884,4.630352665735538,0.728111609639456,0.0,0.0,19700.451171875,19546.0763671875,0,19752.529296875
19752.529296875,19752.529296875,19752.529296875,19752.529296875,0.0,2025-01-31,0.0,51.66404055252471,-8.989014754999516,-52.62592542463584,43.63691066963632,19095.618171237416,19544.21640625,19992.814641262587,4.590598320116112,0.732182022092836,0.0,0.0,19704.17109375,19544.21640625,0,19640.93359375
19640.93359375,19789.729010202027,19529.33703141098,19715.331301976013,22402644.0,2025-02-03,0.0,48.131503720387975,-12.256512133761134,-44.5520427664609,32.295530632699766,19113.55142590929,19557.23603515625,20000.92064440321,4.53729359761665,0.5943210073658016,-0.00566571169210881,-0.005649691816564273,19700.451171875,19557.23603515625,1,19975.720703125
19975.720703125,20087.31726177919,19678.131798107013,19715.330650991742,22912824.0,2025-02-04,0.0,57.51633101012895,12.029822145086655,-33.23566978415139,45.265491929238046,19114.31787397579,19586.99501953125,20059.672165086708,4.826438614847526,0.9111957678183771,0.016901734138160394,0.01704537657423444,19741.3697265625,19586.99501953125,0,19938.5234375
19938.5234375,20087.31692851043,19901.324585232436,19975.72037170774,19095780.0,2025-02-05,0.0,56.29751314904383,27.95318169096572,-20.997899489127967,48.95108118009369,19110.487078638715,19607.45439453125,20104.421710423787,5.069167122797401,0.8330893525403785,-0.0018638597420245126,-0.0018621238341193225,19789.728125,19607.45439453125,0,19938.5234375
19938.5234375,20050.118076242867,19901.324585232436,19938.5234375,17866200.0,2025-02-06,0.0,56.29751314904383,40.11019350963397,-8.77628088937558,48.88647439900955,19135.578754192255,19637.2134765625,20138.84819893275,5.109021429837388,0.800328054957794,0.0,0.0,19800.8876953125,19637.2134765625,0,19826.927734375
19826.927734375,19938.524295982646,19789.728880505783,19938.524295982646,16562568.0,2025-02-07,0.0,52.43164578805346,40.27560031474786,1.0340953514491096,39.24150496329875,19267.081990045,19678.13212890625,20089.1822677675,4.177735327403731,0.6809944717218246,-0.005612711175071124,-0.005596989339497038,19808.3275390625,19678.13212890625,-1,18896.958984375
18896.958984375,19715.331880829108,18896.958984375,19715.331880829108,80647380.0,2025-02-10,0.0,32.44012528904288,-34.239329969728715,-6.020589712786455,-28.21874025694226,19148.91884395092,19659.53271484375,20170.14658573658,5.194567727515678,-0.24672249809367425,-0.04803999151880047,-0.04690432942808698,19722.7705078125,19659.53271484375,1,19417.740234375
19417.740234375,19417.740234375,18934.157054810774,18934.157054810774,38142720.0,2025-02-11,0.0,45.070817211396374,-50.68597814167515,-14.953667398564194,-35.73231074311096,19184.947774868324,19668.83232421875,20152.716873569178,4.920318007435622,0.2405454563688589,0.02718608446784344,0.02755899774300241,19689.2916015625,19668.83232421875,0,19231.748046875
19231.748046875,19492.138106662525,19231.748046875,19492.138106662525,18019716.0,2025-02-12,0.0,42.04737780035697,-77.83089433745772,-27.5291127863429,-50.30178155111482,19139.01759255344,19655.81279296875,20172.607993384063,5.2584465049461535,0.08971683003928871,-0.009624635747051349,-0.009578467177696615,19637.2134765625,19655.81279296875,0,19268.947265625
19268.947265625,19343.34305692985,19231.7484109426,19306.1461203074,12538812.0,2025-02-13,0.0,42.87279331270347,-95.24385801691096,-41.07206183245651,-54.17179618445445,19103.893119369193,19644.65322265625,20185.413325943304,5.5054176539333834,0.15261309520849572,0.0019323926502448228,0.0019342609241412845,19588.8552734375,19644.65322265625,0,19417.740234375
19417.740234375,19566.535649028578,19343.34252704821,19417.740234375,24526392.0,2025-02-14,0.0,46.17509022836556,-95.93156871429892,-52.04396320882499,-43.88760550547393,19080.88617131795,19629.77373046875,20178.66128961955,5.59239822819591,0.3068516105358684,0.007692243096806606,0.007721904403954705,19555.3763671875,19629.77373046875,0,19454.939453125
19454.939453125,19529.337161847918,19380.541744402082,19454.939453125,18967608.0,2025-02-17,0.0,46.99996005960493,-92.40967709584947,-60.11710598622989,-32.29257110961959,19064.81264744775,19618.6140625,20172.41547755225,5.645673168226639,0.3522262629470184,0.0019139009918616701,0.0019157336693662597,19536.776953125,19618.6140625,1,19752.529296875
19752.529296875,19789.728149369894,19566.53503440052,19603.733886895414,32920140.0,2025-02-18,0.0,53.1813980930319,-64.85789781249696,-61.06526435148331,-3.7926334610136507,19071.553904687014,19627.91376953125,20184.273634375484,5.669067750928088,0.6119918376738405,0.0151805545301395,0.015296364425446685,19514.4578125,19627.91376953125,0,19715.330078125
19715.330078125,19789.72778173269,19640.932374517306,19789.72778173269,18021960.0,2025-02-19,0.0,52.35932998423642,-45.500083655311755,-57.952228212249004,12.452144556937249,19089.45132527054,19640.93330078125,20192.41527629196,5.615639206806666,0.5674516853201361,-0.0018850391358588236,-0.0018832635654354446,19492.1384765625,19640.93330078125,0,19752.529296875
19752.529296875,19789.728149369894,19715.330444380103,19752.529296875,15721728.0,2025-02-20,0.0,53.139412356293334,-26.847726524691097,-51.731327874737424,24.883601350046327,19090.02694192467,19637.21337890625,20184.39981588783,5.572954027880083,0.605371688856966,0.0018850391358588208,0.001886816939031366,19473.5390625,19637.21337890625,0,19678.1328125
19678.1328125,19789.72937690691,19640.933957697696,19752.530522104607,14604216.0,2025-02-21,0.0,51.329196571722825,-17.86286169700179,-44.9576346391903,27.094772942188513,19088.601168954196,19633.4935546875,20178.3859404208,5.550641145097784,0.5409615356915174,-0.0037735391026377063,-0.0037664282511288283,19458.6595703125,19633.4935546875,1,20608.099609375
20608.099609375,21054.485851037338,20496.504967019304,21054.485851037338,97536252.0,2025-02-24,0.0,66.63133544866619,63.56551319445862,-23.253005072460518,86.81851826691914,18978.99932928168,19676.2720703125,20373.544811343323,7.08744764800101,1.1681944411629515,0.04617617373037322,0.04725889421196827,19629.7736328125,19676.2720703125,0,20459.306640625
20459.306640625,20608.100140285813,20236.11351404388,20533.704349485375,41679396.0,2025-02-25,0.0,63.20720830580368,114.76875512429979,4.351346966891544,110.41740815740825,18931.36127150616,19711.6109375,20491.860603493842,7.916650429716716,0.97913875244831,-0.007246312022967505,-0.007220120805428887,19733.9302734375,19711.6109375,0,20645.298828125
20645.298828125,20794.09424464509,20496.505329664833,20533.704183794856,42001872.0,2025-02-26,0.0,65.5877788037236,168.41433278871045,37.16394413125533,131.25038865745512,18871.049797649273,19756.2494140625,20641.449030475724,8.961211188021752,1.0021745364423424,0.009049762416936318,0.009090835323357638,19875.2853515625,19756.2494140625,1,21166.08203125
21166.08203125,21166.08203125,20533.703451647558,20682.496944802362,67479456.0,2025-02-27,0.0,71.20565818901169,250.06905134728004,79.74496557446028,170.32408577281976,18740.1931883498,19826.92705078125,20913.6609132127,10.962201652813661,1.116137504665831,0.024912362444530156,0.025225268350949737,20064.998828125,19826.92705078125,-1,20831.29296875
20831.29296875,21128.88379993267,20794.094114852167,21128.88379993267,31963008.0,2025-02-28,0.0,63.975132474684,284.4869363849393,120.69335973655609,163.79357664838324,18706.155045234027,19880.865234375,21055.575423515973,11.817495619957635,0.9045371118599118,-0.015943670500159136,-0.015817242983642954,20206.3541015625,19880.865234375,0,20868.4921875
20868.4921875,21017.287605692785,20831.293332951805,20868.4921875,27276084.0,2025-03-03,0.0,64.40760628018761,311.17795850692346,158.7902794906296,152.38767901629387,18694.32034791419,19942.2431640625,21190.16598021081,12.515370571723519,0.871116310821349,0.0017841448572573626,0.001785737390655795,20347.709375,19942.2431640625,0,20719.6953125
20719.6953125,20868.49072023094,20570.89990476906,20868.49072023094,36199812.0,2025-03-04,0.0,61.240651291841864,316.67370423204557,190.3669644389128,126.30673979313278,18683.87332411654,19979.44189453125,21275.01046494596,12.969016624726965,0.7856866995977663,-0.007155758347324168,-0.007130216867758499,20444.4259765625,19979.44189453125,-1,20496.505859375
20496.505859375,20756.895926954734,20496.505859375,20719.69707186335,40108860.0,2025-03-05,0.0,56.7343968008256,299.56638391859815,212.20684833484987,87.35953558374828,18691.60798179108,20007.341015625,21323.07404945892,13.152502701947055,0.6858906142702146,-0.010830286555323365,-0.010771850153141527,20522.5435546875,20007.341015625,1,20794.09375
20794.09375,20794.09375,20533.703695343862,20533.703695343862,48807792.0,2025-03-06,0.0,60.86890782274753,306.4885557579946,231.06318981947882,75.4253659385158,18688.957279771726,20050.11953125,21411.28178272827,13.577597373988445,0.7732863837290588,0.014414566325020221,0.014518957166003155,20626.7,20050.11953125,0,20868.4921875
20868.4921875,20905.691042048195,20645.299060210822,20831.293332951805,43733184.0,2025-03-07,0.0,61.85043917589396,314.3540807802201,247.72136801162708,66.63271276859302,18697.971118551446,20102.19775390625,21506.424389261054,13.970876742389377,0.7728528338305346,0.0035714785776272693,0.003577863906668144,20745.7359375,20102.19775390625,0,20794.09375
20794.09375,20980.08801622572,20794.09375,20905.690309735433,31126260.0,2025-03-10,0.0,60.22364018858756,310.99922838133716,260.3769400855691,50.622288295768044,18882.16304834154,20197.0544921875,21511.945936033462,13.02062579822795,0.7270298664603836,-0.0035714785776273096,-0.0035651084338792494,20764.3353515625,20197.0544921875,0,20942.888671875
20942.888671875,20942.888671875,20533.703213833585,20533.703213833585,34436820.0,2025-03-11,0.0,62.35616431419634,316.6963123963833,271.64081454773196,45.05549784865133,18971.887860709954,20273.3119140625,21574.735967415043,12.838790809012485,0.7572477264760985,0.007130153816761131,0.00715563388642515,20812.6935546875,20273.3119140625,-1,20682.498046875
20682.498046875,20980.088885161527,20682.498046875,20980.088885161527,27246912.0,2025-03-12,0.0,56.633907291844295,296.77886326405496,276.66842429099654,20.11043897305842,19129.951139639124,20345.8494140625,21561.747688485877,11.952297981552741,0.6384361833115317,-0.01251130822595058,-0.012433367195886835,20816.4134765625,20345.8494140625,0,20608.099609375
20608.099609375,20868.49158367803,20608.099609375,20719.696169790583,32748408.0,2025-03-13,0.0,55.07867729487986,271.85701080124636,275.70614159304654,-3.849130791800178,19303.816841654934,20412.80703125,21521.797220845063,10.865631443018193,0.5880497320703578,-0.003603654208780279,-0.003597168839633569,20760.615234375,20412.80703125,0,20496.505859375
20496.505859375,20719.69707186335,20496.505859375,20608.100506589188,24129468.0,2025-03-14,0.0,52.739233308646604,240.331191797035,268.63115163384424,-28.29995983680925,19461.444394697573,20466.7453125,21472.046230302425,9.82374972134374,0.5148018102579957,-0.005429757707050525,-0.0054150432167570095,20727.1365234375,20466.7453125,1,20719.6953125
20719.6953125,20942.88842409641,20645.29760863453,20756.894164432735,26030004.0,2025-03-17,0.0,56.700470148651114,230.69694591143707,261.04431048936283,-30.34736457792576,19640.187809189676,20529.98310546875,21419.778401747822,8.668251617236361,0.6066044110508255,0.010830286555323478,0.010889146406528383,20712.2568359375,20529.98310546875,0,20533.703125
20533.703125,20868.490876847365,20533.703125,20756.894320211635,24739044.0,2025-03-18,0.0,52.73381066823986,205.68273892515208,249.9719961765207,-44.28925725136861,19757.829291048685,20569.041796875,21380.254302701316,7.887703412120644,0.4782186100305467,-0.00901712124437522,-0.008976588926372542,20693.6576171875,20569.041796875,-1,20273.3125
20273.3125,20533.70448270064,20161.71593598544,20533.70448270064,50061792.0,2025-03-19,0.0,47.702357572204996,162.9688489623877,232.5713667336941,-69.6025177713064,19875.99459325878,20596.94091796875,21317.88724267872,7.000518451563041,0.275553042663098,-0.012762225085525632,-0.012681133228373831,20671.33828125,20596.94091796875,0,20198.9140625
20198.9140625,20422.10718248316,20124.516355838947,20310.51062249158,33029700.0,2025-03-20,0.0,46.34185051495491,121.7114376073805,210.3993809084314,-88.6879433010509,19986.087935781306,20619.26015625,21252.43237671869,6.141561003358972,0.16806337978721936,-0.003676522278189481,-0.0036697721450306142,20611.8203125,20619.26015625,0,20198.9140625
20198.9140625,20273.311769161053,20124.516355838947,20161.715209169473,24964104.0,2025-03-21,0.0,46.34185051495491,88.0002299918342,185.91955072511197,-97.91932073327777,20146.51795785767,20645.29921875,21144.080479642325,4.831911183339354,0.052524131067585515,0.0,0.0,20544.8625,20645.29921875,0,20198.9140625
20198.9140625,20273.311769161053,20012.919795847367,20198.9140625,21423336.0,2025-03-24,0.0,46.34185051495491,60.58546356948864,160.8527332939873,-100.26726972449868,20087.551956150386,20624.83994140625,21162.127926662117,5.210105744163479,0.10363353490640725,0.0,0.0,20485.34453125,20624.83994140625,0,20236.11328125
20236.11328125,20384.908697259023,20161.71557324549,20273.312135252258,26533320.0,2025-03-25,0.0,47.28082462608432,41.38368438024554,136.95892351123896,-95.57523913099342,20053.146941015475,20613.6802734375,21174.213605859528,5.438459556824715,0.16320736845741168,0.0018399507401509515,0.0018416444881590444,20414.6669921875,20613.6802734375,1,20496.505859375
20496.505859375,20794.094782046122,20198.915018643907,20236.113873735292,58053600.0,2025-03-26,0.0,53.42483318749748,46.640003961263574,118.89513960124388,-72.25513563998031,20043.528803357964,20606.240625,21168.952446642033,5.461567026052672,0.4024947038567767,0.012785631312615826,0.012867716962538855,20396.0677734375,20606.240625,0,20459.306640625
20459.306640625,20608.100140285813,20422.107786194814,20608.100140285813,15852804.0,2025-03-27,0.0,52.48381397136186,47.25923400096872,104.56795848118887,-57.30872448022015,20070.95397492262,20570.90185546875,21070.84973601488,4.860728849505632,0.38839315138025343,-0.0018165543159169959,-0.001814905379737497,20381.1884765625,20570.90185546875,-1,20198.9140625
20198.9140625,20459.306035813686,20161.715209169473,20422.10718248316,22532664.0,2025-03-28,0.0,46.33184197936068,26.43376145799266,88.94111907654963,-62.507357618556966,20028.797346117753,20539.28291015625,21049.768474194745,4.9708216812776,0.16662245552688928,-0.012809027736849886,-0.01272734128770292,20351.429296875,20539.28291015625,-1,19901.326171875
19901.326171875,20161.716240447844,19901.326171875,20124.51738521458,35028048.0,2025-03-31,0.0,40.490490524725274,-13.922936355829734,68.36830799007376,-82.2912443459035,19930.91178541925,20490.924609375,21050.937433330753,5.4659595370287555,-0.026415121474598405,-0.014842472367154606,-0.014732865821607821,20269.5923828125,20490.924609375,0,20087.318359375
20087.318359375,20124.517214292322,19901.326002848353,19938.524857765675,18504288.0,2025-04-01,0.0,45.14539717613263,-30.54578223439239,48.585489945180534,-79.13127217957293,19882.520630858085,20459.30576171875,21036.090892579417,5.6383646403084136,0.1775338142050575,0.009302317239561432,0.009345718264888614,20224.95390625,20459.30576171875,0,20273.3125
20273.3125,20384.90906401456,20161.71593598544,20198.91479065696,22156728.0,2025-04-02,0.0,49.407283379646046,-28.384139927180513,33.19156397070832,-61.575703897888836,19865.781757350986,20448.14609375,21030.510430149017,5.696011107598808,0.34989328602171516,0.009216677405782574,0.009259281766607508,20224.95390625,20448.14609375,-1,18859.759765625
18859.759765625,19678.132646303973,18859.759765625,19194.549456018194,106518456.0,2025-04-03,0.0,30.20196773286729,-139.1291210334748,-1.2725730301282994,-137.85654800334652,19453.811143142553,20351.42939453125,21249.047645919945,8.821181392103105,-0.3309042438689846,-0.07227482660564212,-0.06972480369821166,20091.0384765625,20351.42939453125,-1,18301.779296875
18301.779296875,18487.773573690796,17557.804107671793,17557.804107671793,96599184.0,2025-04-04,0.0,25.919037415958613,-268.82087728730767,-54.782233881564174,-214.0386434057435,18972.28568843774,20223.09375,21473.90181156226,12.370096059731319,-0.2680292892921064,-0.03003225489410495,-0.029585767564601295,19901.325,20223.09375,0,18301.779296875
18301.779296875,18301.779296875,18301.779296875,18301.779296875,0.0,2025-04-07,0.0,25.9190374159586,-367.3677418475745,-117.29933547476625,-250.06840637280825,18612.664375094235,20098.47802734375,21584.291679593265,14.78533499131708,-0.10461778896315707,0.0,0.0,19711.6115234375,20098.47802734375,-1,17037.021484375
17037.021484375,17855.39435710364,17037.021484375,17483.407733896034,46785156.0,2025-04-08,0.0,18.880564022068214,-541.2826579065077,-202.09599996111456,-339.1866579453931,17935.926495987882,19903.18466796875,21870.44283994962,19.76827532678107,-0.22846645763523693,-0.0716095738535877,-0.06910572966618367,19391.70234375,19903.18466796875,-1,15846.662109375
15846.662109375,16590.6372795279,15846.662109375,15846.662109375,101846976.0,2025-04-09,0.0,14.805473096195868,-766.3297627058819,-314.94275251006803,-451.38701019581384,17023.140743864627,19661.39287109375,22299.644998322874,26.836879203079157,-0.22296554266882132,-0.07242982492762585,-0.06986898361851002,18926.71796875,19661.39287109375,1,16925.423828125
16925.423828125,16925.423828125,16925.423828125,16925.423828125,4042368.0,2025-04-10,0.0,29.628904970831044,-847.8605508654364,-421.52631218114175,-426.33423868429463,16612.85151867816,19477.25908203125,22341.666645384343,29.412840392883123,0.05456142370343107,0.06585797435125124,0.06807501234671975,18573.3296875,19477.25908203125,1,18078.587890625
18078.587890625,18078.587890625,17483.40812919973,18004.190180689347,100681284.0,2025-04-11,0.0,41.372221362096596,-810.0854249122058,-499.2381347273546,-310.8472901848512,16469.075382647672,19356.36318359375,22243.650984539825,29.83295749888917,0.2787239476871581,0.06591138849078738,0.068132064178138,18361.2970703125,19356.36318359375,1,18859.759765625
18859.759765625,19157.35060153006,18413.375429827352,18450.574284315484,67589148.0,2025-04-14,0.0,47.735010134068595,-708.9420806478556,-541.1789239114548,-167.7631567364008,16441.906576371304,19263.36640625,22084.826236128694,29.293528144315133,0.4284755649627038,0.0423022908332797,0.0432097838462866,18257.1404296875,19263.36640625,1,19231.748046875
19231.748046875,19454.93925268432,18636.568301283623,18710.966009240034,66753192.0,2025-04-15,0.0,50.490506803784506,-591.9453288806544,-551.3322049052948,-40.6131239753596,16440.866787675415,19198.26865234375,21955.670517012088,28.7255263961702,0.506070822494217,0.019531918190481883,0.01972391408336005,18171.5833984375,19198.26865234375,-1,18971.35546875
18971.35546875,19343.34207870202,18636.56771159917,19268.946291159496,33930996.0,2025-04-16,0.0,48.56051130032554,-514.3074489262326,-543.9272537094823,29.61980478324972,16421.537978699518,19133.17080078125,21844.80362286298,28.344834740836667,0.470162750149369,-0.013632222867172325,-0.01353972491165778,18041.3876953125,19133.17080078125,0,18971.35546875
18971.35546875,19045.753174352376,18450.573447593233,18748.162351942876,32262120.0,2025-04-17,0.0,48.56051130032554,-447.61899655252637,-524.6656022780911,77.04660572556475,16406.556427934538,19071.79287109375,21737.02931425296,27.949511209287394,0.48115788139518756,0.0,0.0,18052.547265625,19071.79287109375,0,18934.15625
18934.15625,19157.349362493373,18934.15625,19082.951658328915,27410460.0,2025-04-18,0.0,48.25490478110692,-393.2365969400453,-498.37980121048196,105.14320427043668,16396.432785842975,19008.55498046875,21620.677175094526,27.483648255322144,0.4857589490603043,-0.0019627346528374658,-0.001960809748743353,18115.7849609375,19008.55498046875,-1,18562.169921875
18562.169921875,18934.156530141216,18562.169921875,18934.156530141216,22844184.0,2025-04-21,0.0,45.192097275400315,-375.82209809761844,-473.8682605879093,98.04616249029084,16369.644013488789,18926.7177734375,21483.79153338621,27.020783957981443,0.42871776769360537,-0.01984186560463341,-0.019646311312393472,18141.8240234375,18926.7177734375,0,18636.568359375
18636.568359375,18673.767213469157,17409.01001038766,18450.574088904214,62630040.0,2025-04-22,0.0,45.93126999186797,-351.96046896924963,-449.4867022641774,97.52623329492775,16363.100693959015,18846.74052734375,21330.380360728486,26.35617368193033,0.45768867829714155,0.0040000569986115625,0.00400806790440611,18301.7787109375,18846.74052734375,1,19008.5546875
19008.5546875,19120.151248051996,18859.75927343067,18971.355833982667,29347164.0,2025-04-23,0.0,49.59186137033523,-299.5803918362617,-419.50544017859426,119.92504834233256,16410.631919017153,18772.34296875,21134.054018482846,25.16160133729015,0.5500085983797045,0.019763433129434835,0.01996002273336317,18617.96796875,18772.34296875,0,19045.75390625
19045.75390625,19120.151614711358,18748.163072404564,19120.151614711358,22719840.0,2025-04-24,0.0,49.95673480632093,-252.16038926100373,-386.03642999507616,133.87604073407243,16471.58503206473,18701.66533203125,20931.745631997772,23.84900232544483,0.5771471265460519,0.001955060121884208,0.001956972497991316,18830.0009765625,18701.66533203125,0,19120.150390625
19120.150390625,19120.150390625,18785.360723982372,18934.156131379095,32800680.0,2025-04-25,0.0,50.724930918592385,-206.1995806349587,-350.06906012305274,143.86947948809404,16520.30391754812,18647.7271484375,20775.150379326882,22.816970818533648,0.6110317954904534,0.0038985885425683762,0.00390619792428315,18934.1572265625,18647.7271484375,0,19082.953125
19082.953125,19120.151979941245,18859.759995352528,19120.151979941245,12879240.0,2025-04-28,0.0,50.30910045301902,-170.80785055745946,-314.21681820993405,143.4089676524746,16550.619377578583,18606.80849609375,20662.997614608914,22.101470211259873,0.615783277087394,-0.0019473432238075947,-0.0019454483811611745,18956.4765625,18606.80849609375,0,18971.35546875
18971.35546875,19120.15087995475,18896.957763147628,19082.952027153562,19096968.0,2025-04-29,0.0,49.01097424835052,-150.03513603169995,-281.38048177428726,131.3453457425873,16606.446733133293,18551.0103515625,20495.57396999171,20.964503620854522,0.6080821201229321,-0.0058651953112203664,-0.005848028631574853,18930.4373046875,18551.0103515625,0,18971.35546875
18971.35546875,18971.35546875,18971.35546875,18971.35546875,0.0,2025-04-30,0.0,49.01097424835052,-132.0504151236928,-251.5144684441684,119.46405332047559,16703.72477667656,18485.9125,20268.100223323436,19.28157696649746,0.6361929953834334,0.0,0.0,18930.4373046875,18485.9125,0,18971.35546875
18971.35546875,18971.35546875,18971.35546875,18971.35546875,0.0,2025-05-01,0.0,49.01097424835052,-116.45497378409709,-224.50256951215414,108.04759572805705,16703.686364135305,18491.49228515625,20279.298206177198,19.336523991155428,0.6342044955639584,0.0,0.0,18930.4373046875,18491.49228515625,0,18971.35546875
18971.35546875,18971.35546875,18971.35546875,18971.35546875,0.0,2025-05-02,0.0,49.01097424835052,-102.90920095354159,-200.18389580043163,97.27469484689004,16727.074744186375,18524.97109375,20322.867443313622,19.41051719287381,0.6241407423482298,0.0,0.0,18934.1572265625,18524.97109375,0,19120.150390625
19120.150390625,19157.34924247418,18859.758427680736,19082.95153877582,16563756.0,2025-05-05,0.0,51.266112595354905,-79.25398116802535,-175.99791287395038,96.74393170592504,16752.199844238712,18565.8896484375,20379.579452636288,19.537871209435174,0.6527992110074052,0.007812538535027868,0.007843136043710563,18989.9552734375,18565.8896484375,0,19120.150390625
19120.150390625,19157.34924247418,18859.758427680736,19082.95153877582,16563756.0,2025-05-06,0.0,51.266112595354905,-59.81751004070611,-152.76183230730155,92.94432226659544,16991.84018090558,18670.04609375,20348.25200659442,17.97752297361727,0.6341028217783213,0.0,0.0,19038.3134765625,18670.04609375,0,18934.15625
18934.15625,19380.540556926924,18934.15625,19157.349362493373,27637236.0,2025-05-07,0.0,48.17711356239686,-58.744963993198326,-133.9584586444809,75.21349465128259,17798.503218573624,18824.42080078125,19850.338382988873,10.899858147721044,0.5534816105708106,-0.009775273187865354,-0.009727650506148544,19030.8736328125,18824.42080078125,0,18896.958984375
18896.958984375,18971.356694785372,18859.760129169816,18859.760129169816,15182376.0,2025-05-08,0.0,47.559915019908644,-60.202495099929365,-119.2072659355706,59.00477083564124,18419.50816637849,18922.99755859375,19426.48695080901,5.321454919139938,0.4741418839986031,-0.00196649120078227,-0.001964558923770343,19015.994140625,18922.99755859375,1,19120.150390625
19120.150390625,19231.74694617254,18822.559575831554,18896.957279529917,26257704.0,2025-05-09,0.0,51.56911446127008,-42.853924441667914,-103.93659763679007,61.082673195122155,18658.60455641758,18975.07568359375,19291.54681076992,3.3356507499972445,0.7292068605527027,0.011741764388647765,0.01181096950226479,19015.994140625,18975.07568359375,-1,18896.958984375
18896.958984375,19157.3509708113,18413.375784767566,19008.555549990557,85450068.0,2025-05-12,0.0,47.6462134477491,-46.57781830551903,-92.46484177053587,45.88702346501684,18662.890174554013,18976.93564453125,19290.98111450849,3.30975955085498,0.37266706925903414,-0.01174176438864763,-0.011673098887309719,18997.3947265625,18976.93564453125,0,18896.958984375
18896.958984375,19157.3509708113,18413.375784767566,19008.555549990557,85450068.0,2025-05-13,0.0,47.6462134477491,-48.964597619866254,-83.76479294040195,34.80019532053569,18668.439491496396,18960.19619140625,19251.9528913161,3.077570474108195,0.39162681259627,0.0,0.0,18989.955078125,18960.19619140625,1,19194.548828125
19194.548828125,19343.342323150246,19045.753415039875,19045.753415039875,26802072.0,2025-05-14,0.0,53.156532151550365,-26.537219545698463,-72.31927826146125,45.78205871576279,18661.30145606432,18971.355859375,19281.410262685677,3.2686583458657723,0.8599254943113315,0.015625314698225628,0.01574802824073762,19012.2744140625,18971.355859375,1,19454.939453125
19454.939453125,19752.530288016667,19231.74824501618,19268.94709937764,44977284.0,2025-05-15,0.0,57.38322884918893,12.108408228028566,-55.43374096356329,67.54214919159185,18617.508144916552,18995.53505859375,19373.561972270945,3.980165997021221,1.1076345068430025,0.013474670761479306,0.013565863273559131,19060.6328125,18995.53505859375,0,19454.939453125
19454.939453125,19492.138307486457,19231.74824501618,19492.138307486457,29854044.0,2025-05-16,0.0,57.38322884918893,42.248334167808935,-35.89732593728885,78.14566010509779,18592.985363430867,19021.57421875,19450.163074069133,4.506344747183571,1.0055722156521205,0.0,0.0,19108.9912109375,19021.57421875,-1,19082.953125
19082.953125,19306.146254647472,19008.55541511751,19157.35083488249,19794324.0,2025-05-19,0.0,49.920435553033364,35.70665071843541,-21.576530606143997,57.28318132457941,18677.21551665674,19047.61337890625,19418.011241155764,3.8891787110683294,0.5477051161676826,-0.019305564294865036,-0.01912040533568704,19105.271484375,19047.61337890625,0,19082.953125
19082.953125,19306.146254647472,19008.55541511751,19157.35083488249,19794324.0,2025-05-20,0.0,49.92043555303337,30.174486754182,-11.226327134078801,41.4008138882608,18754.03717834779,19069.9326171875,19385.82805602721,3.3130210282441985,0.520608888593524,0.0,0.0,19101.5517578125,19069.9326171875,0,19082.953125
19082.953125,19194.549689823736,19045.754270058755,19045.754270058755,23032680.0,2025-05-21,0.0,49.920435553033364,25.496301463055715,-3.881801414651898,29.37810287770761,18759.050807102,19073.6525390625,19388.254271022997,3.2988095103043245,0.5147815237372383,0.0,0.0,19116.4314453125,19073.6525390625,0,19157.349609375
19157.349609375,19417.73965924644,19082.951904251775,19157.349609375,26598660.0,2025-05-22,0.0,51.49613106521018,27.475262721141917,2.389611412506865,25.08565130863505,18762.761032715283,19079.23232421875,19395.703615722214,3.3174426111656876,0.6234192283052571,0.003891003622787899,0.003898583405182565,19142.4705078125,19079.23232421875,0,19082.953125
19082.953125,19306.146254647472,19008.55541511751,19157.35083488249,32160084.0,2025-05-23,0.0,49.808415842599004,22.777860249883815,6.4672611799822555,16.31059906990156,18761.476993045646,19077.3724609375,19393.26792882935,3.3117293121856775,0.5088330866215719,-0.003891003622787811,-0.003883443476888515,19138.75078125,19077.3724609375,0,19008.5546875
19008.5546875,19082.952394534663,18636.56807038657,19082.952394534663,36212616.0,2025-05-26,0.0,48.11033247173638,12.903064322261343,7.754421808438073,5.148642513823271,18756.285001085074,19073.6525390625,19391.020077039924,3.3278108356798666,0.39744091034425544,-0.003906305440644847,-0.0038986857543832354,19149.9103515625,19073.6525390625,0,19008.5546875
19008.5546875,19082.952394534663,18636.56807038657,19082.952394534663,36212616.0,2025-05-27,0.0,48.11033247173638,5.019357378143468,7.207408922379153,-2.1880515442356847,18760.24015896315,19075.5125,19390.78484103685,3.3055189582649374,0.3938095674999687,0.0,0.0,19161.069921875,19075.5125,0,19008.5546875
19008.5546875,19454.93901164809,19008.5546875,19008.5546875,35498496.0,2025-05-28,0.0,48.11033247173638,-1.2145367504745082,5.523019787808421,-6.737556538282929,18764.255850656533,19077.3724609375,19390.489071218464,3.282596813812782,0.39010839543812925,0.0,0.0,19142.4705078125,19077.3724609375,0,19045.75390625
19045.75390625,19268.947031634074,19008.55505201932,19157.350468942037,20598336.0,2025-05-29,0.0,49.19204546250425,-3.117341916764417,3.794947446893853,-6.91228936365827,18771.531427415932,19081.0923828125,19390.65333820907,3.2446879789273484,0.4429216185916755,0.001955060121884208,0.001956972497991316,19101.551953125,19081.0923828125,0,19008.5546875
19008.5546875,19194.54895508666,18971.355833982667,19120.151248051996,21693012.0,2025-05-30,0.0,48.11193380370556,-7.540077466801449,1.5279424641547927,-9.068019930956241,18775.72937753981,19082.95234375,19390.17530996019,3.2198682958070686,0.37891911667974143,-0.00195506012188417,-0.0019531502366936238,19056.9134765625,19082.95234375,0,19008.5546875
19008.5546875,19082.952394534663,18859.75927343067,19045.75354101733,28951824.0,2025-06-02,0.0,48.11193380370556,-10.919256858236622,-0.9614974003234904,-9.95775945791313,18768.942952666337,19077.37255859375,19385.802164521163,3.2334600058798473,0.38843828580135414,0.0,0.0,19049.4736328125,19077.37255859375,0,19008.5546875
19008.5546875,19082.952394534663,18859.75927343067,19045.75354101733,28951824.0,2025-06-03,0.0,48.111933803705554,-13.442326103853702,-3.457663141029533,-9.984662962824169,18762.58489581254,19071.7927734375,19381.000651062463,3.242567505825832,0.3977417936062383,0.0,0.0,19042.0337890625,19071.7927734375,1,19343.341796875
19343.341796875,19492.13720591184,19157.349453638773,19194.548305897984,40970820.0,2025-06-04,0.0,58.38334093479443,11.440763139373303,-0.4779778849489662,11.91874102432227,18767.624783065217,19092.25205078125,19416.879318497286,3.4006178721357325,0.886735451800352,0.01745914253106139,0.017612444232551594,19068.07265625,19092.25205078125,0,19306.146484375
19306.146484375,19640.93426476995,19306.146484375,19417.74113246666,33905124.0,2025-06-05,0.0,57.03254611533321,27.838534476493805,5.185324587339589,22.653209889154216,18788.33077692758,19112.71142578125,19437.09207463492,3.3943969709719934,0.7981606012524666,-0.0019247511745745488,-0.0019229000288879528,19082.95234375,19112.71142578125,0,19157.349609375
19157.349609375,19380.54080668483,19120.150756813386,19343.341954123218,24797916.0,2025-06-06,0.0,51.86304388465711,28.498706783622765,9.848001026596226,18.65070575702654,18789.585114762933,19114.57138671875,19439.55765867457,3.400403444898866,0.5658154302931051,-0.007737082293054184,-0.0077072281162077205,19090.3919921875,19114.57138671875,1,19566.53515625
19566.53515625,19640.9328617031,19306.145105224,19417.739745343802,32984028.0,2025-06-09,0.0,62.05008266218378,61.332746298798156,20.144950081036612,41.187796217761544,18782.083316058517,19148.0501953125,19514.01707456648,3.8224975965811003,1.0717525063887987,0.02113428338793414,0.021359194002220194,19146.1900390625,19148.0501953125,0,19566.53515625
19566.53515625,19640.9328617031,19306.145105224,19417.739745343802,32984028.0,2025-06-10,0.0,62.05008266218379,86.35847245685363,33.38765455620002,52.970817900653614,18790.621261876175,19181.52900390625,19572.436745936324,4.075876766137545,0.9924514290051208,0.0,0.0,19201.9880859375,19181.52900390625,0,19492.138671875
19492.138671875,19975.721869554196,19492.138671875,19715.331802216155,38822388.0,2025-06-11,0.0,59.39942833614941,99.04661844300063,46.519447333560144,52.52717110944048,18781.496213047314,19196.40849609375,19611.320779140187,4.322811562703165,0.8563767425850723,-0.0038094777448538747,-0.003802230889674685,19250.346484375,19196.40849609375,0,19417.740234375
19417.740234375,19603.734502691972,19343.34252704821,19566.535649028578,21843492.0,2025-06-12,0.0,56.786934697717946,101.92381907667004,57.60032168218213,44.323497394487916,18784.207661198576,19194.54853515625,19604.889409113923,4.275598076256949,0.7719588924521481,-0.0038241459628647924,-0.0038168432285652365,19287.5451171875,19194.54853515625,1,19938.5234375
19938.5234375,20161.714633045558,19454.938358021664,19454.938358021664,68927628.0,2025-06-13,0.0,67.54682800237448,144.5604703172794,74.99235140920159,69.5681189080778,18700.876748360628,19218.727734375,19736.57872038937,5.389024634426062,1.1949834243484718,0.02646661822602824,0.02681996961742561,19380.5419921875,19218.727734375,0,19901.326171875
19901.326171875,20087.318529981323,19603.735330008916,19603.735330008916,39250332.0,2025-06-16,0.0,66.27743151694585,173.35053804490963,94.66398873634321,78.68654930856641,18663.549438089314,19259.64638671875,19855.743335348183,6.190113116931332,1.0382344152504241,-0.0018673402032635454,-0.0018655978082630087,19469.819140625,19259.64638671875,0,19901.326171875
19901.326171875,20087.318529981323,19603.735330008916,19603.735330008916,39250332.0,2025-06-17,0.0,66.27743151694585,193.9313542070704,114.51746183048866,79.41389237658174,18646.047027001376,19300.5650390625,19955.083051123627,6.782371508154748,0.9589339955065997,0.0,0.0,19559.0962890625,19300.5650390625,0,19975.720703125
19975.720703125,20161.71496754865,19901.324915415396,20012.91955600973,35145792.0,2025-06-18,0.0,67.68601382534857,213.7804878331808,134.3700670310271,79.41042080215371,18633.866764872644,19345.20341796875,20056.540071064857,7.354139811581232,0.9431918996525137,0.0037311999452880476,0.003738169537421898,19622.3341796875,19345.20341796875,1,20198.9140625
20198.9140625,20236.112915830527,19938.524007246193,20012.919795847367,41538024.0,2025-06-19,0.0,71.52837963373392,244.7001569452841,156.4360850138785,88.2640719314056,18596.9147251139,19397.281640625,20197.648556136097,8.252361648807918,1.0007905788828708,0.011111272421866507,0.011173231879442636,19711.6109375,19397.281640625,0,20012.919921875
20012.919921875,20236.11304326368,19938.524132805334,20198.9141896989,30898824.0,2025-06-20,0.0,64.63146498473839,251.29922372747023,175.40871275659686,75.89051097087338,18612.831839354152,19443.77998046875,20274.728121583346,8.547187243933879,0.842464176309987,-0.0092507825978175,-0.009208125746240192,19797.16796875,19443.77998046875,0,19975.720703125
19975.720703125,20087.31726177919,19789.728356761203,19975.720703125,29294496.0,2025-06-23,0.0,63.31650469934,250.63816488186058,190.45460318164962,60.18356170021096,18655.286444461803,19492.13828125,20328.9901180382,8.58655756196013,0.7889295336501662,-0.00186048982404909,-0.0018587601856808744,19838.0865234375,19492.13828125,0,19975.720703125
19975.720703125,20087.31726177919,19789.728356761203,19975.720703125,29294496.0,2025-06-24,0.0,63.31650469934001,247.26396590160584,201.81647572564088,45.44749017596496,18709.548728070626,19540.49658203125,20371.444435991874,8.504879601931249,0.7618841357007546,0.0,0.0,19879.005078125,19540.49658203125,0,20087.318359375
20087.318359375,20236.113779044288,20050.119504457678,20124.517214292322,36788400.0,2025-06-25,0.0,65.74158708608132,250.70491687546382,211.59416395560547,39.110752919858356,18768.84171944349,19594.434765625,20420.027811806507,8.426811551919487,0.7985027526755837,0.005571117294273524,0.0055866648271940544,19938.523046875,19594.434765625,1,20355.150390625
20355.150390625,20667.61961944021,20310.511381348555,20578.34160088732,42208100.0,2025-06-26,0.0,70.7408857923805,271.90930070824834,223.65719130613405,48.252109402114286,18810.19503710785,19659.90458984375,20509.614142579652,8.64408622994904,0.9091079113696506,0.013245281762716459,0.013333389079533298,20032.2640625,19659.90458984375,0,20355.150390625
20355.150390625,20667.61961944021,20310.511381348555,20578.34160088732,42208100.0,2025-06-27,0.0,70.7408857923805,285.4237404552114,236.01050113594954,49.413239319261834,18881.443052237366,19727.234375,20573.025697762634,8.574859574178237,0.8712003178124473,0.0,0.0,20073.9267578125,19727.234375,0,20265.87109375
20265.87109375,20489.064207993793,20265.87109375,20444.425201533068,21873830.0,2025-06-30,0.0,66.9631190893761,285.6372893329717,245.93585877535398,39.701430557617726,18983.213930298105,19790.1001953125,20596.986460326898,8.154443454566401,0.7948190588106057,-0.004395726024116505,-0.004386078960935569,20110.38125,19790.1001953125,0,20265.87109375
20265.87109375,20489.064207993793,20265.87109375,20444.425201533068,21873830.0,2025-07-01,0.0,66.9631190893761,282.54947390292,253.2585818008672,29.290892102052794,19108.99895326352,19852.966015625,20596.93307798648,7.494769917763938,0.7775022571660422,0.0,0.0,20146.8357421875,19852.966015625,0,20221.232421875
20221.232421875,20444.425539811804,20176.595332735527,20310.510436273667,21742600.0,2025-07-02,0.0,64.95177876756104,273.3493885713651,257.2767431549668,16.072645416398302,19176.271328017214,19896.860546875,20617.449765732785,7.243245407084699,0.7250740550310802,-0.0022050819192492343,-0.0022026525121225937,20171.3869140625,19896.860546875,1,20444.42578125
20444.42578125,20444.42578125,20131.956563284293,20221.2326606774,20792310.0,2025-07-03,0.0,69.83114485105426,280.8308502295913,261.98756456989173,18.843285659699575,19250.020293189657,19953.77451171875,20657.528730247846,7.053845558050019,0.848595615211196,0.010977105027051801,0.011037574501816971,20195.9380859375,19953.77451171875,0,20622.98046875
20622.98046875,21114.003813244046,20533.704368869236,20533.704368869236,46765950.0,2025-07-04,0.0,73.06213254293138,297.7357214691765,269.1371959497487,28.598525519427824,19368.721185887753,20027.0560546875,20685.390923487244,6.57445474763783,0.9525997651840703,0.008695743361220015,0.008733661165663875,20256.944140625,20027.0560546875,1,21069.365234375
21069.365234375,21158.643254138187,20890.811112908603,21158.643254138187,39599560.0,2025-07-07,0.0,79.09096543459418,343.1963201657818,283.9490207929553,59.24729937282649,19331.67800544236,20102.19755859375,20872.71711174514,7.666023089321293,1.1276074836943322,0.02141409008954244,0.021645017135200506,20366.30859375,20102.19755859375,0,21069.365234375
21069.365234375,21158.643254138187,20890.811112908603,21158.643254138187,39599560.0,2025-07-08,0.0,79.09096543459418,374.90252917120233,302.13972246860476,72.76280670259757,19336.83407580868,20177.3390625,21017.844049191317,8.331177704729297,1.0306489467638367,0.0,0.0,20475.673046875,20177.3390625,1,22051.41015625
22051.41015625,22140.688168777637,21024.72643860095,21114.00253306876,85224810.0,2025-07-09,0.0,86.69090251932464,473.81094846552514,336.47396766798886,137.33698079753628,19174.789910220232,20305.30263671875,21435.815363217265,11.135147766319653,1.272263539632759,0.04555645166289882,0.04661008582606829,20672.0822265625,20305.30263671875,0,22096.05078125
22096.05078125,22408.520011868288,21962.135670707874,22140.689790784032,47809190.0,2025-07-10,0.0,86.92357690501494,549.4648202948047,379.07213819335203,170.39268210145264,19130.85438900082,20439.2181640625,21747.58193912418,12.802483583859644,1.1331697073733924,0.002022342362009074,0.002024388675540001,20846.172265625,20439.2181640625,1,22453.158203125
22453.158203125,22497.79721103222,21917.49586241807,22185.326073741588,93810530.0,2025-07-11,0.0,88.63522371275735,630.9632911904519,429.450368792772,201.51292239767986,19000.86518468922,20564.94990234375,22129.034619998278,15.211169733764073,1.1036144588167742,0.016032386619107067,0.01616159491170377,21055.973046875,20564.94990234375,1,22988.8203125
22988.8203125,23613.75874467284,22810.26620072778,23390.565625442596,54382350.0,2025-07-14,0.0,90.61884302453004,730.3557851905643,489.6314520723305,240.72433311823386,18851.123387530984,20719.324609375,22587.525831219013,18.033418145287396,1.1074013004029857,0.023576742894143316,0.023856871471223506,21328.26796875,20719.324609375,0,22988.8203125
22988.8203125,23613.75874467284,22810.26620072778,23390.565625442596,54382350.0,2025-07-15,0.0,90.61884302453004,799.9042544477416,551.6860125474127,248.21824190032885,18792.04039422027,20873.69931640625,22955.358238592235,19.945280332268144,1.0080373575015418,0.0,0.0,21600.562890625,20873.69931640625,0,22765.626953125
22765.626953125,23212.011268816903,22765.626953125,23033.45715892817,51157700.0,2025-07-16,0.0,83.57015404613495,827.4734794204887,606.8435059220279,220.6299734984608,18814.293509902825,21013.19462890625,23212.095747909676,20.928765547895935,0.898479110559773,-0.009756215759375068,-0.009708778281834696,21855.00234375,21013.19462890625,1,23301.2890625
23301.2890625,23390.565157570418,22676.34872476772,22720.987731332847,50482960.0,2025-07-17,0.0,86.32032639755445,882.3742828744034,661.949661312503,220.42462156190038,18781.590195293742,21168.31337890625,23555.036562518755,22.54996079178252,0.9468418663377026,0.023256874983868622,0.023529424885945005,22140.688671875,21168.31337890625,0,23212.01171875
23212.01171875,23524.480937597105,23122.735621105065,23390.565832099757,61852560.0,2025-07-18,0.0,83.80254148754554,908.2103461032566,711.2017982706539,197.00854783260274,18840.90261837552,21328.26796875,23815.633319124478,23.32458832586824,0.878662456988154,-0.0038387924264869744,-0.0038314336820823858,22399.591796875,21328.26796875,0,23390.56640625
23390.56640625,24104.782877180358,23301.290306413674,23569.12052398259,61350960.0,2025-07-21,0.0,84.75996937087989,932.3459793041729,755.4306344773577,176.91534482681527,18934.933831881724,21499.01025390625,24063.086675930776,23.852971757698914,0.8688572103576828,0.0076629048611632266,0.007692340054945346,22631.7119140625,21499.01025390625,0,23390.56640625
23390.56640625,24104.782877180358,23301.290306413674,23569.12052398259,61350960.0,2025-07-22,0.0,84.75996937087989,940.6306380307724,792.4706351880407,148.16000284273173,19078.13314779957,21669.7525390625,24261.371930325433,23.91923384072989,0.8319958696459905,0.0,0.0,22863.83203125,21669.7525390625,0,23613.759765625
23613.759765625,23613.759765625,23212.0125172528,23345.92762735688,34654840.0,2025-07-23,0.0,85.96283720485954,954.206628515647,824.817833853562,129.38879466208505,19228.055700157118,21846.074609375,24464.09351859288,23.967865678664186,0.8375997686697549,0.009496786998760665,0.009542024570869723,23020.0669921875,21846.074609375,0,23569.119140625
23569.119140625,24060.142456054688,23569.119140625,23703.034241549492,47436400.0,2025-07-24,0.0,84.52584219781271,950.407863185952,849.9358397200401,100.47202346591189,19379.540884466373,22006.773046875,24634.00520928363,23.876577968178758,0.7973368924346698,-0.0018922388525124576,-0.001890449697255936,23167.373828125,22006.773046875,-1,23212.01171875
23212.01171875,23613.75895330193,23122.735621105065,23569.119945449518,57098140.0,2025-07-25,0.0,73.88546931291705,908.1135619582928,861.5713841676907,46.54217779060218,19590.7176252467,22149.61611328125,24708.514601315797,23.105578669602263,0.707588462464715,-0.015267453007411476,-0.015151496317886148,23243.2591796875,22149.61611328125,1,23524.48046875
23524.48046875,23970.866702257787,23212.01125613046,23301.28927005596,109552080.0,2025-07-28,0.0,76.65470035244044,889.5544107177266,867.1679894776979,22.386421240028653,19845.345016366035,22312.54658203125,24779.748147696464,22.114925847613492,0.7456090137880537,0.013371709823031583,0.013461510953296507,23296.8251953125,22312.54658203125,0,23524.48046875
23524.48046875,23970.866702257787,23212.01125613046,23301.28927005596,109552080.0,2025-07-29,0.0,76.65470035244044,864.8763929569614,866.7096701735506,-1.8332772165892948,20151.115299100926,22475.47705078125,24799.838802461574,20.68353651785584,0.7256540784175282,0.0,0.0,23350.3912109375,22475.47705078125,-1,22631.712890625
22631.712890625,23747.67469018652,22631.712890625,23613.75958112873,90865280.0,2025-07-30,0.0,56.72323790805481,764.467695966825,846.2612753322055,-81.79357936538054,20527.953769385087,22596.00107421875,24664.048379052416,18.30454245457825,0.5086341875069248,-0.038689453082048346,-0.037950575754944094,23336.9998046875,22596.00107421875,0,22676.349609375
22676.349609375,22988.820749460596,22408.519395655814,22854.903724541095,55204600.0,2025-07-31,0.0,57.32076219962432,680.648794738463,813.138779213457,-132.489984474994,20904.50058383429,22707.597265625,24510.69394741571,15.880999303438031,0.4913350025637648,0.001970366011181756,0.0019723084578582295,23274.505859375,22707.597265625,-1,22274.603515625
22274.603515625,22854.902931227163,22096.049406656675,22720.987829015885,93865750.0,2025-08-01,0.0,50.55510613873136,575.1739125682252,765.5458058844107,-190.3718933161855,21258.171665769147,22790.17841796875,24322.18517016835,13.444447200919699,0.33173217036951547,-0.017875340262348983,-0.017716524073341455,23180.7650390625,22790.17841796875,1,22587.07421875
22587.07421875,22720.989329806784,22274.604986930848,22408.52009798763,40763910.0,2025-08-04,0.0,55.00364714939942,510.90864601669455,714.6183739108675,-203.70972789417294,21559.131456695195,22866.0638671875,24172.996277679802,11.431197062015858,0.3932654641518887,0.013930631760854111,0.014028115153915666,23100.4158203125,22866.0638671875,0,22587.07421875
22587.07421875,22720.989329806784,22274.604986930848,22408.52009798763,40763910.0,2025-08-05,0.0,55.00364714939942,454.736045202626,662.6419081692192,-207.9058629665932,21931.69861637917,22941.94931640625,23952.200016433333,8.807017102985498,0.3243628548603142,0.0,0.0,23020.0666015625,22941.94931640625,1,23569.119140625
23569.119140625,24149.418550651073,22720.987610690117,22720.987610690117,237599010.0,2025-08-06,0.0,66.1155417332203,483.8837614642216,626.8902788282197,-143.0065173639981,22062.73865804695,23017.834765625,23972.93087320305,8.298748490491365,0.7886015190649012,0.0425595387567414,0.04347818191785913,23015.6025390625,23017.834765625,1,24194.05859375
24194.05859375,24729.720938462153,23792.313273760818,23881.58937218289,105791620.0,2025-08-07,0.0,71.02009087494545,551.05866634622,611.7239563318199,-60.665289985599884,22133.665878615782,23122.73515625,24111.80443388422,8.554950536350162,1.0415815968232918,0.02616974617146923,0.026515180707276542,23078.096484375,23122.73515625,1,25443.9375
25443.9375,25488.574590359884,24104.782591885276,24417.251814704054,153031230.0,2025-08-08,0.0,77.9075266546739,697.1141465518194,628.8019943758198,68.31215217599959,21885.18063165142,23272.27412109375,24659.36761053608,11.920566784533383,1.2828107461521396,0.050370412074240624,0.05166057201220786,23301.2890625,23272.27412109375,-1,25131.466796875
25131.466796875,25399.29893399914,24818.997568613457,25131.466796875,73945300.0,2025-08-11,0.0,73.22230655435257,778.6743197222859,658.776459445113,119.89786027717287,21771.14885260538,23379.4064453125,24987.66403801962,13.757899256074316,1.04470762628682,-0.012356784227092245,-0.012280752659646343,23461.9876953125,23379.4064453125,0,25131.466796875
25131.466796875,25399.29893399914,24818.997568613457,25131.466796875,73945300.0,2025-08-12,0.0,73.22230655435257,833.7009588760993,693.7613593313102,139.93959954478908,21711.06548633412,23486.53876953125,25262.01205272838,15.119071401874052,0.963236491055978,0.0,0.0,23622.686328125,23486.53876953125,1,25443.9375
25443.9375,25979.597928797957,25131.466359121303,25310.020474740595,92615490.0,2025-08-13,0.0,74.96817855439066,892.2385703270811,733.4568015304644,158.7817687966167,21677.776864722262,23620.454296875,25563.131729027737,16.449111500871975,0.9693221769463668,0.012356784227092264,0.01243344471894714,23903.9087890625,23620.454296875,-1,25086.828125
25086.828125,25533.212434666668,24863.635011136754,25488.573428282052,87741500.0,2025-08-14,0.0,69.39926192167542,899.4460528561722,766.654651795606,132.79140106056616,21667.26332096391,23709.73125,25752.19917903609,17.228942053369675,0.8371159114478477,-0.014134569940495586,-0.01403514589673871,24144.956640625,23709.73125,0,25176.10546875
25176.10546875,25399.298593686337,24997.551352412916,25176.10546875,83654890.0,2025-08-15,0.0,69.99926075451208,901.9646827965589,793.7166579957966,108.24802480076232,21679.180294055623,23807.9359375,25936.691580944374,17.88274001604114,0.8213542934021942,0.0035524165126956187,0.003558733822592419,24435.1068359375,23807.9359375,0,25354.658203125
25354.658203125,25711.766416334896,25176.104096520052,25265.382108852435,75948840.0,2025-08-18,0.0,71.21487707143731,907.9026915285285,816.5538647023429,91.34882682618559,21679.4898723467,23906.14052734375,26132.791182340796,18.628273789742124,0.8252682841222734,0.007067119692589758,0.007092150713962964,24711.865234375,23906.14052734375,0,25354.658203125
25354.658203125,25711.766416334896,25176.104096520052,25265.382108852435,75948840.0,2025-08-19,0.0,71.21487707143733,902.2085081529658,833.6847933924676,68.52371476049825,21701.49213307703,24004.3451171875,26307.198101297967,19.186967799938756,0.7931826510972632,0.0,0.0,24988.6236328125,24004.3451171875,0,25131.466796875
25131.466796875,25622.490143865984,25086.8297057376,25533.214043531236,69324090.0,2025-08-20,0.0,67.26370726499661,869.6612322672336,840.8800811674208,28.781151099812746,21731.99256284976,24080.23046875,26428.46837465024,19.503450425423924,0.7238351415509555,-0.00884175049188197,-0.00880277716472988,25144.8583984375,24080.23046875,-1,24461.890625
24461.890625,25220.744171690876,24149.419486652096,25176.10516363262,111108140.0,2025-08-21,0.0,57.039335590947815,780.837076682772,828.8714802704911,-48.03440358771911,21783.608535112595,24124.86904296875,26466.129550824902,19.409518896754548,0.5719743874934822,-0.027004296377158205,-0.026642940393684422,25171.6416015625,24124.86904296875,0,24461.890625
24461.890625,24818.99693528636,24372.612608883483,24506.527714998356,76979870.0,2025-08-22,0.0,57.039335590947815,702.3470735703559,803.5665989304641,-101.21952536010826,21882.25224427266,24187.36298828125,26492.47373228984,19.060455206509403,0.5595476025245856,0.0,0.0,25073.4369140625,24187.36298828125,-1,23167.373046875
23167.373046875,23881.589510631733,23078.09694793537,23658.396386192773,75152110.0,2025-08-25,0.0,42.54043471271241,529.5817421239299,748.7696275691573,-219.18788544522738,21837.402907724838,24169.5076171875,26501.612326650164,19.297908309925592,0.2851437445655257,-0.054371467164703646,-0.05291976805758447,24877.0275390625,24169.5076171875,0,23167.373046875
23167.373046875,23881.589510631733,23078.09694793537,23658.396386192773,75152110.0,2025-08-26,0.0,42.54043471271242,388.18916914312285,676.6535358839504,-288.4643667408276,21793.431633460874,24151.65224609375,26509.872858726623,19.52844127270249,0.29130892293409444,0.0,0.0,24680.6181640625,24151.65224609375,1,24283.3359375
24283.3359375,24283.3359375,23301.289291763747,23301.289291763747,57184820.0,2025-08-27,0.0,54.18406366183042,362.01038478758346,613.7249056646771,-251.7145208770936,21987.061927660467,24234.2333984375,26481.404869214533,18.54543062147713,0.5109254099433546,0.047045396544201395,0.048169591276794765,24564.5580078125,24234.2333984375,-1,23881.58984375
23881.58984375,24327.974180794503,23881.58984375,24327.974180794503,94591750.0,2025-08-28,0.0,50.23731867636182,305.326345294925,552.0451935907267,-246.71884829580176,22161.487720683413,24294.49541015625,26427.503099629088,17.559596554379468,0.40321048338360693,-0.016682488534270803,-0.016544106410421033,24444.0341796875,24294.49541015625,1,24194.05859375
24194.05859375,24551.166823558102,23970.86738866487,24060.143487086938,69482930.0,2025-08-29,0.0,53.098800885413354,282.362552583636,498.1086653893086,-215.74611280567262,22478.891935723634,24390.4681640625,26302.044392401363,15.674780947053957,0.4486262783035401,0.012999227684782831,0.01308408493925195,24345.8294921875,24390.4681640625,0,24194.05859375
24194.05859375,24194.05859375,24194.05859375,24194.05859375,0.0,2025-09-01,0.0,53.098800885413354,261.1531702305365,450.71756635755423,-189.56439612701774,22753.14977678332,24470.8173828125,26188.48498884168,14.038498013030107,0.419437617589384,0.0,0.0,24229.76953125,24470.8173828125,0,24194.05859375
24194.05859375,24194.05859375,24194.05859375,24194.05859375,0.0,2025-09-02,0.0,53.098800885413354,241.560028270349,408.88605874011324,-167.32603046976425,23070.533614385367,24551.1666015625,26031.799588739636,12.061610034310164,0.3794069796819341,0.0,0.0,24113.7095703125,24551.1666015625,1,25131.466796875
25131.466796875,25890.322280990127,24327.974221622473,24461.891249214517,131052350.0,2025-09-03,0.0,61.41274926624138,298.2354571460419,386.755938421299,-88.52048127525711,23202.94628950359,24629.283984375,26055.62167924641,11.58245360097589,0.6760392417257376,0.038013627847148505,0.03874538864542387,24113.7095703125,24629.283984375,0,25131.466796875
25131.466796875,25890.322280990127,24327.974221622473,24461.891249214517,131052350.0,2025-09-04,0.0,61.41274926624138,339.2405885199223,377.2528684410237,-38.01227992110137,23248.427749335126,24676.15439453125,26103.881039727377,11.571711072715122,0.6594536334653902,0.0,0.0,24180.6671875,24676.15439453125,1,26649.17578125
26649.17578125,26693.814790337135,25310.02085311544,25399.29887128971,155578610.0,2025-09-05,0.0,71.04913279738435,488.5719285091982,399.5166804546586,89.05524805453956,23087.613964731867,24736.41630859375,26385.218652455635,13.330971821403804,1.080045109644894,0.05863750438908968,0.06039078405736831,24399.395703125,24736.41630859375,-1,25801.04296875
25801.04296875,26559.89841481079,25577.85177007553,25622.488858974513,155945240.0,2025-09-08,0.0,61.76627506310483,532.3443274636556,426.08220985645806,106.26211760719758,23061.21406364029,24769.8951171875,26478.576170734712,13.796433496899061,0.8017379543776887,-0.03234330634490808,-0.03182585530831816,24662.7626953125,24769.8951171875,0,25801.04296875
25801.04296875,26559.89841481079,25577.85177007553,25622.488858974513,155945240.0,2025-09-09,0.0,61.76627506310483,560.57234000674,452.9802358865145,107.59210412022549,23039.516181320276,24803.37392578125,26567.23167024222,14.222724293387964,0.7828088166695196,0.0,0.0,24926.1296875,24803.37392578125,0,25756.40625
25756.40625,26113.512556623147,25176.104905375105,26068.87546708268,81247320.0,2025-09-10,0.0,61.277597492528876,572.739251586001,476.93203902641187,95.80721255958917,23025.95588607264,24818.99736328125,26612.038840489862,14.448943693924937,0.7614018968981403,-0.0017315336805407337,-0.0017300354409728325,25073.43671875,24818.99736328125,0,25756.40625
25756.40625,26068.87546708268,25354.65901771662,25756.40625,57701380.0,2025-09-11,0.0,61.277597492528876,575.7447891300253,496.69458904713457,79.05020008289074,23013.95142487956,24852.47626953125,26691.00111418294,14.795506288487573,0.7458302326178251,0.0,0.0,25260.918359375,24852.47626953125,1,26024.236328125
26024.236328125,26068.875335500034,24997.550666858457,25622.489097869442,78960090.0,2025-09-12,0.0,63.29826140490087,592.9037231915208,515.9364158760118,76.96730731550906,22987.106807800745,24894.8828125,26802.658817199255,15.32665181891388,0.795986927407401,0.010344887715170462,0.010398581056897171,25443.9361328125,24894.8828125,1,27095.55859375
27095.55859375,27541.944823391164,26872.367396989255,27006.28249865767,97812550.0,2025-09-15,0.0,70.0342634938212,685.0522001477839,549.7595727303662,135.29262741741763,22841.185812353968,24981.92783203125,27122.669851708535,17.138325225105113,0.9936677895539645,0.040341554634302175,0.04116632865292558,25734.0861328125,24981.92783203125,0,27095.55859375
27095.55859375,27541.944823391164,26872.367396989255,27006.28249865767,97812550.0,2025-09-16,0.0,70.0342634938212,749.4414376474415,589.6959457137814,159.7454919336601,22731.850994315577,25068.9728515625,27406.09470880942,18.645533433582656,0.9335644151167141,0.0,0.0,26024.2361328125,25068.9728515625,-1,26738.453125
26738.453125,27274.1135482949,26559.899011215068,27274.1135482949,73541160.0,2025-09-17,0.0,65.39443323944637,762.861156840645,624.3289879391541,138.53216890149088,22695.569000977906,25149.32216796875,27603.07533495959,19.51347356881091,0.8238163843065113,-0.013267103652780212,-0.013179483549468962,26184.934765625,25149.32216796875,-1,26068.875
26068.875,27006.28263445227,26068.875,26693.813422968182,136867060.0,2025-09-18,0.0,57.67839873860193,711.2679678115019,641.7167839136237,69.55118389787822,22765.47760516357,25229.67138671875,27693.86516827393,19.534093360029768,0.6702795493525715,-0.025360647307189683,-0.02504176744517639,26278.6755859375,25229.67138671875,0,26024.236328125
26024.236328125,26247.429446940296,25533.213001179247,26202.790439565262,83255700.0,2025-09-19,0.0,57.19389432192535,659.1794160543504,645.209310341769,13.970105712581471,22847.023187197512,25307.788671875,27768.55415655249,19.44670485898424,0.6455741436376448,-0.0017138036743323281,-0.0017123359513979697,26216.181640625,25307.788671875,-1,25354.658203125
25354.658203125,26113.511717651167,25265.382108852435,26113.511717651167,72681180.0,2025-09-22,0.0,50.36032305053005,557.4436414177871,627.6561765569726,-70.21253513918543,23171.942868117443,25417.1529296875,27662.36299125756,17.666888717088604,0.4860826548855746,-0.02606580158692938,-0.025729021077032344,26171.5431640625,25417.1529296875,0,25354.658203125
25354.658203125,26113.511717651167,25265.382108852435,26113.511717651167,72681180.0,2025-09-23,0.0,50.36032305053005,471.3834915866573,596.4016395629096,-125.0181479762523,23545.14157286752,25526.5171875,27507.892802132483,15.524057591395469,0.45663139711980383,0.0,0.0,26126.9046875,25526.5171875,0,25577.8515625
25577.8515625,25756.405670826443,25399.297454173557,25488.57354930686,27390000.0,2025-09-24,0.0,52.5519460210119,416.3901550983137,560.3993426699905,-144.00918757167676,23698.256947600352,25591.24296875,27484.22898989965,14.794013901249059,0.49646288823573353,0.008764334963664102,0.008802854196925836,26109.04921875,25591.24296875,1,25934.9609375
25934.9609375,25934.9609375,25220.744472294795,25577.852704897396,33812790.0,2025-09-25,0.0,55.90636614372551,397.04637830433785,527.7287497968599,-130.68237149252207,23976.781546193644,25693.9115234375,27411.041500681353,13.366045692790065,0.5701896237492188,0.013865097965749024,0.013961664220601078,26126.9046875,25693.9115234375,0,25711.767578125
25711.767578125,26158.151905777402,25667.128569941786,26024.23679928767,37878940.0,2025-09-26,0.0,53.36693740195177,359.56165410473113,494.0953306584342,-134.53367655370306,24204.305225195654,25769.79697265625,27335.28872011685,12.149818247475563,0.4814660809852937,-0.00864313211063629,-0.008605887624541508,26095.6578125,25769.79697265625,0,25533.212890625
25533.212890625,25801.043097595804,25354.658779957845,25488.573883443245,42714320.0,2025-09-29,0.0,51.35714896628964,311.852032961393,457.64667111902594,-145.79463815763296,24450.773383489617,25836.7546875,27222.735991510384,10.728756926123783,0.3904957101525496,-0.006968698532362978,-0.006944473457822897,25939.4232421875,25836.7546875,0,25533.212890625
25533.212890625,25801.043097595804,25354.658779957845,25488.573883443245,42714320.0,2025-09-30,0.0,51.35714896628964,270.9188308352859,420.30110306227795,-149.38227222699203,24740.36828562435,25903.71240234375,27067.05651906315,8.982064799438872,0.3407609982317403,0.0,0.0,25783.188671875,25903.71240234375,-1,25131.466796875
25131.466796875,25533.214043531236,24908.275587008156,25488.575034333888,59110920.0,2025-10-01,0.0,46.76179461187076,203.7131427070235,376.9835109912271,-173.27036828420358,24740.36828562435,25903.71240234375,27067.05651906315,8.982064799438872,0.16809235789730786,-0.015859352778295772,-0.01573425543706286,25622.4900390625,25903.71240234375,0,25265.3828125
25265.3828125,25443.936924077727,25086.828700922273,25265.3828125,32833350.0,2025-10-02,0.0,48.41861946754622,159.4203553320949,333.47087985940067,-174.05052452730575,24764.366043416063,25910.408203125,27056.450362833937,8.846191466568367,0.21858566233339158,0.005314472307384712,0.00532861916526306,25542.1408203125,25910.408203125,0,25086.828125
25086.828125,25577.851441051283,25042.189118615384,25310.01932080342,33182490.0,2025-10-03,0.0,46.347510151969644,108.65759408014856,288.5082227035503,-179.85062862340175,24685.288310166103,25832.2908203125,26979.2933304589,8.88037780408143,0.17503876900088328,-0.007092258020788002,-0.007067167310509159,25448.4,25832.2908203125,1,26068.875
26068.875,26068.875,25086.828358747192,25086.828358747192,78396450.0,2025-10-06,0.0,57.1930375675876,145.9878584089056,260.0041498446214,-114.0162914357158,24693.971653373308,25845.682421875,26997.393190376693,8.912210168820458,0.5968961063094684,0.03839914146654699,0.03914591633931397,25519.8216796875,25845.682421875,0,26068.875
26068.875,26068.875,25086.828358747192,25086.828358747192,78396450.0,2025-10-07,0.0,57.1930375675876,173.57153720313,242.7176273163231,-69.14609011319311,24703.327320706478,25859.0740234375,27014.820726168524,8.938809654850798,0.5907642548608362,0.0,0.0,25591.243359375,25859.0740234375,0,25890.322265625
25890.322265625,26202.7914937011,25890.322265625,26068.876384248477,45538460.0,2025-10-08,0.0,54.854849305743585,178.9611353715045,229.9663289273594,-51.0051935558549,24710.976272368585,25865.76982421875,27020.563376068916,8.929125710914693,0.5106306626699258,-0.006872832784625489,-0.006849268883870163,25622.4904296875,25865.76982421875,0,26068.875
26068.875,26247.429109142315,25667.12777491483,26113.512088740696,65948300.0,2025-10-09,0.0,56.75864479260027,195.38783485103704,223.05063011209495,-27.66279526105791,24724.376845950035,25881.39326171875,27038.409677487463,8.940912910434855,0.5810194806772422,0.0068728327846254485,0.006896504900291145,25635.8818359375,25881.39326171875,0,25845.681640625
25845.681640625,26247.42886192624,25756.405545924626,26247.42886192624,46806870.0,2025-10-10,0.0,53.7096216156496,188.22651563442196,216.08580721656037,-27.85929158213841,24717.335981212444,25872.46552734375,27027.595073475055,8.929412196224497,0.4884065441800652,-0.008598541486807724,-0.008561679756989848,25649.2732421875,25872.46552734375,0,25890.322265625
25890.322265625,26113.513475359385,25756.40715617238,25934.961274795856,88261470.0,2025-10-13,0.0,54.23911049925291,184.0318394318383,209.67501365961598,-25.643174227777678,24810.124529454213,25812.2037109375,26814.28289242079,7.764383023667781,0.5389782345202835,0.0017257087021823384,0.0017271985943614343,25684.9841796875,25812.2037109375,0,25890.322265625
25890.322265625,26113.513475359385,25756.40715617238,25934.961274795856,88261470.0,2025-10-14,0.0,54.23911049925291,178.64818326820023,203.46964758133285,-24.821464313132623,24949.80713995948,25751.94189453125,26554.07664910302,6.2297030480805216,0.5862575585367986,0.0,0.0,25720.6951171875,25751.94189453125,-1,25310.01953125
25310.01953125,26113.512062554775,25265.382442554066,25934.959871651354,92738690.0,2025-10-15,0.0,46.261394789719134,126.10238628650768,187.99619532236784,-61.89380903586016,25003.63639179084,25680.52021484375,26357.40403789666,5.2715740755256295,0.22631885193924345,-0.022668894942294487,-0.02241388610081063,25738.550390625,25680.52021484375,0,25220.744140625
25220.744140625,25622.489458474764,25176.105132621728,25354.65924657492,38085520.0,2025-10-16,0.0,45.16089401274048,76.37527901411158,165.6720120607166,-89.29673304660503,24957.41373433162,25638.113671875,26318.813609418376,5.310062559634445,0.19342620130371171,-0.0035335101639653245,-0.0035272746634894547,25734.0865234375,25638.113671875,0,25220.744140625
25220.744140625,25711.76747448131,24997.55101866853,25220.744140625,49186830.0,2025-10-17,0.0,45.16089401274047,36.54492113386368,139.84659387534603,-103.30167274148235,24918.349316474007,25597.9390625,26277.528808525996,5.309722351996436,0.2224833628812776,0.0,0.0,25747.478125,25597.9390625,-1,23256.650390625
23256.650390625,25220.743691038166,23256.650390625,24908.27447670515,113259410.0,2025-10-20,0.0,28.103031191419944,-151.7575093550331,81.52577322927021,-233.28328258430332,24245.2097540941,25493.038671875,26740.867589655903,9.789565958314412,-0.3961117383090949,-0.08107570663526345,-0.07787612209412498,25466.2556640625,25493.038671875,0,23256.650390625
23256.650390625,25220.743691038166,23256.650390625,24908.27447670515,113259410.0,2025-10-21,0.0,28.103031191419944,-297.5584733066753,5.708923922081105,-303.2673972287564,23788.248986425027,25388.13828125,26988.027576074976,12.603439268381065,-0.1661360562632503,0.0,0.0,25185.033203125,25388.13828125,1,23926.228515625
23926.228515625,24104.782631538015,23212.01205197294,23479.84418487242,81703380.0,2025-10-22,0.0,37.4448898081241,-354.98537841628786,-66.4299365455927,-288.5554418706952,23581.234931705738,25305.55712890625,27029.879326106762,13.628012127271749,0.10003744789673572,0.028384155197528106,0.028790823861286396,24988.623828125,25305.55712890625,0,23836.94921875
23836.94921875,24015.503325075824,23345.925905868935,24015.503325075824,40995680.0,2025-10-23,0.0,36.75905234569877,-403.05454566409026,-133.7548583692922,-269.29968729479805,23384.721764418606,25200.65654296875,27016.591321518896,14.411805307166173,0.12451643629306329,-0.0037384196399359673,-0.0037314404489907638,24765.43125,25200.65654296875,0,23658.396484375
23658.396484375,24104.78273510542,23658.396484375,23881.589609740207,25787740.0,2025-10-24,0.0,35.36400014630095,-450.3658829090782,-197.0770632772494,-253.2888196318288,23174.71195776537,25097.98798828125,27021.26401879713,15.326137150228112,0.1257449578051188,-0.0075187820151239124,-0.0074905866827350565,24546.702734375,25097.98798828125,0,23435.205078125
23435.205078125,23970.867423618234,23435.205078125,23881.589407006075,30129880.0,2025-10-27,0.0,33.64512646075211,-500.1052378541899,-257.68269819263753,-242.42253966155238,22944.953647111986,24993.08759765625,27041.221548200512,16.389603265635163,0.11968246287864527,-0.009478700711314935,-0.00943391942887617,24301.191015625,24993.08759765625,0,23435.205078125
23435.205078125,23970.867423618234,23435.205078125,23881.589407006075,30129880.0,2025-10-28,0.0,33.64512646075211,-533.3756129496069,-312.82128114403145,-220.55433180557543,22743.88111141759,24888.18720703125,27032.493302644907,17.231516926293953,0.16119992572925212,0.0,0.0,24055.679296875,24888.18720703125,1,23926.228515625
23926.228515625,23926.228515625,23345.927159392722,23524.481275305738,31363310.0,2025-10-29,0.0,40.96624004519505,-514.1938307542805,-353.0957910660813,-161.0980396881992,22645.011711251544,24827.92529296875,27010.838874685956,17.584341470009225,0.29346484787674854,0.02073590236637484,0.02095238492102358,23917.3001953125,24827.92529296875,1,24327.97265625
24327.97265625,24595.804776140605,24015.50344809415,24015.50344809415,43393790.0,2025-10-30,0.0,46.19675887518505,-461.2576445313971,-374.7281617591445,-86.5294827722526,22597.435034788512,24781.05478515625,26964.67453552399,17.623299486636206,0.39625434354357053,0.016651541776142576,0.016790951418132583,23828.023046875,24781.05478515625,-1,24015.50390625
24015.50390625,24461.890141897,24015.50390625,24461.890141897,26062850.0,2025-10-31,0.0,43.00517155201267,-439.4532092339068,-387.673171254097,-51.78003797980983,22522.99024001388,24727.48857421875,26931.98690842362,17.83034558959062,0.3385154896872368,-0.012927208536294617,-0.012844011065579863,23707.4990234375,24727.48857421875,-1,23256.650390625
23256.650390625,24015.50392285377,23256.650390625,23881.58881929103,31192260.0,2025-11-03,0.0,36.42379857152876,-477.89727160927214,-405.71799132513206,-72.17928028414008,22383.87803144629,24586.87734375,26789.876656053708,17.92012284848945,0.19808729723706534,-0.032108488437376105,-0.03159848398715093,23707.4990234375,24586.87734375,1,23881.58984375
23881.58984375,23970.86786199487,23167.373370030844,23345.92748846063,41543810.0,2025-11-04,0.0,44.021492752307786,-452.71842083801675,-415.118077227709,-37.60034361030773,22369.152238746963,24477.5130859375,26585.873933128034,17.226920396597016,0.35867617419912085,0.026516733241073728,0.026871430005110275,23769.99296875,24477.5130859375,0,23881.58984375
23881.58984375,23970.86786199487,23167.373370030844,23345.92748846063,41543810.0,2025-11-05,0.0,44.021492752307786,-427.83221671993306,-417.66090512615386,-10.171311593779194,22362.812833973378,24377.07646484375,26391.340095714124,16.52588351827434,0.37700551866697596,0.0,0.0,23765.5291015625,24377.07646484375,-1,23301.2890625
23301.2890625,23658.395360841514,23301.2890625,23524.480259205968,23328360.0,2025-11-06,0.0,39.002011694129436,-449.75069784713196,-424.0788636703495,-25.671834176782454,22336.668609049517,24238.69716796875,26140.72572688798,15.694148458051185,0.2535767533371314,-0.024599179067610857,-0.024299084987504216,23711.9630859375,24238.69716796875,0,23256.650390625
23256.650390625,23703.034708520758,23212.011383417466,23345.926486980206,60610220.0,2025-11-07,0.0,38.63705539178873,-465.35885263656746,-432.33486146359314,-33.02399117297432,22318.568128743387,24109.24560546875,25899.923082194113,14.85469521550836,0.2619350145613874,-0.0019175541734628176,-0.0019157168410411929,23671.7884765625,24109.24560546875,1,23613.759765625
23613.759765625,23881.58998583316,23301.290536028824,23390.566636744894,52819690.0,2025-11-10,0.0,43.21491832014322,-443.7968716010946,-434.62726349109346,-9.16960811000115,22402.992452627215,23995.41748046875,25587.842508310285,13.272742840483614,0.3801646205720997,0.015238453606899686,0.015355150849408306,23689.6439453125,23995.41748046875,0,23747.673828125
23747.673828125,24015.50403651811,23613.758723928444,23747.673828125,34465310.0,2025-11-11,0.0,44.875687942872,-411.1634641334058,-429.9345036195559,18.77103948615013,22567.495929618686,23888.28505859375,25209.07418756881,11.058048961952686,0.44676999250521415,0.005654998559308628,0.005671018246528492,23720.8908203125,23888.28505859375,1,24104.783203125
24104.783203125,24194.059304168517,23792.313972382748,23792.313972382748,33729190.0,2025-11-12,0.0,49.146910762708394,-352.4229985774218,-414.4322026111291,62.009204033707306,22681.93502653223,23828.0232421875,24974.111457842773,9.619666759650663,0.6207411249662237,0.014925712357262996,0.0150376570599966,23738.7462890625,23828.0232421875,-1,23703.03515625
23703.03515625,24149.41948257756,23703.03515625,24104.782392586734,20820250.0,2025-11-13,0.0,44.92921648483401,-334.4333270398056,-398.4324274968644,63.99910045705883,22811.814227893243,23752.13779296875,24692.46135804426,7.917801532406643,0.47389056355574344,-0.016807188356195994,-0.01666673553914877,23676.2525390625,23752.13779296875,1,24015.50390625
24015.50390625,24060.142913426673,23658.395684956347,23658.395684956347,24323420.0,2025-11-14,0.0,48.622315080964135,-291.60136697996495,-377.0662153934846,85.46484841351963,23036.54672167391,23691.87578125,24347.204840826093,5.532099405102623,0.7469203221426975,0.013096512270100655,0.01318264719856388,23676.2525390625,23691.87578125,1,24372.61328125
24372.61328125,24417.252290539713,24149.420152861392,24149.420152861392,35374130.0,2025-11-17,0.0,52.53956021790096,-226.23311346322225,-346.89959500743214,120.66648154420989,23059.177381870304,23747.67392578125,24436.1704696922,5.798433531323613,0.9538434949279719,0.014760477547058594,0.014869951361173195,23787.848828125,23747.67392578125,0,24551.166015625
24551.166015625,24640.44211110916,24238.696804340667,24327.97289982483,38531130.0,2025-11-18,0.0,54.41116708701051,-158.19699171547836,-309.15907434904136,150.962082633563,23076.50247831717,23812.39970703125,24548.296935745333,6.180790157799921,1.0019493753799567,0.007299253234363884,0.007325957717975173,23854.8064453125,23812.39970703125,0,24640.443359375
24640.443359375,25310.020822635946,24506.5282503348,24551.16725936818,61952770.0,2025-11-19,0.0,55.359094976755514,-95.96768381664515,-266.52079624256214,170.553112425917,23024.826700255602,23848.11044921875,24671.3941981819,6.90439396208113,0.981202812003832,0.003629783327108092,0.003636378968444154,23930.691796875,23848.11044921875,-1,24327.97265625
24327.97265625,24818.995971646313,24238.696561659683,24729.719877055995,25354230.0,2025-11-20,0.0,51.33573115409998,-71.04531709315415,-227.42570041268056,156.3803833195264,23021.95051451476,23872.66162109375,24723.37272767274,7.127073805857549,0.7676061424584054,-0.012762305572235939,-0.012681212694418242,24033.36015625,23872.66162109375,0,24461.890625
24461.890625,24506.527714998356,24015.504380537222,24238.697502768613,24868690.0,2025-11-21,0.0,52.91514448425764,-40.02669816913112,-189.94589996397067,149.91920179483955,23029.467094231517,23912.836328125,24796.20556201848,7.388243048813996,0.8107728205877315,0.005489595422176034,0.005504690861102057,24153.8841796875,23912.836328125,-1,24194.05859375
24194.05859375,24595.80583179909,24194.05859375,24461.89072513603,16178580.0,2025-11-24,0.0,49.45790356311422,-36.633734859206015,-159.28346694301774,122.64973208381173,23088.861663273252,23950.77900390625,24812.696344539247,7.197405483073624,0.6411269842100431,-0.011009331469990223,-0.010948950567879479,24211.9140625,23950.77900390625,0,24015.50390625
24015.50390625,24417.25113472033,24015.50390625,24238.697024073503,26780820.0,2025-11-25,0.0,47.24190007574247,-47.8016305866513,-136.98709967174446,89.18546908509316,23152.583332731676,23979.7939453125,24807.004557893324,6.899230364258611,0.521584564072557,-0.007407472488480408,-0.00738010478101947,24238.6970703125,23979.7939453125,0,24194.05859375
24194.05859375,24283.33661023198,23970.86738866487,24060.143487086938,20924420.0,2025-11-26,0.0,49.67042562686432,-41.76297973964756,-117.94227568532509,76.17929594567752,23160.969501128457,23993.18544921875,24825.40139730904,6.937102619005431,0.6206857096359427,0.0074074724884803655,0.007434975680586486,24247.624609375,23993.18544921875,0,24015.50390625
24015.50390625,24372.612127543656,24015.50390625,24283.33603125017,15351820.0,2025-11-27,0.0,47.32444848691222,-50.79959041803886,-104.51373863186785,53.71414821382899,23160.210077113847,23977.56201171875,24794.913946323653,6.8176400436827755,0.5232102555367356,-0.007407472488480408,-0.00738010478101947,24278.871484375,23977.56201171875,-1,23703.03515625
23703.03515625,24149.41948257756,23703.03515625,24015.50437648528,22868230.0,2025-11-28,0.0,43.45633663044304,-82.22692538922274,-100.05637598333884,17.829450594116096,23135.74266909724,23961.93857421875,24788.134479340264,6.895902036994932,0.34331596394763464,-0.013096512270100695,-0.013011126113355531,24247.624609375,23961.93857421875,0,23658.396484375
23658.396484375,23881.589609740207,23658.396484375,23792.31351043008,21721810.0,2025-12-01,0.0,42.916665983748594,-109.4733419932636,-101.9397691853238,-7.533572807939805,23210.290332166172,23982.02587890625,24753.761425646328,6.435949578545565,0.29032364396177723,-0.001885022624807232,-0.001883247085478379,24176.2029296875,23982.02587890625,0,23658.396484375
23658.396484375,23792.31351043008,23390.56626838469,23703.035493060026,28680520.0,2025-12-02,0.0,42.916665983748594,-129.57269013610858,-107.46635337548076,-22.106336760627812,23186.661262423768,23970.8662109375,24755.071159451232,6.5429838172131864,0.30077291838395714,0.0,0.0,24086.9259765625,23970.8662109375,1,23926.228515625
23926.228515625,23970.867524118235,23613.759292292205,23747.674399711985,23680360.0,2025-12-03,0.0,47.45722483322248,-122.47791265387787,-110.4686652311602,-12.009247422717664,23189.709381782875,23973.09814453125,24756.486907279625,6.535565474478161,0.47008533238221556,0.0112572016550599,0.011320802380959671,24015.5044921875,23973.09814453125,1,24372.61328125
24372.61328125,24506.528391059186,24015.505043052206,24060.14405234192,38589320.0,2025-12-04,0.0,54.021493808447396,-79.91452548655798,-104.35783728223977,24.443311795681794,23291.679443015535,24026.66435546875,24761.649267921966,6.118076996284542,0.7353442362691154,0.018484810786906482,0.01865671245819156,24019.9685546875,24026.66435546875,-1,24104.783203125
24104.783203125,24417.252433867252,24104.783203125,24417.252433867252,19428310.0,2025-12-05,0.0,49.98634624749497,-67.02179789265574,-96.89062940432297,29.868831511667224,23429.469477513427,24069.07099609375,24708.672514674072,5.314717121272572,0.5279175439659044,-0.01104980146096311,-0.010988976644988768,23984.2578125,24069.07099609375,0,23881.58984375
23881.58984375,24194.059071487147,23881.58984375,24015.504953057356,23601160.0,2025-12-08,0.0,46.84603784571642,-73.96147533597832,-92.30479859065404,18.343323254675724,23472.46988476179,24082.4625,24692.455115238212,5.065865795395387,0.33534828846119885,-0.009302431282397737,-0.009259297521749366,23953.0109375,24082.4625,-1,23569.119140625
23569.119140625,24015.503449726584,23569.119140625,23836.949342473985,43902980.0,2025-12-09,0.0,42.792780886485126,-103.4821165982903,-94.5402621921813,-8.941854406109002,23438.210386555267,24073.534765625,24708.859144694736,5.278197699300266,0.10302513045494517,-0.013170518486686343,-0.013084166722961088,23908.3724609375,24073.534765625,0,23792.3125
23792.3125,24104.781711405154,23747.673493210736,23792.3125,21678800.0,2025-12-10,0.0,46.36267265461266,-107.62694229128465,-97.15759821200197,-10.469344079282678,23410.56788752361,24057.91123046875,24705.25457341389,5.381542368693217,0.29485482212546665,0.009425180105607956,0.009469736991158495,23868.1978515625,24057.91123046875,0,23703.03515625
23703.03515625,24015.50437648528,23658.396148199274,23836.950262342278,18856420.0,2025-12-11,0.0,45.14901236640256,-116.7696343750722,-101.08000544461602,-15.68962893045618,23410.56788752361,24057.91123046875,24705.25457341389,5.381542368693217,0.2258981048571422,-0.003759418692720001,-0.003752360925403986,23836.9509765625,24057.91123046875,-1,23212.01171875
23212.01171875,23836.95015644421,23212.01171875,23747.674058799275,40797020.0,2025-12-12,0.0,39.088331015784206,-161.7719649606588,-113.21839734782459,-48.553567612834215,23267.723107478934,24017.73662109375,24767.750134708567,6.245497029525352,-0.037140256620459965,-0.020933214420299568,-0.020715635540477506,23787.8486328125,24017.73662109375,0,23435.205078125
23435.205078125,23569.12018498333,23256.65096296059,23435.205078125,26333340.0,2025-12-15,0.0,42.84409288299749,-177.3820475495304,-126.05112738816575,-51.330920161364645,23197.433652310086,23970.8662109375,24744.298769564914,6.453104796642763,0.15371180276977156,0.00956949108417731,0.009615425068681516,23765.5294921875,23970.8662109375,1,23836.94921875
23836.94921875,24060.142331172236,23435.203918061754,23524.48001219476,32262890.0,2025-12-16,0.0,48.946184440623895,-155.542755766739,-131.9494530638804,-23.59330270285858,23210.097007001194,23935.15537109375,24660.21373518631,6.05852231039372,0.4322770709178283,0.01699748272643881,0.01714276189543562,23783.384765625,23935.15537109375,-1,23569.119140625
23569.119140625,23836.949342473985,23569.119140625,23836.949342473985,18201260.0,2025-12-17,0.0,45.46155676710768,-158.02499486692977,-137.1645614244903,-20.860433442439472,23220.4441652484,23881.58916015625,24542.734155064103,5.536859297545395,0.26369024802584984,-0.011299520803204679,-0.01123592099253734,23747.673828125,23881.58916015625,0,23569.119140625
23569.119140625,23836.949342473985,23569.119140625,23836.949342473985,18201260.0,2025-12-18,0.0,45.46155676710768,-158.16891444836438,-141.36543202926512,-16.803482419099254,23203.601798435404,23843.646484375,24483.691170314596,5.3686812238138515,0.28554048664040593,0.0,0.0,23667.3244140625,23843.646484375,1,23836.94921875
23836.94921875,23836.94921875,23569.11901829117,23569.11901829117,32538660.0,2025-12-19,0.0,49.621187975254465,-135.11381484608864,-140.11510859262984,5.001293746541194,23242.235421423436,23812.3994140625,24382.563406701564,4.788799169077864,0.521528722441651,0.01129952080320464,0.011363601521422684,23640.541015625,23812.3994140625,0,24015.50390625
24015.50390625,24194.05801689683,23747.673699309693,23836.949795603174,60368990.0,2025-12-22,0.0,52.23662169720564,-101.26726527341089,-132.34553992878605,31.078274655375168,23253.226420616,23803.4716796875,24353.716938759,4.623235353866869,0.6926706528287853,0.007462752879783943,0.007490668619604568,23653.932421875,23803.4716796875,0,23881.58984375
23881.58984375,24283.337089732013,23792.31374356508,24149.420062364712,32547350.0,2025-12-23,0.0,50.13443383474297,-84.27787369626094,-122.73200668228104,38.4541329860201,23254.18862768496,23796.7759765625,24339.363325440045,4.560175289391628,0.5781568786693553,-0.005591755196302332,-0.005576150432768934,23685.1794921875,23796.7759765625,0,23703.03515625
23703.03515625,23970.867286494456,23658.396148199274,23970.867286494456,25450590.0,2025-12-24,0.0,47.395608719346,-84.25034398543357,-115.03567414291156,30.785330157477986,23261.847532325166,23772.2248046875,24282.602077049833,4.293895725415613,0.43221715367805474,-0.0075047570737983415,-0.007476666698834955,23676.2517578125,23772.2248046875,0,23703.03515625
23703.03515625,23970.867286494456,23658.396148199274,23970.867286494456,25450590.0,2025-12-25,0.0,47.395608719346,-83.26865724349773,-108.6822707630288,25.41361351953107,23258.600265753175,23756.6013671875,24254.602468621826,4.1925281629060125,0.4462187826661214,0.0,0.0,23676.2517578125,23756.6013671875,1,24015.50390625
24015.50390625,24729.72034883731,23792.312706486362,24194.05801689683,103438500.0,2025-12-26,0.0,52.645977010430066,-56.62431683606701,-98.27067997763643,41.646363141569424,23261.847532325166,23772.2248046875,24282.602077049833,4.293895725415613,0.7383326166116867,0.013096512270100655,0.01318264719856388,23756.6009765625,23772.2248046875,0,23836.94921875
23836.94921875,24104.781337268647,23792.312130713406,24104.781337268647,18177720.0,2025-12-29,0.0,49.59952305454802,-49.34750877513943,-88.48604573713703,39.1385369619976,23272.91671698261,23781.15244140625,24289.388165829892,4.274273298368272,0.5548926164202883,-0.0074627528797840655,-0.007434975680586597,23796.775390625,23781.15244140625,0,23658.396484375
23658.396484375,23970.867627110263,23658.396484375,23836.95060105518,27040090.0,2025-12-30,0.0,46.68992789950774,-57.32746407611921,-82.25432940493347,24.92686532881426,23272.91671698261,23781.15244140625,24289.388165829892,4.274273298368272,0.37923324637355876,-0.0075187820151239124,-0.0074905866827350565,23778.9201171875,23781.15244140625,0,23569.119140625
23569.119140625,23747.6732478776,23524.480134296897,23613.758146953107,22164670.0,2025-12-31,0.0,45.26027154797608,-70.04810076120339,-79.81308367618746,9.764982914984074,23251.4424357436,23763.29697265625,24275.151509568903,4.307942096600718,0.3103193211859836,-0.0037807387880807726,-0.003773600793653187,23778.9201171875,23763.29697265625,0,23569.119140625
23569.119140625,23569.119140625,23569.119140625,23569.119140625,0.0,2026-01-01,0.0,45.26027154797608,-79.21614259981652,-79.69369546091328,0.4775528610967541,23293.034124625767,23723.122265625,24153.210406624232,3.6258982791859053,0.3209632976136,0.0,0.0,23778.9201171875,23723.122265625,0,23569.119140625
23569.119140625,23569.119140625,23569.119140625,23569.119140625,0.0,2026-01-02,0.0,45.26027154797608,-85.49633329844801,-80.85422302842022,-4.642110270027786,23301.013697558938,23696.3390625,24091.66442744106,3.3365944325693175,0.33909466333640614,0.0,0.0,23752.137109375,23696.3390625,-1,23167.373046875
23167.373046875,23703.03539469255,22944.181840495963,23569.120287253143,51136690.0,2026-01-05,0.0,38.61478832661987,-121.49051487659744,-88.98148139805568,-32.50903347854177,23210.52365074272,23660.62822265625,24110.73279456978,3.804671352576608,-0.04793397641383151,-0.017192389523244207,-0.017045443716117825,23667.3240234375,23660.62822265625,0,23167.373046875
23167.373046875,23390.56617131396,22631.71261711737,23212.012055374777,43578260.0,2026-01-06,0.0,38.61478832661987,-148.30657719706505,-100.84650055785757,-47.460076639207486,23140.18759921941,23640.54091796875,24140.894236718086,4.233010746120687,0.02716625096395953,0.0,0.0,23595.90234375,23640.54091796875,1,23747.673828125
23747.673828125,23881.588932321552,23167.372485860094,23167.372485860094,40974670.0,2026-01-07,0.0,50.732951925965615,-121.33440897581386,-104.94408224144884,-16.39032673436502,23140.414031641845,23638.308984375,24136.203937108152,4.212610581089058,0.609827226757022,0.024739626935065373,0.025048190836132633,23600.3662109375,23638.308984375,0,23569.119140625
23569.119140625,23926.227355130195,23569.119140625,23836.949342473985,41270460.0,2026-01-08,0.0,47.61802935224524,-113.06331881414008,-106.56792955598709,-6.495389258152983,23133.781430998566,23631.61318359375,24129.44493618893,4.213269307749183,0.43723377160760746,-0.007547237411821097,-0.0075188285299983,23586.974609375,23631.61318359375,0,23390.56640625
23390.56640625,23926.228759447768,23390.56640625,23926.228759447768,38598230.0,2026-01-09,0.0,44.66476636342984,-119.53817206992608,-109.1619780587749,-10.37619401115117,23168.665103187304,23640.54091796875,24112.416732750193,3.9920898292371976,0.23512680255235408,-0.007604548146248345,-0.00757570672495933,23524.480859375,23640.54091796875,1,24551.166015625
24551.166015625,24640.44211110916,23524.480368227996,23524.480368227996,91888390.0,2026-01-12,0.0,61.4157782616365,-30.665359803722822,-93.46265440776449,62.79729460404167,23083.756158859593,23696.33896484375,24308.92177082791,5.17027382915982,1.1977236729717762,0.04842655261065949,0.04961827726689361,23595.9025390625,23696.33896484375,0,24327.97265625
24327.97265625,24908.273984296455,24104.781460744296,24774.358883381065,50355140.0,2026-01-13,0.0,57.79255790076367,21.509200737360516,-70.46828337873949,91.9774841161,23048.172361657256,23720.89013671875,24393.607911780244,5.671943769261511,0.9512163510736401,-0.009132522245127792,-0.009090947421110385,23662.86015625,23720.89013671875,0,24327.97265625
24327.97265625,24640.44186440585,24104.781460744296,24506.526763490463,59299130.0,2026-01-14,0.0,57.79255790076367,62.14158633806801,-43.94630943537799,106.08789577344601,23038.25840119894,23758.8328125,24479.407223801063,6.065739146259354,0.8949209372577953,0.0,0.0,23738.7455078125,23758.8328125,1,24640.443359375
24640.443359375,24908.275495515343,24327.974132261217,24327.974132261217,68131470.0,2026-01-15,0.0,61.4821180034261,118.1943481111266,-11.518177926077072,129.71252603720367,22998.029439612084,23812.3990234375,24626.76860726292,6.839878527349291,1.0083959128531335,0.012762305572235948,0.012844091348677367,23845.8779296875,23812.3990234375,0,24640.443359375
24640.443359375,25220.744722629126,24372.6131412946,24818.99747744858,72134700.0,2026-01-16,0.0,61.4821180034261,160.76338541923542,22.93813474298543,137.82525067625,22957.79775626923,23852.57373046875,24747.34970466827,7.502552842392471,0.9402608315512097,0.0,0.0,23953.0103515625,23852.57373046875,0,24729.720703125
24729.720703125,25176.105027107216,24685.08169530881,24908.274816329864,44512490.0,2026-01-19,0.0,62.566415108936795,199.4049732911808,58.23150245262451,141.17347083855628,22912.763171606264,23888.2845703125,24863.805969018733,8.167362506377518,0.9312750770656796,0.0036166556364177218,0.0036232036269765455,24109.2451171875,23888.2845703125,-1,24327.97265625
24327.97265625,24952.912990621528,24194.057555334613,24863.634977971382,48586560.0,2026-01-20,0.0,55.05563764975724,195.35902303226612,85.65700656855284,109.70201646371328,22915.498066228854,23910.6037109375,24905.709355646144,8.323550979630436,0.7097108721731256,-0.016378961208653783,-0.016245555366269593,24225.305078125,23910.6037109375,-1,23926.228515625
23926.228515625,24327.973837884347,23792.31340820522,24238.6977389578,40957730.0,2026-01-21,0.0,48.7529603070743,157.91483969656474,100.10857319415523,57.806266502409514,22931.464532415393,23921.76337890625,24912.062225397105,8.279480327642421,0.5022544390183695,-0.01665154177614262,-0.016513671167818766,24243.160546875,23921.76337890625,0,23970.8671875
23970.8671875,24372.612504117715,23970.8671875,24015.504277306485,30505860.0,2026-01-22,0.0,49.44547612674225,130.33954920196265,106.15476839571672,24.18478080624594,22950.080201127315,23935.15498046875,24920.229759810183,8.23119616434706,0.5181266477328381,0.0018639411907394618,0.0018656794089317863,24283.3353515625,23935.15498046875,0,23881.58984375
23881.58984375,24238.698080609578,23881.58984375,24194.059071487147,26656960.0,2026-01-23,0.0,48.04704126015863,100.12778650161636,104.94937201689665,-4.82158551528029,22943.86369919317,23928.45927734375,24913.05485549433,8.229494149527858,0.47619863696636333,-0.003731363147193797,-0.0037244102623268383,24332.4376953125,23928.45927734375,-1,23479.84375
23479.84375,23926.22807248505,23345.926727000588,23881.58906481858,37135230.0,2026-01-26,0.0,42.255501684501546,43.26842321499862,92.61318225651705,-49.34475904151843,22906.267015566555,23910.60400390625,24914.940992245945,8.4007663560119,0.2855499404545705,-0.01696552234163918,-0.016822418288669372,24225.30546875,23910.60400390625,0,23613.759765625
23613.759765625,23703.03586634107,23390.566636744894,23524.481746848975,23115620.0,2026-01-27,0.0,44.65050744887644,8.910160653231287,75.8725779358599,-66.9624172826286,22901.480235100287,23908.37216796875,24915.264100837216,8.422923365878066,0.35370207431077,0.005687242707465281,0.005703445774633886,24153.8841796875,23908.37216796875,0,23836.94921875
23836.94921875,24194.057431401652,23703.034118520583,23703.034118520583,32980970.0,2026-01-28,0.0,48.48539107843882,-0.3059594595870294,60.63687045677052,-60.942829916357546,22926.816336073818,23921.763671875,24916.711007676182,8.318344328189724,0.4573774158324153,0.009407281950692304,0.00945166950711096,24104.7818359375,23921.763671875,1,24194.05859375
24194.05859375,24194.05859375,23926.22838042388,23926.22838042388,30369570.0,2026-01-29,0.0,53.97955516050251,20.964277881761518,52.70235194176872,-31.7380740600072,22965.46932250284,23953.01064453125,24940.55196655966,8.245655101012341,0.6220444875783218,0.014870225368264517,0.014981337239209358,24060.143359375,23953.01064453125,-1,23926.228515625
23926.228515625,24551.166962290594,23881.58950713177,24372.61284637758,44614240.0,2026-01-30,0.0,49.698441412990185,16.02472224029043,45.366826001473065,-29.342103761182635,22999.77360988093,23970.86611328125,24941.958616681568,8.102272974294223,0.4770168148245671,-0.011131805728328451,-0.011070076444064991,23988.721875,23970.86611328125,0,23703.03515625
23703.03515625,23926.22827844373,23435.204944065445,23926.22827844373,48426730.0,2026-02-02,0.0,46.39614560786069,-5.832516371861857,35.12695752680608,-40.95947389866794,23092.560248738668,23997.64921875,24902.738188761334,7.543146928776364,0.337245799992286,-0.009372179030252671,-0.009328397044659376,23886.0533203125,23997.64921875,0,23881.58984375
23881.58984375,24194.059071487147,23792.31374356508,23792.31374356508,35232890.0,2026-02-03,0.0,49.29861530699874,-8.646987320164044,26.37216855741206,-35.019155877576104,23213.89429134151,24033.36005859375,24852.82582584599,6.819402407772937,0.407396854811488,0.007504757073798205,0.007532988341913516,23841.4150390625,24033.36005859375,1,25265.3828125
25265.3828125,25533.213020836654,23970.866942106382,23970.866942106382,159959910.0,2026-02-04,0.0,65.07963338194615,99.63452710575802,41.02464026708125,58.60988683867677,23134.746327572746,24109.2455078125,25083.74468805225,8.08402884216323,1.0931956271133347,0.056327327839315926,0.05794392156484296,23975.33046875,24109.2455078125,-1,24595.8046875
24595.8046875,25310.019195828067,24595.8046875,25265.382107723686,36175810.0,2026-02-05,0.0,55.9973060189484,129.92139564907848,58.8039913434807,71.11740430559777,23197.784481932977,24160.57978515625,25123.375088379522,7.9699685337418416,0.7260215130291418,-0.026859303283065905,-0.02650180011001957,24037.82421875,24160.57978515625,-1,23926.228515625
23926.228515625,25086.82931002964,23926.228515625,24417.25185487081,73780300.0,2026-02-06,0.0,48.68095461630038,98.7563542083808,66.79446391646073,31.96189029192007,23286.978937480322,24187.362890625,25087.74684376968,7.445077474681352,0.35498721179561005,-0.027600602599795705,-0.02722318624587594,24042.2880859375,24187.362890625,0,23881.58984375
23881.58984375,24372.613189916934,23836.950834627565,24149.420062364712,26741440.0,2026-02-09,0.0,48.22854942462443,69.65295071685978,67.36616127654054,2.2867894403192395,23260.692132416323,24153.88408203125,25047.07603164618,7.395845294127233,0.3475723844137634,-0.0018674219564543432,-0.0018656794089318973,24082.4626953125,24153.88408203125,0,23703.03515625
23703.03515625,24060.143384536008,23569.120050157722,24015.50437648528,35797740.0,2026-02-10,0.0,46.372154209903904,31.81369426946185,60.2556678751248,-28.44197360566295,23211.542791930777,24122.63720703125,25033.731622131723,7.553854143566924,0.26972636214931833,-0.0075047570737983415,-0.007476666698834955,24091.390234375,24122.63720703125,1,23970.8671875
23970.8671875,24194.0583907121,23658.396050495256,23792.313074094385,29144720.0,2026-02-11,0.0,49.511469350779024,23.170522118143708,52.838638723728586,-29.668116605584878,23196.638983547757,24104.78193359375,25012.924883639742,7.534960926407343,0.42627000733366527,0.011236120220992225,0.011299482512870496,24104.78203125,24104.78193359375,0,24015.50390625
24015.50390625,24194.05801689683,23881.588802779846,24104.781920603345,14450700.0,2026-02-12,0.0,50.036412900724066,19.69551839995256,46.21001465897338,-26.514496259020817,23200.67551951832,24073.5349609375,24946.39440235668,7.251610059224865,0.4667580758517384,0.001860392049108375,0.001862123652050185,24086.9265625,24073.5349609375,0,23970.8671875
23970.8671875,24238.697398578475,23926.228179633625,24015.504277306485,26476780.0,2026-02-13,0.0,49.48235529775673,13.187722898237553,39.605556306826216,-26.417833408588663,23208.357060978968,24040.05615234375,24871.755243708532,6.9192774433989594,0.4584050496374753,-0.0018603920491085104,-0.0018586625924756905,24091.3904296875,24040.05615234375,0,23970.8671875
23970.8671875,23970.8671875,23970.8671875,23970.8671875,0.0,2026-02-16,0.0,49.48235529775673,7.938735278396052,33.272192101140185,-25.333456822744132,23236.257500603333,24002.1134765625,24767.969452521666,6.381571162114591,0.47960041440992474,0.0,0.0,24118.1736328125,24002.1134765625,0,23970.8671875
23970.8671875,23970.8671875,23970.8671875,23970.8671875,0.0,2026-02-17,0.0,49.48235529775673,3.7358106727842824,27.364915815469004,-23.629105142684722,23233.895631762018,23984.258203125,24734.62077448798,6.257125527986631,0.4910769698969162,0.0,0.0,24127.1013671875,23984.258203125,0,23970.8671875
23970.8671875,23970.8671875,23970.8671875,23970.8671875,0.0,2026-02-18,0.0,49.48235529775673,0.400347683513246,21.972002189077852,-21.571654505564606,23236.588923645217,23986.49013671875,24736.39134979228,6.252696487057737,0.4895833284795496,0.0,0.0,23997.6498046875,23986.49013671875,0,23970.8671875
23970.8671875,23970.8671875,23970.8671875,23970.8671875,0.0,2026-02-19,0.0,49.48235529775673,-2.2174691620275553,17.13410791885677,-19.351577080884326,23236.588923645217,23986.49013671875,24736.39134979228,6.252696487057737,0.4895833284795496,0.0,0.0,23935.1560546875,23986.49013671875,0,23970.8671875
23970.8671875,23970.8671875,23970.8671875,23970.8671875,0.0,2026-02-20,0.0,49.48235529775673,-4.243194962240523,12.858647342637312,-17.101842304877835,23242.620744008942,23990.95400390625,24739.287263803555,6.238461878385175,0.4865789632222113,0.0,0.0,23939.619921875,23990.95400390625,1,24551.166015625
24551.166015625,24551.166015625,24194.057797568665,24194.057797568665,39695150.0,2026-02-23,0.0,58.74635634877476,40.50969783630717,18.388857441371286,22.120840394935883,23296.859920101,24044.5201171875,24792.180314274003,6.2189654311466915,0.8388209646653704,0.023920122830530886,0.024208503746898424,24006.5775390625,24044.5201171875,1,25265.3828125
25265.3828125,25354.658909258927,24417.251262020764,24551.166366189093,109448130.0,2026-02-24,0.0,66.8129054793371,132.085415901136,41.128169133324235,90.95724676781177,23229.878863865095,24127.10126953125,25024.323675197404,7.437465409897423,1.1343363338790113,0.028675841861591042,0.029090952194305242,24162.8123046875,24127.10126953125,1,26158.15234375
26158.15234375,26515.260579075042,25354.65977329863,25354.65977329863,150050120.0,2026-02-25,0.0,73.7281823806641,273.54560871943977,87.61165705054734,185.93395166889243,22978.63577966753,24243.16142578125,25507.687071894972,10.432019355107448,1.2571973426771172,0.034725704514054385,0.03533568194376624,24381.5408203125,24243.16142578125,0,26247.4296875
26247.4296875,26381.344792792574,25711.767348269826,26336.70578500842,59946480.0,2026-02-26,0.0,74.30478833871099,388.3807546315584,147.76547656674956,240.61527806480882,22796.688771495265,24345.82998046875,25894.971189442233,12.72613182804834,1.113759319039521,0.0034071725437122315,0.003412983553914062,24604.7333984375,24345.82998046875,-1,25711.767578125
25711.767578125,26247.429922143827,25711.767578125,26202.790913960616,52037150.0,2026-02-27,0.0,65.07600892958331,431.19443851989854,204.45126895737937,226.74316956251917,22785.25555594464,24435.10693359375,26084.95831124286,13.50394235746821,0.8869017118227878,-0.020619298054492727,-0.02040817389559868,24778.8234375,24435.10693359375,-1,25443.9375
25443.9375,26113.513035997446,25042.190260341617,25176.105367541106,95597700.0,2026-03-02,0.0,60.996697254293586,438.45866395497796,251.2527479568991,187.20591599807886,22851.361602767312,24522.15205078125,26192.942498795186,13.626784831559736,0.7758531000444951,-0.010471267083566488,-0.010416634224434396,24926.13046875,24522.15205078125,0,25443.9375
25443.9375,26113.513035997446,25042.190260341617,25176.105367541106,95597700.0,2026-03-03,0.0,60.996697254293586,439.1533287379607,288.83286411311144,150.32046462484925,22909.605260837667,24600.26943359375,26290.93360634983,13.745086632647501,0.7495078798029189,0.0,0.0,25073.4375,24600.26943359375,-1,24729.720703125
24729.720703125,24863.635808513674,23926.22815273306,24640.442687492625,75103050.0,2026-03-04,0.0,51.09166082521828,377.718426139294,306.609976518348,71.10844962094603,22910.440579565617,24573.486328125,26236.532076684383,13.535285358805469,0.5469723623464172,-0.028471714817772747,-0.028070215031576806,25149.3228515625,24573.486328125,-1,24327.97265625
24327.97265625,25131.465179802162,24194.057555334613,24952.912990621528,52798790.0,2026-03-05,0.0,46.51593580761829,293.2329069606931,303.93456260681705,-10.701655646123982,22893.49606792484,24560.0947265625,26226.69338520016,13.571597969735699,0.4303605372806896,-0.016378961208653783,-0.016245555366269593,25185.0333984375,24560.0947265625,0,24327.97265625
24327.97265625,24640.44186440585,23970.866359828906,24104.781460744296,48786870.0,2026-03-06,0.0,46.51593580761829,223.69886308047353,287.88742270154836,-64.18855962107483,22936.2206050018,24580.18193359375,26224.143262185702,13.376315383126991,0.4232922110279299,0.0,0.0,25220.7439453125,24580.18193359375,-1,22631.712890625
22631.712890625,23345.927444953202,22631.712890625,22765.62799968279,133080090.0,2026-03-09,0.0,32.33532175401369,31.357179442631605,236.58137404976503,-205.22419460713343,22678.478695118196,24517.6880859375,26356.897476756807,15.003122516059845,-0.012713561796344275,-0.07227467848571156,-0.06972466590590398,25028.7986328125,24517.6880859375,1,24194.05859375
24194.05859375,24194.05859375,23345.927027470738,23926.22838042388,100360260.0,2026-03-10,0.0,48.04563308552216,4.9363474463971215,190.25236872909144,-185.31602128269432,22736.004175360806,24542.2392578125,26348.474340264194,14.719399183403509,0.4036170132433989,0.06675494243789733,0.06903347133624105,24921.6662109375,24542.2392578125,1,24461.890625
24461.890625,24685.081829171486,24060.143388595483,24238.697502768613,54904520.0,2026-03-11,0.0,50.18107226921962,5.545528888706031,153.31100076101436,-147.76547187230832,22780.012133342247,24566.7904296875,26353.56872603275,14.546290053307388,0.47064554542047415,0.011009331469990273,0.01107015717152926,24752.0400390625,24566.7904296875,-1,23926.228515625
23926.228515625,24238.6977389578,23792.31340820522,24104.782631538015,48450490.0,2026-03-12,0.0,46.099957822465655,-36.77126963385308,115.29454668204087,-152.06581631589395,22769.314289785645,24562.32666015625,26355.339030526855,14.599694851214057,0.3226174690585731,-0.022141137198318686,-0.021897821292175768,24519.919921875,24562.32666015625,0,23792.3125
23792.3125,24283.335820502365,23658.395479632207,23836.949588729418,31533150.0,2026-03-13,0.0,45.11218076650885,-80.18916978390916,76.19780338885087,-156.38697317276004,22746.264126296923,24553.39892578125,26360.533725265577,14.720037783337789,0.2894217891220874,-0.00561276033753264,-0.005597038226795581,24327.9744140625,24553.39892578125,0,23881.58984375
23881.58984375,24060.14396217979,23703.035725320213,23792.31374356508,21868440.0,2026-03-16,0.0,45.94374874035323,-106.1703670406896,39.724169302942784,-145.89453634363238,22735.312190232784,24548.93505859375,26362.557926954716,14.775572659524212,0.3160187472032559,0.0037453383810783798,0.003752360925403986,24171.7396484375,24548.93505859375,0,24015.50390625
24015.50390625,24417.25113472033,24015.50390625,24104.781920603345,26593930.0,2026-03-17,0.0,47.23507711817404,-114.63348392801709,8.852638656750809,-123.4861225847679,22740.431697818643,24551.16689453125,26361.902091243854,14.750705776970177,0.35208687906057545,0.005591755196302265,0.005607418240416884,24028.8962890625,24551.16689453125,0,23926.228515625
23926.228515625,24238.6977389578,23792.31340820522,24015.504614551548,25364350.0,2026-03-18,0.0,46.43862372288805,-127.07945015537189,-18.33377910567373,-108.74567104969816,22735.080683043467,24548.9349609375,26362.78923883153,14.777458010135708,0.32834716854005236,-0.003724333239848036,-0.003717406512622312,23948.5470703125,24548.9349609375,0,23836.94921875
23836.94921875,23970.86623703923,23524.48001219476,23658.395112424176,40521030.0,2026-03-19,0.0,45.610370705259164,-142.50435962660777,-43.16789520986054,-99.33646441674722,22718.43825867893,24542.2390625,26366.039866321073,14.862546152993833,0.30664285203945035,-0.0037384196399359673,-0.0037314404489907638,23899.4447265625,24542.2390625,-1,23122.736328125
23122.736328125,23703.035775710516,23122.736328125,23658.396766493184,66974380.0,2026-03-20,0.0,39.535554687713756,-209.93966903852197,-76.52224997559283,-133.41741906292913,22583.023745458922,24499.83251953125,26416.641293603578,15.647525529362285,0.140784148624132,-0.030420474902669775,-0.029962428667809737,23778.92109375,24499.83251953125,-1,22765.626953125
22765.626953125,23390.565378705636,22542.43383624912,22899.542056026585,48799190.0,2026-03-23,0.0,36.889888081816885,-288.86848360297154,-118.99149670106857,-169.87698690190297,22343.385278599344,24410.55556640625,26477.725854213153,16.936691851878535,0.10213035593057485,-0.015564581465328102,-0.015444079365539265,23792.3125,24410.55556640625,1,23167.373046875
23167.373046875,23479.84418831351,23078.09694793537,23212.012055374777,30556680.0,2026-03-24,0.0,41.622771897987796,-315.3672284628374,-158.26664305342234,-157.10058540941503,22208.42092702171,24305.655078125,26402.88922922829,17.257170352843467,0.22862304606016792,0.0174931460415488,0.0176470472162793,23689.6439453125,24305.655078125,1,23524.48046875
23524.48046875,23569.11947571275,23301.28927005596,23479.8433798471,25263810.0,2026-03-25,0.0,45.532917279402184,-304.0472230785417,-187.42275905844622,-116.6244640200955,22242.294605786068,24173.971484375,26105.648362963933,15.981460719745485,0.3318841461467804,0.0152966463388644,0.01541423885878035,23595.9029296875,24173.971484375,-1,23122.736328125
23122.736328125,23524.48165690114,23122.736328125,23479.844565743755,20266620.0,2026-03-26,0.0,42.11529078890727,-323.76131300589986,-214.69046984793695,-109.07084315796291,22298.390861831802,24017.73681640625,25737.082770980698,14.317301981592054,0.23972646810840062,-0.017225210915085127,-0.017077705123336395,23515.5537109375,24017.73681640625,1,23658.396484375
23658.396484375,23836.95060105518,23078.097043709353,23167.373143019482,29550070.0,2026-03-27,0.0,47.74693683594454,-292.7865127295481,-230.3096784242592,-62.47683430528892,22387.064160055612,23915.06826171875,25443.072363381885,12.778588670048151,0.4160107695180997,0.022901692887545944,0.023165950112853162,23502.162109375,23915.06826171875,1,24015.50390625
24015.50390625,24194.05801689683,23167.372360192538,23345.926470839364,45403710.0,2026-03-30,0.0,51.15850945915607,-236.69470663434913,-231.5866840662772,-5.108022568071931,22493.33210917189,23843.64658203125,25193.961054890613,11.326409055877958,0.5636360372613173,0.014981534894907845,0.015094320619355894,23515.553515625,23843.64658203125,0,24015.50390625
24015.50390625,24327.973120366983,23926.22780995652,24149.419009720157,25908300.0,2026-03-31,0.0,51.15850945915607,-190.05075933316039,-223.27949911965385,33.22873978649346,22645.750067870675,23772.22490234375,24898.699736816827,9.47723521126552,0.6079824406463755,0.0,0.0,23515.553515625,23772.22490234375,0,24238.697265625
24238.697265625,24506.52747523438,24194.058258003475,24417.251378051213,34654070.0,2026-04-01,0.0,53.365507173452166,-133.5359370891165,-205.3307867135464,71.7948496244299,22689.74781208802,23747.67373046875,24805.59964884948,8.90972253019789,0.7320689599456152,0.009250798713576548,0.009293719600733219,23546.800390625,23747.67373046875,0,24417.251953125
24417.251953125,24551.16706108365,23881.589603230466,24104.782728534836,55006270.0,2026-04-02,0.0,55.112972205349955,-73.49248661769525,-178.96312669437617,105.47064007668092,22683.205710369413,23752.1376953125,24821.069680255587,9.000722365751871,0.8111115895030088,0.0073395131286105135,0.007366513370882455,23604.8306640625,23752.1376953125,-1,23792.3125
23792.3125,24461.889929599576,23747.673493210736,24417.25092281031,34521630.0,2026-04-03,0.0,48.29225433890874,-75.46509590939968,-158.26352053738086,82.79842462798118,22690.88502244581,23725.3546875,24759.824352554187,8.72037260289484,0.5323633523349828,-0.025927405419567805,-0.025594176376798172,23671.78828125,23725.3546875,0,23970.8671875
23970.8671875,24194.0583907121,23747.67406622801,23792.313074094385,21722910.0,2026-04-06,0.0,50.18904379973522,-61.906907651798974,-138.9921979602645,77.08529030846552,22891.124547185813,23792.31240234375,24693.500257501684,7.5754541207954285,0.5990663512242734,0.007476701528272267,0.007504721850807972,23792.3123046875,23792.31240234375,0,23926.228515625
23926.228515625,24194.058730464563,23881.58950713177,23926.228515625,14481060.0,2026-04-07,0.0,49.698216153585584,-54.139823352797976,-122.0217230387712,67.88189968597322,22895.076456373026,23778.9208984375,24662.765340501974,7.433848203957402,0.5833334522325109,-0.0018639411907395134,-0.0018622051311634191,23868.1978515625,23778.9208984375,1,24997.55078125
24997.55078125,25042.189788829306,24461.89036253784,24551.166459636574,74411260.0,2026-04-08,0.0,59.84732907048123,38.02408238262797,-90.01256195449136,128.03664433711933,22809.408210011352,23805.70390625,24801.99960248865,8.37022673357774,1.0981391265161649,0.0438025666827613,0.04477606092098352,24015.5048828125,23805.70390625,0,25220.744140625
25220.744140625,25533.213360528116,24685.081798765415,24908.274920721884,56768360.0,2026-04-09,0.0,61.58624000210323,127.60354622938394,-46.4893403177163,174.09288654710025,22689.983880420128,23870.4296875,25050.875494579872,9.890444558675243,1.0719510565526684,0.008888984754974068,0.008928609099672746,24225.3056640625,23870.4296875,0,24997.55078125
24997.55078125,25533.21311802204,24997.55078125,25533.21311802204,39020740.0,2026-04-10,0.0,58.8419220182838,178.52811691440002,-1.4858488712930367,180.01396578569305,22648.377234928317,23930.6916015625,25213.00596819668,10.716901859622446,0.915989716502901,-0.008888984754974101,-0.008849594529428906,24359.22109375,23930.6916015625,0,24818.99609375
24818.99609375,25131.465303443125,24818.99609375,24863.635100294683,25305720.0,2026-04-13,0.0,56.66646005144913,202.14809760021672,39.240940423008915,162.9071571772078,22635.661807575125,23977.5619140625,25319.462020549872,11.192965417391902,0.8135234044693843,-0.007168519832306173,-0.007142887279738219,24439.5703125,23977.5619140625,1,25488.57421875
25488.57421875,25711.767339535054,24952.91379776169,25086.828903008765,68127620.0,2026-04-14,0.0,62.295930644147205,271.7637380509259,85.74549994859231,186.01823810233358,22548.47916835241,24051.2154296875,25553.951691022594,12.496135721109521,0.9782471901574699,0.026620950411503558,0.026978453216671916,24586.87734375,24051.2154296875,-1,25042.189453125
25042.189453125,25667.12787861813,25042.189453125,25622.488871637233,32728520.0,2026-04-15,0.0,56.98135100487185,287.5998427068844,126.11636850025073,161.48347420663364,22542.225504807127,24107.0134765625,25671.801448317874,12.982014327711752,0.7988187516272324,-0.01766830126490585,-0.017513132032965117,24667.2265625,24107.0134765625,0,24952.9140625
24952.9140625,25176.105267593117,24774.35994758956,25042.190160925267,30769310.0,2026-04-16,0.0,55.95323639445324,289.60787254181923,158.81466930856442,130.79320323325481,22559.459253646346,24162.81171875,25766.164183853653,13.271240812255922,0.7463907222355262,-0.0035713691636614906,-0.0035649994099801185,24720.7927734375,24162.81171875,0,24997.55078125
24997.55078125,25220.74390108665,24908.274684151267,24952.913691730573,23539450.0,2026-04-17,0.0,56.37704430943328,291.44150456301213,185.34003635945396,106.10146820355817,22690.444501486476,24256.55244140625,25822.660381326023,12.912865038861884,0.736573201934507,0.0017872398493696967,0.0017888379144093136,24841.3166015625,24256.55244140625,1,25399.298828125
25399.298828125,25399.298828125,25042.19059215468,25131.466692117287,29085870.0,2026-04-20,0.0,60.098324628840366,321.6051173837477,212.5930525643127,109.01206481943501,22909.50998366015,24388.23603515625,25866.962086652347,12.126551911048242,0.8418695409963901,0.01594371713258207,0.016071496379410855,24984.159765625,24388.23603515625,0,25488.57421875
25488.57421875,26292.066768292356,25443.9371290409,26024.236557798202,109612030.0,2026-04-21,0.0,60.89660316421712,348.69424557082675,239.8132911656155,108.88095440521124,23065.192942395926,24504.29609375,25943.399245104072,11.745721206177612,0.8419762245930319,0.0035087134466153524,0.0035148761872962897,25140.3943359375,24504.29609375,-1,25176.10546875
25176.10546875,25622.48980056275,25042.190361012166,25488.57469282492,30520160.0,2026-04-22,0.0,56.626461719332404,341.01791585335013,260.05421610316245,80.96369975018769,23195.760348296382,24586.87734375,25977.994339203615,11.315930656865127,0.711782375934479,-0.01233493288718968,-0.012259169434834072,25158.2498046875,24586.87734375,-1,24818.99609375
24818.99609375,25310.019411562032,24640.441985631092,25176.10430998781,45247290.0,2026-04-23,0.0,52.12766080872813,302.6300958085667,268.56939204424333,34.060703764323364,23461.33708283132,24671.69033203125,25882.043581231177,9.811676726734262,0.5608523841350135,-0.014286017524313934,-0.014184456584965588,25118.075,24671.69033203125,0,24908.275390625
24908.275390625,24952.914399470403,24551.167155981642,24908.275390625,25742200.0,2026-04-24,0.0,53.13020741965302,276.2273875947467,270.100991154344,6.1263964404026865,23618.77692701743,24734.18427734375,25849.59162767007,9.019156142925821,0.5780392532066061,0.0035907617746707946,0.003597216282953619,25109.1474609375,24734.18427734375,0,24908.275390625
24908.275390625,24908.275390625,24908.275390625,24908.275390625,0.0,2026-04-27,0.0,53.13020741965302,252.39361463412206,266.5595158502996,-14.16590121617753,23714.216317842976,24778.8228515625,25843.429385282026,8.592874165952505,0.5607983019840282,0.0,0.0,25118.075390625,24778.8228515625,0,24774.359375
24774.359375,24997.55057493468,24729.72036778912,24818.99646415102,15478650.0,2026-04-28,0.0,51.262657722655774,220.16139110076256,257.2798909003922,-37.11849979962966,23814.43574763695,24816.765625,25819.09550236305,8.077844570956644,0.47884616085097487,-0.005390871099054174,-0.005376366429423851,25046.65390625,24816.765625,0,24774.359375
24774.359375,24908.27447857278,24640.442353367354,24685.08136057824,18963120.0,2026-04-29,0.0,51.262657722655774,192.39926279285282,244.30376527888436,-51.90450248603153,23878.316477352313,24843.54873046875,25808.780983585184,7.770486121675931,0.4641592190660032,0.0,0.0,25019.8708984375,24843.54873046875,0,24774.359375
24774.359375,24774.359375,24774.359375,24774.359375,0.0,2026-04-30,0.0,51.262657722655774,168.4557233744854,229.1341568980046,-60.6784335235192,23916.37498748403,24861.4041015625,25806.433215640973,7.602379255957457,0.45394600797702367,0.0,0.0,25002.0154296875,24861.4041015625,0,24774.359375
24774.359375,24774.359375,24774.359375,24774.359375,0.0,2026-05-01,0.0,51.262657722655774,147.77681672619656,212.86268886364297,-65.08587213744642,24108.072089338944,24910.5064453125,25712.94080128606,6.44253747096783,0.41516622556164084,0.0,0.0,24979.6962890625,24910.5064453125,0,24640.443359375
24640.443359375,24952.914504548724,24461.891159361363,24774.360386475142,35611730.0,2026-05-04,0.0,48.9484194959173,119.20856876983453,194.13186484488128,-74.92329607504675,24259.399358732207,24943.98525390625,25628.57114908029,5.488985727064879,0.2783025500006251,-0.005420090177693313,-0.005405427991011402,24903.8107421875,24943.98525390625,-1,24372.61328125
24372.61328125,24729.721519447794,24283.33718073053,24685.08251015808,33762080.0,2026-05-05,0.0,44.61073613775212,74.10217375394132,170.12592662669329,-96.02375287275197,24403.080882810278,24966.3044921875,25529.528101564723,4.511870065138936,-0.027047518119816826,-0.010929036561472124,-0.010869531615919525,24792.2146484375,24966.3044921875,1,24640.443359375
24640.443359375,24818.99747744858,24372.6131412946,24461.891159361363,30439200.0,2026-05-06,0.0,49.43624557863314,59.283298720078164,147.9574010453703,-88.67410232529213,24367.047579622526,24948.44912109375,25529.85066256497,4.660823112885617,0.23511786626902711,0.01092903656147217,0.01098897664498888,24738.6484375,24948.44912109375,0,24774.359375
24774.359375,24908.27447857278,24640.442353367354,24818.99646415102,22382910.0,2026-05-07,0.0,51.70195884869323,57.68023492607608,129.90196782151145,-72.22173289543537,24354.551915924047,24926.1298828125,25497.707849700953,4.5861749864553,0.3672355158835935,0.0054200901776932505,0.005434805440464929,24734.184765625,24926.1298828125,0,24863.63671875
24863.63671875,24908.275728200384,24595.806498167618,24774.36061790919,22746020.0,2026-05-08,0.0,53.20730749021792,62.88878803703483,116.49933186461612,-53.610543827581296,24348.241646912014,24919.4341796875,25490.62671246299,4.584313822350601,0.45115704623590275,0.003597141183855178,0.003603618660674268,24729.7208984375,24919.4341796875,-1,24545.455078125
24545.455078125,25000.0,24545.455078125,25000.0,26023910.0,2026-05-11,0.0,47.52238735807508,40.87087070331472,101.37363963235585,-60.502768929041125,24311.792635008194,24905.75712890625,25499.721622804307,4.769696346301283,0.1966973156790326,-0.01287965544472215,-0.012797067630297865,24693.4388671875,24905.75712890625,0,24454.544921875
24454.544921875,24727.2734375,24409.091796875,24545.455078125,21087990.0,2026-05-12,0.0,46.00978335875789,15.902508525006851,84.27941341088606,-68.37690488587921,24294.69013791041,24854.0556640625,25413.42119021459,4.501201202030784,0.14288937777792768,-0.0037106228799876993,-0.0037037470261049865,24661.457421875,24854.0556640625,0,24636.36328125
24636.36328125,24772.7265625,24363.63671875,24500.0,23699170.0,2026-05-13,0.0,49.47360350594944,10.663204904965824,69.55617170970201,-58.89296680473619,24273.691537245642,24833.76435546875,25393.837173691856,4.510575281348926,0.32377195625648636,0.0074074486457184705,0.007434951660554523,24647.6578125,24833.76435546875,0,24590.908203125
24590.908203125,24909.091796875,24590.908203125,24818.181640625,15451810.0,2026-05-14,0.0,48.63355257754944,2.81077327354069,56.20709202246975,-53.39631874892906,24248.451586936022,24815.6640625,25382.876538063978,4.571406786740933,0.3018768371133535,-0.0018467442810843116,-0.001845040098089279,24629.3126953125,24815.6640625,-1,24136.36328125
24136.36328125,24636.36328125,24045.455078125,24590.908203125,83422020.0,2026-05-15,0.0,41.115333535042915,-39.63344212314405,37.03898519334699,-76.67242731649104,24136.91160672172,24772.6046875,25408.29776827828,5.13222641540835,-0.00043128161081048357,-0.01865723621522243,-0.018484267360944218,24565.5130859375,24772.6046875,0,24045.455078125
24045.455078125,24272.7265625,23863.63671875,24090.908203125,30234050.0,2026-05-18,0.0,39.79047635174637,-79.68773030860393,13.693642092956804,-93.38137240156074,24061.916485432786,24704.9125,25347.90851456721,5.20541017554474,-0.012800551585740604,-0.0037735525181870344,-0.003766441616149363,24506.0142578125,24704.9125,0,23863.63671875
23863.63671875,24227.2734375,23863.63671875,24090.908203125,27623090.0,2026-05-19,0.0,37.20808582596582,-124.6652015116415,-13.978126627962858,-110.68707488367863,23986.987310489545,24623.665625,25260.343939510458,5.171271606807782,-0.09687042021714658,-0.00759017653836964,-0.007561443889677388,24455.1166015625,24623.665625,0,23818.181640625
23818.181640625,24000.0,23409.091796875,23909.091796875,45082180.0,2026-05-20,0.0,36.56910696121404,-162.10932106232576,-43.604365514835436,-118.50495554749033,23878.798879344908,24555.76943359375,25232.73998784259,5.513739295195573,-0.04477095668301839,-0.001906600606209435,-0.001904784197845455,24372.8904296875,24555.76943359375,1,24136.36328125
24136.36328125,24272.7265625,23909.091796875,23954.544921875,33618750.0,2026-05-21,0.0,43.83949455992519,-164.2164710756806,-67.72678662700447,-96.48968444867613,23831.834275262205,24521.63779296875,25211.441310675298,5.626080309401997,0.22073604886815515,0.013270329662766029,0.013358771270863823,24309.0908203125,24521.63779296875,0,23954.544921875
23954.544921875,24227.2734375,23954.544921875,24181.818359375,28373400.0,2026-05-22,0.0,40.95101865452142,-178.49998797559965,-89.88142689672351,-88.61856107887614,23765.088155417965,24473.95126953125,25182.814383644538,5.792796645760938,0.13363423959083098,-0.007561480224487854,-0.007532964152733079,24218.181640625,24473.95126953125,0,24100.0
24100.0,24350.0,24100.0,24250.0,26989100.0,2026-05-25,0.0,44.122872168839315,-176.0533355769512,-107.11580863276905,-68.93752694418217,23736.876365341875,24433.5375,25130.19863465812,5.702499154353912,0.26061711827538825,0.006053767550280256,0.0060721286336009594,24173.6361328125,24433.5375,0,24250.0
24250.0,24250.0,24000.0,24100.0,20723700.0,2026-05-26,0.0,47.26857213681325,-160.16432488767532,-117.7255118837503,-42.43881300392502,23725.3520487253,24407.31953125,25089.287013774698,5.5882210387874744,0.3846576007791532,0.00620477688688287,0.006224066390041472,24153.181640625,24407.31953125,0,24150.0
24150.0,24500.0,24150.0,24400.0,23114500.0,2026-05-27,0.0,45.43228241669879,-153.86764329479047,-124.95393816595835,-28.91370512883212,23707.854493929004,24376.1015625,25044.348631070996,5.482805089711489,0.33082487515919534,-0.004132237284910495,-0.004123711340206171,24104.5453125,24376.1015625,0,24000.0
24000.0,24250.0,24000.0,24150.0,15668300.0,2026-05-28,0.0,42.749556671149286,-159.14668029985842,-131.79248659273838,-27.354193707120032,23676.60356583717,24337.38359375,24998.163621662832,5.430164876741508,0.24470808779157927,-0.006230549750636086,-0.006211180124223614,24045.4544921875,24337.38359375,0,24000.0
24000.0,24200.0,23900.0,24050.0,16365900.0,2026-05-29,0.0,42.749556671149286,-161.46904057106804,-137.72779738840433,-23.74124318266371,23655.173196881082,24298.665625,24942.15805311892,5.296524821979146,0.2679338466552966,0.0,0.0,24031.8181640625,24298.665625,0,24050.0
24050.0,24150.0,23950.0,24000.0,9668300.0,2026-06-01,0.0,44.02727833604515,-157.45984658901216,-141.67420722852592,-15.785639360486243,23637.606767380577,24269.14345703125,24900.68014668192,5.204441522782318,0.32649982129109095,0.002081166203824671,0.002083333333333437,24032.27265625,24269.14345703125,-1,23700.0
23700.0,24050.0,23700.0,24000.0,25529600.0,2026-06-02,0.0,37.68670792249605,-180.44455390689473,-149.42827656419968,-31.016277342695048,23557.267201191855,24235.51279296875,24913.758384745648,5.5971218564326835,0.10522206155015892,-0.01465994841068463,-0.014553014553014498,24015.908984375,24235.51279296875,1,24150.0
24150.0,24150.0,23600.0,23700.0,20573500.0,2026-06-03,0.0,48.0464883591729,-160.49873139062765,-151.64236752948528,-8.85636386114237,23559.450250543763,24210.990625,24862.530999456234,5.382186830335328,0.4531950532989607,0.018809331957496293,0.018987341772152,24049.0908203125,24210.990625,0,23950.0
23950.0,24150.0,23900.0,24150.0,10065300.0,2026-06-04,0.0,44.505037713997865,-158.99703305006915,-153.11330063360208,-5.883732416467069,23565.724658549236,24169.77265625,24773.820653950763,4.998375502258308,0.31808344942244854,-0.008316056241657505,-0.008281573498964856,24030.4544921875,24169.77265625,0,23750.0
23750.0,24050.0,23750.0,23950.0,13891200.0,2026-06-05,0.0,41.232086456277,-171.96297272000083,-156.88323505088184,-15.079737669118998,23577.845819278045,24114.0908203125,24650.335821346955,4.447565575084828,0.1605182149855542,-0.00838579337627407,-0.008350730688935326,24010.0,24114.0908203125,-1,23300.0
23300.0,23750.0,23300.0,23650.0,22769900.0,2026-06-08,0.0,34.99595312677852,-216.0592163620313,-168.71843131311175,-47.34078504891954,23442.24277791588,24051.81806640625,24661.39335489662,5.068849987201415,-0.1166736747712878,-0.019129169908995304,-0.0189473684210526,23930.0,24051.81806640625,1,23550.0
23550.0,23550.0,23300.0,23350.0,12441700.0,2026-06-09,0.0,40.38996200531139,-228.20232216291333,-180.61520948307208,-47.587112679841255,23388.659291235992,24006.5908203125,24624.522349389008,5.148015673709594,0.1305490181130019,0.01067245989077198,0.010729613733905685,23860.0,24006.5908203125,0,23600.0
23600.0,23700.0,23450.0,23550.0,7505500.0,2026-06-10,0.0,41.4366372377889,-231.12695124152015,-190.7175578347617,-40.409393406758454,23387.46371237582,23954.77265625,24522.08160012418,4.736500337657475,0.18731970465048617,0.0021208915691376296,0.002123142250530785,23805.0,23954.77265625,-1,23300.0
23300.0,23550.0,23300.0,23500.0,10177700.0,2026-06-11,0.0,37.214427308724986,-254.71602586160589,-203.51725144013054,-51.19877442147535,23334.02320790214,23890.22724609375,24446.431284285358,4.656331080170471,-0.030585185980275053,-0.01279335145990947,-0.012711864406779627,23735.0,23890.22724609375,0,23200.0
23200.0,23550.0,23200.0,23550.0,13271400.0,2026-06-12,0.0,35.90123556540139,-278.2719558247918,-218.4681923170628,-59.803763507729,23220.77193650433,23843.40908203125,24466.046227558167,5.2227191454442385,-0.016680611374986096,-0.0043010818993905854,-0.0042918454935622075,23655.0,23843.40908203125,1,24350.0
24350.0,24350.0,23550.0,23550.0,30695200.0,2026-06-15,0.0,55.394598852451104,-201.8183743905356,-215.13822873175738,13.31985434122177,23201.266734995887,23858.636328125,24516.005921254116,5.510537853785009,0.8737347125656366,0.04837957085633447,0.049568965517241326,23685.0,23858.636328125,0,24200.0
24200.0,24350.0,24100.0,24250.0,14145800.0,2026-06-16,0.0,53.125175105122096,-151.58473224813497,-202.4275294350329,50.84279718689794,23200.568559668536,23875.4544921875,24550.34042470646,5.653387102974713,0.7404447123391349,-0.00617921636595812,-0.006160164271047264,23735.0,23875.4544921875,0,24000.0
24000.0,24300.0,24000.0,24200.0,19039000.0,2026-06-17,0.0,50.17364481613874,-126.45484473203032,-187.23299249443238,60.77814776240206,23208.011540885935,23884.54541015625,24561.079279426565,5.665034503714169,0.5853280191044057,-0.008298802814695066,-0.008264462809917328,23720.0,23884.54541015625,-1,23650.0
23650.0,24150.0,23650.0,24050.0,18040500.0,2026-06-18,0.0,45.41811699671041,-133.24533349027115,-176.43546069360016,43.19012720332901,23186.84806778755,23860.22724609375,24533.60642439995,5.644365171890323,0.34390128707086765,-0.014690715410003594,-0.014583333333333282,23690.0,23860.22724609375,0,23600.0
23600.0,23900.0,23600.0,23800.0,20055700.0,2026-06-19,0.0,44.76535960787057,-141.03565564000746,-169.35549968288163,28.319844042874166,23160.957631544305,23842.5,24524.042368455695,5.717037797678057,0.3220946992998543,-0.0021164029063776126,-0.0021141649048626032,23675.0,23842.5,0,23600.0
23600.0,23850.0,23600.0,23700.0,10684400.0,2026-06-22,0.0,44.76535960787057,-145.53194045088094,-164.5907878364815,19.058847385600558,23139.053632418596,23817.5,24495.946367581404,5.697040978955844,0.3397073000955355,0.0,0.0,23705.0,23817.5,-1,23300.0
23300.0,23700.0,23300.0,23650.0,29071800.0,2026-06-23,0.0,40.69541268228283,-171.32781099556814,-165.93819246829884,-5.389618527269306,23086.04863207653,23770.0,24453.95136792347,5.7547443662050455,0.15640831933200375,-0.01279335145990947,-0.012711864406779627,23680.0,23770.0,0,23500.0
23500.0,23600.0,23300.0,23400.0,12927300.0,2026-06-24,0.0,44.329263228000116,-173.63138124003308,-167.4768302226457,-6.1545510173873765,23067.955771674213,23737.5,24407.044228325787,5.641236257615899,0.3226405441550329,0.008547060578458348,0.008583690987124415,23670.0,23737.5,0,23400.0
23400.0,23600.0,23400.0,23500.0,7659100.0,2026-06-25,0.0,42.913383957230785,-181.43467551999856,-170.2683992821163,-11.166276237882272,23033.724307198103,23707.5,24381.275692801897,5.684072068348811,0.27180833081016853,-0.00426439878645754,-0.004255319148936176,23680.0,23707.5,0,23500.0
23500.0,23500.0,23350.0,23400.0,15468600.0,2026-06-26,0.0,44.81169531838734,-177.50352801262125,-171.71542502821728,-5.788102984403963,23017.372390557834,23682.5,24347.627609442166,5.617038821426509,0.3628082811409225,0.004264398786457518,0.004273504273504258,23710.0,23682.5,0,23650.0
23650.0,23650.0,23450.0,23550.0,14158200.0,2026-06-29,0.0,47.62510055637533,-160.43492494544262,-169.45932501166237,9.024400066219755,23020.238371066636,23662.5,24304.761628933364,5.428518786547184,0.49026876319798257,0.00636269378782865,0.006382978723404209,23640.0,23662.5,-1,23300.0
23300.0,23700.0,23250.0,23700.0,30593200.0,2026-06-30,0.0,42.21711791876703,-173.15399747178162,-170.19825950368622,-2.9557379680954057,22980.54515975299,23642.5,24304.45484024701,5.5997025716147615,0.24129655138393177,-0.014909754366287038,-0.014799154334038,23550.0,23642.5,0,23300.0
23300.0,23700.0,23250.0,23700.0,30593200.0,2026-07-01,0.0,42.21711791876703,-181.1458178559842,-172.38777117414583,-8.75804668183838,22966.71283640116,23600.0,24233.28716359884,5.366840369481706,0.26314062778790476,0.0,0.0,23480.0,23600.0,0,23400.0
23400.0,23650.0,23350.0,23500.0,13367500.0,2026-07-02,0.0,44.312477685756114,-177.36566781106376,-173.3833505015294,-3.982317309534352,22955.653179468267,23572.5,24189.346820531733,5.233613919030507,0.36017598351945634,0.004282661792000949,0.0042918454935623185,23455.0,23572.5,0,23250.0
23250.0,23500.0,23250.0,23400.0,15935100.0,2026-07-03,0.0,41.86037603966391,-184.3485625871399,-175.57639291865152,-8.772169668488374,22920.497943426446,23547.5,24174.502056573554,5.325423561512296,0.2627599488064039,-0.0064308903302904025,-0.0064102564102563875,23420.0,23547.5,0,23100.0
23100.0,23600.0,23000.0,23400.0,21299300.0,2026-07-06,0.0,39.5060800757242,-199.68446518848577,-180.3980073726184,-19.28645781586738,22887.90498446292,23537.5,24187.09501553708,5.519660248854645,0.1632517264327546,-0.006472514505617479,-0.006451612903225823,23370.0,23537.5,0,23100.0
23100.0,23250.0,23000.0,23200.0,13839600.0,2026-07-07,0.0,39.5060800757242,-209.42416705349024,-186.20323930879277,-23.220927744697462,22836.689405096764,23515.0,24193.310594903236,5.769173675553783,0.194092939784317,0.0,0.0,23350.0,23515.0,0,23200.0
23200.0,23400.0,23050.0,23150.0,12499500.0,2026-07-08,0.0,42.02701537867739,-206.69117943144374,-190.30082733332296,-16.390352098120786,22803.77682787374,23495.0,24186.22317212626,5.884002316461047,0.28661016304433573,0.00431966114451638,0.0043290043290042934,23320.0,23495.0,0,23200.0
23200.0,23250.0,23100.0,23200.0,11643400.0,2026-07-09,0.0,42.02701537867739,-202.19449477677335,-192.67956082201306,-9.514933954760295,22791.430032137025,23490.0,24188.569967862975,5.947807304069607,0.29243310381123944,0.0,0.0,23300.0,23490.0,-1,22950.0
22950.0,23250.0,22950.0,23200.0,11906800.0,2026-07-10,0.0,37.49647699993311,-216.31026042024678,-197.4057007416598,-18.904559678586963,22748.784475402404,23477.5,24206.215524597596,6.20777786900305,0.13806177980681067,-0.010834342165710118,-0.010775862068965525,23245.0,23477.5,-1,22400.0
22400.0,22950.0,22350.0,22950.0,32309000.0,2026-07-13,0.0,29.868042947547508,-268.7791906489474,-211.68039872311735,-57.09879192583006,22621.608350034836,23380.0,24138.391649965164,6.4875248072298035,-0.14610416006361307,-0.024256977645559983,-0.023965141612200425,23120.0,23380.0,0,22500.0
22500.0,22500.0,22000.0,22300.0,22481900.0,2026-07-14,0.0,32.554737971558765,-298.847108171165,-229.1137406127269,-69.73336755843812,22542.53038179884,23295.0,24047.46961820116,6.460353021688442,-0.028260530903899527,0.004454350349380375,0.0044642857142858094,23040.0,23295.0,0,22400.0
22400.0,22600.0,22150.0,22500.0,21464500.0,2026-07-15,0.0,31.264874380172984,-326.9761363361904,-248.68621975741962,-78.28991657877077,22438.299827543007,23215.0,23991.700172456993,6.691364828403986,-0.02465547768700154,-0.004454350349380309,-0.004444444444444473,22950.0,23215.0,0,22200.0
22200.0,22400.0,21800.0,22300.0,22880600.0,2026-07-16,0.0,28.806569196568276,-361.24274089470055,-271.19752398487583,-90.04521690982472,22271.762260766034,23142.5,24013.237739233966,7.5250101694628135,-0.041207735425116195,-0.008968669982760375,-0.008928571428571397,22830.0,23142.5,-1,21850.0
21850.0,22350.0,21850.0,22200.0,17006300.0,2026-07-17,0.0,25.08880517719699,-411.8932972765033,-299.33667864320137,-112.55661863330192,22038.349151690534,23055.0,24071.650848309466,8.819352403465329,-0.09263217160725824,-0.015891367336634554,-0.015765765765765716,22690.0,23055.0,-1,20600.0
20600.0,21750.0,20500.0,21750.0,53245200.0,2026-07-20,0.0,16.766298809160773,-546.597940626616,-348.78893103988435,-197.8090095867317,21440.364245029938,22905.0,24369.635754970062,12.788786334599978,-0.2868850641459026,-0.0589098457460638,-0.05720823798627006,22440.0,22905.0,0,20800.0
20800.0,21150.0,20500.0,20500.0,27198700.0,2026-07-21,0.0,21.266563229484873,-629.952314298338,-405.0216076915751,-224.9307066067629,21053.91529146091,22780.0,24506.08470853909,15.154387256708418,-0.07355238424996484,0.00966191091173689,0.009708737864077666,22210.0,22780.0,0,20700.0
20700.0,21050.0,20500.0,20900.0,43471900.0,2026-07-22,0.0,20.664935874284083,-696.056711741443,-463.2286285015487,-232.82808323989428,20716.844697953577,22640.0,24563.155302046423,16.989004435039075,-0.004379442974691683,-0.004819286435948883,-0.004807692307692291,21960.0,22640.0,0,20800.0
20800.0,21000.0,20150.0,20700.0,36967600.0,2026-07-23,0.0,23.01049546641903,-731.9384281228922,-516.9705884258175,-214.96783969707474,20456.094862027647,22510.0,24563.905137972353,18.248823971322555,0.08371982026196734,0.004819286435948922,0.004830917874396157,21720.0,22510.0,0,20800.0
20800.0,21000.0,20600.0,20700.0,17632000.0,2026-07-24,0.0,23.01049546641903,-751.7097053092366,-563.9184118025014,-187.7912935067352,20241.680372851115,22375.0,24508.319627148885,19.06877879015763,0.1308570033396875,0.0,0.0,21505.0,22375.0,-1,20350.0
20350.0,21000.0,20300.0,20900.0,18166800.0,2026-07-27,0.0,19.9346053479981,-794.5309657223625,-610.0409225864736,-184.49004313588887,19983.461501745325,22210.0,24436.538498254675,20.049873914945294,0.08231128690161763,-0.02187207481866833,-0.02163461538461542,21300.0,22210.0,1,21000.0
21000.0,21000.0,20100.0,20150.0,29151700.0,2026-07-28,0.0,33.7172061872338,-767.1740504822519,-641.4675481656293,-125.70650231662262,19867.917887270047,22095.0,24322.082112729953,20.1591501491736,0.25416263420621005,0.031441525834819094,0.03194103194103204,21150.0,22095.0,1,21650.0
21650.0,21650.0,20900.0,21050.0,36250000.0,2026-07-29,0.0,44.08324787782351,-685.145993807153,-650.2032372939341,-34.94275651321891,19852.121134591238,22012.5,24172.878865408762,19.628655222339688,0.4161026786078534,0.03048301672507575,0.030952380952380842,21075.0,22012.5,0,21800.0
21800.0,22050.0,21500.0,21650.0,29968000.0,2026-07-30,0.0,46.17522510951513,-601.1052543174628,-640.3836406986399,39.27838638117703,19872.2815649792,21932.5,23992.7184350208,18.786900125574384,0.4678432156154689,0.006904515346544486,0.006928406466512715,21035.0,21932.5,0,21700.0
21700.0,21850.0,21400.0,21800.0,24111500.0,2026-07-31,0.0,44.9673941401447,-536.3883757506992,-619.5845877090518,83.19621195835259,19888.999518124074,21855.0,23821.000481875926,17.99131074697713,0.46057986724090183,-0.0045977092486294314,-0.004587155963302725,21020.0,21855.0,1,22550.0
22550.0,22650.0,21650.0,21700.0,44448000.0,2026-08-03,0.0,55.59889398196668,-411.7653127624799,-578.0207327197375,166.25541995725757,19920.318282055254,21827.5,23734.681717944746,17.475035784627156,0.6894156160375201,0.03842280540227348,0.03917050691244239,21215.0,21827.5,-1,22150.0
22150.0,22600.0,22100.0,22550.0,22694000.0,2026-08-04,0.0,50.640945454949836,-341.3425105607421,-530.6850882879384,189.34257772719627,19960.977706221645,21780.0,23599.022293778355,16.70360233037975,0.6017029866169095,-0.017897569457542676,-0.0177383592017738,21350.0,21780.0,0,22000.0
22000.0,22600.0,21950.0,22350.0,27963700.0,2026-08-05,0.0,48.88063741330335,-294.2438192566915,-483.396834481689,189.1530152249975,20023.129816087243,21720.0,23416.870183912757,15.62495565297198,0.5825048382176052,-0.0067950431328288015,-0.006772009029345383,21480.0,21720.0,0,21850.0
21850.0,22300.0,21850.0,22250.0,14369400.0,2026-08-06,0.0,47.1168438931395,-265.9557412349277,-439.90861583233675,173.95287459740905,20102.466044514716,21652.5,23202.533955485284,14.317367098351538,0.5637082817770166,-0.006841531816716712,-0.006818181818181834,21585.0,21652.5,0,22000.0
22000.0,22300.0,21750.0,21900.0,13018100.0,2026-08-07,0.0,49.09498003417511,-228.79607052004576,-397.6861067698786,168.89003624983286,20168.300566173515,21605.0,23041.699433826485,13.299693902582597,0.6374678623447225,0.006841531816716784,0.006864988558352492,21705.0,21605.0,0,22100.0
22100.0,22300.0,21950.0,22250.0,16732700.0,2026-08-10,0.0,50.426303357945606,-189.09779778878146,-355.9684449736592,166.87064718487773,20182.276941111726,21590.0,22997.723058888274,13.040510040650984,0.6811435838817488,0.004535155165391363,0.00454545454545463,21880.0,21590.0,0,22050.0
22050.0,22250.0,22050.0,22200.0,13694600.0,2026-08-11,0.0,49.72603985824889,-159.82880578805998,-316.7405171365394,156.9117113484794,20207.440016802873,21567.5,22927.559983197127,12.61212456888491,0.6773818824026332,-0.002265006630852125,-0.002262443438914019,21985.0,21567.5,0,22100.0
22100.0,22350.0,21950.0,22000.0,15925100.0,2026-08-12,0.0,50.4668131430337,-131.0872444679735,-279.6098626028262,148.52261813485268,20224.868551458152,21552.5,22880.131448541848,12.31997632332071,0.7061942719876534,0.0022650066308520615,0.0022675736961450532,22030.0,21552.5,-1,21700.0
21700.0,22250.0,21700.0,22200.0,25702700.0,2026-08-13,0.0,44.781951484492836,-138.9838873714034,-251.48466755654164,112.50078018513824,20232.784018140028,21527.5,22822.215981859972,12.028484328045263,0.5666169269619229,-0.018265347977293313,-0.018099547511312264,22020.0,21527.5,-1,21250.0
21250.0,21800.0,21200.0,21700.0,27443600.0,2026-08-14,0.0,39.40427614628574,-179.48428979008895,-237.08459200325112,57.600302213162166,20206.44779754144,21497.5,22788.55220245856,12.011184579216735,0.40414795020345257,-0.020955365175987995,-0.020737327188940058,21975.0,21497.5,0,21200.0
21200.0,21450.0,21050.0,21250.0,18455500.0,2026-08-17,0.0,38.84608746995994,-213.1585732829044,-232.2993882591818,19.140814976277397,20297.833806528033,21527.5,22757.166193471967,11.424143012165526,0.3668337790619003,-0.0023557136924590365,-0.0023529411764705577,21840.0,21527.5,0,21000.0
21000.0,21400.0,21000.0,21150.0,16367500.0,2026-08-18,0.0,36.61197273489324,-253.06681734955055,-236.45287407725556,-16.61394327229499,20329.685531849736,21537.5,22745.314468150264,11.215920772144061,0.27749066012466,-0.00947874395454377,-0.009433962264150941,21725.0,21537.5,0,21200.0
21200.0,21200.0,20900.0,21100.0,15312500.0,2026-08-19,0.0,40.308992575406165,-265.4955918479245,-242.26141763138938,-23.234174216535138,20408.160361938728,21562.5,22716.839638061272,10.706918382017596,0.34298382033869024,0.009478743954543739,0.00952380952380949,21645.0,21562.5,0,21150.0
21150.0,21450.0,21150.0,21250.0,15156400.0,2026-08-20,0.0,39.68582527950962,-276.1962488839963,-249.04838388191078,-27.147865002085524,20464.36942541592,21580.0,22695.63057458408,10.339486326080445,0.3072838761342172,-0.00236127618567982,-0.002358490566037763,21575.0,21580.0,1,21700.0
21700.0,21750.0,21050.0,21150.0,25138400.0,2026-08-21,0.0,49.02188916466333,-237.55777506457525,-246.7502621184437,9.192487053868433,20570.935186253522,21625.0,22679.064813746478,9.748576312106152,0.535576559914483,0.02567235505412682,0.026004728132387633,21545.0,21625.0,1,22250.0
22250.0,22300.0,21850.0,22000.0,28790200.0,2026-08-24,0.0,56.30563152022476,-160.70361153010526,-229.540932000776,68.83732047067073,20818.30568839632,21720.0,22621.69431160368,8.302894213661862,0.7938911741926076,0.0250297480658353,0.025345622119815614,21560.0,21720.0,-1,21800.0
21800.0,22300.0,21800.0,22250.0,25844100.0,2026-08-25,0.0,50.00970515783589,-134.55629125062114,-210.54400385074504,75.9877126001239,20924.22113224312,21760.0,22595.77886775688,7.681791063941901,0.5239297746946837,-0.020432038817205855,-0.020224719101123556,21535.0,21760.0,1,22050.0
22050.0,22100.0,21750.0,21800.0,19394800.0,2026-08-26,0.75,53.144306765159584,-92.59407403734076,-186.9540178880642,94.35994385072343,20936.199075611134,21780.0,22623.800924388866,7.748401509539636,0.6599903438097979,0.01140263209781177,0.011467889908256979,21530.0,21780.0,0,22200.0
22200.0,22400.0,22050.0,22050.0,19201900.0,2026-08-27,0.75,54.96881554595413,-46.696677941039525,-158.90254989865926,112.20587195761973,20935.495274129666,21800.0,22664.504725870334,7.931236017159031,0.7313463350922129,0.006779686985378769,0.006802721088435382,21580.0,21800.0,0,22100.0
22100.0,22350.0,22050.0,22250.0,17126700.0,2026-08-28,0.75,53.47389258034221,-18.182231678227254,-130.75848625457286,112.5762545763456,20946.772471924418,21820.0,22693.227528075582,8.00391868080277,0.6603247670266784,-0.004514680354526583,-0.0045045045045044585,21665.0,21820.0,0,22100.0
22100.0,22100.0,22100.0,22100.0,0.0,2026-08-31,0.75,53.47389258034221,4.36535136731618,-103.73371873019505,108.09907009751123,20982.202185508082,21797.5,22612.797814491918,7.480654336432324,0.685515031822153,0.0,0.0,21755.0,21797.5,0,22100.0
22100.0,22100.0,22100.0,22100.0,0.0,2026-09-01,0.75,53.47389258034221,21.981089065480774,-78.59075717105989,100.57184623654067,20983.95778551069,21795.0,22606.04221448931,7.442461247894555,0.6880296700659719,0.0,0.0,21865.0,21795.0,0,22100.0
22100.0,22100.0,22100.0,22100.0,0.0,2026-09-02,0.75,53.47389258034221,35.53209621856513,-55.76618649313489,91.29828271170001,20982.42978733867,21800.0,22617.57021266133,7.500644152856227,0.6834704807942118,0.0,0.0,21955.0,21800.0,-1,21600.0
21600.0,22000.0,21550.0,22000.0,26985600.0,2026-09-03,0.75,45.20579998468999,5.858018105242081,-43.44134557345949,49.299363678701575,20965.51587926752,21787.5,22609.48412073248,7.545465250556319,0.3859467018457019,-0.022884293833587845,-0.022624434389140302,22000.0,21787.5,0,21700.0
21700.0,21800.0,21600.0,21750.0,13920900.0,2026-09-04,0.75,46.971777938928305,-9.480453557393048,-36.6491671702462,27.168713612853153,20955.912105482093,21772.5,22589.087894517907,7.5010944495846275,0.4556079630332983,0.004618945856294458,0.004629629629629539,22000.0,21772.5,0,21550.0
21550.0,22150.0,21550.0,21800.0,19957800.0,2026-09-07,0.75,44.64731830863547,-33.355547269628005,-35.99044319012256,2.6348959204945572,20937.86080245721,21745.0,22552.13919754279,7.423676224812974,0.3792029921272272,-0.0069364439966570985,-0.00691244239631339,21930.0,21745.0,1,21850.0
21850.0,21900.0,21550.0,21550.0,13387600.0,2026-09-08,0.75,49.97886514322328,-27.74936089295079,-34.34222673068821,6.5928658377374205,20938.891041575527,21735.0,22531.108958424473,7.3255942804184295,0.5722262943929114,0.013825104991842335,0.0139211136890951,21935.0,21735.0,0,21850.0
21850.0,21850.0,21850.0,21850.0,0.0,2026-09-09,0.75,49.97886514322328,-23.04081759620749,-32.08194490379207,9.041127307584581,20942.840830200712,21722.5,22502.159169799288,7.178355804343774,0.5817664980665994,0.0,0.0,21915.0,21722.5,0,21850.0
21850.0,22050.0,21800.0,22000.0,13391400.0,2026-09-10,0.75,49.97886514322328,-19.08921452785944,-29.483398828605544,10.394184300746105,20948.36877722257,21730.0,22511.63122277743,7.1940287416238275,0.576762542554016,0.0,0.0,21880.0,21730.0,-1,21300.0
21300.0,21800.0,21300.0,21750.0,22031700.0,2026-09-11,0.75,40.9477719604036,-59.65033218624376,-35.51678550013319,-24.13354668611057,20957.03748945378,21732.5,22507.96251054622,7.13643170869636,0.22113416566369096,-0.02549384882621976,-0.02517162471395884,21800.0,21732.5,-1,20900.0
20900.0,21400.0,20850.0,21300.0,24046000.0,2026-09-14,0.375,35.87108452437673,-122.65804166575981,-52.94503673325852,-69.71300493250129,20888.883524688667,21717.5,22546.116475311333,7.630864282825679,0.006707853176076863,-0.01895791374461416,-0.018779342723004744,21680.0,21717.5,0,20900.0
