time,close,high,low,open,volume,ticker,sentiment_score,RSI_14,MACD_12_26_9,MACDs_12_26_9,MACDh_12_26_9,BBL_5_2.0_2.0,BBM_5_2.0_2.0,BBU_5_2.0_2.0,BBB_5_2.0_2.0,BBP_5_2.0_2.0,log_ret,price_change,sma_10,sma_20,target_3class,target_price_next
2021-02-26,42452.09375,42672.2144892334,41854.62106632216,41980.40381944445,348990.0,MWG,0.0,84.04754562634007,952.8520812337738,862.453933082965,90.39814815080877,38470.10993404729,41404.94140625,44339.77287845271,14.176237775135245,0.6784007623040904,-0.008849515154401218,-0.008810473446775657,42536.996484375,41404.94140625,0,42389.19921875
2021-03-01,42389.19921875,43081.01355220155,42137.633720292586,43081.01355220155,360060.0,MWG,0.0,83.40337796160502,896.5103913132989,869.2652247290318,27.245166584267054,38865.32697700629,41579.4669921875,44293.607007368715,13.055193880629497,0.649169206826722,-0.0014826398931592486,-0.001481541325626612,42735.105859375,41579.4669921875,0,42703.6640625
2021-03-02,42703.6640625,42829.4468189247,42294.86365523381,42609.32607391206,171300.0,MWG,0.0,84.06114906781957,867.2369136255948,868.8595625083444,-1.6226488827496723,39019.25599409264,41702.10625,44384.95650590736,12.866737424838634,0.6866592834047811,0.007391131598892519,0.00741851343138622,42964.66171875,41702.10625,0,42829.44140625
2021-03-03,42829.44140625,43081.0105723844,42703.65866572141,43018.1173595815,226680.0,MWG,0.0,84.32868100972885,844.4523313075842,863.9781162681925,-19.525784960608235,39223.21488659848,41838.8962890625,44454.577691526516,12.503587018129869,0.6893474328055381,0.002941023448668126,0.002945352501038778,42908.058984375,41838.8962890625,-1,41760.27734375
2021-03-04,41760.27734375,42986.6709947291,40879.787137611056,42892.33302157687,267900.0,MWG,0.0,73.09699903975468,731.68833355065,837.5201597246839,-105.83182617403395,39378.09373935226,41906.5048828125,44434.91602627274,12.066914912282455,0.47108311687347226,-0.025280164502405007,-0.02496329691435062,42697.3703125,41906.5048828125,0,41571.60546875
2021-03-05,41571.60546875,41634.49500029251,41005.57757440277,41603.05023452126,253260.0,MWG,0.0,71.29248307907488,619.9513956094524,794.0064069016377,-174.0550112921852,39432.37225665137,41933.233984375,44434.095712098635,11.927826642970084,0.4276992183102087,-0.004528211556500144,-0.004517974663983848,42527.56171875,41933.233984375,-1,41131.35546875
2021-03-08,41131.35546875,41917.50400087934,41099.910706689465,41571.60056298247,225000.0,MWG,0.0,67.12817453560353,490.22357932379236,733.2498413860686,-243.02626206227626,39541.54028481867,41969.396484375,44397.25268393133,11.56965028296372,0.3274113154275477,-0.010646635950178878,-0.01059016112165656,42332.59609375,41969.396484375,-1,40282.31640625
2021-03-09,40282.31640625,40879.789035594855,40219.42319286945,40879.789035594855,445680.0,MWG,0.0,59.86561661197471,315.26877150085056,649.653627409025,-334.3848559081745,39517.63320535892,41963.10703125,44408.58085714108,11.65535156426778,0.15634663368610047,-0.020858163619082753,-0.020642136706267022,42077.88359375,41963.10703125,1,41037.0234375
2021-03-10,41037.0234375,41099.91665580171,39936.41238514657,40565.33351293104,217380.0,MWG,0.0,63.632118449493255,234.8076593575097,566.684433798722,-331.8767744412123,39618.06947364637,41994.5529296875,44371.036385728636,11.318055748897418,0.29854067787566163,0.018562096106293023,0.018735442709866268,41898.641796875,41994.5529296875,1,41665.9453125
2021-03-11,41665.9453125,41791.728066281605,41351.48290042959,41571.6073258944,154050.0,MWG,0.0,66.45715740353867,219.26286170267122,497.2001193795119,-277.93725767684066,39793.84234163126,42057.444921875,44321.047502118745,10.764337131980142,0.4135228920500601,0.015209466078143982,0.015325718639361385,41782.2921875,42057.444921875,-1,41225.69921875
2021-03-12,41225.69921875,41823.17189211184,41037.02324978547,41823.17189211184,124290.0,MWG,0.0,62.780807590292895,169.4658206004242,431.6532596236944,-262.1874390232702,39932.729207977114,42098.324609375,44263.92001077288,10.288273566666458,0.29852529469223066,-0.010622306645510473,-0.010566089175418902,41659.652734375,42098.324609375,1,41728.8359375
2021-03-15,41728.8359375,42106.187893785085,41068.4700140011,41225.70122414578,230040.0,MWG,0.0,65.15333620079068,168.65607284965517,379.05382226888656,-210.3977494192314,40139.82578448951,42164.3611328125,44188.89648113548,9.603064265320894,0.39243823387098115,0.012130569776118927,0.012204443545766885,41593.61640625,42164.3611328125,0,41886.0703125
2021-03-16,41886.0703125,41980.40830869933,41382.9355611296,41728.839090475136,181740.0,MWG,0.0,65.8852053543956,178.64256167341227,338.9715701497917,-160.32900847637944,40382.80801223451,42238.259375,44093.71073776549,8.785643112290249,0.4050934264385472,0.0037609217634888997,0.0037680029041669005,41511.85703125,42238.259375,0,41760.27734375
2021-03-17,41760.27734375,41980.3980527462,41760.27734375,41980.3980527462,156300.0,MWG,0.0,64.71418279807695,174.39615442224022,306.0564870042814,-131.66033258204118,40373.039855989264,42156.4998046875,43939.95975338573,8.461138647473412,0.38891747716939085,-0.0030077359527725103,-0.0030032172464854456,41404.940625,42156.4998046875,0,42011.84375
2021-03-18,42011.84375,42074.73696185959,39307.490916195,41980.39898660879,274200.0,MWG,0.0,66.01508459110539,189.14975203830545,282.6751400110862,-93.52538797278078,40472.24940456298,42063.7337890625,43655.21817356202,7.567014342950889,0.48369759717158123,0.006005987652485983,0.006024059758493294,41430.097265625,42063.7337890625,0,41823.171875
2021-03-19,41823.171875,41980.403077431954,41508.71315521362,41823.171875,113010.0,MWG,0.0,64.10618336506425,183.50253789660928,262.84061958819086,-79.33808169158158,40502.514022054216,41991.4078125,43480.30160294579,7.091421164510571,0.4435030428027944,-0.0045010355666700985,-0.004490921086985122,41455.25390625,41991.4078125,0,41477.26953125
2021-03-22,41477.26953125,41823.173027019686,41351.483091808645,41760.28349237663,113190.0,MWG,0.0,60.6439316053229,149.39353600045433,240.15120287064357,-90.75766687018924,40498.62142178013,41911.220703125,43323.81998446987,6.740912135921355,0.3463997619120067,-0.00830498196793572,-0.008270590876842676,41489.8453125,41911.220703125,0,41194.25390625
2021-03-23,41194.25390625,41508.712621996885,40879.79150542565,41194.25390625,187500.0,MWG,0.0,57.88908755169525,98.39072356327961,211.7991070091708,-113.40838344589119,40451.77870589819,41829.461328125,43207.143950351805,6.587140156645957,0.2694652557755697,-0.006846776709562461,-0.006823390936733897,41581.0390625,41829.461328125,0,40848.34375
2021-03-24,40848.34375,41162.80244273408,40282.31589203233,40722.56100992181,158490.0,MWG,0.0,54.62303562143833,29.7160207442721,175.38248975619106,-145.66646901191896,40370.68984672051,41730.4064453125,43090.123043904496,6.516670765591008,0.17564465410443167,-0.008432502525559063,-0.00839704870094804,41562.17109375,41730.4064453125,0,40502.44140625
2021-03-25,40502.44140625,41131.362551295686,40470.99663877489,40722.56583380869,151950.0,MWG,0.0,51.49435740070865,-52.02093932184653,129.90180394058356,-181.9227432624301,40252.0754826889,41614.0564453125,42976.03740793609,6.545773610959819,0.09191241670471507,-0.00850402187698055,-0.00846796496491975,41445.820703125,41614.0564453125,0,40879.7890625
2021-03-26,40879.7890625,40879.7890625,39307.49189264666,40408.09917452855,175770.0,MWG,0.0,54.552567088965546,-85.3652295950451,86.84839723345783,-172.21362682850292,40195.80672496708,41535.4412109375,42875.075696907916,6.450561000024497,0.2552869251635647,0.009273532031429525,0.009316664456473278,41411.2296875,41535.4412109375,0,40911.23828125
2021-03-29,40911.23828125,41477.26615746217,40628.22434314391,41005.57626061869,261000.0,MWG,0.0,54.8082999658033,-108.00808082510775,47.877101621744714,-155.88518244685247,40157.62552250013,41461.5431640625,42765.460805624876,6.289768986179782,0.28898019887470827,0.0007690139449575028,0.0007693097119927383,41329.469921875,41461.5431640625,0,40691.12109375
2021-03-30,40691.12109375,41162.81107429996,40565.338327296005,40911.24554139196,95580.0,MWG,0.0,52.57826222937172,-142.07655095321388,9.886371106752996,-151.96292205996687,40153.55916732244,41360.916015625,42568.27286392756,5.8381533322253,0.22261932219265806,-0.005394886203237682,-0.005380359938918833,41209.975,41360.916015625,0,40785.45703125
2021-03-31,40785.45703125,41037.02623653823,40439.55351969119,40691.119039901634,98040.0,MWG,0.0,53.45238258735741,-159.62389235327282,-24.015681585252167,-135.60821076802065,40244.10587643048,41258.716796875,42273.32771731952,4.918286360866001,0.2667777095195971,0.0023156588513051925,0.0023183420599952598,41112.49296875,41258.716796875,1,42231.97265625
2021-04-01,42231.97265625,42294.862189744425,40408.10248336062,40879.79240995657,371700.0,MWG,0.0,64.31453271706917,-56.16117387919803,-30.444780044041345,-25.716393835156687,40198.99697572667,41282.3015625,42365.60614927332,5.248276117227802,0.9383213665598173,0.0348520075000275,0.035466456190295315,41134.505859375,41282.3015625,0,42389.19921875
2021-04-02,42389.19921875,42766.55115151358,42231.97170348348,42735.106385475774,239010.0,MWG,0.0,65.26337374315884,38.081663801393006,-16.739491274954474,54.82115507634748,40137.08108329464,41323.18125,42509.281416705366,5.740604333096277,0.9493794026313483,0.0037160143245844237,0.003722927266025522,41191.10859375,41323.18125,0,42169.078125
2021-04-05,42169.078125,42766.55078506367,42043.29537684908,42766.55078506367,109230.0,MWG,0.0,62.747889419939,93.92514836537885,5.39343665311219,88.53171171226666,40134.74818763514,41375.0673828125,42615.38657798986,5.995490877158546,0.820083227476762,-0.005206387781068012,-0.0051928580347569975,41260.289453125,41375.0673828125,0,41917.50390625
2021-04-06,41917.50390625,42609.31815063596,41791.72117321482,41980.397115306085,310560.0,MWG,0.0,59.90597254001157,116.53819547829335,27.622388418148425,88.91580706014491,40307.56599950158,41456.8267578125,42606.08751612342,5.544373982238489,0.7004232482080743,-0.005983712580606003,-0.005965845826751748,41332.614453125,41456.8267578125,0,42294.859375
2021-04-07,42294.859375,42294.859375,41540.1555426724,41697.38673609976,98160.0,MWG,0.0,62.639328081724734,163.02933023367223,54.70377678125319,108.32555345241903,40330.22439791239,41519.7185546875,42709.212711462606,5.729779479156979,0.8258279226919544,0.008962056870532045,0.009002336341256578,41477.266015625,41519.7185546875,0,42137.63671875
2021-04-08,42137.63671875,42294.86424520461,41980.405507217656,42294.86424520461,93150.0,MWG,0.0,60.780123481516206,185.0541460792374,80.77385064085004,104.28029543838736,40323.28814567853,41543.303125,42763.318104321464,5.873461605354549,0.7435763510381451,-0.0037242257482641653,-0.0037172994206225995,41640.785546875,41543.303125,0,41917.50390625
2021-04-09,41917.50390625,42137.628295407805,41760.27641122528,42137.628295407805,139410.0,MWG,0.0,58.17647795786315,182.64072449295054,101.14722541127014,81.4934990816804,40356.56553075721,41577.893359375,42799.221187992785,5.874890380141893,0.6390333286924895,-0.005237831122267908,-0.005224137603380252,41744.55703125,41577.893359375,1,42420.6484375
2021-04-12,42420.6484375,42452.09320410683,41823.172076427545,41917.51006132556,255780.0,MWG,0.0,62.165786660735364,218.805377030847,124.67885573518552,94.12652129566149,40335.24847119583,41612.483984375,42889.71949755417,6.138713149922783,0.8163725267524837,0.011931741127707923,0.012003208310668922,41895.498046875,41612.483984375,0,42420.6484375
2021-04-13,42420.6484375,43269.69030158214,42200.5240160196,42514.98642239802,369810.0,MWG,0.0,62.165786660735364,244.64599794195965,148.67228417654036,95.97371376541929,40316.31242833368,41639.212890625,42962.11335291632,6.354108881770763,0.7953493362310572,0.0,0.0,42068.45078125,41639.212890625,0,42577.875
2021-04-14,42577.875,42577.875,41980.40233741467,41980.40233741467,141720.0,MWG,0.0,63.42995544029498,274.64579996128305,173.8669873334889,100.77881262779414,40292.49216240451,41680.0927734375,43067.69338447049,6.658337439773172,0.8235016687885974,0.0036995170142701027,0.0037063686740113067,42247.692578125,41680.0927734375,-1,42043.29296875
2021-04-15,42043.29296875,43049.56226647651,42043.29296875,42640.76559459244,311010.0,MWG,0.0,56.515456520411355,252.3753312446861,189.56865611572834,62.80667512895775,40292.41139197063,41681.665234375,43070.91907677938,6.6660189058792785,0.6301517848419731,-0.012634879801229158,-0.01255539482066681,42228.824609375,41681.665234375,0,42137.63671875
2021-04-16,42137.63671875,42514.98867836544,41508.71555769836,41508.71555769836,234420.0,MWG,0.0,57.39808689737334,239.57688331863028,199.57030155630872,40.00658176232156,40294.34170975053,41697.3884765625,43100.435243374464,6.729662542778186,0.6568900811438539,0.002241452781519051,0.0022439667147415854,42203.668359375,41697.3884765625,1,43206.79296875
2021-04-19,43206.79296875,43206.79296875,41665.940590508806,42452.08916143559,361140.0,MWG,0.0,65.85612271296176,312.1082060737899,222.07788245980498,90.03032361398493,40232.57634873645,41783.8646484375,43335.152948138544,7.425298319115897,0.9586279418811833,0.025056402394320013,0.025372952383071246,42307.43984375,41783.8646484375,1,44810.5390625
2021-04-20,44810.5390625,45282.22894736842,43552.70059787662,43709.92810278128,655440.0,MWG,0.0,74.14743354546953,493.3121136474947,276.32472869734295,216.98738495015175,39933.858778341004,41964.67890625,43995.499034159,9.678711625297527,1.2006677049188474,0.03644563115011098,0.03711791557660704,42596.743359375,41964.67890625,0,44810.5390625
2021-04-21,44810.5390625,44810.5390625,44810.5390625,44810.5390625,0.0,MWG,0.0,74.14743354546953,629.6591966337655,346.9916222846275,282.667574349138,39838.64262044683,42162.788671875,44486.93472330317,11.024631551368472,1.069617900948603,0.0,0.0,42848.311328125,42162.788671875,0,44810.5390625
2021-04-22,44810.5390625,46540.06741199181,44055.83524671053,44810.5390625,760830.0,MWG,0.0,74.14743354546951,729.308230920622,423.45494401182646,305.85328690879555,39908.00479383921,42378.1935546875,44848.3823155358,11.657829433718575,0.9923400078496833,0.0,0.0,43115.6015625,42378.1935546875,1,46382.84765625
2021-04-23,46382.84765625,46382.84765625,44181.62536905527,44653.31533272874,659550.0,MWG,0.0,80.0727753034861,924.4959577873087,523.663146766923,400.83281102038575,39706.03512442987,42653.346484375,45600.65784432012,13.819836438975774,1.13269548351085,0.03448636962381325,0.03508791964222979,43562.1359375,42653.346484375,-1,44810.5390625
2021-04-26,44810.5390625,46351.39145804443,44810.5390625,46351.39145804443,381390.0,MWG,0.0,64.22118791926627,941.458921981568,607.222301809852,334.236620171716,39870.503368089114,42848.3115234375,45826.119678785886,13.899302210401274,0.829475143578034,-0.03448636962381326,-0.03389849207626505,43801.125,42848.3115234375,0,44621.8671875
2021-04-27,44621.8671875,45282.23308668076,44181.62202635364,44810.543158694505,245490.0,MWG,0.0,62.61923518711786,928.9693691767243,671.5717152832265,257.3976538934978,40148.776620581666,43044.848828125,45940.92103566834,13.456068665066734,0.7722684806109756,-0.004219324131303701,-0.004210435289270897,44021.246875,43044.848828125,-1,44024.390625
2021-04-28,44024.390625,44496.08051139258,43709.92824402012,44024.390625,298230.0,MWG,0.0,57.70992717517972,860.9356134843038,709.444494923442,151.49111856086176,40485.74776465792,43206.7955078125,45927.84325096708,12.59546194608471,0.6502353494613144,-0.0134802218350359,-0.0133897705353615,44165.8984375,43206.7955078125,0,44307.40625
2021-04-29,44307.40625,44401.74423088355,43426.91597170194,43867.161110850975,198690.0,MWG,0.0,59.33620468206245,820.3983263921327,731.6352612171802,88.76306517495254,40587.7523869368,43310.5671875,46033.38198806319,12.573443283601401,0.6830530417077603,0.00640803433113588,0.0064286097088936955,44392.309765625,43310.5671875,0,44307.40625
2021-04-30,44307.40625,44307.40625,44307.40625,44307.40625,0.0,MWG,0.0,59.33620468206245,779.2890749507715,741.1660239638985,38.123050986872954,40685.178880304964,43406.4775390625,46127.776197820036,12.538675391517664,0.6655328620469826,0.0,0.0,44609.28671875,43406.4775390625,0,44307.40625
2021-05-03,44307.40625,44307.40625,44307.40625,44307.40625,0.0,MWG,0.0,59.33620468206246,738.2001847907231,740.5728561292634,-2.372671338540272,40829.019737066796,43513.3939453125,46197.7681535582,12.338151382167139,0.6478952342502213,0.0,0.0,44719.348046875,43513.3939453125,-1,43835.71875
2021-05-04,43835.71875,43992.94627004503,43395.47358670324,43552.70479182585,219270.0,MWG,0.0,54.93845347575071,659.9680037845319,724.4518856603172,-64.4838818757853,41029.99800462249,43609.3046875,46188.61137037751,11.829157567911574,0.5438904888672271,-0.010702865429240855,-0.010645793557369387,44621.866015625,43609.3046875,1,44307.40625
2021-05-05,44307.40625,44999.216881453576,43772.82312996742,43835.716345582245,337470.0,MWG,0.0,58.26927601632465,628.781474463045,705.3178034208628,-76.53632895781777,41190.20058581016,43709.93203125,46229.663476689835,11.529331336586743,0.6185591067316517,0.010702865429240952,0.010760345979270669,44571.552734375,43709.93203125,0,44653.3125
2021-05-06,44653.3125,44967.77491255192,44150.17779902557,44307.40900530154,276990.0,MWG,0.0,60.57098320953645,624.7756440890807,689.2093715545063,-64.43372746542559,41396.58767263789,43835.7158203125,46274.84396798711,11.128496943783773,0.6676001895322663,0.007776645650285171,0.007806962295383801,44555.830078125,43835.7158203125,-1,44087.28125
2021-05-07,44087.28125,44904.87830178089,43992.94327037441,44338.85042402735,277020.0,MWG,0.0,55.205113245777774,569.3637326098833,665.2402437655817,-95.87651115569838,41677.384721310955,43944.2046875,46211.02465368905,10.316809610318638,0.5315588720397009,-0.012757158874587747,-0.012676131250061284,44326.2734375,43944.2046875,-1,43426.91796875
2021-05-10,43426.91796875,44024.3943318732,43238.24199830637,44024.3943318732,523470.0,MWG,0.0,49.67607051086769,466.78281391410565,625.5487577952865,-158.76594388118087,41827.61503360222,43994.5181640625,46161.421294522785,9.850786965683131,0.3690296332739308,-0.015091855287899792,-0.014978543982001602,44187.911328125,43994.5181640625,0,43238.2421875
2021-05-11,43238.2421875,44024.39452450672,43206.79742064765,43238.2421875,414870.0,MWG,0.0,48.19097535556912,366.04262652950274,573.6475315421299,-207.6049050126271,41964.804595648326,44035.3978515625,46105.99110747667,9.40422186212042,0.30750549105054625,-0.004354139056439994,-0.004344673536025967,44049.548828125,44035.3978515625,1,43867.1640625
2021-05-12,43867.1640625,43867.1640625,43206.79815188172,43238.24291926624,249000.0,MWG,0.0,53.21215036776492,333.11410933040315,525.5408470997845,-192.42673776938136,42143.186311287725,44099.8623046875,46056.538298087275,8.873841736198772,0.4405373595392304,0.01444072948793711,0.01454550053798953,44033.826171875,44099.8623046875,0,44024.390625
2021-05-13,44024.390625,44181.6181304127,43552.70073860742,43552.70073860742,296040.0,MWG,0.0,54.401913382004956,316.06153121908574,483.64498392364476,-167.58345270455902,42496.55099368964,44198.9171875,45901.283381310364,7.7032031648585795,0.4487400057829612,0.0035777437495695223,0.0035841515142394087,44005.524609375,44198.9171875,1,44810.5390625
2021-05-14,44810.5390625,45124.99775738654,44087.28001067601,44181.6179876497,245550.0,MWG,0.0,59.893584792491005,361.8121042803614,459.27840799498813,-97.46630371462675,42915.840779857645,44332.5623046875,45749.28382951735,6.391336079755786,0.668691146931613,0.01769954596633958,0.017857111168134487,44055.837890625,44332.5623046875,0,44496.08203125
2021-05-17,44496.08203125,45282.230640397785,44307.40607024835,45124.99944453729,160710.0,MWG,0.0,56.93956431225146,368.44846410865284,441.11241921772114,-72.6639551090683,43082.33302011211,44397.0267578125,45711.720495512884,5.9224404592320585,0.5376723759294562,-0.007042217631022882,-0.007017479321357989,44074.70546875,44397.0267578125,0,44558.98046875
2021-05-18,44558.98046875,44653.31846810874,44244.521699246914,44496.09092589624,178440.0,MWG,0.0,57.39223789344622,374.4665876025174,427.78325289468046,-53.316665292163066,43081.6529919723,44384.448828125,45687.2446642777,5.870505866582524,0.566983496485685,0.0014125743375629726,0.0014135724906256808,44147.031640625,44384.448828125,0,44558.98046875
2021-05-19,44558.98046875,44653.31846810874,44181.62847131506,44338.85969860565,179910.0,MWG,0.0,57.39223789344622,374.91421612218255,417.2094455401809,-42.29522941799837,43081.59879125236,44371.8708984375,45662.14300562263,5.815721000984745,0.572507794778538,0.0,0.0,44172.1890625,44371.8708984375,1,47168.9921875
2021-05-20,47168.9921875,47168.9921875,44244.514671875,44244.514671875,422940.0,MWG,0.0,71.70642132953292,579.198458582061,449.607248148557,129.591210433504,42697.3443208367,44489.7935546875,46282.2427885383,8.057799736236108,1.2473569075807676,0.056923016136323425,0.058574314117901594,44423.75703125,44489.7935546875,-1,45722.47265625
2021-05-21,45722.47265625,46540.065974721176,45596.6862341182,46194.16252655149,293880.0,MWG,0.0,59.729774175190585,617.2577918217721,483.1373568832,134.1204349385721,42791.3245324198,44456.7748046875,46122.2250769552,7.4924475722071255,0.8799866836729717,-0.031146811469042607,-0.030666746609721574,44587.276171875,44456.7748046875,0,45911.15625
2021-05-24,45911.15625,46068.383776232346,45313.67985806838,45596.693827379866,161850.0,MWG,0.0,60.65294892255126,655.0937636127564,517.5286382291114,137.56512538364507,42728.56790954929,44511.8056640625,46295.04341857571,8.012426042527158,0.8923623146705681,0.004118223029495423,0.0041267145626300294,44835.7,44511.8056640625,0,45911.15625
2021-05-25,45911.15625,46068.383776232346,45596.693827379866,45911.15625,236940.0,MWG,0.0,60.65294892255126,677.2718752596775,549.4772856352246,127.7945896244529,42686.260068068324,44576.2701171875,46466.28016630668,8.479893199455628,0.8531426019228339,0.0,0.0,45102.99140625,44576.2701171875,0,45565.24609375
2021-05-26,45565.24609375,45974.0427944583,45439.46334393456,45911.15326208932,234540.0,MWG,0.0,57.83403456109434,659.3357180712483,571.4489721224294,87.88674594881888,42732.65257862392,44653.312890625,46573.973202626075,8.60254340682669,0.7374009598227409,-0.007562864217113604,-0.007534337718841488,45272.799609375,44653.312890625,-1,44779.09765625
2021-05-27,44779.09765625,45596.69106127686,44653.31122080164,45565.246294953526,254460.0,MWG,0.0,51.927249032948815,575.0566800396191,572.1705137058673,2.8861663337518166,42762.54766470712,44676.8974609375,46591.24725716788,8.569752623955864,0.5266931872936039,-0.017403818501507396,-0.017253246825058466,45348.2703125,44676.8974609375,0,44873.43359375
2021-05-28,44873.43359375,45030.66110327351,44527.52643965907,44779.09561400496,222990.0,MWG,0.0,52.553472648261,509.9981161397445,559.7360341926428,-49.737918052898294,42797.12317725237,44705.198828125,46613.274478997635,8.536258425819693,0.5440849306860707,0.002104479840138831,0.00210669581205436,45354.559765625,44705.198828125,-1,43552.703125
2021-05-31,43552.703125,44496.082949475975,43552.703125,44024.393037237984,380940.0,MWG,0.0,43.926162016034525,347.85694616246474,517.3602165866073,-169.50327042414256,42697.41938463206,44667.463671875,46637.50795911793,8.820936427977118,0.2170722114995957,-0.029874169377683852,-0.029432347003059522,45260.221875,44667.463671875,-1,42923.78125
2021-06-01,42923.78125,43395.47115384616,42452.09134615384,43238.23995753831,322200.0,MWG,0.0,40.515328165374164,166.68867827528447,447.2259089243428,-280.5372306490583,42532.18532438799,44621.866796875,46711.548269362014,9.366176820882623,0.09369751580989936,-0.014545756997346516,-0.014440478543775837,45096.701953125,44621.866796875,1,43647.04296875
2021-06-02,43647.04296875,44024.394914632336,42735.10787117514,42766.55263830614,173820.0,MWG,0.0,45.733874920546704,80.54423309842969,373.8895737591602,-293.3453406607305,42457.78795322782,44588.8486328125,46719.90931239718,9.558715889409427,0.27902889554368626,0.016709522026108876,0.016849906920770152,45005.508203125,44588.8486328125,0,43709.93359375
2021-06-03,43709.93359375,43961.50279230842,43081.01612497048,43961.50279230842,178110.0,MWG,0.0,46.176050936787696,17.151179377549852,302.54189488283816,-285.3907155052883,42375.160234648625,44541.6796875,46708.199140351375,9.728054568446723,0.30804555143612217,0.0014398537664659504,0.0014408908535918918,44659.60234375,44541.6796875,-1,43238.2421875
2021-06-04,43238.2421875,43709.93211567301,43081.01466816071,43709.93211567301,185220.0,MWG,0.0,43.32465072287738,-70.33900257616187,227.96571539103817,-298.3047179672001,42263.06518153482,44499.227734375,46735.39028721519,10.05034319331696,0.21804698516362211,-0.010850050146224666,-0.010791400660408401,44411.179296875,44499.227734375,-1,42797.99609375
2021-06-07,42797.99609375,43269.68597103205,42546.42693084052,43238.23752249513,2054100.0,MWG,0.0,40.792750378301626,-173.20320386381354,147.73193154006785,-320.9351354038814,42151.860871218094,44467.781640625,46783.7024100319,10.416174065634609,0.1394985595075815,-0.010234058229513053,-0.010181868445088504,44099.86328125,44467.781640625,0,42797.99609375
2021-06-08,42797.99609375,42797.99609375,42797.99609375,42797.99609375,0.0,MWG,0.0,40.79275037830161,-251.8209888742058,67.82134745721312,-319.6423363314189,42072.97180990171,44445.7693359375,46818.56686197328,10.67727057709951,0.15277837149880646,0.0,0.0,43788.547265625,44445.7693359375,0,42892.3359375
2021-06-09,42892.3359375,43238.2394058555,42452.09080450162,42766.5495080277,2219700.0,MWG,0.0,41.64035475215459,-303.02067918008106,-6.347057870245713,-296.67362130983537,41935.784972832094,44397.0279296875,46858.27088654291,11.08742216147139,0.19432274290589285,0.0022018792465648964,0.0022043051628712895,43521.25625,44397.0279296875,0,42546.4296875
2021-06-10,42546.4296875,43081.012811415305,42452.09170593126,42452.09170593126,2037300.0,MWG,0.0,39.41243516721585,-367.27483051168383,-78.53261239853335,-288.7422181131505,41729.583556105295,44323.1298828125,46916.676209519705,11.702902450997364,0.15747668028582731,-0.008097217636769669,-0.008064523473471641,43297.989453125,44323.1298828125,1,43081.01171875
2021-06-11,43081.01171875,43081.01171875,42483.53539391688,42514.98384369376,2492400.0,MWG,0.0,44.36650438638294,-370.78621347220906,-136.9833326132685,-233.80288085894057,41596.61688549239,44236.653515625,46876.69014575762,11.935969022612056,0.2811314843732011,0.012486393801118975,0.01256467429056829,43118.747265625,44236.653515625,0,43426.91796875
2021-06-14,43426.91796875,43647.04239098593,43018.12126114798,43395.473202035246,2222700.0,MWG,0.0,47.3655129337515,-341.71815210542263,-177.93029651169934,-163.7878555937233,41522.06252633441,44183.1953125,46844.32809866559,12.045904635660062,0.3579031178598728,0.007997141875038787,0.00802920442672539,43106.16875,44183.1953125,0,43364.02734375
2021-06-15,43364.02734375,43709.93082413779,43238.24090990221,43426.91687559644,1312500.0,MWG,0.0,46.8707970227347,-320.06672195075225,-206.35758159950993,-113.70914035124233,41444.242839795115,44123.44765625,46802.65247270488,12.144131788284588,0.3582750546289213,-0.0014492441758994733,-0.001448194528685054,43150.193359375,44123.44765625,0,43081.01171875
2021-06-16,43081.01171875,43332.57720650123,42923.7805250975,43332.57720650123,1498800.0,MWG,0.0,44.612607308298585,-322.0326117503646,-229.49258762968088,-92.54002412068371,41339.57070253393,44049.54921875,46759.52773496607,12.304228144348631,0.3213016276320222,-0.006547897699139324,-0.006526506930652709,43093.590234375,44049.54921875,1,43709.93359375
2021-06-17,43709.93359375,45250.789867938496,42766.55370550304,42923.78491523676,3853500.0,MWG,0.0,50.338567210040864,-269.7325455050377,-237.54057920475225,-32.19196630028546,41597.626904178396,43876.5962890625,46155.56567394661,10.388086486335785,0.4634346348797097,0.01449305296482356,0.014598586474845465,43093.590234375,43876.5962890625,1,44338.8515625
2021-06-18,44338.8515625,44496.08276093892,44024.392850699565,44181.62036406107,1154700.0,MWG,0.0,55.313587505886055,-175.5127405919775,-225.1350114821973,49.62227089021982,41685.808002000085,43807.415234375,45929.02246674992,9.686064430069937,0.6252438057373394,0.014285913514415646,0.014388444846320514,43203.651171875,43807.415234375,1,45848.2578125
2021-06-21,45848.2578125,45879.70257715359,44213.0674041993,44213.0674041993,3539700.0,MWG,0.0,64.50428319519709,20.71481585661968,-175.9650460144339,196.6798618710536,41695.646601345485,43804.2703125,45912.89402365451,9.62748013429547,0.9846733651877793,0.03347589729188533,0.03404252020087495,43508.67734375,43804.2703125,0,45911.15625
2021-06-22,45911.15625,45974.04578646185,43867.16524328004,45911.15625,2210700.0,MWG,0.0,64.82890462561926,179.23582728095062,-104.92487135535701,284.16069863630764,41695.646601345485,43804.2703125,45912.89402365451,9.62748013429547,0.9995879365186598,0.0013709426546368846,0.0013718828261093385,43819.993359375,43804.2703125,-1,45282.234375
2021-06-23,45282.234375,45753.92431640625,45282.234375,45659.586328125,1331100.0,MWG,0.0,59.016982777557025,251.220221390824,-33.69585280612081,284.9160741969448,41727.96788297012,43790.1197265625,45852.27157015488,9.418343025636924,0.8617858338302952,-0.013793364673739726,-0.01369867209563036,44058.983203125,43790.1197265625,0,45282.234375
2021-06-24,45282.234375,45911.15552523422,45219.34115445328,45250.78960726547,1183200.0,MWG,0.0,59.016982777557025,304.7553424582002,33.99438624674339,270.7609562114568,41690.985719867705,43815.2765625,45939.5674051323,9.696576214015753,0.8452817719352941,0.0,0.0,44332.563671875,43815.2765625,0,45187.89453125
2021-06-25,45187.89453125,45596.69123532385,45125.00131328575,45282.23251565762,2151600.0,MWG,0.0,58.1106768202365,335.70013248299074,94.33553549399286,241.36459698899787,41669.40446125794,43830.999609375,45992.594757492065,9.86331668171547,0.8138642597012146,-0.0020855475522111233,-0.002083374308978092,44543.251953125,43830.999609375,1,45753.921875
2021-06-28,45753.921875,45911.1530754382,45187.89397551546,45439.463159201085,2009100.0,MWG,0.0,61.8919772999935,401.27216197553935,155.72286079030215,245.5493011852372,41620.79479835309,43941.060546875,46261.32629539691,10.560809045774942,0.8906581238118643,0.012448281228262394,0.012526083581047676,44775.95234375,43941.060546875,1,46225.61328125
2021-06-29,46225.61328125,46382.84448675631,45596.69214430237,45753.92334980868,1670100.0,MWG,0.0,64.74778823598118,485.70116151271213,221.71852093478415,263.982640577928,41626.27622951103,44106.1521484375,46586.028067363965,11.245034074069956,0.9273320928351151,0.01025653240068056,0.010309310916311487,45062.1109375,44106.1521484375,1,47797.91015625
2021-06-30,47797.91015625,48395.38278948954,46225.60929210502,46225.60929210502,3664500.0,MWG,0.0,72.22077798518787,671.7395738394116,311.72273151570965,360.01684232370195,41348.34161033867,44313.6955078125,47279.049405286336,13.383464698632688,1.0874871548056504,0.03344787346926314,0.03401354278273594,45533.80078125,44313.6955078125,0,47514.8984375
2021-07-01,47514.8984375,47955.13989933099,47326.22247240745,47797.91238513882,2181600.0,MWG,0.0,69.37018368978909,787.2645794504715,406.83110110266205,380.43347834780946,41229.5592235967,44503.94375,47778.3282764033,14.715030851185187,0.959774144304203,-0.005938604782999922,-0.005921006124009254,45914.297265625,44503.94375,1,49307.31640625
2021-07-02,49307.31640625,49370.20593317716,47483.446423819085,47483.446423819085,2892000.0,MWG,0.0,75.86704158104614,1011.7888568015842,527.8226522424466,483.9662045591376,40953.3148145967,44807.3974609375,48661.4801072783,17.202885526662154,1.0837859950389075,0.0370291626657861,0.03772328317417539,46411.14375,44807.3974609375,0,49307.31640625
2021-07-05,49307.31640625,49307.31640625,49307.31640625,49307.31640625,0.0,MWG,0.0,75.86704158104614,1176.1678335661127,657.4916885071798,518.6761450589329,40911.382292844326,45132.8634765625,49354.34466028068,18.706906048229765,0.9944298870486427,0.0,0.0,46757.049609375,45132.8634765625,0,49307.31640625
2021-07-06,49307.31640625,49307.31640625,49307.31640625,49307.31640625,0.0,MWG,0.0,75.86704158104614,1291.551159138704,784.3035826334847,507.2475765052193,40997.855594857276,45458.3294921875,49918.80338951772,19.624451435668366,0.931454930872511,0.0,0.0,47096.665625,45458.3294921875,0,49307.31640625
2021-07-07,49307.31640625,49307.31640625,49307.31640625,49307.31640625,0.0,MWG,0.0,75.86704158104614,1367.23266881366,900.8893998695198,466.34326894414016,41175.23667102711,45779.078515625,50382.92036022289,20.113300633723057,0.8831840894757285,0.0,0.0,47499.173828125,45779.078515625,0,49307.31640625
2021-07-08,49307.31640625,49307.31640625,49307.31640625,49307.31640625,0.0,MWG,0.0,75.86704158104614,1410.9462998260715,1002.9007798608302,408.0455199652413,41519.84852354434,46117.1228515625,50714.39717958066,19.937385698650104,0.8469657591722141,0.0,0.0,47901.68203125,46117.1228515625,1,55502.1796875
2021-07-09,55502.1796875,56571.3459692264,54024.22038611898,54118.55837067852,3036600.0,MWG,0.0,88.29564478114975,1923.2928388691216,1186.9791916624886,736.313647206633,40728.750525737814,46738.18125,52747.61197426219,25.715295561537012,1.229187076083318,0.11834981778596773,0.12563781062854118,48933.110546875,46738.18125,0,55502.1796875
2021-07-12,55502.1796875,55502.1796875,55502.1796875,55502.1796875,0.0,MWG,0.0,88.29564478114976,2302.7860778473623,1410.1405688994635,892.6455089478989,40382.05049892143,47341.9443359375,54301.83817295357,29.40265312142146,1.086232745976845,0.0,0.0,49907.936328125,47341.9443359375,0,55030.48828125
2021-07-13,55030.48828125,56068.2060834312,54087.10846108527,56068.2060834312,1954200.0,MWG,0.0,84.45475817722289,2536.2394597067105,1635.3603470609128,900.8791126457977,40433.86670682343,47925.2673828125,55416.668058801566,31.262843527402918,0.9742251286338666,-0.008534929596454997,-0.008498610485314528,50788.423828125,47925.2673828125,0,55030.48828125
2021-07-14,55030.48828125,55030.48828125,55030.48828125,55030.48828125,0.0,MWG,0.0,84.45475817722289,2690.2415171781977,1846.33658108437,843.9049360938277,40757.054187547874,48522.7412109375,56288.428234327126,32.00844317360687,0.9190065251607288,0.0,0.0,51511.681640625,48522.7412109375,-1,52546.25390625
2021-07-15,52546.25390625,53772.64762399013,51256.96697462565,51854.44329383261,3312300.0,MWG,0.0,66.72558239474259,2582.067834089721,1993.4828316854403,588.5850024042809,41347.75432762597,48964.5572265625,56581.360125499035,31.111495050156556,0.7351181149893992,-0.04619355552639624,-0.04514287357043911,52014.8171875,48964.5572265625,0,52546.25390625
2021-07-16,52546.25390625,52546.25390625,52546.25390625,52546.25390625,0.0,MWG,0.0,66.72558239474259,2467.8910985179537,2088.364485051943,379.52661346601053,41924.91376609988,49374.92734375,56824.94092140012,30.177314594441263,0.7128403209904147,0.0,0.0,52338.7109375,49374.92734375,-1,49212.984375
2021-07-19,49212.984375,51256.97163363728,49212.984375,50722.39216480112,5604000.0,MWG,0.0,50.29547022368032,2084.4104331296185,2087.5736746674784,-3.1632415378599035,42278.8225852342,49543.163671875,56807.5047585158,29.325301608724963,0.47727396793893634,-0.06553630976589304,-0.06343496031509743,52329.277734375,49543.163671875,1,51760.109375
2021-07-20,51760.109375,51760.109375,49212.983761465424,49684.67368989776,3159600.0,MWG,0.0,58.67028282767145,1963.3981120062235,2062.7385621352273,-99.34045012900378,42717.4588184879,49835.611328125,56953.7638377621,28.566530318129875,0.6351824117472524,0.05046226456754678,0.05175717409436209,52574.55703125,49835.611328125,0,51382.75
2021-07-21,51382.75,52389.01924505218,50973.94966443784,52200.34330097027,1560600.0,MWG,0.0,57.13437147180764,1816.110239479276,2013.4128976040372,-197.30265812476114,43327.754053021294,50140.637109375,56953.5201657287,27.17509568732573,0.5911591231165053,-0.0073172502876989965,-0.007290544389426334,52782.100390625,50140.637109375,1,51948.78125
2021-07-22,51948.78125,52955.05056125549,50879.61503980979,51099.73944577221,2946300.0,MWG,0.0,58.87353069736314,1725.170835197714,1955.7644851227726,-230.59364992505857,44018.99982678082,50473.964453125,56928.929079469184,25.577402909727397,0.6142389526703164,0.01095574419134557,0.011015978124954362,53046.246875,50473.964453125,-1,50848.171875
2021-07-23,50848.171875,51948.78288420329,50628.0511471903,51288.4170156968,3671700.0,MWG,0.0,54.26338634767592,1546.4640488210207,1873.9043978624222,-327.44034904140153,44800.79164637667,50756.9783203125,56713.16499424833,23.469429706189647,0.5076553640508418,-0.021414086691426294,-0.021186433031092577,52580.84609375,50756.9783203125,0,50407.92578125
2021-07-26,50407.92578125,50628.05018997524,49653.22194579734,50439.37423111208,3419400.0,MWG,0.0,52.492705119944105,1353.7087409182423,1769.8652664735864,-416.15652555534416,45512.067918365705,50989.678515625,56467.28911288429,21.485174085107296,0.44689721694838297,-0.008695750242738486,-0.0086580515585154,52071.420703125,50989.678515625,-1,49684.67578125
2021-07-27,49684.67578125,50942.51441498926,49370.2133590069,50942.51441498926,4432200.0,MWG,0.0,49.62763856248405,1129.5675881064526,1641.8057308001598,-512.2381426937072,46116.97704905842,51162.631640625,56208.286232191575,19.723983813061498,0.35354171271996243,-0.014451869101655815,-0.014347942090269905,51536.839453125,51162.631640625,0,49401.66015625
2021-07-28,49401.66015625,50470.822774834334,49087.19774454821,49621.780896379176,1367100.0,MWG,0.0,48.51182903669621,918.5091126771949,1497.146407175567,-578.6372944983721,46374.45590284974,51242.819140625,56111.182378400255,19.001153017811422,0.3109057506135914,-0.005712521145460354,-0.005696235721574405,50973.956640625,51242.819140625,1,51194.078125
2021-07-29,51194.078125,51194.078125,49055.74936041756,50250.69832960735,3953400.0,MWG,0.0,55.35767083466426,885.6674771536855,1374.8506211711908,-489.18314401750536,46884.39925183468,51426.778125,55969.156998165316,17.66542271858614,0.47438566811602817,0.035639833704030954,0.036282545223801144,50838.7390625,51426.778125,0,51602.87890625
2021-07-30,51602.87890625,51854.44810002664,50156.364333458994,50785.28179028416,5337600.0,MWG,0.0,56.76945156822912,882.4546629013203,1276.371429517217,-393.9167666158967,47110.01521285827,51541.55625,55973.09728714173,17.195992358658092,0.5069188861996358,0.0079535999528948,0.00798531385313428,50744.4015625,51541.55625,1,53426.7421875
2021-08-02,53426.7421875,54244.33925388876,51414.19981455543,51571.43101176641,4898400.0,MWG,0.0,62.47168186591086,1015.374404508133,1224.1720245154002,-208.79762000726714,47370.632322982725,51747.5275390625,56124.42275514228,16.91634527959159,0.6918271475026888,0.03473394695281973,0.03534421566989554,51165.77734375,51747.5275390625,0,53426.7421875
2021-08-03,53426.7421875,53458.19063798864,52829.2695342221,53426.7421875,2606700.0,MWG,0.0,62.47168186591086,1107.9425849179388,1200.926136595908,-92.98355167796922,47673.474141672865,51953.498828125,56233.52351457713,16.476367455487495,0.672106876397041,0.0,0.0,51332.440625,51953.498828125,0,53426.7421875
2021-08-04,53426.7421875,53426.7421875,53426.7421875,53426.7421875,0.0,MWG,0.0,62.47168186591086,1167.841386265587,1194.3091865298438,-26.467800264256766,48021.505071882726,52159.4701171875,56297.43516249227,15.866591573909558,0.6531274498984033,0.0,0.0,51536.83984375,52159.4701171875,1,54401.5703125
2021-08-05,54401.5703125,54810.36700211419,53143.72810817155,53332.40407031308,2969400.0,MWG,0.0,65.50873860971572,1279.225979785646,1211.2925451810042,67.93343460464166,48389.842493791504,52414.1828125,56438.5231312085,15.355921251714157,0.7469209041244547,0.018081608843122047,0.018246070882983245,51782.11875,52414.1828125,0,53929.87890625
2021-08-06,53929.87890625,55187.71739049478,53929.87890625,54401.56879847645,3098100.0,MWG,0.0,62.85798795830888,1314.2872331300168,1231.8914827708068,82.39575035921007,48508.63414550146,52335.5677734375,56162.501401373534,14.62459963939998,0.7083013827538414,-0.008708355524808462,-0.00867054762464492,52090.289453125,52335.5677734375,1,54653.13671875
2021-08-09,54653.13671875,54778.923152331605,53300.96019582854,53772.65010906596,1914000.0,MWG,0.0,65.18428320712044,1384.4750236917898,1262.4081909550034,122.06683273678641,48597.50227034241,52293.115625,55988.728979657586,14.134225167072698,0.8193003254487734,0.013321945516813457,0.013411077999216037,52514.810546875,52293.115625,0,54653.13671875
2021-08-10,54653.13671875,54653.13671875,54653.13671875,54653.13671875,0.0,MWG,0.0,65.18428320712044,1423.6879647451278,1294.6641457130283,129.02381903209948,48634.040660865234,52274.248046875,55914.455432884766,13.927344809419525,0.8267518055451549,0.0,0.0,53011.656640625,52274.248046875,0,55030.48828125
2021-08-11,55030.48828125,56382.66848020439,54275.78442511822,54716.02956955423,5012400.0,MWG,0.0,66.4555662613982,1468.2881091345553,1329.3889383973337,138.89917073722154,48634.040660865234,52274.248046875,55914.455432884766,13.927344809419525,0.8785828583514123,0.006880754557504029,0.006904481337308921,53574.539453125,52274.248046875,-1,53458.1875
2021-08-12,53458.1875,55030.48463950662,53458.1875,54558.7947606392,3516300.0,MWG,0.0,57.09986844818867,1361.0729108312953,1335.725732884126,25.347177947169257,48642.634230328295,52319.8447265625,55997.055222796705,14.056656763613464,0.6547834662447616,-0.02898755775071685,-0.028571448852393933,53800.950390625,52319.8447265625,0,53772.6484375
2021-08-13,53772.6484375,53772.6484375,52640.59268092105,53300.95853892544,3350400.0,MWG,0.0,58.362411368613685,1286.6467999289453,1325.90994629309,-39.26314636414463,48647.587327175184,52381.164453125,56114.74157907481,14.255418583872558,0.6863472934178386,0.0058651382543251866,0.005882371853703328,54017.92734375,52381.164453125,0,53489.6328125
2021-08-16,53489.6328125,54087.10543683787,52829.266975308645,53929.87793231998,3089400.0,MWG,0.0,56.7438299004125,1191.0963577697985,1298.9472285884317,-107.85087081863321,49146.42914052076,52594.996875,56043.56460947923,13.113672171804783,0.6297112317898406,-0.005277088618264022,-0.005263189246275446,54024.21640625,52594.996875,0,53489.6328125
2021-08-17,53489.6328125,53489.6328125,53489.6328125,53489.6328125,0.0,MWG,0.0,56.7438299004125,1102.661152570814,1259.6900133849083,-157.0288608140943,49234.31659863352,52681.473046875,56128.629495116475,13.08678838640013,0.6172212195412938,0.0,0.0,54030.50546875,52681.473046875,1,54244.34375
2021-08-18,54244.34375,54558.80248540889,53017.94989130435,53143.732648452366,2593800.0,MWG,0.0,60.16087510365716,1081.0132329411717,1223.954657296161,-142.9414243549893,49366.83327477066,52824.552734375,56282.27219397934,13.09133454282621,0.7053074334416164,0.014010868393290226,0.014109480619272974,54112.265625,52824.552734375,0,54244.34375
2021-08-19,54244.34375,54244.34375,53300.96385869566,54244.34375,2357100.0,MWG,0.0,60.16087510365717,1051.7333730268801,1189.510400442305,-137.77702741542475,49451.74343154995,52939.330859375,56426.918287200046,13.175789611278901,0.6870939320708074,0.0,0.0,54096.54296875,52939.330859375,-1,51571.43359375
2021-08-20,51571.43359375,54087.11076461165,51571.43359375,54087.11076461165,6111900.0,MWG,0.0,45.422572467846294,803.584144127919,1112.3251491794279,-308.74100505150886,49565.05932344614,52975.4939453125,56385.92856717885,12.87551797209104,0.29415228449766806,-0.0505308176487306,-0.04927537087680223,53860.6984375,52975.4939453125,-1,49716.11328125
2021-08-23,49716.11328125,51571.4280349688,49684.66851765381,51256.96565869818,4857900.0,MWG,0.0,38.391964499414144,452.0048185617343,980.2610830558892,-528.256264494155,49408.95048990635,52940.9033203125,56472.85615071865,13.343001758154758,0.04348342207451442,-0.03663881521536575,-0.03597573662805542,53366.99609375,52940.9033203125,1,50470.8203125
2021-08-24,50470.8203125,51068.29296946017,49716.11645735981,49936.237186749895,3182700.0,MWG,0.0,42.304069625760974,231.60442844792124,830.5297521342957,-598.9253236863744,49586.030624213236,52980.210546875,56374.39046953677,12.813010320745013,0.13033924371235148,0.015066262239559945,0.015180330509356743,52948.764453125,52980.210546875,0,50785.28515625
2021-08-25,50785.28515625,51571.43755700278,50345.04364430942,50628.05762416173,1800300.0,MWG,0.0,43.9025047469233,81.37220802032243,680.6982433115011,-599.3260352911786,49915.93478331153,53049.391796875,56182.848810438474,11.813356977065494,0.138720647702426,0.006211296658180705,0.006230626762214753,52524.244140625,53049.391796875,0,50942.5078125
2021-08-26,50942.5078125,51697.21163194444,50816.72507095168,51539.9804412011,1848600.0,MWG,0.0,44.72700453226324,-24.716438916060724,539.6153068659888,-564.3317457820496,49870.153643655736,53036.81328125,56203.47291884426,11.941364654779377,0.1693194551307921,0.003091048706450189,0.0030958309235888937,52272.676171875,53036.81328125,1,51728.65234375
2021-08-27,51728.65234375,51854.43876052173,51005.39703015885,51005.39703015885,4008600.0,MWG,0.0,48.78071338504893,-44.840271613618825,422.7241911700673,-467.5644627836861,49887.95380294698,53043.101953125,56198.25010330302,11.896544636346022,0.29169764036265083,0.015314132888979148,0.015431995106002683,52068.2765625,53043.101953125,1,52407.8515625
2021-08-30,52407.8515625,53213.39720134494,52407.8515625,52644.77675039557,2533800.0,MWG,0.0,52.05250008386526,-5.914672697297647,336.9964183965943,-342.91109109389197,49830.195485636905,52992.157421875,56154.1193581131,11.933697701965421,0.40760390682150766,0.013044587140164153,0.013130038923816256,51960.0984375,52992.157421875,0,52597.3828125
2021-08-31,52597.3828125,52597.3828125,52123.53251689189,52597.3828125,1258200.0,MWG,0.0,52.95558351813183,39.76929708269017,277.5509941338135,-237.78169705112333,49790.9723826935,52950.689453125,56110.4065235565,11.934564414798274,0.44409204483350284,0.003609943008157368,0.0036164667001084005,51870.8734375,52950.689453125,0,52218.30859375
2021-09-01,52218.30859375,52597.38887392241,51602.30313846983,52265.69362877155,1340800.0,MWG,0.0,50.89100665788756,44.868830917919695,231.01456149063475,-186.14573057271505,49722.67374162309,52890.2677734375,56057.861805251916,11.97798447677831,0.3939322443251035,-0.007233189351625026,-0.007207092795877834,51668.269921875,52890.2677734375,0,52218.30859375
2021-09-02,52218.30859375,52218.30859375,52218.30859375,52218.30859375,0.0,MWG,0.0,50.89100665788756,48.35286647636531,194.4822224877809,-146.12935601141558,49683.09143781558,52781.1046875,55879.11793718443,11.73909969496382,0.40916822356919685,0.0,0.0,51465.66640625,52781.1046875,0,52218.30859375
2021-09-03,52218.30859375,52218.30859375,52218.30859375,52218.30859375,0.0,MWG,0.0,50.89100665788756,50.53149414778454,165.69207681978165,-115.1605826719971,49636.816690202766,52695.526171875,55754.23565354723,11.608991137865306,0.42199037192245914,0.0,0.0,51530.35390625,52695.526171875,0,52597.3828125
2021-09-06,52597.3828125,52644.767842060806,52360.45766469595,52597.3828125,2243400.0,MWG,0.0,53.17127361481622,81.90207750404807,148.93407695663495,-67.03199945258689,49676.15506071298,52592.7384765625,55509.32189241202,11.091201942828171,0.5007961946008913,0.007233189351624998,0.007259412052181391,51818.480859375,52592.7384765625,0,52265.69140625
2021-09-07,52265.69140625,52834.31180232888,52123.536307230286,52786.92676932231,1788000.0,MWG,0.0,50.9423347254922,79.08709954951337,134.96468147521065,-55.877581925697285,49721.05030509339,52473.3662109375,55225.68211678161,10.490334829216346,0.462272716542724,-0.006326202334508674,-0.00630623404651931,51997.96796875,52473.3662109375,0,52265.69140625
2021-09-08,52265.69140625,52265.69140625,52265.69140625,52265.69140625,0.0,MWG,0.0,50.9423347254922,75.98035500336846,123.16781618084222,-47.187461177473764,49859.79740572361,52335.1263671875,54810.455328651384,9.459531803159415,0.4859745993323579,0.0,0.0,52146.00859375,52335.1263671875,1,56340.8046875
2021-09-09,56340.8046875,56340.8046875,52786.92718408327,52976.46731759882,5089600.0,MWG,0.0,69.28722159454165,397.7606846466588,178.08638987400553,219.67429477265324,49453.98916968771,52479.2572265625,55504.52528343729,11.52938595839555,1.1382157528425132,0.075078885294546,0.07796918344722581,52685.83828125,52479.2572265625,0,56340.8046875
2021-09-10,56340.8046875,56530.34482101556,55487.87408667999,56388.18972087889,1844200.0,MWG,0.0,69.28722159454165,645.3348952259184,271.5360909443881,373.79880428153035,49162.39096034418,52607.6650390625,56052.93911778082,13.097992758888347,1.0417768750964318,0.0,0.0,53147.053515625,52607.6650390625,1,59231.2890625
2021-09-13,59231.2890625,59231.2890625,56293.417125,56340.80215625,4535200.0,MWG,0.0,76.5123813740015,1062.5290001501126,429.734672785533,632.7943273645795,48356.52918308433,52894.7478515625,57432.96652004067,17.159430199813734,1.1981308828230588,0.05003088867809073,0.051303569252025616,53829.397265625,52894.7478515625,0,58994.3671875
2021-09-14,58994.3671875,59136.52228915662,57857.12637424698,58757.44201807229,2146200.0,MWG,0.0,74.955866775473,1358.3821350605213,615.4641652405307,742.9179698199905,47875.20761773157,53169.9845703125,58464.76152289344,19.91641335001356,1.0500120844890743,-0.004007965777820361,-0.003999944602758876,54469.095703125,53169.9845703125,0,59041.75
2021-09-15,59041.75,59231.29012841091,58188.81942215088,58520.51464686998,1457600.0,MWG,0.0,75.06511871156297,1578.4755889355147,808.0664499795275,770.4091389559871,47510.03730451875,53409.8548828125,59309.672461106245,22.092617893228283,0.9772940046407562,0.0008028528246126007,0.0008031751972084056,55151.43984375,53409.8548828125,0,58567.90234375
2021-09-16,58567.90234375,58994.36765207828,58188.82206968042,58994.36765207828,1556600.0,MWG,0.0,71.69670876490616,1695.1253413140876,985.4782282464396,709.647113067648,47296.29182809982,53626.0328125,59955.77379690018,23.606970914785798,0.8903690169494589,-0.008058015830824498,-0.008025637049206669,55786.39921875,53626.0328125,0,58283.58984375
2021-09-17,58283.58984375,58757.44016768292,57904.50958460366,58567.90003810975,1838400.0,MWG,0.0,69.67641527235753,1744.5197303136665,1137.2865286598849,607.2332016537816,47383.67890439934,53961.640625,60539.60234560066,24.380139834196,0.8285173585926057,-0.0048662290181331995,-0.004854408107896613,56392.92734375,53961.640625,0,58283.58984375
2021-09-20,58283.58984375,60178.9911394817,57525.42932545731,59183.90545922256,2740600.0,MWG,0.0,69.67641527235753,1763.3384712072002,1262.496917169348,500.8415540378521,47860.483692528396,54390.014453125,60919.5452137216,24.010035026646126,0.7981512403710039,0.0,0.0,56961.548046875,54390.014453125,0,58283.58984375
2021-09-21,58283.58984375,58283.58984375,58283.58984375,58283.58984375,0.0,MWG,0.0,69.67641527235753,1757.9874736598867,1361.595028467456,396.39244519243084,48303.76210635272,54780.6529296875,61257.543753022284,23.646636091205604,0.7704180917672877,0.0,0.0,57563.337890625,54780.6529296875,0,58283.58984375
2021-09-22,58283.58984375,58283.58984375,58283.58984375,58283.58984375,0.0,MWG,0.0,69.67641527235753,1733.7610513802501,1436.028233050015,297.7328183302352,48785.25180866617,55155.5681640625,61525.88451945882,23.099449674591536,0.7455154112587942,0.0,0.0,58165.127734375,55155.5681640625,1,62548.2421875
2021-09-23,62548.2421875,63211.632634943184,59942.0654296875,59942.0654296875,5183200.0,MWG,0.0,80.66732446353369,2035.2224624702212,1555.8670789340563,479.35538353616494,48885.16889497251,55735.8548828125,62586.54087065249,24.582689194393488,0.9972047556098418,0.07061755807466641,0.07317072189930185,58785.871484375,55735.8548828125,-1,61837.46875
2021-09-24,61837.46875,63495.94492337165,61837.46875,62643.01431992337,263760000.0,MWG,0.0,75.74000577229359,2191.516883979799,1682.997039943205,508.5198440365939,49148.09467334174,56241.295703125,63334.49673290826,25.22417359381403,0.8944744427359054,-0.011428662803133958,-0.011363603718379856,59335.537890625,56241.295703125,-1,59705.140625
2021-09-27,59705.140625,61126.6915922619,59705.140625,61126.6915922619,7476400.0,MWG,0.0,63.25676115602767,2118.894977652766,1770.1766274851173,348.71835016764885,49592.94653273849,56606.16015625,63619.37377976151,24.778976719681868,0.7209386905284615,-0.03509134688396893,-0.034482784759846785,59382.923046875,56606.16015625,0,60036.83984375
2021-09-28,60036.83984375,60178.99494993094,58710.058852727896,59041.75410048342,2689400.0,MWG,0.0,64.24400871037861,2064.310857921875,1829.003473572469,235.30738434940622,50071.81970089417,56978.1330078125,63884.446314730834,24.241978254961,0.7214428089204603,0.005540246885706483,0.005555622435149399,59487.1703125,56978.1330078125,0,60558.0703125
2021-09-29,60558.0703125,60889.765533304,60084.21999706573,60084.21999706573,2417600.0,MWG,0.0,65.79910104803727,2039.6002504213538,1871.122828942246,168.47742147910776,50694.86237180471,57395.12109375,64095.37981569529,23.347833733118165,0.7360318720522256,0.008644373362432378,0.008681843849651871,59638.80234375,57395.12109375,0,60558.0703125
2021-09-30,60558.0703125,61126.690691021126,60036.8349655223,60558.0703125,2088800.0,MWG,0.0,65.79910104803729,1996.9967801526072,1896.2976191843184,100.69916096828888,51438.293553174226,57812.1091796875,64185.92480620077,22.05010582368697,0.7154095202715058,0.0,0.0,59837.819140625,57812.1091796875,-1,59799.9140625
2021-10-01,59799.9140625,60558.07462113708,59705.14399267036,60178.994341818536,2173200.0,MWG,0.0,61.301540307061366,1880.3804939859037,1893.1141941446356,-12.733700158731835,52337.57207443581,58191.189453125,64044.80683181419,20.118569266931647,0.6374128598865856,-0.01259852068747381,-0.012519491557238527,59989.4515625,58191.189453125,0,59799.9140625
2021-10-04,59799.9140625,59799.9140625,58425.74804997028,59231.293643522185,438000000.0,MWG,0.0,61.301540307061366,1767.5856202771029,1868.008479371129,-100.42285909402608,53290.50814706207,58551.316015625,63812.12388418793,17.969904782871254,0.6186698011094703,0.0,0.0,60141.083984375,58551.316015625,0,60084.22265625
2021-10-05,60084.22265625,60084.22265625,59278.67708436021,59705.142387125394,1878600.0,MWG,0.0,62.41873560472248,1681.7500301744658,1830.7567895317964,-149.00675935733057,54559.36376486429,58942.242578125,63325.12139138571,14.871774881830873,0.6302773960655563,0.004743065004778966,0.004754331142564183,60321.147265625,58942.242578125,0,60084.22265625
2021-10-06,60084.22265625,60084.22265625,60084.22265625,60084.22265625,0.0,MWG,0.0,62.41873560472248,1595.3346814595789,1783.6723679173529,-188.337686457774,56258.07262734206,59333.169140625,62408.26565390795,10.365522549434992,0.6221186899957133,0.0,0.0,60501.210546875,59333.169140625,0,60652.84765625
2021-10-07,60652.84765625,60795.00276794434,60321.15239562989,60321.15239562989,1932000.0,MWG,0.0,64.77737968363898,1554.8102950708853,1737.8999533480596,-183.0896582771743,56766.32031253942,59548.7712890625,62331.22226558557,9.345116335033893,0.6983999676010727,0.00941929769715886,0.00946379889531368,60311.67109375,59548.7712890625,0,60652.84765625
2021-10-08,60652.84765625,60652.84765625,60652.84765625,60652.84765625,0.0,MWG,0.0,64.77737968363898,1505.341783853859,1691.3883194492196,-186.04653559536064,57390.26272291734,59764.3734375,62138.48415208266,7.944902884543559,0.6871172673819856,0.0,0.0,60193.208984375,59764.3734375,0,60652.84765625
2021-10-11,60652.84765625,60652.84765625,60652.84765625,60652.84765625,0.0,MWG,0.0,64.77737968363898,1449.4295111470274,1642.9965577887813,-193.5670466417539,57443.48789057195,59835.4513671875,62227.41484380305,7.995138072702006,0.6708630372189152,0.0,0.0,60287.9796875,59835.4513671875,1,62595.62890625
2021-10-12,62595.62890625,62927.32413890992,61363.6180420846,61363.6180420846,4564000.0,MWG,0.0,72.2179647282631,1544.085585110086,1623.2143632530424,-79.12877814295643,57362.2234598816,60015.514453125,62668.805446368395,8.842016993175141,0.9862102309349523,0.031528863313814395,0.03203116300508624,60543.85859375,60015.514453125,1,63448.56640625
2021-10-13,63448.56640625,63590.72152142457,62595.63571520258,62690.40579198563,3785200.0,MWG,0.0,74.74076889152387,1668.6905081853038,1632.3095922394948,36.380915945808965,57216.39543463425,60235.8552734375,63255.31511224074,10.025456848239532,1.0320009710885658,0.013534149945647275,0.013626151137125841,60832.908203125,60235.8552734375,0,63448.56640625
2021-10-14,63448.56640625,63448.56640625,63448.56640625,63448.56640625,0.0,MWG,0.0,74.74076889152387,1747.2990318688971,1655.3074801653754,91.99155170352174,57246.67902581586,60479.8884765625,63713.097927309136,10.691849909741782,0.9590914963770676,0.0,0.0,61121.9578125,60479.8884765625,-1,62737.7890625
2021-10-15,62737.7890625,63353.794544231496,62548.248914274925,63259.02447011896,1654800.0,MWG,0.0,68.71060664268485,1732.274479904554,1670.7008801132113,61.57359979134276,57492.837050685506,60702.5984375,63912.35982431449,10.57536734648779,0.817031451833218,-0.011265637373043032,-0.011202417706320023,61415.7453125,60702.5984375,0,62737.7890625
2021-10-18,62737.7890625,62737.7890625,62737.7890625,62737.7890625,0.0,MWG,0.0,68.71060664268485,1700.7620875689026,1676.7131216043497,24.048965964552963,57805.40278141734,60925.3083984375,64045.214015457655,10.241739267421327,0.7904704318897978,0.0,0.0,61709.5328125,60925.3083984375,-1,61458.38671875
2021-10-19,61458.38671875,62074.39213690247,61174.07652575656,61553.15678308115,2302000.0,MWG,0.0,58.80602389049998,1554.630401336486,1652.296577550777,-97.666176214291,58217.282915044365,61084.0482421875,63950.81356933063,9.38629776394948,0.5652893477220103,-0.02060365539230467,-0.02039285035173055,61846.94921875,61084.0482421875,0,61221.46484375
2021-10-20,61221.46484375,62074.395468508126,60652.84442724458,61553.16008671149,2667800.0,MWG,0.0,57.16275638816594,1403.5234274924296,1602.5419475391077,-199.01852004667808,58685.27934659443,61230.9419921875,63776.604637780576,8.314955030147592,0.4981385694499018,-0.0038624463027215894,-0.003854996651380005,61960.6734375,61230.9419921875,-1,60178.9921875
2021-10-21,60178.9921875,61600.54318405512,60178.9921875,61221.46291830709,2943400.0,MWG,0.0,50.478717639314574,1185.9799919024445,1519.229556411775,-333.24956450933064,58604.70030026094,61112.4794921875,63620.25868411406,8.20709358469786,0.3138816791181754,-0.017174536340365466,-0.017027894692010492,61913.287890625,61112.4794921875,0,60463.296875
2021-10-22,60463.296875,60842.37710619122,60226.37173050548,60794.99207729232,1851400.0,MWG,0.0,52.1229281094319,1024.704112971238,1420.3244677236676,-395.62035475242965,58544.341300863096,61043.7708984375,63543.2004960119,8.188975093733534,0.38387870096424687,0.004713193292484832,0.004724317858534333,61894.3328125,61043.7708984375,0,60463.296875
2021-10-25,60463.296875,60463.296875,60463.296875,60463.296875,0.0,MWG,0.0,52.1229281094319,886.6708276209029,1313.5937397031148,-426.92291208221195,58645.53708832372,61081.6787109375,63517.82033355128,7.976668860535284,0.37308171450352157,0.0,0.0,61875.377734375,61081.6787109375,0,60463.296875
2021-10-26,60463.296875,60463.296875,60463.296875,60463.296875,0.0,MWG,0.0,52.1229281094319,768.4205803792283,1204.5591078383375,-436.1385274591091,58698.10094818609,61103.0015625,63507.902176813914,7.871628407170893,0.36699976629127745,0.0,0.0,61662.14453125,61103.0015625,0,60463.296875
2021-10-27,60463.296875,60463.296875,60463.296875,60463.296875,0.0,MWG,0.0,52.1229281094319,667.0174455844244,1097.050775387555,-430.0333298031305,58688.47272713662,61098.262890625,63508.053054113385,7.888244442570374,0.3682528410054936,0.0,0.0,61363.617578125,61098.262890625,1,62548.2421875
2021-10-28,62548.2421875,62785.16734730114,60889.76606889205,62216.54696377841,2378800.0,MWG,0.0,63.934482960832874,746.2896304821188,1026.8985464064679,-280.60891592434905,58718.54139431124,61197.771484375,63677.00157443876,8.102354154176195,0.772356871703318,0.033901616280988665,0.03448282545376835,61273.58515625,61197.771484375,0,62263.9296875
2021-10-29,62263.9296875,62500.85483851789,62027.00453648212,62311.31471770358,2688800.0,MWG,0.0,61.69913798934641,777.2125430887754,976.9613457429293,-199.7488026541539,58889.7982789218,61320.972265625,63752.1462523282,7.92933933327752,0.6939304687842802,-0.00455585360770325,-0.004545491448788019,61226.19921875,61320.972265625,0,62263.9296875
2021-11-01,62263.9296875,62263.9296875,62263.9296875,62263.9296875,0.0,MWG,0.0,61.69913798934641,792.5827732724647,940.0856312488365,-147.50285797637184,59089.00560297327,61444.173046875,63799.34049077673,7.666040007097179,0.6740336218445115,0.0,0.0,61178.81328125,61444.173046875,-1,61553.15625
2021-11-02,61553.15625,61079.30593244804,60889.76580542725,60889.76580542725,1733600.0,MWG,0.0,56.02030057845821,738.8928187352285,899.847068746115,-160.95425001088654,59251.07173687796,61517.6197265625,63784.167716247044,7.368776619638543,0.5078393494422424,-0.011481149629028011,-0.011415492743027,61188.290234375,61517.6197265625,0,61031.921875
2021-11-03,61031.921875,61600.54226513975,60415.9164523486,61079.30690751165,2810000.0,MWG,0.0,52.22419212050787,646.8276584141931,849.2431866797307,-202.41552826553755,59386.72639337094,61565.0046875,63743.282981629054,7.076352239996919,0.3776366605826323,-0.008504094042405999,-0.008468036519248323,61169.3359375,61565.0046875,0,61553.15625
2021-11-04,61553.15625,61884.85147228638,60652.84064665127,60889.76580542725,1900200.0,MWG,0.0,55.47353874087724,608.9055295767612,801.1756552591368,-192.27012568237558,59474.31662360813,61610.0201171875,63745.72361076687,6.932974504851909,0.48668732168148504,0.008504094042405923,0.00854035657057528,61306.75234375,61610.0201171875,1,62548.2421875
2021-11-05,62548.2421875,63022.09250710228,62074.39186789773,63022.09250710228,3271600.0,MWG,0.0,60.93587383338912,651.6354404069498,771.2676122886994,-119.63217188174963,59579.73652077301,61704.78984375,63829.84316672698,6.8878066949359535,0.6984543951509911,0.016037003236731188,0.016166286152060616,61515.246875,61704.78984375,0,62358.703125
2021-11-08,62358.703125,63022.0935837766,62358.703125,62548.24325607903,2252600.0,MWG,0.0,59.440111488234095,662.567320653885,749.5275539617367,-86.9602333078517,59706.26939742131,61790.0826171875,63873.89583695369,6.744814479942314,0.6364374941138676,-0.0030348866110764742,-0.0030302859979952634,61704.7875,61790.0826171875,-1,61600.54296875
2021-11-09,61600.54296875,62548.243629807694,61600.54296875,62453.473563701926,2097800.0,MWG,0.0,53.755990263995905,603.1015468940313,720.2423525481956,-117.1408056541643,59690.25366472706,61740.3283203125,63790.402975897945,6.640958062126047,0.4659072533818081,-0.012232562460587916,-0.012158048808844635,61818.512109375,61740.3283203125,1,62311.31640625
2021-11-10,62311.31640625,62311.31640625,61363.61577649715,61600.540933935365,1530800.0,MWG,0.0,57.827606879284026,606.3384764623042,697.4615773310175,-91.12310086871321,59774.67109991622,61683.4658203125,63592.26054070878,6.188999580395539,0.6644625740077363,0.011472368129822219,0.011538428124904243,62003.3140625,61683.4658203125,1,63969.79296875
2021-11-11,63969.79296875,64443.64328703704,61837.466536458334,62311.316854745375,8882800.0,MWG,0.0,65.4677155539223,734.2648168481319,704.8222252344405,29.442591613691434,59688.33729581456,61709.5271484375,63730.71700106043,6.55065739771792,1.0591423827354258,0.0262679340182654,0.02661597697097684,62145.469140625,61709.5271484375,0,64443.64453125
2021-11-12,64443.64453125,64443.64453125,63448.55884363511,64443.64453125,2369600.0,MWG,0.0,67.29100712392383,863.92444103249,736.6426683940504,127.28177263843963,59469.79278443446,61794.819921875,64119.84705931554,7.524990413047538,1.069633052173942,0.007380126604615337,0.007407426857415134,62363.440625,61794.819921875,1,66054.734375
2021-11-15,66054.734375,66291.65953416428,64585.79838818149,64585.79838818149,5263000.0,MWG,0.0,72.59008834764138,1084.1843114358198,806.1509970024043,278.0333144334155,58973.50545807812,61960.6671875,64947.828916921884,9.642122543265685,1.1852771222889797,0.024692593370988506,0.024999980300132618,62742.52109375,61960.6671875,-1,65343.96484375
2021-11-16,65343.96484375,65865.20024134337,64443.649156997824,65391.34987989485,2981200.0,MWG,0.0,67.40208263048149,1187.6976454534015,882.4603266926038,305.23731876079773,58820.1400571776,62154.94609375,65489.75213032239,10.730621603443804,0.9781415643108534,-0.010818622528050456,-0.010760311701730307,63121.601953125,62154.94609375,0,65343.96484375
2021-11-17,65343.96484375,65391.34987989485,64538.41922928752,65249.19477146029,1724400.0,MWG,0.0,67.40208263048149,1255.2628200204126,957.0208253581657,298.24199466224695,58769.46899664512,62361.07109375,65952.67319085488,11.518731266515537,0.9152594955332677,0.0,0.0,63552.80625,62361.07109375,0,65865.1953125
2021-11-18,65865.1953125,67049.82112747301,64822.724595323736,65533.500084307554,4264800.0,MWG,0.0,69.26999342996552,1335.473147230805,1032.7112897326936,302.76185749811134,58884.81299501091,62645.38125,66405.94950498908,12.005891511719671,0.928102063860738,0.007945073499148997,0.007976719349619632,63984.01015625,62645.38125,0,65865.1953125
2021-11-19,65865.1953125,66812.89596447842,64443.64433453237,66339.0456384892,2756000.0,MWG,0.0,69.26999342996551,1383.0969289799032,1102.7884175821355,280.3085113977677,59040.57489250633,62915.476171875,66790.37745124366,12.317800055372887,0.8806186181220075,0.0,0.0,64315.70546875,62915.476171875,0,65675.65625
2021-11-22,65675.65625,66528.58685064936,65391.34604978355,66339.04671717172,2230200.0,MWG,0.0,67.63551431515755,1389.5272951197476,1160.136193089658,229.39110203008954,59294.48945644983,63176.094140625,67057.69882480017,12.288207230839642,0.8219753571976827,-0.0028818301147439476,-0.0028776816283733186,64647.40078125,63176.094140625,1,67760.6015625
2021-11-23,67760.6015625,68234.45192307692,65438.73479567308,65675.65997596153,3852400.0,MWG,0.0,74.70578521691391,1545.0506861681133,1237.119091705349,307.9315944627642,59371.812866313645,63540.959375,67710.10588368635,13.122705573522367,1.0060558772291213,0.03125260023686725,0.031746090279836325,65263.406640625,63540.959375,0,68234.4453125
2021-11-24,68234.4453125,68234.4453125,66955.04946289063,67760.59499782986,2975000.0,MWG,0.0,75.98957064737691,1687.0915830160593,1327.1135899674912,359.9779930485681,59526.151247148606,63929.516796875,68332.8823466014,13.775688509322947,0.9888225230236091,0.0069685724357482675,0.006992909435181716,65855.71953125,63929.516796875,0,68708.296875
2021-11-25,68708.296875,68708.296875,67523.67106681035,68281.83158405173,1691400.0,MWG,0.0,77.23394449370832,1816.9511956973147,1425.0811111134558,391.8700845838589,59400.551372918446,64237.51953125,69074.48768958155,15.059635532715381,0.962146658547793,0.0069204610058428255,0.006944462731833578,66329.569921875,64237.51953125,-1,67049.8125
2021-11-26,67049.8125,68945.21356007067,67049.8125,68613.5183745583,2524800.0,MWG,0.0,64.61220380336457,1765.6863130892161,1493.202151508608,272.4841615806081,59577.813972938224,64476.813671875,69375.81337081178,15.196159425209743,0.7626045097209753,-0.02443414828369562,-0.024138051013216866,66590.18671875,64476.813671875,-1,65154.421875
2021-11-29,65154.421875,66670.74296590908,65107.03684090909,65817.81235227273,4740000.0,MWG,0.0,53.792719405671754,1554.200485540554,1505.4018183149972,48.798667225556756,59827.80116654612,64621.33828125,69414.87539595387,14.835771719369447,0.5556044087063393,-0.028675639817598016,-0.028268395605133168,66500.15546875,64621.33828125,1,65817.8125
2021-11-30,65817.8125,66291.66284197265,64870.11181605472,65628.27236321094,2178200.0,MWG,0.0,56.53604014400294,1423.7148245204735,1489.0644195560926,-65.34959503561913,60240.4344240275,64834.57109375,69428.70776347248,14.17187340710383,0.6070104653971253,0.010130334898159777,0.01018182044915883,66547.540234375,64834.57109375,0,65817.8125
2021-12-01,65817.8125,66339.0478761699,64491.0315424766,64680.57167926566,2992800.0,MWG,0.0,56.53604014400294,1305.257798655497,1452.3030953759735,-147.04529672047647,60828.36470250497,65073.865625,69319.36654749502,13.048251803452091,0.5876159125367465,0.0,0.0,66594.925,65073.865625,-1,64917.48828125
2021-12-02,64917.48828125,65770.41878421533,64822.718225364966,65770.41878421533,1231800.0,MWG,0.0,51.70441965594356,1125.754119360674,1386.9933001729137,-261.23918081223974,61330.46810924186,65242.0822265625,69153.69634388314,11.991076875005307,0.4585089510906508,-0.013773455930524267,-0.01367903588029451,66500.154296875,65242.0822265625,-1,63259.01953125
2021-12-03,63259.01953125,64917.49569873596,63259.01953125,64585.80046523877,2104200.0,MWG,0.0,44.209365833957705,839.9887253905181,1277.5923852164346,-437.60365982591657,61457.2064830381,65277.62109375,69098.0357044619,11.705128179303967,0.23581380973152402,-0.02587933372761556,-0.025547333914319292,66239.53671875,65277.62109375,-1,62263.9296875
2021-12-06,62263.9296875,63259.01532177512,60131.60332833904,63259.01532177512,3346400.0,MWG,0.0,40.4230578633224,527.1455519763986,1127.5030185684275,-600.3574665920289,61437.01974602611,65272.882421875,69108.74509772389,11.753311738423768,0.10778669771994515,-0.015855438333269717,-0.015730402575373836,65898.3640625,65272.882421875,1,63259.01953125
2021-12-07,63259.01953125,63259.01953125,62263.933830758426,62263.933830758426,1327200.0,MWG,0.0,45.45399914867825,355.4135312590588,973.0851211065537,-617.6715898474949,61792.16555747632,65355.80625,68919.44694252367,10.905353011458494,0.2058083432556849,0.015855438333269797,0.01598180276677552,65448.205859375,65355.80625,0,63448.56640625
2021-12-08,63448.56640625,63969.80182855676,63022.10106072629,63306.41129107544,1377400.0,MWG,0.0,46.382782308291446,231.9359035601883,824.8552775972807,-592.9193740370924,62021.44882618539,65412.66875,68803.8886738146,10.368694592710995,0.2104135992541764,0.0029918811093948556,0.002996361252585622,64969.61796875,65412.66875,0,63495.9453125
2021-12-09,63495.9453125,63969.79565065298,63259.02014342351,63448.5602786847,1384600.0,MWG,0.0,46.62741962394129,136.3305421458499,687.1503305069947,-550.8197883611448,61949.04119793477,65388.9763671875,68828.91153644022,10.521452882014843,0.22484495178745928,0.0007464506784648039,0.0007467293421044019,64448.3828125,65388.9763671875,0,63543.33203125
2021-12-10,63543.33203125,63922.4123118242,63022.09664546048,63069.481680532255,1414200.0,MWG,0.0,46.8884336398677,63.65256940360996,562.4507782863178,-498.79820888270785,61829.188788635736,65343.9607421875,68858.73269573927,10.757756076094575,0.24384842960893655,0.0007460168530320697,0.0007462951928156603,64097.734765625,65343.9607421875,0,63922.41015625
2021-12-13,63922.41015625,63922.41015625,63495.94485498517,63685.48498888065,1291800.0,MWG,0.0,49.03561717316373,36.225602788996184,457.2057431868535,-420.9801403978573,61684.20002210599,65237.34453125,68790.48904039401,10.892977127362933,0.31496187790617286,0.005947939204348825,0.005965663317963443,63974.53359375,65237.34453125,0,64159.33984375
2021-12-14,64159.33984375,64443.65006462334,63259.02414431776,63827.64458606444,1329600.0,MWG,0.0,50.38570591522684,33.22478518166463,372.40955158581573,-339.1847664041511,61593.099739932586,65178.11328125,68763.12682256741,11.000666821537857,0.3579121911593083,0.0036996677161058996,0.0037065199344150646,63808.686328125,65178.11328125,0,64396.25390625
2021-12-15,64396.25390625,64443.63893487858,63495.93836230684,64159.32876310706,1202200.0,MWG,0.0,51.761783222559224,49.39421471800597,307.8064842122538,-258.4122694942478,61529.926084603765,65130.727734375,68731.52938414624,11.057151593504427,0.3980124567300639,0.003685787973843946,0.003692588843291933,63666.53046875,65130.727734375,-1,63306.41015625
2021-12-16,63306.41015625,64443.65105726048,63306.41015625,64443.65105726048,1619000.0,MWG,0.0,45.50877191743272,-25.43942840557429,241.15730168868816,-266.59673009426245,61330.7392163874,65002.7884765625,68674.8377367376,11.298128422595578,0.26901476530960133,-0.01706887194629329,-0.016924024052495823,63505.42265625,65002.7884765625,0,63732.87109375
2021-12-17,63732.87109375,63969.79626510223,63069.48061396376,63306.40578531598,1470200.0,MWG,0.0,48.1483948465465,-49.760191640227276,182.9738030229051,-232.73399466313236,61205.77657486576,64896.172265625,68586.56795638423,11.373230691185178,0.3423880161702028,0.006713868895247703,0.006736457436891996,63552.8078125,64896.172265625,-1,63022.09765625
2021-12-20,63022.09765625,63780.25822955828,62785.17247709117,63259.02283540884,1585800.0,MWG,0.0,44.296933247559245,-124.94772831535374,121.38949675525333,-246.33722507060708,61000.99689037484,64763.4943359375,68525.99178150017,11.619192213582712,0.2685850017331926,-0.011215037870479437,-0.011152383774684527,63628.624609375,64763.4943359375,0,63022.09765625
2021-12-21,63022.09765625,63022.09765625,62595.6323337641,63022.09765625,947200.0,MWG,0.0,44.29693324755925,-182.43143678372144,60.62531004745838,-243.05674683117982,60967.445118077725,64526.569140625,68085.69316317227,11.03149933414482,0.2886458191897674,0.0,0.0,63604.932421875,64526.569140625,1,63875.03125
2021-12-22,63875.03125,64917.502086424334,63211.64071772997,63306.41079376855,2600400.0,MWG,0.0,49.876940096072495,-157.34925289958483,17.03039745804974,-174.37965035763457,61200.174925884065,64308.5984375,67417.02194911594,9.66720963336478,0.4302593121754816,0.013443116421256323,0.013533881376057488,63647.57890625,64308.5984375,0,63306.41015625
2021-12-23,63306.41015625,64348.88098217627,62453.47948049214,63875.03060675524,1866400.0,MWG,0.0,46.53048044835301,-181.26490260117862,-22.62866255379593,-158.6362400473827,61695.14055136081,64038.5041015625,66381.86765176419,7.318608025213102,0.34379420230175345,-0.008941947446024515,-0.008902087132051317,63628.625390625,64038.5041015625,0,63780.25390625
2021-12-24,63780.25390625,63780.25390625,62785.16822123421,63306.40358005201,1121800.0,MWG,0.0,49.567141033771236,-160.1370366682313,-50.130337376683,-110.0066992915483,62008.52707446825,63875.026171875,65741.52526928174,5.844221785160196,0.4746122926722358,0.007457052229212356,0.007484925283719024,63652.317578125,63875.026171875,0,63922.41015625
2021-12-27,63922.41015625,64159.33532361934,63022.09452024648,63827.64008930226,1446200.0,MWG,0.0,50.47584521888024,-130.41884214335732,-66.18803833001787,-64.23080381333945,62046.02256002694,63813.4255859375,65580.82861184805,5.539282712633542,0.5308318387811853,0.0022263640271311344,0.0022288442157811783,63652.317578125,63813.4255859375,0,64348.875
2021-12-28,64348.875,64348.875,63069.47910530192,64206.7199005891,1490000.0,MWG,0.0,53.20014803500479,-71.62911425756465,-67.27625351552723,-4.3528607420374215,62218.28372657587,63739.9787109375,65261.673695299134,4.774695615329771,0.7000717276852747,0.006649444800973821,0.0066716014416159375,63671.27109375,63739.9787109375,-1,63685.484375
2021-12-29,63685.484375,64443.64490327381,63543.32927594866,63780.25444103422,1274000.0,MWG,0.0,48.711263072082666,-77.67254979709833,-69.35551277184146,-8.317037025256866,62467.431509878865,63633.3623046875,64799.293099496135,3.6645267594880746,0.5223521286788959,-0.010362789564890184,-0.010309280853783354,63600.194140625,63633.3623046875,0,63638.10546875
2021-12-30,63638.10546875,64159.340882120254,63495.95035601266,63732.87554390823,1665400.0,MWG,0.0,48.397178888995036,-85.30179181756102,-72.54476858098538,-12.757023236575648,62571.88823551948,63569.3931640625,64566.89809260552,3.138318234275478,0.5344420878139726,-0.000744228284718961,-0.0007439514155379578,63633.363671875,63569.3931640625,1,64396.25390625
2021-12-31,64396.25390625,64396.25390625,63211.62819053532,63638.0934481926,2257800.0,MWG,0.0,53.55760089617067,-29.827940359893546,-64.00140293676702,34.173462576873476,62575.03722438887,63626.2548828125,64677.47254123613,3.3043518288472997,0.866241480661657,0.011843028738585244,0.011913435070318057,63699.701953125,63626.2548828125,0,64396.25390625
2022-01-03,64396.25390625,64396.25390625,64396.25390625,64396.25390625,0.0,MWG,0.0,53.55760089617067,13.97439842158201,-48.406242665097224,62.38064108667923,62843.32284468951,63732.87109375,64622.41934281049,2.791489646691049,0.8728762398220898,0.0,0.0,63837.117578125,63732.87109375,1,65296.578125
2022-01-04,65296.578125,65959.96861393323,63922.41211220972,64396.26246144775,2655800.0,MWG,0.0,59.179740099578204,119.95395311166794,-14.73420350974419,134.68815662141213,62732.43389604899,63834.7490234375,64937.06415082601,3.45365226385956,1.1630722309988228,0.01388417027486478,0.013981002995309577,64064.565625,63834.7490234375,0,64964.875
2022-01-05,64964.875,66007.34564186724,64964.875,65296.57020423049,2357400.0,MWG,0.0,56.46754356098766,175.15872299009789,23.244381790224224,151.91434119987366,62715.41578042312,63910.564453125,65105.71312582688,3.7400660843121054,0.9410792443468624,-0.00509289331580831,-0.005079946522848489,64173.55,63910.564453125,0,65154.421875
2022-01-06,65154.421875,65770.42731818181,64680.57153409091,64964.88173863636,1542200.0,MWG,0.0,57.66162524193124,231.53476095193764,64.90245762256691,166.63230332937073,62693.88901584036,63993.48828125,65293.08754665964,4.061660960558768,0.9466506040167957,0.0029134342657333176,0.002917682439933955,64358.351171875,63993.48828125,-1,64206.71875
2022-01-07,64206.71875,65154.41939575646,64206.71875,65154.41939575646,1842400.0,MWG,0.0,50.24131256784771,197.4651994012238,91.4150059782983,106.0501934229255,62741.65307678497,64026.6576171875,65311.66215759003,4.013967269962814,0.5700624500346501,-0.01465231483867894,-0.014545492043781527,64400.99765625,64026.6576171875,-1,63022.09765625
2022-01-10,63022.09765625,64206.723552044175,63022.09765625,64206.723552044175,1854000.0,MWG,0.0,42.82301281921739,74.02251891959895,87.93650856655844,-13.913989646959493,62620.4413434423,63981.6419921875,65342.8426409327,4.254972540127719,0.14753751152629954,-0.0186224373076359,-0.0184501110913724,64310.96640625,63981.6419921875,0,62453.47265625
2022-01-11,62453.47265625,63732.8685300882,62406.08762388562,63022.09304462253,1546800.0,MWG,0.0,39.78627139826163,-68.89579221466556,56.570048410313646,-125.46584062497921,62377.39157517718,63896.3486328125,65415.30569044782,4.754440872245072,0.025043855153898495,-0.00906357932811905,-0.009022628905523411,64121.426171875,63896.3486328125,1,64443.64453125
2022-01-12,64443.64453125,64443.64453125,61600.54256663602,62453.47315602022,1857200.0,MWG,0.0,52.48616304098409,-21.323541197751183,40.99133048870068,-62.314871686451866,62376.33358691942,63898.7181640625,65421.10274120558,4.76499254095926,0.6789713241216997,0.031369271669925786,0.031866472597193995,64197.2421875,63898.7181640625,0,64206.71875
2022-01-13,64206.71875,64680.56907287823,62548.2426199262,64680.56907287823,1850000.0,MWG,0.0,51.10428959830653,-2.7088935640204,32.251285678156464,-34.960179242176864,62441.98947720068,63943.73359375,65445.477710299325,4.697079861148757,0.5875599089591506,-0.0036832550341709546,-0.0036764801707499517,64254.103515625,63943.73359375,-1,63495.9453125
2022-01-14,63495.9453125,63969.79565065298,63116.86504197761,63969.79565065298,936800.0,MWG,0.0,47.098109478466625,-44.79377269924589,16.842274002675993,-61.636046701921885,62419.439809666175,63931.8873046875,65444.33479970883,4.731433901875232,0.35588194181201827,-0.011131808133441423,-0.011070078822553175,64164.07265625,63931.8873046875,-1,61600.54296875
2022-01-17,61600.54296875,63448.5592578125,61600.54296875,63022.09396033654,1634800.0,MWG,0.0,38.443443597639444,-228.45597297386848,-32.2173753926329,-196.23859758123558,62061.861275715535,63860.8095703125,65659.75786490946,5.6339664551739626,-0.12821888999007852,-0.030305365585090602,-0.029850761878126852,63884.5015625,63860.8095703125,0,61647.92578125
2022-01-18,61647.92578125,62548.24137682552,60937.1503110588,61126.69043644312,1632400.0,MWG,0.0,38.74647110336608,-365.96754685883934,-98.9674096858742,-267.00013717296514,61767.46218286379,63792.1009765625,65816.7397702612,6.347615967194965,-0.029520426553571854,0.0007688990429653421,0.0007691947216119654,63519.636328125,63792.1009765625,1,63259.01953125
2022-01-19,63259.01953125,63495.94469803371,61600.543363764045,61695.31343047753,1909600.0,MWG,0.0,48.10153773789383,-341.01366546547797,-147.37666084179497,-193.637004623683,61723.275260946066,63761.300390625,65799.32552030393,6.392671156934523,0.3767726530795706,0.025798134754265484,0.026133786815744076,63349.05078125,63761.300390625,0,63495.9453125
2022-01-20,63495.9453125,63495.9453125,62595.62967000932,63022.09497434701,1793800.0,MWG,0.0,49.32718911881634,-298.6766457502745,-177.63665782349088,-121.0399879267836,61739.90813288372,63770.7771484375,65801.64616399127,6.369277924358922,0.4323363954463218,0.0037383317878596153,0.00374532806555683,63183.203125,63770.7771484375,0,63116.859375
2022-01-21,63116.859375,63495.93961148649,62216.54381334459,63495.93961148649,1310200.0,MWG,0.0,47.39839385701358,-292.34336724690365,-200.57799970817345,-91.7653675387302,61685.82762542244,63737.607421875,65789.38721832757,6.438207769149441,0.3487293695092793,-0.005988131630100104,-0.005970238503172132,63074.2171875,63737.607421875,-1,61553.15625
2022-01-24,61553.15625,63116.86229792148,61553.15625,62643.01198036951,1735200.0,MWG,0.0,40.38372118242032,-408.78969899216463,-242.2203395649717,-166.56935942719292,61350.198379376976,63619.1447265625,65888.09107374803,7.132904275709913,0.044725136598046805,-0.02508678812005724,-0.024774729612407898,62927.323046875,63619.1447265625,0,62074.39453125
2022-01-25,62074.39453125,62074.39453125,60463.3033754771,61505.77412333016,1605000.0,MWG,0.0,43.39114634251744,-453.783746168745,-284.5330208857264,-169.2507252830186,61163.64260791429,63505.420703125,65847.19879833571,7.375049465959918,0.1944573495666251,0.0084324467573244,0.008468099980657007,62889.415234375,63505.420703125,0,62500.859375
2022-01-26,62500.859375,62500.859375,61126.69339935557,62074.3940722138,1908600.0,MWG,0.0,45.800267926659714,-449.8441802538873,-317.5952527593586,-132.24892749452874,61064.01018589731,63446.189453125,65828.3687203527,7.509290274990221,0.3015829263712076,0.006846729127180982,0.00687022156189232,62695.13671875,63446.189453125,0,62311.31640625
2022-01-27,62311.31640625,62690.39665815114,61221.46068203422,62027.00621732415,1061200.0,MWG,0.0,44.88595686789948,-456.7514331809507,-345.426488843677,-111.32494433727368,60946.819297124246,63379.85,65812.88070287574,7.677615844391392,0.2804109926588618,-0.003037253589616222,-0.0030326458011202817,62505.596484375,63379.85,0,62785.171875
2022-01-28,62785.171875,62785.171875,61458.39088443397,62216.5514504717,1432600.0,MWG,0.0,47.697048812415,-419.15751778840786,-360.1726946326232,-58.98482315578468,60901.530784988885,63299.2958984375,65697.06101188612,7.575961404991887,0.39279099513253457,0.007575875895893886,0.007604645449321268,62434.519140625,63299.2958984375,0,62785.171875
2022-01-31,62785.171875,62785.171875,62785.171875,62785.171875,0.0,MWG,0.0,47.697048812415,-384.92687162286893,-365.1235300306723,-19.803341592196603,60868.36464073315,63218.741796875,65569.11895301686,7.435697355995277,0.40776588328770397,0.0,0.0,62552.98203125,63218.741796875,0,62785.171875
2022-02-01,62785.171875,62785.171875,62785.171875,62785.171875,0.0,MWG,0.0,47.697048812415005,-353.72135828380124,-362.8430956812981,9.121737397496872,60951.08609172898,63093.171484375,65235.25687702102,6.790228933654112,0.428107532399877,0.0,0.0,62666.706640625,63093.171484375,0,62785.171875
2022-02-02,62785.171875,62785.171875,62785.171875,62785.171875,0.0,MWG,0.0,47.697048812415005,-325.2415816416906,-355.3227928733766,30.08121123168604,61029.45920419369,62984.186328125,64938.9134520563,6.207040966593991,0.44909405750590303,0.0,0.0,62619.321875,62984.186328125,0,62785.171875
2022-02-03,62785.171875,62785.171875,62785.171875,62785.171875,0.0,MWG,0.0,47.697048812415005,-299.2219095529581,-344.10261620929293,44.88070665633484,61198.796730397095,62865.723828125,64532.65092585291,5.303134987470406,0.4758381895540607,0.0,0.0,62548.24453125,62865.723828125,0,62785.171875
2022-02-04,62785.171875,62785.171875,62785.171875,62785.171875,0.0,MWG,0.0,47.697048812415005,-275.42619028624904,-330.3673310246842,54.94114073843514,61251.8704683517,62794.646484375,64337.4225003983,4.913718294145299,0.4969293632787273,0.0,0.0,62515.07578125,62794.646484375,1,63448.56640625
2022-02-07,63448.56640625,64301.49709729743,63022.10106072629,63022.10106072629,1864800.0,MWG,0.0,52.939163425716515,-200.7236990198944,-304.43860462372623,103.71490560383182,61248.36812173362,62815.969921875,64383.571722016386,4.991093195220989,0.7017720585412516,0.010510670880909751,0.01056610201801722,62704.616796875,62815.969921875,1,64585.8046875
2022-02-08,64585.8046875,64822.72986977256,63448.56381259171,63448.56381259171,2900000.0,MWG,0.0,60.28725401927793,-49.18879369417846,-253.3886424378167,204.19984874363826,61178.658591347616,62922.5865234375,64666.51445552739,5.5430904177478615,0.9768597754120876,0.017765045127236482,0.01792378213825141,62955.7578125,62922.5865234375,0,64917.48828125
2022-02-09,64917.48828125,65154.41342096259,64443.63800182482,64585.79308565237,2414000.0,MWG,0.0,62.14381373233464,96.55478113302524,-183.39995772364833,279.95473885667354,61105.175427934104,62946.2787109375,64787.38199394089,5.8497605282057314,1.0353337828763371,0.005122407490984033,0.005135549450143939,63197.420703125,62946.2787109375,0,64585.8046875
2022-02-10,64585.8046875,65012.27001559061,63732.87403131879,64917.49994268159,1805400.0,MWG,0.0,59.165096585227396,183.18191312147974,-110.08358355462272,293.26549667610243,61062.71156746806,62965.2330078125,64867.75444815694,6.043085523429676,0.925901029371344,-0.005122407490984165,-0.005109310334266315,63424.86953125,62965.2330078125,0,64111.94140625
2022-02-11,64111.94140625,64443.63659460458,63969.78632552661,63969.78632552661,1083000.0,MWG,0.0,55.10151787592735,211.16357058398717,-45.83415272690074,256.9977233108879,61038.19543210007,62996.0328125,64953.870192899936,6.215748176483426,0.78498500562954,-0.007364004996847968,-0.007336957146276912,63557.546484375,62996.0328125,-1,62548.2421875
2022-02-14,62548.2421875,63969.79314630682,62548.2421875,63448.55779474432,1914600.0,MWG,0.0,44.291061421728564,105.94056031291257,-15.47921011893808,121.41977043185065,61184.4099969015,63043.4177734375,64902.42554997349,5.8975475702057025,0.36681723654212245,-0.02469250596534993,-0.024390139878022188,63533.853515625,63043.4177734375,0,62548.2421875
2022-02-15,62548.2421875,62548.2421875,62548.2421875,62548.2421875,0.0,MWG,0.0,44.29106142172857,22.29358006847906,-7.924652081454654,30.218232149933712,61330.87280993132,63088.43359375,64845.99437756868,5.57173695304045,0.34632354931238324,0.0,0.0,63510.160546875,63088.43359375,0,62974.70703125
2022-02-16,62974.70703125,63590.7124423909,62358.7016201091,63590.7124423909,1124000.0,MWG,0.0,47.54611055678267,-9.475873670817236,-8.23489639932717,-1.2409772714900669,61317.86786242486,63074.21796875,64830.56807507515,5.569153809232565,0.4716710987343486,0.006795036084093412,0.006818174721386905,63529.1140625,63074.21796875,1,63732.87109375
2022-02-17,63732.87109375,63732.87109375,62500.8602027184,62548.24523698885,2062800.0,MWG,0.0,52.82354241807298,26.221839908597758,-1.3435491377421833,27.56538904633994,61314.606318192105,63086.0642578125,64857.52219743289,5.61600397951919,0.6825634189418316,0.011967289125617675,0.012039183638024253,63623.883984375,63086.0642578125,0,63495.9453125
2022-02-18,63495.9453125,63495.9453125,62595.62967000932,62595.62967000932,935600.0,MWG,0.0,51.09354758395559,34.99124731517804,5.923410152841862,29.067837162336183,61324.086262844816,63105.0185546875,64885.950846530184,5.644344404397279,0.6097534026428423,-0.0037244086962850468,-0.003717481688554236,63694.961328125,63105.0185546875,0,63448.56640625
2022-02-21,63448.56640625,63922.41679016524,62785.175868768674,62785.175868768674,1224200.0,MWG,0.0,50.73570798217521,37.6835911116068,12.275446344594851,25.40814476701195,61571.37112091951,63199.7890625,64828.20700408049,5.153238533660621,0.5763862081710254,-0.000746450678464719,-0.000746172153463065,63694.961328125,63199.7890625,1,65249.18359375
2022-02-22,65249.18359375,65959.95901416123,62737.77710829703,63022.08727646151,6545200.0,MWG,0.0,61.71102607106607,183.0025125633838,46.42085958835264,136.58165297503115,61579.98212344652,63358.528515625,65137.074907803486,5.614228846049893,1.03151694171137,0.0279839343163344,0.028379162674393,63761.29921875,63358.528515625,0,65296.578125
2022-02-23,65296.578125,66623.35910286647,64870.11281068577,65249.193090076194,3219200.0,MWG,0.0,61.95130525997478,298.55163001062465,96.84701367280704,201.7046163378176,61570.404906462376,63498.314453125,65426.223999787624,6.072317236344356,0.9663765670406964,0.0007260983843256904,0.0007263620575712615,63799.208203125,63498.314453125,0,64822.72265625
2022-02-24,64822.72265625,65249.18793688322,64206.7172508909,64917.49271861294,2348400.0,MWG,0.0,58.03028166411971,347.8788313010882,147.0533771984633,200.82545410262492,61694.352400509764,63623.884765625,65553.41713074024,6.06543398669594,0.8106550354633199,-0.007283432368225464,-0.007256972453332566,63822.9,63623.884765625,0,65201.8046875
2022-02-25,65201.8046875,66244.27540198037,64443.6441678779,64870.10946016533,5380600.0,MWG,0.0,60.20047710104814,412.8012298898975,200.20294773675016,212.59828215314735,61735.3128177216,63744.71640625,65754.1199947784,6.304533777269691,0.8625673532107865,0.005830947638231223,0.005847980703622246,63931.886328125,63744.71640625,-1,64443.64453125
2022-02-28,64443.64453125,65391.34518612132,64206.71936753217,64680.56969496783,3604000.0,MWG,0.0,54.16772063539458,398.48205700488325,239.85876959037682,158.62328741450642,61848.30807033938,63827.6400390625,65806.97200778562,6.202115470701311,0.6556091908586942,-0.011696034124588804,-0.011627901403706842,64121.4265625,63827.6400390625,0,64443.64453125
2022-03-01,64443.64453125,64917.49485868566,64017.1792365579,64870.10982594209,2420400.0,MWG,0.0,54.16772063539459,382.7222257473404,268.4314608217695,114.2907649255709,61976.681210134564,63910.563671875,65844.44613361543,6.051839791835461,0.6378265923398582,0.0,0.0,64310.966796875,63910.563671875,-1,63732.87109375
2022-03-02,63732.87109375,64348.8765392658,63495.94592239777,64348.8765392658,3340400.0,MWG,0.0,48.845642060076614,309.31339740314434,276.6078481380445,32.70554926509982,62095.03112464839,63957.9486328125,65820.8661409766,5.825444836760667,0.4395900414065272,-0.011090654471327345,-0.011029379897273373,64386.783203125,63957.9486328125,1,64680.5625
2022-03-03,64680.5625,64680.5625,63306.39670329671,63969.78708791209,2115600.0,MWG,0.0,55.170171712622725,323.87373355908494,286.0610252222526,37.812708336832316,62249.10582405466,64052.7181640625,65856.33050407034,5.631649652675557,0.674051907389026,0.014760272121810171,0.014869742881282733,64481.55234375,64052.7181640625,0,64348.875
2022-03-04,64348.875,64727.95526509573,63780.25460235641,64680.570231958765,2146400.0,MWG,0.0,52.713677440753635,305.1311338686137,289.87504695152484,15.256086917088851,62425.764961963614,64130.9033203125,65836.04167866138,5.317680774999486,0.5639161269876568,-0.005141279959740586,-0.0051280862005490535,64566.8453125,64130.9033203125,-1,63590.71875
2022-03-07,63590.71875,63969.79904061103,63495.94867734724,63732.87385897913,2289000.0,MWG,0.0,47.50675526186955,226.48978215820534,277.1979939928609,-50.70821183465557,62443.697523284514,64138.0109375,65832.32435171549,5.283336322563951,0.3384914553269315,-0.011851923278581769,-0.011781965885184431,64581.060546875,64138.0109375,0,63590.71875
2022-03-08,63590.71875,63732.87385897913,62737.78809612519,63495.94867734724,3993800.0,MWG,0.0,47.50675526186954,162.2951073747463,254.217416669238,-91.9223092944917,62390.87072870886,64088.256640625,65785.64255254113,5.2970263224173175,0.3534399610801119,0.0,0.0,64415.2140625,64088.256640625,0,63401.1796875
2022-03-09,63401.1796875,63543.33479890695,62785.17420473655,63543.33479890695,2297800.0,MWG,0.0,46.18406160353723,95.03069214696006,222.38007176478243,-127.34937961782236,62335.67709831859,64012.4412109375,65689.20532355641,5.238869447561102,0.31772584502575557,-0.00298505976481963,-0.002980608903716764,64225.67421875,64012.4412109375,0,63259.01953125
2022-03-10,63259.01953125,63495.94469803371,62832.55423103933,63495.94469803371,1766000.0,MWG,0.0,45.16827780496963,29.90726955086575,183.8855113219991,-153.97824177113336,62259.89252721595,63946.101953125,65632.31137903404,5.273845862082745,0.296264209143362,-0.0022447496028127636,-0.0022422320365440562,64069.30390625,63946.101953125,0,63022.09765625
2022-03-11,63022.09765625,63211.63779957707,62548.247297932336,63211.63779957707,1306000.0,MWG,0.0,43.452975653451205,-40.35592928709957,139.03722320017937,-179.39315248727894,62158.18730188295,63891.609765625,65625.03222936705,5.426134887196614,0.249192096109702,-0.0037522973863348447,-0.003745266315469231,63851.333203125,63891.609765625,0,62406.08984375
2022-03-14,62406.08984375,62927.32521829917,61363.61909465167,62595.62997994969,2453400.0,MWG,0.0,39.27653764684824,-144.08577177512052,82.4126242051194,-226.49839598023993,62126.89004504478,63884.5021484375,65642.11425183022,5.502467873378293,0.07942588645306803,-0.009822557076011809,-0.009774473326165323,63647.577734375,63884.5021484375,0,62263.9296875
2022-03-15,62263.9296875,62263.9296875,61126.68896261416,61932.23447607496,2010600.0,MWG,0.0,38.360224304326465,-235.05399961586954,18.919299440921613,-253.97329905679115,62063.26372094099,63870.2865234375,65677.30932593401,5.6584145800987296,0.055523916544323676,-0.0022805838709231007,-0.002277985315310316,63429.60625,63870.2865234375,0,62263.9296875
2022-03-16,62263.9296875,62548.239868721466,61600.53926464992,62169.15962709285,2109200.0,MWG,0.0,38.360224304326465,-303.6467251365102,-45.59390547456476,-258.0528196619455,61928.33832110031,63834.74765625,65741.1569913997,5.972951739123974,0.08801660803170058,0.0,0.0,63282.712109375,63834.74765625,0,61979.625
2022-03-17,61979.625,62548.24541284404,61979.625,62453.4753440367,1382800.0,MWG,0.0,36.39106404233185,-376.6066791753401,-111.79646021471984,-264.81021896062026,61667.571680182096,63747.0853515625,65826.5990229429,6.524262748365582,0.0750303602502309,-0.004576578389868299,-0.0045661218128523196,63012.618359375,63747.0853515625,0,62358.703125
2022-03-18,62358.703125,62453.47319053952,61979.62286284195,61979.62286284195,1582200.0,MWG,0.0,40.75783331645559,-399.2373718932213,-169.28464255042013,-229.95272934280115,61521.514717058795,63690.2232421875,65858.93176731621,6.810177181769362,0.19301542790115578,0.006097545386494973,0.006116173258550628,62813.601171875,63690.2232421875,1,63922.41015625
2022-03-21,63922.41015625,63922.41015625,62311.319018138434,62548.24418550778,1843400.0,MWG,0.0,54.60257075635158,-287.6780959241223,-192.96333322516057,-94.71476269896175,61545.96973655217,63713.9154296875,65881.86112282283,6.805250245616431,0.5480857816740262,0.024766759181883497,0.025076003073949416,62846.7703125,63713.9154296875,0,64064.5625
2022-03-22,64064.5625,64443.64275147929,63306.401997041416,63969.79243713017,2092000.0,MWG,0.0,55.61798699745062,-185.65593381528743,-191.50185334318596,5.8459195278985305,61601.6668687106,63654.684375,65707.7018812894,6.4504836570855995,0.5998233389984122,0.0022213573655683926,0.002223826407711016,62894.1546875,63654.684375,0,63969.79296875
2022-03-23,63969.79296875,64633.18341435186,63780.25284143519,63827.63787326389,1588600.0,MWG,0.0,54.7389469230429,-111.16826589452103,-175.43513585345298,64.26686995893195,61677.92248098231,63588.3451171875,65498.76775339268,6.008719467960523,0.5998333678458186,-0.0014803768599520606,-0.0014792816426397737,62951.016015625,63588.3451171875,0,63495.9453125
2022-03-24,63495.9453125,63969.79565065298,63022.09497434701,63969.79565065298,1826400.0,MWG,0.0,50.44582406638445,-89.34192012019048,-158.2164927068005,68.87457258661001,61702.05960582176,63522.00625,65341.952894178234,5.730129608991168,0.4928401918860193,-0.00743493656299713,-0.0074073657934375925,62974.70859375,63522.00625,1,65817.8125
2022-03-25,65817.8125,66528.58801295896,63353.79072174226,63827.6410637149,7565400.0,MWG,0.0,64.95130308701806,113.99680927702138,-103.77383231003611,217.7706415870575,61597.35500308915,63552.806640625,65508.25827816085,6.153785303593069,1.0791515923731134,0.035914457870280234,0.03656717253476205,63254.280078125,63552.806640625,1,68234.4453125
2022-03-28,68234.4453125,68281.83034396701,65817.80870768228,65959.96380208334,7666200.0,MWG,0.0,73.60994965462538,464.7884961634263,9.93863338465637,454.84986277876993,60892.835263192625,63742.3466796875,66591.85809618238,8.940717011295465,1.2882226066562206,0.03605899219729088,0.03671700290100044,63837.115625,63742.3466796875,1,69419.0703125
2022-03-29,69419.0703125,70745.85117854095,68234.44453924915,68945.22000319966,4682200.0,MWG,0.0,76.65458102947778,828.8285528845227,173.71661728462965,655.1119355998931,60178.002729640044,63991.11796875,67804.23320785994,11.917639072885336,1.2117477447412512,0.017212117548855668,0.017361099582104744,64552.6296875,63991.11796875,-1,68423.9765625
2022-03-30,68423.9765625,69608.60219550726,66386.42047372748,68945.21184102319,3385200.0,MWG,0.0,69.41043714795384,1025.2190839009418,344.01711060789205,681.2019732930497,59932.533120042346,64225.6732421875,68518.81336433264,13.368922131672237,0.9889548443406901,-0.014438320384804118,-0.01433458767915563,65168.634375,64225.6732421875,0,69087.3828125
2022-03-31,69087.3828125,70366.77879050926,67523.67661715535,68234.45216049382,3597400.0,MWG,0.0,71.35406116601267,1220.3241969890078,519.2785278841152,701.0456691048926,59633.62257841623,64446.0142578125,69258.40593720878,14.934644864598093,0.9822309637179995,0.009648823194278996,0.00969552316787703,65879.41015625,64446.0142578125,1,73920.6484375
2022-04-01,73920.6484375,73920.6484375,69703.38067407852,69892.92079827725,8260800.0,MWG,0.0,80.88387821786768,1744.8371508672572,764.3902524807436,980.4468983865136,58514.34627291288,64924.6029296875,71334.85958646212,19.746772001722807,1.2016915226245362,0.06762007850790121,0.06995873093235083,67035.6046875,64924.6029296875,0,73446.796875
2022-04-04,73446.796875,75200.04299395162,73446.796875,75105.27293346774,2803800.0,MWG,0.0,78.13928935274225,2098.09603965086,1031.131409914767,1066.964629736093,58002.26538129666,65417.4068359375,72832.54829057834,22.67023966033237,1.0414185345066629,-0.0064309073766865765,-0.006410273347380646,67988.043359375,65417.4068359375,0,73541.5625
2022-04-05,73541.5625,74204.95288337629,72499.09189755154,72736.01703447165,2520200.0,MWG,0.0,78.29789200598321,2358.5155489297467,1296.608237717763,1061.9073112119838,57721.37407476935,65914.9490234375,74108.52397210564,24.861052219746817,0.965402069569291,0.0012894305172594977,0.0012902621902119993,68935.743359375,65914.9490234375,1,75247.4296875
2022-04-06,75247.4296875,76763.75068875945,72688.63799787468,72972.94818561083,5961800.0,MWG,0.0,80.97383306368557,2671.750831282945,1571.6367564307993,1100.1140748521457,57415.343056382,66507.2615234375,75599.179990493,27.341130152687036,0.980655881139522,0.02293102348102473,0.02319596061750806,70063.50703125,66507.2615234375,-1,73446.796875
2022-04-07,73446.796875,75863.4334173387,72783.4064516129,75721.2783266129,6201800.0,MWG,0.0,71.01940565331563,2743.075562257305,1805.9245175961007,937.1510446612044,57556.866302730516,67016.650390625,76476.43447851948,28.231145641435457,0.8398675077903492,-0.02422045399828417,-0.023929492608291913,71058.5921875,67016.650390625,-1,71077.546875
2022-04-08,71077.546875,73446.7984375,71077.546875,73446.7984375,4414200.0,MWG,0.0,60.4833545402903,2578.696641371047,1960.4789423510902,618.2176990199569,57989.843279488836,67419.4228515625,76849.00242363616,27.97288725783011,0.6939706853034722,-0.03278980154908856,-0.03225804392848142,71584.565625,67419.4228515625,0,71077.546875
2022-04-11,71077.546875,71077.546875,71077.546875,71077.546875,0.0,MWG,0.0,60.4833545402903,2420.5228812308633,2052.487730127045,368.0351511038184,58598.190214819944,67852.995703125,77107.80119143004,27.278988620627153,0.6742095593445886,0.0,0.0,71868.87578125,67852.995703125,1,72356.9453125
2022-04-12,72356.9453125,72356.9453125,69182.14810494434,71077.54942288801,5289000.0,MWG,0.0,63.84274568225307,2371.073538457422,2116.2048917931206,254.8686466643012,59287.177084211726,68357.646484375,77428.11588453827,26.53827294137921,0.720457103799557,0.017839953974925004,0.01800003649183335,72162.66328125,68357.646484375,1,74015.421875
2022-04-13,74015.421875,74394.50214068503,71314.47498199424,71551.40014804738,6812000.0,MWG,0.0,67.67857447683745,2437.6105194644624,2180.486017327389,257.12450213707325,60015.42612409606,68945.22109375,77875.01606340395,25.904028815895536,0.7838923401085927,0.022662030710917738,0.022920765316131853,72721.8078125,68945.22109375,1,75579.125
2022-04-14,75579.125,77142.83103448276,73446.79858934169,74015.41896551724,5851800.0,MWG,0.0,70.82164564153425,2586.701445957573,2261.729103053426,324.9723429041469,60859.080545994344,69625.19609375,78391.31164150566,25.180871407391436,0.8395990432600647,0.020906645510170522,0.021126720423763068,73370.98203125,69625.19609375,0,75910.828125
2022-04-15,75910.828125,76716.37374180711,74489.27703651685,74631.43214536516,4679600.0,MWG,0.0,71.45575221092643,2700.4931453928293,2349.4819115213068,351.01123387152256,61810.86240171989,70302.80234375,78794.7422857801,24.158183340994654,0.8301969761640434,0.0043792165521396205,0.004388819333380756,73570.0,70302.80234375,0,75910.828125
2022-04-18,75910.828125,76763.75877808989,75389.59272588951,76289.90841526218,5233800.0,MWG,0.0,71.45575221092643,2758.8713356011576,2431.3597963372767,327.5115392638809,62616.6441489023,70902.2232421875,79187.80233547269,23.371845661266086,0.8022483296835331,0.0,0.0,73816.403125,70902.2232421875,-1,73920.6484375
2022-04-19,73920.6484375,76337.28502103366,73446.7981270032,75673.89458633814,6570000.0,MWG,0.0,62.069507911490064,2614.408331939878,2467.969503457797,146.43882848208068,63668.224372753,71395.0275390625,79121.830705372,21.645213770894397,0.6634324599757982,-0.02656713782237781,-0.026217336006700287,73854.31171875,71395.0275390625,0,73920.6484375
2022-04-20,73920.6484375,75531.7394931891,72878.17775440705,73494.18315805288,3801400.0,MWG,0.0,62.069507911490064,2471.43123981847,2468.6618507299318,2.7693890885384462,64935.78278509091,71892.5703125,78849.35783990909,19.353286430488104,0.6457625460752943,0.0,0.0,73721.63359375,71892.5703125,0,73683.7265625
2022-04-21,73683.7265625,74631.42722568328,72830.79596563504,73067.72113143087,4609000.0,MWG,0.0,60.96387874420412,2312.3479412638844,2437.399068836722,-125.05112757283769,66645.48703942589,72401.959375,78158.43171057412,15.90142693724334,0.6113326975949203,-0.0032102311122979977,-0.0032050838298627315,73745.3265625,72401.959375,0,73825.8828125
2022-04-22,73825.8828125,74394.5032192715,68755.68418545411,74204.96308368101,8098600.0,MWG,0.0,61.40807319446772,2172.6985855158273,2384.4589721725433,-211.76038665671604,67927.7080593059,72802.362890625,77677.01772194408,13.391474226303753,0.6049838355014401,0.0019274174016293865,0.0019292760644973317,74020.16015625,72802.362890625,-1,68660.90625
2022-04-25,68660.90625,73588.94921066253,68660.90625,72972.94384057971,7422200.0,MWG,0.0,42.489898139454695,1626.505676903922,2232.868313118819,-606.3626362148971,68030.1061884374,72823.6859375,77617.2656865626,13.164891854489834,0.06579634579835127,-0.07252939869717352,-0.06996159565904281,73778.49609375,72823.6859375,1,70508.9296875
2022-04-26,70508.9296875,71504.01538873489,65865.19641507056,66812.8970829133,5437800.0,MWG,0.0,48.592362075871,1327.4617557475285,2051.787001644561,-724.3252458970323,68224.8330444445,72878.17890625,77531.5247680555,12.770203459094482,0.2454251962876092,0.026559376991843655,0.02691522058813489,73593.69453125,72878.17890625,-1,69750.7734375
2022-04-27,69750.7734375,69892.92854640794,67760.60191278873,69182.15300186821,3437200.0,MWG,0.0,46.41631794328116,1017.5606151748943,1844.9417243506277,-827.3811091757334,68526.67315526088,72944.51875,77362.36434473912,12.112892566692324,0.1385404102507346,-0.010810854681608926,-0.010752627409892579,73167.2296875,72944.51875,-1,68708.296875
2022-04-28,68708.296875,70603.69816810345,68613.52681034483,69892.92268318965,3052200.0,MWG,0.0,43.52977280922142,680.0039203937777,1611.9541635592577,-931.9502431654801,68435.37980338733,72925.564453125,77415.74910286267,12.314432348683056,0.030390406286366526,-0.015058547762781614,-0.01494573480872019,72480.146875,72925.564453125,1,70698.46875
2022-04-29,70698.46875,71077.5490113941,68803.06744302949,68803.06744302949,3479600.0,MWG,0.0,49.93129157372911,566.547241629145,1402.8727791732351,-836.3255375440901,68194.0934553445,72764.45546875,77334.81748215551,12.56207301755548,0.2739799700012626,0.028553952665247035,0.028965524769456685,71958.9109375,72764.45546875,0,70698.46875
2022-05-02,70698.46875,70698.46875,70698.46875,70698.46875,0.0,MWG,0.0,49.931291573729105,471.2003025214799,1216.538283842884,-745.3379813214042,67978.4617274948,72627.0390625,77275.6163975052,12.801230492144446,0.29256338299706475,0.0,0.0,71437.675,72627.0390625,0,70698.46875
2022-05-03,70698.46875,70698.46875,70698.46875,70698.46875,0.0,MWG,0.0,49.93129157372911,391.12848068473977,1051.4563232112553,-660.3278425265155,67780.50993553703,72484.884375,77189.25881446296,12.980290939349274,0.31013250029435085,0.0,0.0,71115.45703125,72484.884375,0,70840.625
2022-05-04,70840.625,71788.32566889633,70366.77466555184,71077.55016722408,2302200.0,MWG,0.0,50.43258176952796,335.2769424287835,908.2204470547609,-572.9435046259774,67694.07035365247,72264.544140625,76835.01792759754,12.649284213510036,0.3442263092413225,0.00200872132261452,0.0020107401548212778,70807.4546875,72264.544140625,0,70793.234375
2022-05-05,70793.234375,71314.46970172356,68755.6780978079,71314.46970172356,2337400.0,MWG,0.0,50.25195299794145,283.91734616068425,783.3598268759457,-499.44248071526147,67551.84517611645,72131.866015625,76711.88685513355,12.699022200580362,0.35386183954911477,-0.000669199116336884,-0.000668975252547499,70518.40546875,72131.866015625,-1,69466.46875
2022-05-06,69466.46875,70556.32467172579,69229.54354962482,69419.08370992496,2171000.0,MWG,0.0,45.354374894337056,134.60396764680627,653.6086550301179,-519.0046873833116,67338.46780502074,72051.312109375,76764.15641372924,13.081911116899803,0.22576609872441275,-0.018919264339664392,-0.018741418395604947,70082.4640625,72051.312109375,-1,64633.18359375
2022-05-09,64633.18359375,68376.60111860796,64633.18359375,68329.21608664774,5387600.0,MWG,0.0,32.80961296022528,-369.474605962605,448.99200283157336,-818.4666087941783,65970.70047666694,71729.0939453125,77487.48741395806,16.055949272232155,-0.11613628785526013,-0.07211621529570957,-0.06957723982838848,69679.691796875,71729.0939453125,1,66386.4296875
2022-05-10,66386.4296875,66386.4296875,63022.092422822985,63969.793060760174,3637600.0,MWG,0.0,39.361642030484504,-620.3373372837959,235.12613480849956,-855.4634720922954,65208.81999113548,71430.5681640625,77652.3163369895,17.420407908941264,0.09463656062846668,0.026764706596301983,0.02712609833317159,69267.441796875,71430.5681640625,0,66812.8984375
2022-05-11,66812.8984375,66812.8984375,65012.2671320922,66433.8181626773,2334000.0,MWG,0.0,40.872037259451865,-775.7925417401857,32.94239949876251,-808.7349412389482,64648.09938207282,71070.4419921875,77492.78460230217,18.073174811043554,0.1685365595427591,0.006403488865443976,0.006424035032573938,68973.654296875,71070.4419921875,-1,63685.484375
2022-05-12,63685.484375,66291.66119094122,63685.484375,66291.66119094122,3411200.0,MWG,0.0,34.15367433807866,-1138.227313274503,-201.2915430558906,-936.9357702186126,63623.06561514707,70475.7599609375,77328.45430672793,19.44695410049828,0.004554322482752716,-0.04793949047784627,-0.04680853750755232,68471.373046875,70475.7599609375,-1,59278.671875
2022-05-13,59278.671875,64017.174822641886,59278.671875,63685.47961630696,5493600.0,MWG,0.0,27.33524911092296,-1760.7555267184798,-513.1843397884085,-1247.5711869300712,61630.20866007136,69644.1521484375,77658.09563680364,23.013973869006136,-0.14671533362352068,-0.0717070853379711,-0.06919649812273254,67329.393359375,69644.1521484375,-1,58283.58984375
2022-05-16,58283.58984375,62785.1679211128,57430.65926067073,62785.1679211128,2669000.0,MWG,0.0,26.069636983511558,-2307.805479610841,-872.1085677528949,-1435.696911857946,59826.57414798976,68762.790234375,77699.00632076024,25.991429538930955,-0.08633320240490686,-0.016929000543585804,-0.016786510219869877,66087.90546875,68762.790234375,1,62358.703125
2022-05-17,62358.703125,62358.703125,57809.73997910335,59183.90592942629,2111600.0,MWG,0.0,38.60593880688297,-2385.025830756029,-1174.692020353522,-1210.333810402507,59157.94089542968,68184.69296875,77211.4450420703,26.47735636928775,0.1772931284459761,0.06758267146358983,0.06991870768727182,65253.92890625,68184.69296875,1,63259.01953125
2022-05-18,63259.01953125,63353.789597963485,61505.77329705056,62406.08893082865,1611200.0,MWG,0.0,40.986809755810086,-2346.526212143217,-1409.058858711461,-937.467353431756,58793.451338502535,67651.6115234375,76509.77170837247,26.18758071081902,0.25205957555057745,0.014334471336643055,0.01443770253600829,64495.768359375,67651.6115234375,0,63022.09765625
2022-05-19,63022.09765625,63259.02283540884,61268.85133047463,61600.54658129699,1678400.0,MWG,0.0,40.54125471769306,-2308.5214045446482,-1588.9513678780984,-719.5700366665499,58509.10159780107,67118.530078125,75727.95855844893,25.65440116254834,0.262096146611995,-0.0037522973863348447,-0.003745266315469231,63718.6546875,67118.530078125,0,63495.9453125
2022-05-20,63495.9453125,64348.87592117537,62548.24463619402,62785.16980527052,1738400.0,MWG,0.0,41.90157098416157,-2214.637808867192,-1714.0886560759172,-500.54915279127454,58460.13521745885,66602.033203125,74743.93118879116,24.449397695817296,0.3092528366178695,0.007490629174194376,0.0075187541175567585,63121.60234375,66602.033203125,-1,61979.625
2022-05-23,61979.625,63969.796444954125,61600.54472477064,63969.796444954125,1084200.0,MWG,0.0,38.839373037137385,-2236.8042724091647,-1818.631779342567,-418.1724930665978,57935.7158691022,66267.969140625,74600.22241214782,25.14715142044332,0.24266599916727766,-0.024170348510997745,-0.023880584894630963,62856.246484375,66267.969140625,1,63022.09765625
2022-05-24,63022.09765625,63022.09765625,61505.77650963346,62027.0119037829,1155400.0,MWG,0.0,41.97878409566802,-2145.520300925986,-1884.0094836592507,-261.5108172667351,57691.92149832692,65893.6275390625,74095.33357979807,24.893776066201575,0.3249431356994258,0.016679719336803324,0.016819602510502518,62519.81328125,65893.6275390625,1,65865.1953125
2022-05-25,65865.1953125,67049.82112747301,63495.94368255395,63685.48381294964,3116000.0,MWG,0.0,49.58011888228759,-1822.7513330155052,-1871.7578535305017,49.00652051499651,57700.77951814637,65699.3486328125,73697.91774747863,24.349005830695155,0.5103672717776111,0.04412473668389382,0.045112710652023935,62425.04296875,65699.3486328125,0,65865.1953125
2022-05-26,65865.1953125,66575.97080148381,64443.64433453237,66339.0456384892,1432200.0,MWG,0.0,49.58011888228759,-1549.097568037032,-1807.2257964318078,258.12822839477576,57683.709249927335,65557.1935546875,73430.67785944766,24.02019939487538,0.5195594317516,0.0,0.0,62643.0140625,65557.1935546875,1,69513.8515625
2022-05-27,69513.8515625,69608.62163961316,65959.97367075665,65959.97367075665,5101400.0,MWG,0.0,57.80729735299017,-1025.9820391446483,-1650.977044974376,624.9950058297277,57770.8661101233,65497.9626953125,73225.0592805017,23.59492194019709,0.7598575559987759,0.05391587774690757,0.05539581614673428,63666.53203125,65497.9626953125,-1,68803.0703125
2022-05-30,68803.0703125,69892.92610946108,67950.13968879133,69513.84583225723,2524400.0,MWG,0.0,55.89391685680561,-661.142085862637,-1453.0100531520281,791.8679672893911,57901.446322047064,65403.1927734375,72904.93922482793,22.940000734756648,0.7266057351506688,-0.010277665191350791,-0.010225030465488394,64718.480078125,65403.1927734375,0,68660.90625
2022-05-31,68660.90625,68803.06133540372,67760.59070910973,68803.06133540372,1479000.0,MWG,0.0,55.49824381310004,-379.10515781135473,-1238.2290740838935,859.1239162725387,58051.23856128897,65301.3146484375,72551.39073558603,22.204992736151617,0.7316935409490188,-0.0020683835392953137,-0.0020662459081302043,65348.700390625,65301.3146484375,0,68945.21875
2022-06-01,68945.21875,69655.99420103093,68234.44329896907,68660.90856958763,2117400.0,MWG,0.0,56.16653924405072,-131.13556850836903,-1016.8103729687887,885.6748044604196,58216.45262329944,65206.5443359375,72196.63604857556,21.439847131373245,0.7674267068129444,0.004132271068146263,0.004140820672607903,65917.3203125,65206.5443359375,0,68945.21875
2022-06-02,68945.21875,68945.21875,68945.21875,68945.21875,0.0,MWG,0.0,56.16653924405072,64.63702218209801,-800.5208939386114,865.1579161207094,58391.246498836204,65114.1435546875,71837.0406105388,20.649575311406583,0.784927402835814,0.0,0.0,66509.632421875,65114.1435546875,1,72593.875
2022-06-03,72593.875,73115.11039490861,69987.69802545692,69987.69802545692,3336200.0,MWG,0.0,64.17401817926321,508.3443992508983,-538.7478353007094,1047.0922345516078,57998.33179680748,65270.5138671875,72542.69593756754,22.283207652317465,1.0035188243320337,0.051568293772936896,0.05292109179071969,67419.425390625,65270.5138671875,0,73304.640625
2022-06-06,73304.640625,74157.57115586619,72972.94541855203,72972.94541855203,3775800.0,MWG,0.0,65.4963288426625,906.8845377036632,-249.6213606998349,1156.5058984034981,57604.92111080307,65704.08671875,73803.25232669692,24.65346072799354,0.9692183290333215,0.009743365035374147,0.009790986154134984,68551.926953125,65704.08671875,0,72970.7890625
2022-06-07,72970.7890625,73447.72232434641,71063.05601511437,73447.72232434641,3690200.0,MWG,0.0,64.29591644859264,1182.1641849221633,36.73574842456475,1145.4284364975986,57306.39556510324,66033.3046875,74760.21380989676,26.431841216175716,0.8974766024087284,-0.004564705677578228,-0.004554303242653712,69546.79609375,66033.3046875,0,73161.5625
2022-06-08,73161.5625,75307.7621822034,73161.5625,73590.80243644067,4153600.0,MWG,0.0,64.69412417080832,1399.5855595529283,309.3057106502375,1090.279848902691,57060.74333278034,66350.737890625,75640.73244846964,28.00268649056661,0.8665677394624421,0.0026109693553539575,0.0026143809043450705,70276.4328125,66350.737890625,0,72875.3984375
2022-06-09,72875.3984375,73924.65155636452,72159.99858372872,73161.55837900851,2262200.0,MWG,0.0,63.549181815010336,1531.152345978131,553.6750377158162,977.4773082623149,57172.70947810472,66810.23359375,76447.75770939529,28.850442805656822,0.8146640553616867,-0.003919068528012894,-0.003911399001354066,70977.453125,66810.23359375,-1,71539.9921875
2022-06-10,71539.9921875,73924.65859375,71539.9921875,73447.7253125,3881000.0,MWG,0.0,58.35870313303015,1510.2545735650783,744.9909448856687,765.2636286794096,58254.49571252383,67423.299609375,76592.10350622617,27.19773119966462,0.7244945264637405,-0.018494487439433806,-0.01832451387755063,71180.0671875,67423.299609375,-1,66770.65625
2022-06-13,66770.65625,70347.65569196429,66770.65625,69155.32254464286,6458000.0,MWG,0.0,44.408201460376084,1096.210949753542,815.2349458592433,280.97600389429874,59735.177582676915,67847.6529296875,75960.12827669807,23.913798036367666,0.43362095823906793,-0.0689929182889466,-0.06666671034852778,70976.82578125,67847.6529296875,1,68439.9296875
2022-06-14,68439.9296875,68821.47633384146,65816.79649390244,66055.26314786586,3212200.0,MWG,0.0,49.00316110959676,892.4867785364913,830.685312394693,61.8014661417983,60460.552232275426,68151.7142578125,75842.87628334959,22.570707455551382,0.518736793525512,0.024692715326455474,0.025000105304491482,70954.728125,68151.7142578125,1,70443.046875
2022-06-15,70443.046875,70443.046875,68678.39370345295,69155.32699306025,10240800.0,MWG,0.0,53.92471828168793,882.4958584543492,841.0474216066243,41.448436847724906,61116.570641788756,68510.915625,75905.26060821123,21.585888659508743,0.6306492498244864,0.028848115926590694,0.029268253147633594,71104.5109375,68510.915625,1,75355.4609375
2022-06-16,75355.4609375,75355.4609375,74020.0477056962,75355.4609375,6038900.0,MWG,0.0,63.2830625814647,1256.4847681226966,924.1348909098389,332.3498772128577,61604.598805197165,69127.5837890625,76650.56877292783,21.765508271838755,0.9139232739261431,0.06741185914270782,0.06973596799719628,71745.53515625,69127.5837890625,-1,74115.4375
2022-06-17,74115.4375,75355.46412483913,72780.0242117117,75355.46412483913,3500500.0,MWG,0.0,59.971770421569104,1436.2578588244069,1026.5594844927525,409.69837433165435,62312.20460803383,69658.5583984375,77004.91218884116,21.092465762450946,0.8033395360964237,-0.016592552796033177,-0.01645565460117715,71897.69140625,69658.5583984375,-1,70490.7421875
2022-06-20,70490.7421875,74401.59527232747,70204.58220568336,74401.59527232747,4483400.0,MWG,0.0,51.49045797646421,1271.5886273648066,1075.5653130671635,196.02331429764308,63685.81024737152,70084.1142578125,76482.41826825349,18.258928084341868,0.5317762276553245,-0.0501424592309031,-0.04890607725954532,71616.3015625,70084.1142578125,0,70109.1953125
2022-06-21,70109.1953125,72303.08849914966,67724.5288052721,71539.99521683673,3368300.0,MWG,0.0,50.678007675629395,1097.646445994862,1079.9815396527033,17.6649063421587,64969.434771576336,70438.469140625,75907.50350967367,15.528544091809145,0.4698965296334132,-0.005427425052730292,-0.005412723191154822,71330.1421875,70438.469140625,-1,66579.875
2022-06-22,66579.875,72112.30014326648,66007.55515759312,72112.30014326648,3815800.0,MWG,0.0,43.79439482414051,667.3169462492369,997.4486209720101,-330.13167472277314,65122.912532039016,70474.203125,75825.49371796098,15.186523169249341,0.13613187722205303,-0.05165160494892226,-0.05034033405701843,70671.9734375,70474.203125,1,69155.3203125
2022-06-23,69155.3203125,70109.18679956897,66579.88079741379,66770.65409482758,4908000.0,MWG,0.0,49.21534426343243,528.008081676453,903.5605131128987,-375.55243143644566,65697.41761909508,70638.709375,75580.00113090493,13.990322868650015,0.34989865648720986,0.03795263916686567,0.038682038866849844,70299.965625,70638.709375,0,68583.0
2022-06-24,68583.0,70109.18636995828,68106.06675938804,70109.18636995828,2716400.0,MWG,0.0,48.1050004870292,367.1905921202706,796.2865289143731,-429.0959367941025,65589.11421848425,70592.166796875,75595.21937526575,14.17452617026689,0.2992059082535914,-0.008310303261365583,-0.008275868145990684,70004.26640625,70592.166796875,0,68201.4609375
2022-06-27,68201.4609375,69155.32752403847,67819.91430288462,68392.2342548077,3160200.0,MWG,0.0,47.33825068567493,206.57331079141295,678.343885289781,-471.7705744983681,65506.78055219291,70562.086328125,75617.3921040571,14.328674332060173,0.2665200192376341,-0.0055787046189937845,-0.005563172542758399,70147.346875,70562.086328125,1,69441.484375
2022-06-28,69441.484375,69536.87102936127,67724.52459649726,67724.52459649726,4121400.0,MWG,0.0,50.120894834496646,177.29869723414595,578.1348476786541,-400.8361504445081,65595.80539578736,70601.115234375,75606.42507296264,14.179124003838965,0.38415993247460817,0.018018460500761058,0.018181772361685278,70247.50234375,70601.115234375,0,69632.2578125
2022-06-29,69632.2578125,70586.12435787672,67819.91137628425,69441.48450342465,3154200.0,MWG,0.0,50.553775532072805,167.56064234187943,496.02000661129915,-328.4593642694197,65668.72640167417,70635.4671875,75602.20797332584,14.063022398200479,0.3990072747642699,0.002743487795144654,0.0027472546017273114,70166.4234375,70635.4671875,-1,68201.4609375
2022-06-30,68201.4609375,69727.64747596154,67915.30096153847,69727.64747596154,2401100.0,MWG,0.0,47.242272844953895,43.883946715839556,405.5927946322073,-361.70884791636774,65567.52693041785,70598.279296875,75629.03166333215,14.251770486649335,0.2617833094552682,-0.020761948295905854,-0.02054790293965092,69451.0234375,70598.279296875,-1,67056.8203125
2022-07-01,67056.8203125,68296.8468616643,65626.02044807967,68296.8468616643,3285200.0,MWG,0.0,44.718586160168385,-144.82421449219692,295.5093928073265,-440.3336072995234,65145.73824688279,70321.4265625,75497.1148781172,14.720089078446591,0.1846210541553168,-0.016925661637712534,-0.01678322735709359,68745.16171875,70321.4265625,-1,64672.15625
2022-07-04,64672.15625,66866.04945612095,63527.516316371686,66770.66279498526,5181500.0,MWG,0.0,39.93256519430323,-481.25168236755417,140.15717777235034,-621.4088601399045,64335.65718874251,69889.80234375,75443.94749875748,15.894007333686996,0.03029260596062308,-0.03620956709709286,-0.0355618422016869,68163.303125,69889.80234375,-1,62478.265625
2022-07-05,62478.265625,64672.15892175573,61047.46564885496,64672.15892175573,3983400.0,MWG,0.0,36.104173312454215,-914.3613246360765,-70.74652270933503,-843.6148019267414,63099.74461397974,69365.176171875,75630.60772977027,18.06506349056363,-0.04959586448571082,-0.03451201099284138,-0.03392326392395495,67400.21015625,69365.176171875,-1,61047.4609375
2022-07-06,61047.4609375,63241.354064941406,61047.4609375,62478.260803222656,2398000.0,MWG,0.0,33.82647605333061,-1357.410434537218,-328.07930507491164,-1029.3311294623063,61742.22137584797,68759.47109375,75776.72081165203,20.411005513216857,-0.04950375619208296,-0.02316713645681259,-0.022900838766681142,66846.96875,68759.47109375,0,61047.4609375
2022-07-07,61047.4609375,62001.32751464844,60952.07427978516,61142.84759521485,1590000.0,MWG,0.0,33.82647605333061,-1689.0596182542067,-600.2753677107708,-1088.784250543436,60636.55788170606,68168.07421875,75699.59055579394,22.096902174104123,0.027278906225888674,0.0,0.0,66036.1828125,68168.07421875,1,62001.328125
2022-07-08,62001.328125,63432.128004807695,61429.00817307692,61715.16814903847,2586800.0,MWG,0.0,36.90410745233304,-1853.5582102745902,-850.9319362235346,-1002.6262740510556,59856.704508377385,67691.141015625,75525.57752287263,23.14759772017793,0.1368715934221069,0.015504196380134502,0.01562500999798444,65378.015625,67691.141015625,0,61524.390625
2022-07-11,61524.390625,61905.93723352713,61047.45736434109,61810.55058139535,1370100.0,MWG,0.0,36.002488349639876,-1999.3619993472603,-1080.6179488482799,-918.7440504989804,59127.23966676857,67428.827734375,75730.41580198142,24.623260841221192,0.1443790596877084,-0.007722114468917128,-0.0076923755413506045,64710.30859375,67428.827734375,0,61524.390625
2022-07-12,61524.390625,61524.390625,61524.390625,61524.390625,0.0,MWG,0.0,36.002488349639876,-2090.8109850953842,-1282.6565560977008,-808.1544289976835,58391.83867387852,67083.05078125,75774.26288862148,25.911797409788377,0.18021375571219786,0.0,0.0,63918.59921875,67083.05078125,-1,60665.9140625
2022-07-13,60665.9140625,61238.23400648585,59044.34088787343,61047.4606918239,3099000.0,MWG,0.0,34.25540416194917,-2207.114605865623,-1467.5481660512853,-739.5664398143379,57604.000639771766,66594.194140625,75584.38764147823,26.999931801468772,0.17029185314185047,-0.014051698949158703,-0.013953434626155614,63021.96484375,66594.194140625,-1,59712.046875
2022-07-14,59712.046875,61047.46006389776,59425.88690595048,59998.20684404952,2134700.0,MWG,0.0,32.37547447339524,-2349.175342442133,-1643.873601329455,-705.3017411126782,57323.2650999114,65812.0234375,74300.7817750886,25.79698326902275,0.14070266110126906,-0.015848202525891905,-0.015723280564392317,62173.0234375,65812.0234375,-1,58662.79296875
2022-07-15,58662.79296875,60284.36610772357,58662.79296875,59902.81948678862,3080300.0,MWG,0.0,30.399179607477805,-2517.4064266694113,-1818.5801663974462,-698.8262602719651,56928.24311785079,65039.3912109375,73150.53930402422,24.942263271746874,0.1069238183665762,-0.01772811499438318,-0.01757189647922286,61333.620703125,65039.3912109375,0,58185.859375
2022-07-18,58185.859375,59998.205814549176,57422.76613729508,58662.79264856557,2540800.0,MWG,0.0,29.51717196437042,-2658.568999549243,-1986.5779330278056,-671.9910665214375,56188.29348660853,64424.1470703125,72660.00065401648,25.567598356297573,0.12127254741050728,-0.008163316097210447,-0.008130086714488116,60684.991015625,64424.1470703125,-1,57231.9921875
2022-07-19,57231.9921875,58376.63203125,56755.05891927083,58376.63203125,2118000.0,MWG,0.0,27.781074121479406,-2814.961343690993,-2152.254615160443,-662.7067285305502,55403.56100518437,63780.2869140625,72157.01282294063,26.267445049800177,0.10913757965852484,-0.016529313140212127,-0.016393453628526067,60160.363671875,63780.2869140625,1,58376.6328125
2022-07-20,58376.6328125,60093.59260110294,55515.03316482843,56468.89971405229,7377800.0,MWG,0.0,32.88260449557106,-2814.1012632471684,-2284.623944777788,-529.4773184693804,54770.21751506111,63370.1248046875,71970.03209431388,27.1418347877082,0.2096775683726917,0.01980264067910317,0.020000013650582016,59893.280859375,63370.1248046875,1,61142.84375
2022-07-21,61142.84375,61524.39035686427,58376.630850234,58376.630850234,5004300.0,MWG,0.0,43.30555716195786,-2560.6914814094416,-2339.8374521041187,-220.8540293053229,54767.00160903302,62969.5009765625,71172.00034409198,26.05229274591992,0.38865240064549544,0.04629714079444872,0.04738558570832274,59902.819140625,62969.5009765625,0,61524.390625
2022-07-22,61524.390625,63718.283624031006,61238.23066860465,61905.93723352713,5454700.0,MWG,0.0,44.58387576324976,-2302.5325969906116,-2332.3764810814173,29.84388409080566,54834.39783419298,62616.5705078125,70398.74318143202,24.85659182707413,0.42982808730813454,0.006220864233304522,0.00624025399538275,59855.125390625,62616.5705078125,-1,60379.75390625
2022-07-25,60379.75390625,62764.42033224723,59807.43396401066,61810.553761848336,4019200.0,MWG,0.0,41.5566578441762,-2165.34172668252,-2298.969530201638,133.62780351911806,54849.50854533094,62225.48515625,69601.46176716905,23.707253040768634,0.37488224628670475,-0.01877984319674145,-0.018604600665234172,59740.66171875,62225.48515625,0,60093.59375
2022-07-26,60093.59375,60952.07366071429,59902.82043650794,60952.07366071429,1808800.0,MWG,0.0,40.810612621151996,-2056.0073339005976,-2250.3770909414297,194.36975704083216,55164.16901620218,61758.090625,68352.01223379782,21.354033267759643,0.37378551234373375,-0.004750605839297717,-0.004739339558990419,59597.58203125,61758.090625,-1,59235.11328125
2022-07-27,59235.11328125,60093.59318387681,57327.380164301525,57327.380164301525,1866300.0,MWG,0.0,38.57334576108845,-2015.3989742834165,-2203.3814676098273,187.9824933264108,55703.901594919436,61238.2333984375,66772.56520195556,18.074759823686453,0.31902782591439904,-0.014388746872790783,-0.014285723571824116,59454.501953125,61238.2333984375,0,59139.7265625
2022-07-28,59139.7265625,60093.59311995968,59139.7265625,60093.59311995968,1950500.0,MWG,0.0,38.321963514919645,-1968.2249951755512,-2156.350173122972,188.12517794742098,56259.2358469062,60785.1466796875,65311.057512468804,14.891502546274907,0.3182222122815944,-0.0016116049579679654,-0.0016103070200457203,59397.269921875,60785.1466796875,-1,58185.859375
2022-07-29,58185.859375,59521.272540983606,58185.859375,59521.272540983606,3375000.0,MWG,0.0,35.80879460925274,-1984.9273798326321,-2122.0656144649042,137.1382346322721,56764.299326501736,60341.5986328125,63918.897939123264,11.856826426091747,0.19869179606951956,-0.016260531699846165,-0.016129042911484093,59349.5765625,60341.5986328125,0,58472.0234375
2022-08-01,58472.0234375,59044.343405893145,57231.996839314845,58185.86345330343,3256100.0,MWG,0.0,37.14064580796004,-1952.565136275276,-2088.1655188269788,135.60038255170275,57001.7202268469,60031.5919921875,63061.46375752811,10.09425758935366,0.2426345608867406,0.004906048859823761,0.004918103222566694,59378.19296875,60031.5919921875,1,59139.7265625
2022-08-02,59139.7265625,59616.65984122984,58472.01997227823,58948.95325100806,2121500.0,MWG,0.0,40.25545489678815,-1851.694580653122,-2040.8713311922077,189.17675053908556,57041.54605583179,59864.6650390625,62687.78402229321,9.431670523466835,0.37160681486174935,0.011354482840022485,0.011419189652530193,59568.96640625,59864.6650390625,0,58948.953125
2022-08-03,58948.953125,59330.49974716829,58472.019847289645,59139.726436084144,2660300.0,MWG,0.0,39.650902736227565,-1766.7814043890103,-1986.053345831568,219.27194144255782,56965.88024688681,59759.7396484375,62553.59904998819,9.350306470499287,0.3548984743134383,-0.0032310227190258025,-0.0032258085822968185,59626.1984375,59759.7396484375,1,59807.43359375
2022-08-04,59807.43359375,60093.59356309808,59235.11365505383,59330.50031150319,4344000.0,MWG,0.0,43.74508092556276,-1611.6369536334896,-1911.1700673919527,299.53311375846306,56969.94741132537,59697.73828125,62425.52915117463,9.138674088701224,0.5201069872528444,0.014458092686946557,0.01456311644635333,59492.657421875,59697.73828125,0,59807.43359375
2022-08-05,59807.43359375,60570.526845344895,59712.04693730064,59998.20690664872,2712000.0,MWG,0.0,43.74508092556276,-1471.7188004360432,-1823.279814000771,351.5610135647278,57082.939181387446,59588.0435546875,62093.14792798756,8.408077271410905,0.5437886024631957,0.0,0.0,59320.96171875,59588.0435546875,0,59998.20703125
2022-08-08,59998.20703125,59998.20703125,59425.887091365264,59807.433717955086,2490100.0,MWG,0.0,44.711767137946566,-1330.1061976410565,-1724.645090728828,394.5388930877716,57167.14665866445,59511.734375,61856.32209133555,7.879413164340489,0.6037437526565071,0.0031847181442698773,0.0031897947468513266,59282.80703125,59511.734375,0,60379.75390625
2022-08-09,60379.75390625,60665.91387736967,59998.20727809044,60188.98059217022,2806100.0,MWG,0.0,46.68504720180923,-1173.5614595806983,-1614.4283644992024,440.86690491850413,57266.09538108656,59454.5025390625,61642.90969703844,7.3616196066500565,0.7113983597191449,0.006339169557865896,0.0063593046172407686,59311.423046875,59454.5025390625,0,60665.9140625
2022-08-10,60665.9140625,61333.62066381682,60093.59411851415,60379.75409050708,1974900.0,MWG,0.0,48.178902635885635,-1014.7109377005836,-1494.4848791394788,479.77394143889524,57266.09538108656,59454.5025390625,61642.90969703844,7.3616196066500565,0.776779281913411,0.004728144247582753,0.00473933955899053,59454.503125,59454.5025390625,0,60093.59375
2022-08-11,60093.59375,61238.23363095238,59616.660466269845,61047.46031746032,2719100.0,MWG,0.0,45.43681040567539,-924.3469248292604,-1380.4572882774353,456.1103634481749,57269.12613435524,59473.5798828125,61678.033631269755,7.413220299840504,0.6406275517509512,-0.009478750086880493,-0.009433968338635412,59549.88984375,59473.5798828125,0,60093.59375
2022-08-12,60093.59375,60761.30034722223,59330.50049603175,59998.20709325397,2419300.0,MWG,0.0,45.436810405675395,-843.0150409576672,-1272.9688388134819,429.9537978558146,57358.66112691028,59545.119921875,61731.578716839715,7.3438723369217085,0.6254251462200214,0.0,0.0,59740.66328125,59545.119921875,1,62001.328125
2022-08-15,62001.328125,62001.328125,60093.59495192308,60379.75492788462,4433600.0,MWG,0.0,55.277013524434,-617.502531759601,-1141.8755774027059,524.3730456431049,57388.875578240375,59735.893359375,62082.91114050962,7.85798168955074,0.9826198556812425,0.031252563504956164,0.03174605238183137,60093.59375,59735.893359375,1,62955.1953125
2022-08-16,62955.1953125,63909.061908143936,62001.328716856064,62001.328716856064,3910700.0,MWG,0.0,59.23559932537693,-357.6899066698388,-985.0384432561325,627.3485365862937,57567.327869257104,60022.053515625,62476.77916199289,8.17941240790396,1.0974479879686336,0.015267481676649338,0.015384625077335734,60475.140625,60022.053515625,-1,62001.328125
2022-08-17,62001.328125,63336.741346153845,62001.328125,62955.19471153846,2518800.0,MWG,0.0,54.0805259015611,-226.1487377913072,-833.2605021631675,607.1117643718603,57724.9540198402,60203.28828125,62681.6225426598,8.233218922633712,0.8627516819961126,-0.01526748167664941,-0.015151524552741824,60780.378125,60203.28828125,0,61524.390625
2022-08-18,61524.390625,62764.41710271318,60952.0707122093,62001.32388565892,4073800.0,MWG,0.0,51.65970726516784,-158.55852014811535,-698.3201057601572,539.7615856120418,57707.96765786075,60222.365625,62736.76359213925,8.350379268712933,0.7589138666623598,-0.007722114468917128,-0.0076923755413506045,60952.073828125,60222.365625,0,61142.84375
2022-08-19,61142.84375,62382.87022230889,60188.97723283931,61524.39035686427,2276400.0,MWG,0.0,49.74143277293365,-134.2330744715655,-585.5026995024389,451.2696250308734,57724.9540198402,60203.28828125,62681.6225426598,8.233218922633712,0.6895538231827395,-0.006220864233304544,-0.006201554718771374,61085.61484375,60203.28828125,1,63432.12890625
2022-08-22,63432.12890625,63813.6755462876,61524.39570606203,61619.78236607143,5855600.0,MWG,0.0,59.46680665183719,68.97608289009077,-454.60694302393296,523.5830259140237,57486.70246932249,60355.90703125,63225.111593177506,9.507618071059536,1.036075732594929,0.036757670679524325,0.03744158785957685,61429.00703125,60355.90703125,0,63813.67578125
2022-08-23,63813.67578125,64672.15572449551,62859.80917764387,62859.80917764387,4014500.0,MWG,0.0,60.82734837554081,257.8362721860758,-312.1182999819312,569.954572168007,57287.79644711712,60541.9111328125,63796.02581850788,10.749956930024013,1.0027119454055673,0.005997023154381387,0.006015041298139456,61772.39921875,60541.9111328125,0,63718.2890625
2022-08-24,63718.2890625,64099.83570359281,63241.35576113399,63813.6757227732,2219300.0,MWG,0.0,60.282572939702085,395.25615492867655,-170.64340899980968,565.8995639284863,57281.49612132717,60766.069921875,64250.643722422836,11.468814109676138,0.9236126581909184,-0.0014958875079505265,-0.0014947692259098533,62077.63671875,60766.069921875,1,65244.47265625
2022-08-25,65244.47265625,65530.63262404057,64195.21944101791,64576.766064738666,5153200.0,MWG,0.0,65.59235965329765,620.1638009671442,-12.481967006418913,632.6457679735631,57145.05519562289,61071.3072265625,64997.559257502115,12.857926935717924,1.0314439058932234,0.023669698555286233,0.023952049187212054,62592.724609375,61071.3072265625,1,68869.1640625
2022-08-26,68869.1640625,69727.6439469356,65530.63117858379,65530.63117858379,10847500.0,MWG,0.0,74.3597022087584,1078.4552734221506,205.705481079295,872.7497923428557,56579.277430958806,61605.4724609375,66631.66749091618,16.317365419657072,1.2225835406543413,0.054067199212548954,0.05555553227239973,63470.281640625,61605.4724609375,1,70586.125
2022-08-29,70586.125,70586.125,67438.36537162162,68487.61858108109,7689600.0,MWG,0.0,77.30913315509648,1562.191000149891,477.0025848934142,1085.1884152564767,55995.85576327701,62211.1775390625,68426.49931484798,19.98136676285504,1.1737340207843932,0.02462506386145908,0.02493076489126289,64328.761328125,62211.1775390625,0,69918.421875
2022-08-30,69918.421875,71539.99509720327,69536.87523448157,71063.06179655525,4227200.0,MWG,0.0,73.75593195313773,1870.119414251123,755.6259507649561,1114.493463486167,55827.19295989238,62750.1123046875,69673.03164948261,22.06504208687437,1.0177230307978296,-0.009504434784732056,-0.009459410401123414,65025.083984375,62750.1123046875,0,70586.125
2022-08-31,70586.125,70586.125,69155.32516891892,69155.32516891892,4620000.0,MWG,0.0,74.99365614304409,2143.3260345383896,1033.165967519643,1110.1600670187468,55822.882319663244,63331.9708984375,70841.05947721176,23.71342142759533,0.9830249387434064,0.009504434784731997,0.009549745361726147,65883.563671875,63331.9708984375,0,70586.125
2022-09-01,70586.125,70586.125,70586.125,70586.125,0.0,MWG,0.0,74.99365614304409,2332.951437503769,1293.1230615164682,1039.8283759873007,55894.27073850329,63870.90546875,71847.54019899672,24.97736542704699,0.9209306153750815,0.0,0.0,66789.737109375,63870.90546875,0,70586.125
2022-09-02,70586.125,70586.125,70586.125,70586.125,0.0,MWG,0.0,74.99365614304409,2454.9320074908464,1525.4848507113438,929.4471567795026,56138.13566500125,64409.8400390625,72681.54441312375,25.68459840622092,0.8733381103600215,0.0,0.0,67734.065234375,64409.8400390625,-1,69155.3203125
2022-09-05,69155.3203125,70490.73339439655,69155.3203125,70490.73339439655,2694200.0,MWG,0.0,66.58854871138712,2408.386131326988,1702.0651068344728,706.3210244925153,56610.45474689326,64867.695703125,73124.93665935674,25.458715210178024,0.7596281634568948,-0.020478601568343687,-0.020270339071595145,68306.384375,64867.695703125,0,69536.8828125
2022-09-06,69536.8828125,69918.42949459876,69059.94945987655,69250.72280092593,2599300.0,MWG,0.0,67.63044731118393,2374.9106029213726,1836.6342060518527,538.2763968695199,57100.66475270894,65325.5521484375,73550.43954416606,25.181225799789246,0.7560114480259983,0.00550230588402693,0.005517471371339067,68878.705078125,65325.5521484375,-1,67438.3671875
2022-09-07,67438.3671875,69441.4870049505,67342.98052952618,69250.71368900283,5672100.0,MWG,0.0,57.08667400947819,2154.2158729406656,1900.1505394296155,254.06533351105008,57693.30515095429,65664.1748046875,73635.0444584207,24.277681635204818,0.6112922717273108,-0.03064319769083761,-0.03017845408254005,69250.712890625,65664.1748046875,1,68201.4609375
2022-09-08,68201.4609375,68964.55420673077,67247.59435096155,68201.4609375,3748300.0,MWG,0.0,59.55589200780225,2017.6310033211194,1923.6466322079164,93.984371113203,58475.807615306745,66069.5681640625,73663.32871281824,22.98716567936115,0.6403713456428923,0.011251883926451428,0.011315424465695667,69546.41171875,66069.5681640625,0,68678.3984375
2022-09-09,68678.3984375,69059.94509548611,67533.75846354166,68678.3984375,2784800.0,MWG,0.0,61.06384758932094,1925.6734159745101,1924.051988961235,1.6214270132750244,59371.123631304625,66498.8083984375,73626.49316557037,21.437030042482235,0.6528960742703587,0.006968730568699549,0.006993068673954994,69527.33515625,66498.8083984375,1,70586.125
2022-09-12,70586.125,71921.53817567568,68773.7785472973,68869.1652027027,7347100.0,MWG,0.0,66.4519934736995,1983.865192515208,1936.0146296720297,47.850562843178295,59907.591374682226,66928.0482421875,73948.50510969278,20.979117281594334,0.7605298221219895,0.027398878880003533,0.02777767982222401,69527.33515625,66928.0482421875,0,70681.515625
2022-09-13,70681.515625,70967.67560728746,69918.42233890014,70586.12896423752,1957900.0,MWG,0.0,66.70013703441482,2014.4583984372439,1951.7033834250728,62.75501501217104,60364.43013923451,67314.3642578125,74264.29837639049,20.64918593588703,0.7422434018609405,0.0013504952595803396,0.0013514075889560218,69603.64453125,67314.3642578125,0,70299.9609375
2022-09-14,70299.9609375,70490.73423719472,69250.70778917911,69346.09443902646,3704500.0,MWG,0.0,64.64056393834909,1985.033232581991,1958.3693532564566,26.663879325534253,61133.05144129876,67729.2958984375,74325.54035557623,19.478260831265807,0.6948582299948284,-0.005412847537106997,-0.0053982244739110286,69575.028125,67729.2958984375,0,70490.7421875
2022-09-15,70490.7421875,71349.22213294993,70013.80888447225,70299.9688662889,3182500.0,MWG,0.0,65.21887000920641,1954.5768834636983,1957.610859297905,-3.0339758342067853,62163.952579203586,68177.6134765625,74191.27437392142,17.641159878458463,0.6923228421437413,0.002710141543969791,0.002713817297417931,69565.48984375,68177.6134765625,-1,68678.3984375
2022-09-16,68678.3984375,70299.97173394097,68106.07845052083,70013.81174045139,4279700.0,MWG,0.0,55.870709221246585,1763.8662608386803,1918.86193960606,-154.9956787673798,63534.36544367423,68554.3912109375,73574.41697820077,14.645380634529944,0.5123512539886929,-0.026046668146446683,-0.02571037974290724,69374.7171875,68554.3912109375,-1,67247.6015625
2022-09-19,67247.6015625,69441.49494680851,65912.18819813829,68678.40159574468,4171600.0,MWG,0.0,49.801682983750176,1480.2104239006876,1831.1316364649856,-350.921212564298,64286.10274430988,68745.16484375,73204.22694319012,12.97272938271387,0.3320764268524053,-0.02105336321183556,-0.020833288305377118,69183.9453125,68745.16484375,1,68392.2421875
2022-09-20,68392.2421875,68678.40219665272,66007.57544456067,67629.14882975942,3380900.0,MWG,0.0,54.097511324898946,1332.4148132068076,1731.3882718133502,-398.97345860654264,65157.17316455431,68974.0931640625,72791.0131635707,11.067691721380735,0.4237800403679572,0.016878046536944375,0.017021285494266625,69069.48125,68974.0931640625,-1,66770.65625
2022-09-21,66770.65625,67724.52276785714,66770.65625,67724.52276785714,3106200.0,MWG,0.0,47.85015078862106,1072.0790341650863,1599.5264242836977,-527.4473901186113,66015.84831439752,69126.7115234375,72237.57473247747,9.000466362370602,0.12131808518758674,-0.0239956935474798,-0.02371008590498258,69002.71015625,69126.7115234375,0,66866.0390625
2022-09-22,66866.0390625,67533.74558666191,65149.07942894079,65912.17259941155,4254200.0,MWG,0.0,48.2288738346315,863.5037161504588,1452.32188265705,-588.8181665065913,66459.57053419511,69207.78984375,71956.00915330488,7.941936350689784,0.07395125397956737,0.0014274945736134682,0.0014285139289760274,68869.16796875,69207.78984375,0,66198.3359375
2022-09-23,66198.3359375,66866.0424959474,65435.24272784582,66866.0424959474,2717600.0,MWG,0.0,45.725503283902285,636.9854403139034,1289.254594188421,-652.2691538745175,66014.80752627214,69074.2484375,72133.68934872787,8.858412448732237,0.02999378261471371,-0.010035875179636885,-0.0099856838293636,68621.16171875,69074.2484375,-1,64862.92578125
2022-09-26,64862.92578125,65053.69909237132,62573.64604779412,64672.15247012868,5240200.0,MWG,0.0,41.127528556391276,345.7263178315625,1100.5489389170493,-754.8226210854868,65285.53103245391,68788.0884765625,72290.64592067109,10.183616151223568,-0.06032809710440937,-0.020379116692012412,-0.02017286593896872,68048.841796875,68788.0884765625,-1,64004.44921875
2022-09-27,64004.44921875,64862.92916356185,63718.289237146055,64290.60920035395,1536300.0,MWG,0.0,38.450756293803884,45.10948676613043,889.4610484868656,-844.3515617207352,64436.74106282859,68492.38984375,72548.03862467142,11.842625991510786,-0.053295029652490424,-0.013323609052938805,-0.013235242662275382,67381.13515625,68492.38984375,-1,62001.328125
2022-09-28,62001.328125,63909.06129807692,62001.328125,63050.58137019231,2724500.0,MWG,0.0,33.04616002398943,-350.7237243878917,641.4240939119142,-992.1478182998059,63203.11790404246,68063.15,72923.18209595753,14.28094966500238,-0.12364010723736613,-0.03179679379967894,-0.031296591380762795,66551.271875,68063.15,-1,61047.4609375
2022-09-29,61047.4609375,63432.12738037109,60761.30096435547,63432.12738037109,2545200.0,MWG,0.0,30.824298630168045,-732.9445774357737,366.55035964237663,-1099.4949370781503,61957.348228850504,67586.216796875,73215.0853648995,16.656853526634322,-0.08082328449799257,-0.01550419638013452,-0.015384625077335845,65606.94375,67586.216796875,0,61047.4609375
2022-09-30,61047.4609375,61238.23425292969,58853.567810058594,60761.30096435547,4371100.0,MWG,0.0,30.824298630168045,-1024.0527149811387,88.42974471767354,-1112.4824596988124,60958.437014484094,67109.28359375,73260.13017301592,18.330836658905266,0.00723672114632151,0.0,0.0,64843.85,67109.28359375,-1,56850.44921875
2022-10-03,56850.44921875,59998.20899092911,56850.44921875,59998.20899092911,4026100.0,MWG,0.0,22.950156471774562,-1575.2631283430965,-244.30882989448048,-1330.954298448616,58910.2170391649,66494.0400390625,74077.8630389601,22.810534584580573,-0.13580009847557817,-0.07122748781618676,-0.06874998000403121,63804.134765625,66494.0400390625,1,58185.859375
2022-10-04,58185.859375,58472.01933913934,57327.37948258197,58376.63268442623,4024500.0,MWG,0.0,29.151685052356186,-1882.6429767367372,-571.9756592629319,-1310.6673174738053,57635.49247231062,65926.4888671875,74217.48526206437,25.152246198275584,0.03319063695585832,0.023218237160760036,0.023489878701073996,62783.496484375,65926.4888671875,1,59330.50390625
2022-10-05,59330.50390625,60188.98386630828,58185.86395950563,58185.86395950563,2124200.0,MWG,0.0,34.05142520925658,-2010.7023486065445,-859.7209971316545,-1150.98135147489,56761.71192289491,65521.095703125,74280.4794833551,26.737598589372553,0.1466308617024435,0.019481214362537254,0.019672211488240166,62039.48125,65521.095703125,-1,55324.265625
2022-10-06,55324.265625,59425.89221443966,55324.265625,59330.50554956897,3170300.0,MWG,0.0,27.010535515307623,-2407.7057381928025,-1169.317945343884,-1238.3877928489185,55112.07554707286,64877.2359375,74642.39632792714,30.10350317585812,0.010864648886625033,-0.06991196150100694,-0.06752408992818237,60885.30390625,64877.2359375,-1,51508.796875
2022-10-07,51508.796875,55228.87664930555,51508.796875,53893.46339699074,5573700.0,MWG,0.0,22.284554158449723,-2995.6779153536118,-1534.5899393458299,-1461.087976007782,52756.53430030265,64018.755859375,75280.97741844735,35.18413129993089,-0.055394817921048965,-0.07145900582300514,-0.06896555619666211,59416.35,64018.755859375,1,54465.78125
2022-10-10,54465.78125,54656.55456436077,50554.92830560421,50650.31496278459,3911600.0,MWG,0.0,32.187300500411496,-3186.316304407206,-1864.9352123581052,-1321.381092049101,51626.77187947816,63212.738671875,74798.70546427184,36.657063230679924,0.12251931243169566,0.055820031316120705,0.0574073663994894,58376.635546875,63212.738671875,-1,52844.2109375
2022-10-11,52844.2109375,54942.71750902527,51604.18432705325,54465.78419731498,2333500.0,MWG,0.0,29.934649425591275,-3428.7216050399948,-2177.6924908944834,-1251.0291141455114,50413.95601220106,62320.8734375,74227.79086279894,38.2116513088992,0.10205222890583396,-0.030224468795577983,-0.029772276744859827,57260.61171875,62320.8734375,1,54847.328125
2022-10-12,54847.328125,56087.35467391305,52939.59497282609,52939.59497282609,2886100.0,MWG,0.0,35.902346366177994,-3419.7737133131013,-2426.1087353782073,-993.6649779348941,49817.233930768045,61548.241796875,73279.24966298195,38.11971722871399,0.2143930961279476,0.03720530442717275,0.0379060856802107,56545.21171875,61548.241796875,0,54942.71484375
2022-10-13,54942.71484375,55515.03479003906,53893.46160888672,54370.39489746094,1531100.0,MWG,0.0,36.181099024196605,-3366.1822796858905,-2614.123444239744,-752.0588354461465,49482.689149763086,60770.8404296875,72058.99170961192,37.14989360064857,0.2418476488571419,0.0017376210113598288,0.0017391315495369764,55934.737109375,60770.8404296875,1,57136.609375
2022-10-14,57136.609375,57518.15601523372,55324.26283388981,55324.26283388981,2989900.0,MWG,0.0,42.38706518915128,-3110.8221080584626,-2713.4631770034875,-397.3589310549751,49440.30625320987,60193.7509765625,70947.19569991513,35.72943885002174,0.3578529168925989,0.03915396198889501,0.03993058110596004,55543.651953125,60193.7509765625,-1,56182.73828125
2022-10-17,56182.73828125,56850.444848259765,55133.485104520376,56850.444848259765,2674800.0,MWG,0.0,40.54113768705273,-2951.3949143126592,-2761.049524465322,-190.34538984733717,49283.88187831467,59640.5078125,69997.13374668533,34.730173548303334,0.3330648633433532,-0.016835494437990827,-0.01669456945702774,55476.880859375,59640.5078125,0,56278.12890625
2022-10-18,56278.12890625,57708.92879369703,55896.58226959746,57136.60883871822,2054300.0,MWG,0.0,40.81870380733003,-2785.243930160679,-2765.8884056043935,-19.355524556285673,49444.6895995438,59034.8021484375,68624.9146973312,32.48969150359904,0.35627524035129765,0.0016964238363491864,0.0016978635772872952,55286.1078125,59034.8021484375,0,56278.12890625
2022-10-19,56278.12890625,56755.06220206568,55610.42229210805,56468.90222457627,1407400.0,MWG,0.0,40.81870380733003,-2623.3279861081464,-2737.376321705144,114.04833559699773,49576.385626565636,58510.17578125,67443.96593593436,30.537560468404063,0.37507839134604903,0.0,0.0,54980.8703125,58510.17578125,-1,55705.80859375
2022-10-20,55705.80859375,56278.12854505565,55228.87530099529,55515.03527664812,1811200.0,MWG,0.0,39.53451434926692,-2512.230470983137,-2692.3471515607425,180.11668057760562,49861.541121973874,57952.1642578125,66042.78739365113,27.921729031018668,0.36117536150510254,-0.010221560489561516,-0.010169497878179112,55019.024609375,57952.1642578125,-1,51890.33984375
2022-10-21,51890.33984375,55610.41935460708,51890.33984375,55610.41935460708,4238200.0,MWG,0.0,32.250103563385764,-2700.9267286945033,-2694.063066987495,-6.863661707008305,49705.2615179879,57236.764453125,64768.267388262095,26.317011477142977,0.14506256882460639,-0.070951782377112,-0.06849319391134523,55057.17890625,57236.764453125,-1,48265.6484375
2022-10-24,48265.6484375,52462.661345108696,48265.6484375,51985.72806015316,4828000.0,MWG,0.0,27.13498775154514,-3107.1350572724186,-2776.67746504448,-330.4575922279387,48756.84515584808,56406.9005859375,64056.956016026925,27.12453742582203,-0.03210412805743157,-0.07241254751640887,-0.0698529132236273,54437.165625,56406.9005859375,1,49601.05859375
2022-10-25,49601.05859375,51508.79161658654,46739.4590594952,48361.032128906256,4400700.0,MWG,0.0,31.44886074120693,-3283.452053724948,-2878.0323827805737,-405.4196709443745,48342.420541870604,55686.7310546875,63031.0415675044,26.377236996024678,0.08568796551309263,0.027292080966223525,0.027667921171291132,54112.850390625,55686.7310546875,0,49505.67578125
2022-10-26,49505.67578125,50077.99573247832,48265.6492202553,49696.449098326106,1528200.0,MWG,0.0,31.30629338515783,-3391.782778965826,-2980.7824620176243,-411.00031694820154,47854.72980360988,55061.9484375,62269.167071390126,26.178581900605746,0.11453419561028468,-0.0019248508701525057,-0.0019229995327563199,53578.68515625,55061.9484375,1,50841.0859375
2022-10-27,50841.0859375,51413.40585424484,48933.352881683866,48933.352881683866,2990400.0,MWG,0.0,35.70117753875698,-3331.476038083696,-3050.921177230839,-280.554860852857,47691.91022264371,54551.6296875,61411.349152356284,25.14945751081064,0.22954114457523708,0.026617480747846606,0.026974889953037984,53168.522265625,54551.6296875,0,50745.69921875
2022-10-28,50745.69921875,51890.339050751885,50364.15260808271,51031.85917675047,1802000.0,MWG,0.0,35.526338324394786,-3253.87082506399,-3091.5111067974694,-162.35971826652076,47703.70676153614,54036.5416015625,60369.376441588865,23.439082710812293,0.24017620339528692,-0.0018779361239988537,-0.001876173905239975,52529.43125,54036.5416015625,-1,49219.515625
2022-10-31,49219.515625,50459.5421814438,47216.39580305233,49982.60889050388,3903900.0,MWG,0.0,32.7617706492334,-3277.7347103754582,-3128.7558275130677,-148.9788828623905,47119.71589053979,53654.994921875,60190.273953210206,24.360375174206915,0.1606511156135904,-0.03053666597817815,-0.030075131828828816,51833.108984375,53654.994921875,-1,47788.71875
2022-11-01,47788.71875,50077.99869011976,47788.71875,49601.06536926148,1999200.0,MWG,0.0,30.37531455827741,-3373.216026954229,-3177.6478674013006,-195.5681595529286,46464.67939054682,53135.137890625,59805.596390703184,25.1075230624558,0.09924650302806468,-0.029500601665996207,-0.029069706534723738,50984.16796875,53135.137890625,-1,45785.59375
2022-11-02,45785.59375,47979.48678385417,44640.95390625,47693.32682291666,4317000.0,MWG,0.0,27.369465612983873,-3569.375565277158,-3255.993406976472,-313.38215830068566,45686.259005936525,52457.8923828125,59229.52575968847,25.81740542475418,0.007334622131396484,-0.042820107531937934,-0.04191627338826698,49934.914453125,52457.8923828125,1,47216.39453125
2022-11-03,47216.39453125,47979.48777619949,45880.98135258838,46739.461253156565,2600000.0,MWG,0.0,32.50706771036779,-3568.2472145725915,-3318.444168495696,-249.8030460768955,45037.00224012468,52052.498828125,59067.99541612531,26.955465139781925,0.15532701525741371,0.030771679349453417,0.031250021329034317,49085.973046875,52052.498828125,-1,43925.55078125
2022-11-04,43925.55078125,45785.59039087948,43925.55078125,45356.35048096498,5742900.0,MWG,0.0,27.660692335898545,-3789.216843341688,-3412.5987034648942,-376.618139876794,43770.53148559758,51673.3365234375,59576.14156127742,30.58755470243514,0.009807865366168159,-0.07224500092235117,-0.06969705719105612,48289.494140625,51673.3365234375,-1,40873.18359375
2022-11-07,40873.18359375,44402.4899950773,40873.18359375,43877.86336785298,5344200.0,MWG,0.0,24.075382831538775,-4162.652916812156,-3562.6095461343466,-600.0433706778094,41860.01336946213,50993.706640625,60127.39991178787,35.82282549308293,-0.054021398924560836,-0.0720219829671216,-0.06948955979404425,47550.24765625,50993.706640625,1,42542.44921875
2022-11-08,42542.44921875,43496.31579316143,39394.68952319226,40873.18271352999,4117000.0,MWG,0.0,29.460202594308768,-4274.632606376625,-3705.0141581828025,-569.6184481938221,40648.924049630456,50478.6185546875,60308.31305974454,38.945972716776126,0.09631658278623971,0.04002819244683774,0.0408401176084372,46844.38671875,50478.6185546875,1,43400.92578125
2022-11-09,43400.92578125,44307.09895690248,42494.75260559753,42923.9925309066,2156900.0,MWG,0.0,32.12631033161138,-4245.169758669275,-3813.0452782800976,-432.12448038917773,39818.09947297002,49906.2984375,59994.497402029985,40.42856024340859,0.17757512123210334,0.01997838964059578,0.020179293347352356,46233.91171875,49906.2984375,-1,40396.25
2022-11-10,40396.25,42876.30312868949,40396.25,42876.30312868949,3670600.0,MWG,0.0,28.12025778280173,-4413.397564141655,-3933.1157354524094,-480.28182868924523,38537.33502447357,49178.9751953125,59820.61536615143,43.27719367301188,0.0873415632216346,-0.07174381336733822,-0.06923068407328936,45189.428125,49178.9751953125,1,41016.26171875
2022-11-11,41016.26171875,42351.674890988375,41016.26171875,41397.808339389536,3565100.0,MWG,0.0,30.058368205777782,-4445.4452226127105,-4035.58163288447,-409.86358972824064,37827.5764799578,48372.9578125,58918.33914504219,43.600316414048905,0.15118871182743163,0.015231656478364978,0.01534824937339474,44216.484375,48372.9578125,-1,38774.67578125
2022-11-14,38774.67578125,40777.7955633072,38536.20914052891,40062.39564114392,3514300.0,MWG,0.0,27.202602105076323,-4598.709414746867,-4148.207189256949,-450.5022254899177,36798.827984173826,47502.5546875,58206.281390826174,45.065899186861174,0.09229719012081003,-0.05620126786837972,-0.05465115160593226,43172.000390625,47502.5546875,-1,36103.8515625
2022-11-15,36103.8515625,37677.73148530383,36103.8515625,36437.70487945839,2983600.0,MWG,0.0,24.24673384069952,-4879.4384554958815,-4294.453442504736,-584.9850129911456,35474.469913552275,46493.8408203125,57513.211727072725,47.40142226299368,0.02855796643352881,-0.071367796357005,-0.06888063316938198,42003.513671875,46493.8408203125,1,38583.90234375
2022-11-16,38583.90234375,38583.90234375,33623.79623281057,33623.79623281057,8555200.0,MWG,0.0,31.671402595362792,-4845.937915635477,-4404.750337130885,-441.18757850459224,35066.418437867265,45609.1294921875,56151.84054650774,46.230705000086104,0.16682065399304127,0.06643560062998544,0.06869213875856817,41283.34453125,45609.1294921875,1,39871.625
2022-11-17,39871.625,40920.87828947369,38917.75837320574,39823.93166866029,2857700.0,MWG,0.0,35.221599082504426,-4661.742375751841,-4456.148744855076,-205.5936308967648,35123.18379149519,44817.4203125,54511.65683350481,43.26101972585421,0.24491052999461135,0.03282976626476786,0.033374609047511106,40548.867578125,44817.4203125,0,40205.47265625
2022-11-18,40205.47265625,40300.85930549377,38059.27304826512,39108.52618994662,4367700.0,MWG,0.0,36.14786563321685,-4437.672639723329,-4452.453523828727,14.7808841053984,34933.33408378354,44233.176953125,53533.019822466464,42.04917444296047,0.28345309950595904,0.008338204062508466,0.008373063707586503,40176.859765625,44233.176953125,-1,38774.67578125
2022-11-21,38774.67578125,40014.702312999696,38774.67578125,40014.702312999696,1762800.0,MWG,0.0,33.90993292629186,-4325.68530221127,-4427.0998795052365,101.41457729396643,34357.12677958342,43758.6283203125,53160.129861041576,42.969818303765045,0.23493848203549847,-0.03623577460025679,-0.03558711738655762,39967.008984375,43758.6283203125,-1,38345.43359375
2022-11-22,38345.43359375,39680.846703980096,38011.58031619247,38345.43359375,3707900.0,MWG,0.0,33.24496703273728,-4222.891918237874,-4386.258287251764,163.3663690138901,33920.20461292364,43195.8470703125,52471.48952770136,42.946917754803295,0.23854029524937537,-0.011131898633981827,-0.011070168321241414,39547.307421875,43195.8470703125,0,38631.59375
2022-11-23,38631.59375,39013.140354938274,38250.047145061726,38440.82044753087,1510200.0,MWG,0.0,34.17174611613336,-4071.4040759568597,-4323.287444992784,251.88336903592426,33663.44226940133,42652.14296875,51640.84366809867,42.148881972633525,0.27635537363918844,0.007434983769667029,0.007462691888732165,39070.37421875,42652.14296875,-1,35960.76953125
2022-11-24,35960.76953125,37391.56937997347,35960.76953125,37391.56937997347,7862600.0,MWG,0.0,29.987194998898644,-4119.376455426638,-4282.5052470795545,163.12879165291633,33318.91706327071,41908.1271484375,50497.337233604296,40.990665389288495,0.1537890237742385,-0.07164182360249889,-0.06913575028858343,38626.826171875,41908.1271484375,0,36056.15625
2022-11-25,36056.15625,36533.08953373016,34816.12971230159,35817.68960813492,2595300.0,MWG,0.0,30.315400459308904,-4102.407995049107,-4246.485796673465,144.07780162435847,33282.51217756008,41173.65,49064.787822439925,38.33100938313665,0.17574424213910872,0.002649009895788249,0.0026525216226840342,38130.815625,41173.65,1,38297.7421875
2022-11-28,38297.7421875,38536.20882627647,36533.08906055417,36533.08906055417,4322000.0,MWG,0.0,37.70580284128903,-3863.5465567755455,-4169.8979486938815,306.35139191833605,33618.493487557615,40627.561328125,47636.62916869238,34.5040047270337,0.3337996440025612,0.06031332481524463,0.06216929841211227,38083.122265625,40627.561328125,1,40825.4921875
2022-11-29,40825.4921875,40825.4921875,38631.59891574182,38631.59891574182,5268600.0,MWG,0.0,44.81348001174582,-3430.731509048106,-4022.064660764727,591.3331517166207,34128.90020402891,40279.4,46429.89979597109,30.539182788080698,0.5443941310149882,0.06391575108477592,0.06600258541677251,38555.286328125,40279.4,1,42065.515625
2022-11-30,42065.515625,42923.99553571429,41016.26240079365,41588.582341269845,3777700.0,MWG,0.0,47.95090766048823,-2953.615496480481,-3808.3748279078777,854.7593314273968,34439.03276476765,40093.39609375,45747.75942273235,28.205958486334282,0.6743891766860455,0.029921603927237778,0.030373753531370173,38903.44765625,40093.39609375,0,42017.8203125
2022-12-01,42017.8203125,43496.31342224745,40777.79383335698,42923.993508796826,5855800.0,MWG,0.0,47.838253686497765,-2549.9519731413966,-3556.690256954582,1006.7382838131853,35165.97148583672,39833.4673828125,44500.96327978828,23.435046977556002,0.7339962345872453,-0.001134477291693719,-0.001133834015614732,39118.0671875,39833.4673828125,1,44831.73046875
2022-12-02,44831.73046875,44831.73046875,41397.81068816489,41397.81068816489,6464800.0,MWG,0.0,54.61309957799341,-1980.1606307316615,-3241.384331709998,1261.2237009783366,35029.95362326223,39878.7763671875,44727.59911111277,24.317811054578463,1.0107377979291658,0.06482233665704289,0.0669694461855006,39580.69296875,39878.7763671875,1,45404.046875
2022-12-05,45404.046875,46596.38003873424,44879.42028295693,44879.42028295693,4146000.0,MWG,0.0,55.86856849594175,-1465.5221091914864,-2886.211887206296,1420.6897780148097,34672.65086730247,40105.31953125,45537.98819519753,27.092010373907648,0.9876726036058117,0.012685081182301211,0.012765878101647976,40243.630078125,40105.31953125,-1,42303.98046875
2022-12-06,42303.98046875,45022.50007046223,42303.98046875,45022.50007046223,4093900.0,MWG,0.0,48.10617350211668,-1292.9129283216535,-2567.5520954293675,1274.639167107714,34682.24508679592,40093.39609375,45504.54710070408,26.99272964705329,0.7042619372624318,-0.07072005674949215,-0.06827731490068856,40639.484765625,40093.39609375,1,42780.9140625
2022-12-07,42780.9140625,42923.99404264215,41493.194241220735,42303.98079535953,2930100.0,MWG,0.0,49.27387406746336,-1104.8977799527274,-2275.0212323340397,1170.1234523813123,34724.42000418358,40062.3955078125,45400.37101144142,26.648309148602817,0.7546394745385556,0.011210887469755538,0.01127396496654276,41054.416796875,40062.3955078125,1,43877.86328125
2022-12-08,43877.86328125,44831.72987432065,43114.77000679348,43687.089962635866,2626500.0,MWG,0.0,51.95184467742865,-857.4951160032506,-1991.516009067882,1134.0208930646313,34632.21706363176,40236.476171875,45840.73528011824,27.85660992927893,0.8248767623912074,0.025317869617350573,0.025641088854423177,41846.126171875,40236.476171875,0,44068.6328125
2022-12-09,44068.6328125,44450.17941693723,43257.84627807089,43877.859510281385,1675300.0,MWG,0.0,52.4222638966659,-638.6710136524925,-1720.947009984804,1082.2759963323115,34534.75434342025,40389.0947265625,46243.43510970475,28.98970834962563,0.8142572728204225,0.004338315656200505,0.004347739770899972,42647.373828125,40389.0947265625,0,43782.47265625
2022-12-12,43782.47265625,45117.88576559096,42923.9928002451,44068.63260825163,3474400.0,MWG,0.0,51.606068857892126,-482.7769172819171,-1473.3129914442268,990.5360741623097,34649.089713918656,40639.4845703125,46629.87942670635,29.480663545471646,0.7623356357371692,-0.006514685655972476,-0.006493511098189297,43195.846875,40639.4845703125,1,44259.41015625
2022-12-13,44259.41015625,44259.41015625,42351.67695985991,43639.39686742322,1956200.0,MWG,0.0,52.921705290546385,-317.0896404413652,-1242.0683212436545,924.9786808022893,35249.637165596905,41047.2625,46844.88783440309,28.2485358647393,0.7770227007589753,0.010834438115116881,0.010893343181975768,43539.238671875,41047.2625,0,44307.10546875
2022-12-14,44307.10546875,45117.8921134957,43687.092152179765,45117.8921134957,2187800.0,MWG,0.0,53.05913953103791,-179.8593599772139,-1029.6265289903665,849.7671690131526,35483.0090328691,41333.42265625,47183.836279630894,28.30839184084002,0.7541429550054224,0.0010770507741921403,0.0010776310016700208,43763.39765625,41333.42265625,1,44831.73046875
2022-12-15,44831.73046875,45308.66377160904,44020.94385388963,44307.103835605056,2539400.0,MWG,0.0,54.628124985812946,-28.442651807548827,-829.389753553803,800.9471017462541,35573.5202322017,41581.4279296875,47589.33562717331,28.897072547123347,0.7705020368757236,0.011771099590548041,0.011840651616703335,44044.788671875,41581.4279296875,1,45642.515625
2022-12-16,45642.515625,45737.90228252352,43782.47580329154,44593.26239224138,3003400.0,MWG,0.0,57.019151260766705,155.19082320352754,-632.4736382023369,787.6644614058645,35619.71821174419,41853.280078125,48086.8419445058,29.78768619685239,0.8039382321134342,0.01792348423163128,0.01808507384775515,44125.8671875,41853.280078125,-1,44974.80859375
2022-12-19,44974.80859375,46548.68842788971,44974.80859375,45404.04854851538,3782800.0,MWG,0.0,54.47322649882913,244.0302689591772,-457.1728567700341,701.2031257292113,35957.75102641551,42163.28671875,48368.82241108449,29.43573034867269,0.7265333739416717,-0.014737118348951864,-0.014629058501855918,44082.943359375,42163.28671875,-1,44354.796875
2022-12-20,44354.796875,44688.65018481183,42160.90369623656,44450.18353494624,3352500.0,MWG,0.0,52.14494410142702,261.39322731235734,-313.4596399535559,574.8528672659132,36457.84043356376,42463.7548828125,48469.66933206124,28.28725093116848,0.6574316457691172,-0.013881661557702391,-0.013785755584875603,44288.025,42463.7548828125,0,44259.41015625
2022-12-21,44259.41015625,44593.26346561827,42303.98362995016,44354.79681606951,2052300.0,MWG,0.0,51.77827624630076,264.4086475769509,-197.88598244745452,462.2946300244054,36972.38584498886,42745.145703125,48517.90556126115,27.01013068585288,0.6311560233179272,-0.0021528546897171654,-0.0021505389601674807,44435.874609375,42745.145703125,0,44354.796875
2022-12-22,44354.796875,44545.57019489248,43210.156955645165,44211.71688508065,1519800.0,MWG,0.0,52.140695861591446,271.36714930760354,-104.03535609644292,375.40250540404645,38323.515698298,43164.8470703125,48006.178442327,22.431824508161995,0.62289489328969,0.002152854689717067,0.0021551737452725206,44483.56796875,43164.8470703125,-1,43687.0859375
2022-12-23,43687.0859375,44354.79249112991,43448.619311203605,44354.79249112991,1584400.0,MWG,0.0,49.34495456379064,220.46177360588626,-39.13593015597709,259.5977037618634,40047.20511447139,43546.3935546875,47045.58199490361,16.07108260674525,0.5201035733308222,-0.015168320309613301,-0.015053860789436935,44445.41328125,43546.3935546875,-1,40634.71875
2022-12-26,40634.71875,43639.39865757042,40634.71875,43400.93199823944,2559500.0,MWG,0.0,39.039683562320214,-65.42741916446539,-44.39422795767476,-21.033191206790633,40804.573027768776,43663.2423828125,46521.91173785623,13.09416891205957,-0.029708626055177007,-0.07242969931563428,-0.06986886678289328,44130.637890625,43663.2423828125,1,41779.35546875
2022-12-27,41779.35546875,41779.35546875,39585.46237335902,39585.46237335902,2324700.0,MWG,0.0,43.78116531406303,-197.35901520489278,-74.98718540711837,-122.37182979777441,41025.00080757383,43710.935546875,46396.87028617617,12.289532153439321,0.14042684100590605,0.027779486412277198,0.02816893420112576,43882.632421875,43710.935546875,-1,41016.26171875
2022-12-28,41016.26171875,41207.03502906977,39967.00851199128,41016.26171875,1389600.0,MWG,0.0,41.465636885190946,-359.3486956900815,-131.859487463711,-227.48920822637052,40801.66272778836,43658.4728515625,46515.282975336646,13.087082241686335,0.03755919743768839,-0.018433713865209044,-0.01826485213661988,43553.548046875,43658.4728515625,0,40920.87890625
2022-12-29,40920.87890625,40920.87890625,40157.78559331294,40539.332249781466,1212100.0,MWG,0.0,41.17251576216527,-489.77743101961096,-203.443076174891,-286.33435484472,40577.1115372389,43603.62578125,46630.14002526109,13.88193843876408,0.0567926236744711,-0.002328195854959408,-0.002325487709095575,43162.462890625,43603.62578125,0,40920.87890625
2022-12-30,40920.87890625,41016.26557036713,40110.09226125437,40825.49224213287,1652400.0,MWG,0.0,41.17251576216526,-586.3836774342708,-280.031196426767,-306.3524810075038,40214.89483103384,43408.083203125,46601.27157521617,14.71241361729275,0.1105453222532288,0.0,0.0,42690.29921875,43408.083203125,0,40920.87890625
2023-01-02,40920.87890625,40920.87890625,40920.87890625,40920.87890625,0.0,MWG,0.0,41.17251576216526,-655.389896962166,-355.1029365338468,-300.28696042831916,39951.50607899377,43183.9248046875,46416.34353038123,14.970472185255653,0.14994542933916866,0.0,0.0,42284.90625,43183.9248046875,1,41922.4375
2023-01-03,41922.4375,41970.13083048919,40539.33091581342,40825.490898748576,1998900.0,MWG,0.0,46.16360183860996,-622.0893560998375,-408.5002204470449,-213.58913565279255,39906.165623014946,43164.84765625,46423.529689485054,15.098776945472284,0.30936922602776956,0.024180765291688444,0.024475490764618746,42041.6703125,43164.84765625,-1,41493.1953125
2023-01-04,41493.1953125,42256.28855962644,41111.64868893678,41111.64868893678,1872700.0,MWG,0.0,44.424025798103685,-623.1513933889,-451.430455035416,-171.72093835348403,39759.97967363601,43100.46171875,46440.94376386399,15.50091071836838,0.25942597736741446,-0.010291739372936674,-0.01023896064011065,41765.048828125,43100.46171875,0,41588.58203125
2023-01-05,41588.58203125,41970.12865538991,41302.42206314507,41874.74199935493,1102800.0,MWG,0.0,44.92073483547631,-609.2728365682051,-482.99893134197384,-126.27390522623125,39601.084286815756,42985.99765625,46370.91102568425,15.748911524644313,0.293581774112942,0.002296213771803511,0.002298852089640535,41488.42734375,42985.99765625,-1,41159.34375
2023-01-06,41159.34375,41827.05036935111,41159.34375,41588.58371958285,1507500.0,MWG,0.0,43.05588972294791,-625.6972736138923,-511.5385997963576,-114.15867381753475,39401.893618012415,42840.533203125,46279.172788237585,16.05320628857978,0.2555443931368056,-0.010374692229485756,-0.010321060740360544,41235.653125,42840.533203125,-1,40062.39453125
2023-01-09,40062.39453125,41302.42102864583,40062.39453125,41159.34104817709,2663500.0,MWG,0.0,38.6410258095742,-718.940889619902,-553.0190577610665,-165.9218318588355,39032.84007435528,42654.529296875,46276.21851939472,16.98149895085143,0.14213732786525915,-0.027012864889073594,-0.026651280579516046,41178.420703125,42654.529296875,0,40253.16796875
2023-01-10,40253.16796875,40634.71458456753,39967.00800688685,40062.39466084123,1424300.0,MWG,0.0,39.797184951510076,-768.5835522785201,-596.1319566645573,-172.4515956139628,38763.76290798574,42454.2171875,46144.671467014254,17.38557214806379,0.20179156114085434,0.004750605993332896,0.004761908012043348,41025.801953125,42454.2171875,0,40587.0234375
2023-01-11,40587.0234375,41207.03672150411,40348.556789806105,40348.556789806105,1461200.0,MWG,0.0,41.861741664204345,-772.0862442927755,-631.3228141902009,-140.7634301025746,38596.02263823572,42268.2130859375,45940.403533639284,17.37565976700116,0.27109171319128267,0.008259687686941094,0.008293893017542908,40982.878125,42268.2130859375,-1,40157.77734375
2023-01-12,40157.77734375,41016.25714444774,40110.08402148901,40587.01724409888,986100.0,MWG,0.0,39.96410672194665,-800.2736686567296,-665.1129850835067,-135.16068357322285,38455.521348455404,42034.5154296875,45613.50951091959,17.028834730919133,0.2378120718641399,-0.01063226692665743,-0.010575944166267726,40906.56796875,42034.5154296875,0,40110.08984375
2023-01-13,40110.08984375,40682.40979395808,40110.08984375,40443.94314803805,1087500.0,MWG,0.0,39.74853124875521,-817.0420362506266,-695.4987953169307,-121.54324093369587,38513.496372024274,41757.894140625,45002.29190922573,15.539087089376713,0.24605390362081264,-0.0011882091123512771,-0.0011875034714146082,40825.4890625,41757.894140625,0,39967.0078125
2023-01-16,39967.0078125,40348.554426461815,39776.234505519096,40110.087792735685,1408900.0,MWG,0.0,39.06758777857752,-832.2825770435666,-722.8555516622579,-109.42702538130868,38547.99180203222,41507.5041015625,44467.016401092784,14.260131335716103,0.23973815055490683,-0.003573610625489281,-0.003567232878494697,40730.101953125,41507.5041015625,1,41063.95703125
2023-01-17,41063.95703125,41397.81034044716,40253.17042319977,40443.943742741,2760600.0,MWG,0.0,46.61800398411481,-747.2325493651733,-727.730951202841,-19.501598162332357,38701.11014672536,41342.962109375,43984.814072024645,12.780177461210846,0.4471951717829838,0.027076469784647932,0.02744636836202985,40644.25390625,41342.962109375,1,42876.30078125
2023-01-18,42876.30078125,43114.76741518354,41254.72767050195,41493.194304435485,3686900.0,MWG,0.0,56.26132961437012,-527.5080114477387,-687.6863632518205,160.17835180408179,38893.98478926388,41273.806640625,43653.62849198612,11.531874789657559,0.8366836344721488,0.043188465074627695,0.04413465922489612,40782.564453125,41273.806640625,1,43496.3125
2023-01-19,43496.3125,43973.24575109649,42685.52597313596,42876.29927357456,3493900.0,MWG,0.0,58.990675910197716,-299.88804535633244,-610.1266996727228,310.23865431639035,39063.56276218562,41230.882421875,43398.202081564385,10.513088890571568,1.0226340443129824,0.014356920439335502,0.014460476007788658,40973.3375,41230.882421875,0,43496.3125
2023-01-20,43496.3125,43496.3125,43496.3125,43496.3125,0.0,MWG,0.0,58.990675910197716,-118.1357865057289,-511.728517039324,393.5927305335951,39098.31354652873,41221.34375,43344.37395347127,10.300635594739791,1.0357834161474242,0.0,0.0,41207.034375,41221.34375,0,43496.3125
2023-01-23,43496.3125,43496.3125,43496.3125,43496.3125,0.0,MWG,0.0,58.990675910197716,25.608983665042615,-404.2610168984507,429.8700005634933,39032.43129630202,41364.4234375,43696.41557869798,11.275351847809647,0.9570961078378277,0.0,0.0,41550.426171875,41364.4234375,0,43496.3125
2023-01-24,43496.3125,43496.3125,43496.3125,43496.3125,0.0,MWG,0.0,58.990675910197716,137.93768982544862,-295.82127555367083,433.75896537911945,38934.77091158037,41450.2712890625,43965.77166654463,12.137437460612697,0.9066867230975078,0.0,0.0,41874.740625,41450.2712890625,0,43496.3125
2023-01-25,43496.3125,43496.3125,43496.3125,43496.3125,0.0,MWG,0.0,58.990675910197716,224.3725714060929,-191.7825061617181,416.15507756781096,38908.81591568734,41574.273828125,44239.73174056266,12.822631242855188,0.860545680144922,0.0,0.0,42165.66953125,41574.273828125,0,43496.3125
2023-01-26,43496.3125,43496.3125,43496.3125,43496.3125,0.0,MWG,0.0,58.990675910197716,289.5352555914287,-95.51895381108872,385.0542094025175,38924.07077197162,41703.0455078125,44482.02024365338,13.327442645982654,0.8226490275459235,0.0,0.0,42499.523046875,41703.0455078125,0,43782.47265625
2023-01-27,43782.47265625,44736.33916292212,43782.47265625,44259.40590958606,2479800.0,MWG,0.0,60.753897773330586,360.1166843766259,-4.391826173545795,364.5085105501717,38944.74169591791,41846.1251953125,44747.508694707096,13.866915925203028,0.8336938156127134,0.006557405241921809,0.006578952095076973,42866.761328125,41846.1251953125,0,44068.6328125
2023-01-30,44068.6328125,44640.952719155845,43305.53960362554,43782.47285917208,3206700.0,MWG,0.0,62.49069092788593,434.1392215658634,83.31438337433606,350.82483819152736,38974.75020490408,42003.512890625,45032.27557634593,14.421473240143834,0.8409180804443653,0.00651468565597243,0.006535952377489718,43276.923828125,42003.512890625,0,44354.796875
2023-01-31,44354.796875,44354.796875,43257.85028561828,43782.47691532258,2723800.0,MWG,0.0,64.19701461954665,510.01453379030863,168.65441345753058,341.360120332778,38919.878238401296,42125.130859375,45330.383480348704,15.217769324794258,0.8478143970673462,0.006472607148861331,0.006493599738334188,43606.0078125,42125.130859375,1,44927.1171875
2023-02-01,44927.1171875,44974.81051784766,43591.70393776539,44068.63724124204,7835500.0,MWG,0.0,67.39190883895013,609.304053666543,256.7843414993331,352.51971216720995,38873.62424818872,42296.826953125,45720.02965806128,16.186569780896367,0.8841855801559907,0.01282069628228257,0.012903233761004662,43811.089453125,42296.826953125,1,47597.9453125
2023-02-02,47597.9453125,47597.9453125,44164.02541019539,44784.03872588928,4860800.0,MWG,0.0,77.48783185962907,893.2088663483082,384.06924646912813,509.1396198791801,38456.188546434525,42597.2951171875,46738.40168794048,19.443049420675965,1.1037818768816698,0.05774803588638218,0.05944801919636866,44221.252734375,42597.2951171875,-1,45594.82421875
2023-02-03,45594.82421875,46357.91751111402,45594.82421875,45833.29087261376,6219600.0,MWG,0.0,61.9866512736517,945.6692577930153,496.38924873390556,449.2800090591097,38529.78188600739,42819.069140625,47108.356395242605,20.034472213914178,0.8235683358740755,-0.0429953884984309,-0.042084192512905516,44431.10390625,42819.069140625,-1,44974.80859375
2023-02-06,44974.80859375,45022.50192205727,43591.70207283934,44831.728608828205,2653000.0,MWG,0.0,58.11162710565542,926.5339105454987,582.4181810962242,344.11572944927445,38878.70328288733,43064.68984375,47250.67640461267,19.44045841755986,0.7281563404740546,-0.0136916821125312,-0.013598377351458857,44578.953515625,43064.68984375,-1,43591.703125
2023-02-07,43591.703125,45785.59628008753,43591.703125,44497.87638471006,2018900.0,MWG,0.0,50.523918956773535,790.6498385789746,624.0645125927742,166.58532598620036,39256.75894870661,43231.6166015625,47206.47425441839,18.38866073174895,0.5452955243791917,-0.031235687042588944,-0.030752892830370082,44588.492578125,43231.6166015625,-1,42447.0625
2023-02-08,42447.0625,43877.86235955056,42447.0625,43591.70238764045,1647000.0,MWG,0.0,45.25726887176686,583.8673410145566,616.0250782771307,-32.157737262574074,39527.21616464881,43324.6185546875,47122.02094472619,17.529998032159614,0.384453112344705,-0.026609125643099803,-0.026258222160251976,44483.567578125,43324.6185546875,-1,41970.1328125
2023-02-09,41970.1328125,43353.23946200284,41970.1328125,42351.67947443182,1472800.0,MWG,0.0,43.234982713261644,377.15882977731235,568.251828577167,-191.09299879985463,39857.06485553637,43415.236328125,46973.40780071363,16.3913490908886,0.29693172086312297,-0.011299469502072081,-0.011235870267818915,44330.949609375,43415.236328125,-1,40157.77734375
2023-02-10,40157.77734375,42399.36349001633,40157.77734375,41970.12358966746,2032500.0,MWG,0.0,36.551105107758744,66.33424563386507,467.8683119885066,-401.53406635464154,39868.722960787236,43417.620703125,46966.51844546277,16.347730183576516,0.040724529691908685,-0.04414211297746823,-0.04318202844023944,43968.480078125,43417.620703125,0,40539.328125
2023-02-13,40539.328125,40539.328125,39585.46158088235,40157.78150735294,1726000.0,MWG,0.0,38.69967566013107,-147.50813541167736,344.79302250846985,-492.3011579201472,40006.953793218636,43446.23671875,46885.51964428136,15.832362870900067,0.07739612345197122,0.00945643892314031,0.009501292314660015,43615.549609375,43446.23671875,0,40539.328125
2023-02-14,40539.328125,41016.26139705882,40443.94147058824,40825.488088235295,803200.0,MWG,0.0,38.69967566013107,-313.36745804950624,213.16092639687463,-526.5283844463809,39897.22922285126,43420.0052734375,46942.78132402374,16.22651138986076,0.09113535645302888,0.0,0.0,43234.002734375,43420.0052734375,0,40777.796875
2023-02-15,40777.796875,41493.19682017544,40539.33022660819,40539.33022660819,1084700.0,MWG,0.0,40.168282416897476,-420.7199335287223,86.38475441175525,-507.10468794047756,39604.13659046171,43315.080078125,47026.02356578829,17.134649092048615,0.15813502528939344,0.005865171293615751,0.005882405087343834,42819.070703125,43315.080078125,1,41302.421875
2023-02-16,41302.421875,41493.19518620092,40825.48859699769,41207.035219399535,944200.0,MWG,0.0,43.38194226657708,-458.1830418554164,-22.528804841679076,-435.6542370137373,39388.80061710668,43205.385546875,47021.97047664331,17.6671721891132,0.25069811010461185,0.012783400246338771,0.012865457190053275,42189.518359375,43205.385546875,0,41254.73046875
2023-02-17,41254.73046875,41302.42379877168,40873.18382857659,41302.42379877168,959100.0,MWG,0.0,43.15502079233208,-486.11746350047906,-115.24653657343907,-370.87092692704,39182.21009233614,43093.3064453125,47004.40279828885,18.151758013461908,0.26495388880366805,-0.0011553550528602553,-0.0011546878871736554,41755.508984375,43093.3064453125,1,42256.29296875
2023-02-20,42256.29296875,42256.29296875,40777.79964817297,41207.03964446953,1874700.0,MWG,0.0,49.16845451878652,-422.5668825842222,-176.7106057755957,-245.8562768086265,39107.81346883337,43031.30546875,46954.79746866663,18.23552391533151,0.4012343468501446,0.023987504481774665,0.024277518932251274,41483.657421875,43031.30546875,0,42447.0625
2023-02-21,42447.0625,43162.46242977528,42351.67584269663,42351.67584269663,1405600.0,MWG,0.0,50.2480380943748,-352.7428821360518,-211.9170610476869,-140.82582108836488,39053.47172843217,42978.84296875,46904.21420906784,18.266528222604695,0.4322636718677665,0.004504422587531151,0.004514582748446072,41369.193359375,42978.84296875,-1,41016.26171875
2023-02-22,41016.26171875,42447.06154614826,41016.26171875,41970.12827034884,1644500.0,MWG,0.0,42.89040768701,-408.15556083465344,-251.1647610050802,-156.99079982957323,38842.570304940724,42854.8404296875,46867.11055443428,18.724933214159375,0.2708804923679537,-0.03428909595019308,-0.03370788688263171,41226.11328125,42854.8404296875,0,41016.26171875
2023-02-23,41016.26171875,41016.26171875,40062.39516715117,40825.48840843023,1313900.0,MWG,0.0,42.89040768701,-446.9187072699133,-290.31555025804687,-156.60315701186641,38649.34351654979,42730.837890625,46812.33226470021,19.103273305907624,0.2899573030449798,0.0,0.0,41130.726171875,42730.837890625,-1,40157.77734375
2023-02-24,40157.77734375,40968.56382218676,39680.844121140144,40539.32392183789,1625600.0,MWG,0.0,38.92431855536499,-540.678687157706,-340.38817763797874,-200.29050951972727,38344.690793757276,42549.603125,46754.51545624273,19.764754650659157,0.2155914805311627,-0.021152486529347123,-0.020930341748028103,41130.726171875,42549.603125,-1,38631.59375
2023-02-27,38631.59375,39967.00686728395,38631.59375,39108.52700617284,1974700.0,MWG,0.0,33.069780000897936,-729.7226197660057,-418.2550660635841,-311.4675537024216,37792.655544858324,42277.751171875,46762.84679889168,21.217285700855154,0.09352511907306946,-0.038745696203347245,-0.03800468289581593,40939.952734375,42277.751171875,-1,38154.6640625
2023-02-28,38154.6640625,39299.303984375,38011.58407226563,38631.59736328125,1567900.0,MWG,0.0,31.4765061375565,-907.5637087637733,-516.1167946036219,-391.44691416015144,37236.77068389843,41967.74453125,46698.71837860157,22.545761751998814,0.09700892545785395,-0.01242242646679384,-0.012345586635291173,40701.486328125,41967.74453125,1,38917.75390625
2023-03-01,38917.75390625,39108.52720971201,37439.26080441942,38154.66069240196,1520500.0,MWG,0.0,36.72904769539395,-975.6820250439196,-608.0298406916814,-367.6521843522381,36964.444672016085,41667.2763671875,46370.108062358915,22.57326182651497,0.2076737337038295,0.019802538968886774,0.01999990990616518,40515.48203125,41667.2763671875,-1,38440.82421875
2023-03-02,38440.82421875,39108.530842897024,38154.66423697271,38917.75752171216,868900.0,MWG,0.0,34.927045895908876,-1055.977865861205,-697.6194457255862,-358.35842013561876,37206.82932880091,41209.4203125,45212.01129619909,19.425611684641872,0.15414951152574,-0.012330519557410494,-0.012254810199193056,40229.322265625,41209.4203125,-1,37582.34375
2023-03-03,37582.34375,38726.98366116751,37582.34375,38440.82368337564,1857500.0,MWG,0.0,31.893768458470333,-1175.3365492979792,-793.1628664400648,-382.1736828579144,37058.36012988181,40808.7962890625,44559.23244824319,18.380528220509525,0.06985635775128858,-0.022585666575983574,-0.02233251981967821,39862.08359375,40808.7962890625,0,37582.34375
2023-03-06,37582.34375,38631.59700190355,37582.34375,38106.97037595178,1474200.0,MWG,0.0,31.893768458470333,-1255.4570386082924,-885.6217008737103,-369.835337734582,36970.99212780554,40439.173046875,43907.353965944465,17.152580815880313,0.088137216088267,0.0,0.0,39394.688671875,40439.173046875,0,37868.50390625
2023-03-07,37868.50390625,38345.43720481738,37391.57060768263,38154.66388539043,1585700.0,MWG,0.0,34.10606743759337,-1281.094708212011,-964.7163023413706,-316.37840587064045,36839.04049171923,40153.0130859375,43466.98568015577,16.506719369356116,0.15532165479081322,0.007585376101830527,0.007614217946426027,38936.8328125,40153.0130859375,0,37582.34375
2023-03-08,37582.34375,37725.42373889594,36866.94380552031,37200.797112944165,2029100.0,MWG,0.0,32.9533029147661,-1309.4094224090877,-1033.654926354914,-275.7544960541736,36590.650063381305,39909.7771484375,43228.90423349369,16.63315268692819,0.14939073756525142,-0.007585376101830496,-0.007556679739934791,38593.441015625,39909.7771484375,1,38154.6640625
2023-03-09,38154.6640625,38679.29069335938,37725.42409179688,37773.117421875,2116000.0,MWG,0.0,37.50300315312328,-1271.0160889747785,-1081.127158878887,-189.8889300958915,36460.44935678909,39719.0037109375,42977.558065085905,16.40803670637435,0.25996416226018076,0.0151136471645074,0.015228435892852055,38307.28125,39719.0037109375,0,37916.1953125
2023-03-10,37916.1953125,38250.04860455975,37582.34202044025,38059.27529481132,1573000.0,MWG,0.0,36.394794180945944,-1245.4744762957635,-1113.9966223622623,-131.47785393350114,36258.94172582928,39606.924609375,42954.90749292071,16.90604820528401,0.24750030754571647,-0.006269668388595414,-0.006250055028904744,38083.123046875,39606.924609375,0,37582.34375
2023-03-13,37582.34375,38154.66370558376,37582.34375,37916.19705742386,1349100.0,MWG,0.0,34.8425084995401,-1237.9018334413195,-1138.7776645780737,-99.12416886324581,36024.42032923599,39459.075390625,42893.73045201402,17.408695096819457,0.22679474254599077,-0.008843978775911887,-0.008804985831211254,37978.198046875,39459.075390625,-1,36819.25
2023-03-14,36819.25,37773.11658031088,36533.090025906735,37486.956606217616,1611600.0,MWG,0.0,31.532011305394988,-1278.7352832454926,-1166.7691883115574,-111.96609493393521,35685.23102069177,39273.071484375,42860.91194805824,18.27124962767771,0.15803642759300135,-0.02051355275808983,-0.020304581190469295,37844.656640625,39273.071484375,1,38154.6640625
2023-03-15,38154.6640625,38250.05072265625,37582.3441015625,37773.117421875,1899200.0,MWG,0.0,41.93018329868867,-1189.6260633399725,-1171.3405633172406,-18.285500022731867,35594.12260101901,39141.91484375,42689.70708648099,18.127842017404443,0.3608640650713471,0.03562719992259699,0.036269453139322394,37768.34765625,39141.91484375,-1,37582.34375
2023-03-16,37582.34375,38154.66370558376,37010.02379441624,38154.66370558376,1665000.0,MWG,0.0,39.18366569474758,-1151.9093369086986,-1167.4543180355322,15.54498112683359,35496.06719779486,38955.9109375,42415.754677205136,17.762869133036244,0.3014986671598848,-0.015113647164507341,-0.01500000921414224,37682.499609375,38955.9109375,0,37582.34375
2023-03-17,37582.34375,38059.2770463198,37057.71712404823,38059.2770463198,953800.0,MWG,0.0,39.18366569474758,-1109.2320231872363,-1155.809859065873,46.57783587863673,35438.64311155838,38772.2916015625,42105.94009156663,17.196035376303527,0.32152469657035904,0.0,0.0,37682.499609375,38772.2916015625,-1,36342.31640625
2023-03-20,36342.31640625,37582.34295029528,36294.62307763288,37200.79632135827,2298600.0,MWG,0.0,33.645739397821075,-1162.0741207907922,-1157.062711410857,-5.01140937993523,35405.316124944875,38476.5927734375,41547.869421930125,15.964389916629498,0.15254247476615343,-0.03355155544996785,-0.03299494443451256,37558.496875,38476.5927734375,1,36723.859375
2023-03-21,36723.859375,37010.01931818182,35769.99289772727,37010.01931818182,1411300.0,MWG,0.0,36.614197857096336,-1159.7951385480992,-1157.6091968383055,-2.185941709793724,35657.48309825509,38190.4326171875,40723.38213611991,13.264838051572431,0.21050089407118663,0.010443859493268126,0.010498586949850619,37444.032421875,38190.4326171875,-1,36199.234375
2023-03-22,36199.234375,36866.94093791173,36199.234375,36866.94093791173,1507000.0,MWG,0.0,34.33938887408243,-1186.6429998844687,-1163.4159574475382,-23.22704243693056,35641.947204495445,37949.58125,40257.21529550456,12.161578439048295,0.12074860214300255,-0.01438869428820233,-0.014285671738443195,37305.721484375,37949.58125,0,36056.15625
2023-03-23,36056.15625,36199.236235119046,35769.99627976191,35865.38293650794,1238600.0,MWG,0.0,33.72400863847852,-1205.56829153109,-1171.8464242642485,-33.7218672668414,35741.71682276053,37701.5759765625,39661.435130364465,10.396696175355276,0.08021990422870033,-0.003960349830507318,-0.003952517987474646,37095.870703125,37701.5759765625,0,36199.234375
2023-03-24,36199.234375,36437.70100461133,35865.381093544136,35865.381093544136,1729500.0,MWG,0.0,34.97885421323201,-1195.2434896413397,-1176.5258373396669,-18.717652301672842,35806.24650644197,37503.648828125,39201.05114980803,9.05193161050561,0.11576155621384228,0.003960349830507319,0.003968202378754615,36924.174609375,37503.648828125,0,36342.31640625
2023-03-27,36342.31640625,36676.16970656988,36103.84976316437,36246.92974901575,2465100.0,MWG,0.0,36.278182066238394,-1162.1192977517421,-1173.644529422082,11.525231670339963,35703.33216987736,37389.1849609375,39075.03775199764,9.017863282237588,0.18951365141757717,0.003944834794934194,0.003952625897215567,36800.171875,37389.1849609375,1,37296.18359375
2023-03-28,37296.18359375,37486.95691136509,36342.31700567455,36437.7036644821,4198400.0,MWG,0.0,44.27314025583168,-1046.8318014251126,-1148.2819838226883,101.45018239757565,35699.20200710293,37346.2609375,38993.31986789707,8.820475673071897,0.48479795020511796,0.025908201352510252,0.0262467360868599,36847.865234375,37346.2609375,-1,36914.63671875
2023-03-29,36914.63671875,37534.6499969719,36914.63671875,37439.26333878392,1830200.0,MWG,0.0,42.00299834092624,-975.0139205261876,-1113.6283711633882,138.61445063720066,35766.2828830452,37246.105078125,38725.927273204805,7.94618493383845,0.3880039911291079,-0.010282873450834673,-0.010230185456936103,36723.8625,37246.105078125,0,36819.25
2023-03-30,36819.25,37391.56994818653,36390.0100388601,37010.02331606217,2665800.0,MWG,0.0,41.43104154643774,-915.2442772090799,-1073.9515523725265,158.70727516344664,35786.6003770859,37165.0263671875,38543.4523572891,7.417866337469311,0.3745756501725514,-0.002587325209797489,-0.0025839809687616677,36647.553125,37165.0263671875,0,36771.5546875
2023-03-31,36771.5546875,37153.10129904345,36485.39472884241,36771.5546875,1815500.0,MWG,0.0,41.12945748621444,-861.7908291434214,-1031.5194077267056,169.72857858328416,35750.053157513925,37124.4869140625,38498.92067061108,7.404459270939853,0.3716081350298137,-0.001296230402173991,-0.0012953906584192154,36566.47421875,37124.4869140625,1,37200.80078125
2023-04-03,37200.80078125,37391.57411858974,36914.64077524038,37200.80078125,2112100.0,MWG,0.0,45.00907485579493,-775.8485152983267,-980.38522924103,204.53671394270327,35747.238712900726,37105.409765625,38463.58081834928,7.320609373690331,0.535117452780951,0.011605711594276246,0.011673319156557671,36652.32265625,37105.409765625,1,37963.890625
2023-04-04,37963.890625,38106.97061479271,37248.49067603643,37296.18400596733,3133300.0,MWG,0.0,51.16981929408108,-638.7999512140159,-912.0681736356272,273.2682224216113,35740.107441713415,37110.1791015625,38480.25076141158,7.383805160840076,0.8115572522431198,0.02030517382013576,0.020512726278048676,36776.32578125,37110.1791015625,0,37916.1953125
2023-04-05,37916.1953125,38011.581967374215,37677.72867531447,37963.88863993711,1735900.0,MWG,0.0,50.78683757268064,-527.9507028435255,-835.2446794772069,307.2939766336814,35724.816232845,37126.8716796875,38528.927126530005,7.552779878352006,0.7814880233838446,-0.0012571234782363491,-0.0012563336295303706,36948.021875,37126.8716796875,-1,37296.18359375
2023-04-06,37296.18359375,38154.6635230179,37248.49026434623,38154.6635230179,1971300.0,MWG,0.0,45.97014508160196,-484.54609319036535,-765.1049622198386,280.55886902947327,35764.2333795647,37083.94765625,38403.6619329353,7.117442236292658,0.5804098058380751,-0.016487332873369488,-0.016352160696503137,37072.024609375,37083.94765625,0,37200.80078125
2023-04-07,37200.80078125,37248.49411558494,36723.86743790064,37057.7207782452,2032200.0,MWG,0.0,45.25900096299666,-452.6266251636407,-702.6092948085991,249.98266964495838,35785.91209379974,37048.1779296875,38310.44376557526,6.814185778762841,0.5604559068396066,-0.0025607174685298756,-0.0025574416283167256,37172.18125,37048.1779296875,1,39108.52734375
2023-04-10,39108.52734375,39251.60732183689,37391.56760670732,37391.56760670732,5829400.0,MWG,0.0,58.9403205717279,-270.2770412377067,-616.1428440944206,345.8658028567139,35574.513173534324,37124.487109375,38674.46104521567,8.350143296386499,1.1400237412053325,0.05001024642090758,0.0512818681973517,37448.80234375,37124.487109375,0,38822.3671875
2023-04-11,38822.3671875,39108.52714219902,38345.4339296683,39108.52714219902,2852300.0,MWG,0.0,56.65305635950944,-147.15806867479841,-522.3458890104962,375.1878203356978,35507.8225078004,37224.64296875,38941.463429699594,9.224107064725171,0.9653148815183272,-0.007343979409391156,-0.007317078286654843,37601.420703125,37224.64296875,0,38870.0625
2023-04-12,38870.0625,39776.23573619632,38631.59585889571,38631.59585889571,3970800.0,MWG,0.0,56.95290282210154,-45.21556588420208,-426.91982438523735,381.70425850103527,35435.59158403532,37260.412890625,39085.234197214675,9.794960200501787,0.9410430773584074,0.0012277983500714547,0.0012285524030424266,37796.96328125,37260.412890625,0,39156.22265625
2023-04-13,39156.22265625,39394.689298492696,38774.67602866169,39108.529327801465,3135000.0,MWG,0.0,58.794577712213304,57.99678427520121,-329.93650265314966,387.93328692835087,35329.447464259814,37339.1068359375,39348.76620761518,10.764367666895888,0.9520954759600764,0.007335000985387758,0.007361967999151009,38030.660546875,37339.1068359375,-1,38154.6640625
2023-04-14,38154.6640625,39490.077304687504,38154.6640625,39346.997314453125,2679300.0,MWG,0.0,50.63007807556478,58.30381712914823,-252.2884386966901,310.5922558258383,35327.41518024648,37367.7228515625,39408.03052287853,10.920160585759174,0.6928486624838079,-0.02591134761648088,-0.025578529434328257,38168.971484375,37367.7228515625,0,38011.58203125
2023-04-17,38011.58203125,38154.66201380175,37725.422066146486,38011.58203125,1406900.0,MWG,0.0,49.571034811563344,46.465987759693235,-192.53755340541343,239.00354116510667,35451.32629569304,37451.1861328125,39451.04596993196,10.679821087788202,0.640108793635427,-0.003757102572282777,-0.0037500534932144447,38250.049609375,37451.1861328125,0,38106.96875
2023-04-18,38106.96875,38870.06199155194,38106.96875,38679.28868116396,2755700.0,MWG,0.0,50.31713852603473,44.271005131085985,-145.17584169811357,189.44684682919956,35530.75110945766,37520.3416015625,39509.93209366733,10.605396471240978,0.6474240932406388,0.0025062686480764834,0.0025094119647948165,38264.357421875,37520.3416015625,1,38631.59375
2023-04-19,38631.59375,39394.68695987654,38154.66049382716,38202.35381944444,2949400.0,MWG,0.0,54.320173185881025,83.89720386786212,-99.36123258491844,183.25843645278056,35695.49327270519,37641.9595703125,39588.42586791981,10.342003019111946,0.75421302719292,0.01367326039100001,0.013767166930589214,38335.897265625,37641.9595703125,0,38536.2109375
2023-04-20,38536.2109375,38631.59759823639,38059.27763381807,38631.59759823639,1416200.0,MWG,0.0,53.47654340482359,106.37839215032727,-58.213307637869306,164.5916997881966,35932.136723184616,37765.9623046875,39599.78788619038,9.71152577396535,0.7100114210919821,-0.0024720895316837476,-0.00246903643471863,38459.9,37765.9623046875,-1,37486.95703125
2023-04-21,37486.95703125,38536.21028148855,37486.95703125,38536.21028148855,2811100.0,MWG,0.0,45.16651525228451,39.078403073617665,-38.754965495571916,77.83336856918959,36143.61080114547,37830.3484375,39517.08607385452,8.91737827443597,0.398208411655486,-0.027605283115136284,-0.027227739332020273,38488.515625,37830.3484375,-1,36628.4765625
2023-04-24,36628.4765625,37486.9564819336,36485.39657592773,37391.56982421875,3211100.0,MWG,0.0,39.727008300773655,-82.57761895883596,-47.51949618822472,-35.058122770611234,36206.92305642347,37844.6564453125,39482.38983420154,8.655031080837768,0.12870028447136175,-0.023167073935068686,-0.022900777676735706,38240.510546875,37844.6564453125,-1,35960.76953125
2023-04-25,35960.76953125,37010.022753647216,35769.99621808687,36819.24944048408,2735300.0,MWG,0.0,36.086759627452885,-230.21548920980422,-84.05869479254062,-146.1567944172636,35948.34156528971,37777.8857421875,39607.42991908529,9.685794432136225,0.0033964651188045755,-0.018397377020610103,-0.01822917833098181,37954.35078125,37777.8857421875,1,36628.4765625
2023-04-26,36628.4765625,36628.4765625,35913.07662963867,35960.769958496094,1835600.0,MWG,0.0,41.82725573003227,-289.9982683755443,-125.24660950914136,-164.75165886640292,35901.42280236007,37763.577734375,39625.73266638993,9.862174315755398,0.19521838587115425,0.01839737702061012,0.018567651358788684,37730.1921875,37763.577734375,0,36866.94140625
2023-04-27,36866.94140625,36866.94140625,36390.00814096863,36723.86142666559,1286400.0,MWG,0.0,43.769715208933405,-314.5089680110905,-163.0990812095312,-151.40988680155928,35908.783469780676,37765.9623046875,39623.14113959432,9.835199325379355,0.2579606009017964,0.006489266600952921,0.0065103675099100755,37501.2640625,37765.9623046875,1,37391.57421875
2023-04-28,37391.57421875,37391.57421875,36819.25420519771,36866.9475396604,2517300.0,MWG,0.0,47.89212842502689,-288.27730925819196,-188.13472681926336,-100.1425824389286,35989.64560977412,37796.96328125,39604.28095272588,9.563295643766386,0.38784786734006976,0.014130138129102786,0.014230440402388744,37424.955078125,37796.96328125,0,37391.57421875
2023-05-01,37391.57421875,37391.57421875,37391.57421875,37391.57421875,0.0,MWG,0.0,47.89212842502689,-264.44022836337535,-203.39582712808578,-61.04440123528957,36010.45381304204,37806.501953125,39602.55009320796,9.501265905583217,0.3844886935057781,0.0,0.0,37362.954296875,37806.501953125,0,37391.57421875
2023-05-02,37391.57421875,37391.57421875,37391.57421875,37391.57421875,0.0,MWG,0.0,47.89212842502689,-242.750888877541,-211.26683947797682,-31.484049399564185,35974.17569366481,37777.8861328125,39581.59657196019,9.549027877348871,0.3929118816196897,0.0,0.0,37291.41484375,37777.8861328125,0,37391.57421875
2023-05-03,37391.57421875,37391.57421875,37391.57421875,37391.57421875,0.0,MWG,0.0,47.89212842502689,-222.9914247347624,-213.61175652933395,-9.379668205428459,35941.16750171799,37751.655078125,39562.14265453201,9.59156663547759,0.40055693723963764,0.0,0.0,37167.412890625,37751.655078125,-1,36151.5390625
2023-05-04,36151.5390625,37105.40552852902,36151.5390625,36342.312355705806,2462500.0,MWG,0.0,38.83954299782199,-303.88933367151185,-231.66727195776954,-72.2220617137423,35755.49930643566,37694.4228515625,39633.34639668934,10.287588446503925,0.10212877064176135,-0.033725868729028274,-0.03316349156618781,36928.945703125,37694.4228515625,0,36056.15625
2023-05-05,36056.15625,36342.3162202381,35913.076264880954,36151.54290674604,1173200.0,MWG,0.0,38.24077851929537,-371.4166452752688,-259.6171466212694,-111.79949865399942,35573.366346723145,37637.190625,39701.01490327686,10.966941177091947,0.11696487640894236,-0.002641903125849271,-0.0026384163710181374,36785.865625,37637.190625,0,36103.8515625
2023-05-08,36103.8515625,36485.39821045245,36056.15823150594,36056.15823150594,1273100.0,MWG,0.0,38.749269724543595,-416.28523604430666,-290.95076450587686,-125.3344715384298,35436.69863868021,37486.9568359375,39537.215033194785,10.938514994590191,0.16269973330975288,0.0013219322140201487,0.0013228063515504651,36733.403125,37486.9568359375,0,36199.234375
2023-05-09,36199.234375,36580.78098237813,36103.84772315546,36103.84772315546,931100.0,MWG,0.0,39.81645182008092,-439.0858137289397,-320.57777435048945,-118.50803937845023,35329.771113067334,37355.8001953125,39381.82927755766,10.84719947987834,0.2145732431859175,0.0026384176164871245,0.0026419013033798233,36757.249609375,37355.8001953125,1,37200.80078125
2023-05-10,37200.80078125,37200.80078125,36151.54742588141,36294.62742888622,2354900.0,MWG,0.0,49.72240104098512,-372.0486520006234,-330.87194988051624,-41.176702120107166,35375.55404286376,37272.337109375,39169.120175886244,10.177966897783552,0.4811427228057819,0.02729231867891449,0.027668165461027128,36814.48203125,37272.337109375,0,36914.63671875
2023-05-11,36914.63671875,37534.6499969719,36771.55673146802,37343.87668059593,1659900.0,MWG,0.0,47.32558697464203,-338.1146909371091,-332.32049809183485,-5.794192845274267,35479.58295139045,37160.2578125,38840.93267360955,9.04555005828946,0.4269278373129693,-0.0077221559823048335,-0.0076924167354008866,36819.2515625,37160.2578125,0,37200.80078125
2023-05-12,37200.80078125,37296.18744991988,36437.70743189103,36962.33410957532,2033800.0,MWG,0.0,49.92507171338889,-284.84719291370857,-322.8258370562096,37.978644142501025,35497.86375510272,37112.5646484375,38727.265541772285,8.701640043638234,0.5273227484968644,0.007722155982304742,0.0077520487247446646,36800.17421875,37112.5646484375,0,37105.4140625
2023-05-15,37105.4140625,37582.347405205655,37057.72072822943,37343.88073385283,2782400.0,MWG,0.0,49.05603620606454,-247.47647324679565,-307.7559642943268,60.27949104753117,35508.90070730713,37067.25625,38625.611792692864,8.408259473981786,0.5122429739089143,-0.0025673968549175387,-0.0025641039103135865,36771.558203125,37067.25625,-1,36676.16796875
2023-05-16,36676.16796875,37153.10123232282,36437.70133696359,37105.40790596554,2129700.0,MWG,0.0,45.239740209356405,-249.6190282998141,-296.12857709542425,46.50954879561016,35508.5903779336,36995.7162109375,38482.8420439414,8.039448808206831,0.3925618010608989,-0.011635720592873445,-0.011568287394043919,36700.017578125,36995.7162109375,0,36390.01171875
2023-05-17,36390.01171875,36866.94503092235,36199.23839388106,36676.17170605341,1326900.0,MWG,0.0,42.84670757549204,-271.28028620973055,-291.1589189182855,19.87863270855496,35590.38510771436,36883.637109375,38176.889111035634,7.012605605166416,0.30915344032286624,-0.007832836321140619,-0.007802239597218041,36599.861328125,36883.637109375,0,36342.31640625
2023-05-18,36342.31640625,36914.63634965551,36342.31640625,36771.556363804135,1747600.0,MWG,0.0,42.443713152746945,-288.96459826211503,-290.7200547870514,1.7554565249363918,35721.05185523347,36773.9423828125,37826.83291039153,5.726285839133386,0.2950280844700155,-0.0013115301150487281,-0.0013106704353004206,36618.9390625,36773.9423828125,0,36533.08984375
2023-05-19,36533.08984375,36533.08984375,36056.156555972586,36342.31652863904,1643100.0,MWG,0.0,44.684771585077776,-284.3083907731052,-289.4377219842622,5.129331211157023,35724.15914138009,36726.2490234375,37728.33890549491,5.457077206103494,0.4036218291662013,0.005235617421617974,0.005249347217372025,36666.632421875,36726.2490234375,0,36771.5546875
2023-05-22,36771.5546875,36866.94134038586,36294.62142307068,36580.78138172827,1523200.0,MWG,0.0,47.43969438357432,-258.39754676293524,-283.22968693999684,24.832140177061603,35732.209514726674,36733.4029296875,37734.59634464833,5.451133492190973,0.5190531406032026,0.006506154868086133,0.006527365869404944,36733.402734375,36733.4029296875,0,36485.39453125
2023-05-23,36485.39453125,37010.021119281046,36437.70120506536,36866.941140727125,1467700.0,MWG,0.0,44.570985698950324,-257.979917375902,-278.17973302717786,20.199815651275856,35817.95276802926,36759.6341796875,37701.31559134574,5.123453661454498,0.3543883074241741,-0.00781254515245147,-0.007782106540827782,36762.01875,36759.6341796875,0,36485.39453125
2023-05-24,36485.39453125,36485.39453125,36485.39453125,36485.39453125,0.0,MWG,0.0,44.570985698950324,-254.7127727863408,-273.4863409790105,18.7735681926697,35804.45055650015,36752.480078125,37700.50959974985,5.158996179901959,0.35913648215445987,0.0,0.0,36690.478125,36752.480078125,0,36246.9296875
2023-05-25,36246.9296875,36628.47631578947,36056.15637335526,36199.23635896381,1477500.0,MWG,0.0,42.1099717281393,-268.2731709963846,-272.4437069824853,4.170535986100731,35748.97659530115,36721.4794921875,37693.98238907385,5.296643328835638,0.2560162513618926,-0.006557351240652032,-0.006535898729168266,36623.707421875,36721.4794921875,0,36437.69921875
2023-05-26,36437.69921875,36628.47251308901,36246.92592441099,36294.61924799575,882500.0,MWG,0.0,44.73873799928338,-260.6220882293637,-270.079383231861,9.45729500249729,35747.17569232633,36673.7857421875,37600.39579204867,5.053255512671272,0.37260740185535807,0.005249252067993315,0.005263053530180528,36547.397265625,36673.7857421875,1,36914.63671875
2023-05-29,36914.63671875,36914.63671875,36390.01009871608,36676.17007328004,2263500.0,MWG,0.0,50.75896079363044,-213.61130158021842,-258.7857669015325,45.174465321314074,35778.18385533557,36649.9388671875,37521.69387903943,4.7571976314121835,0.6518189445221461,0.013004199937081597,0.01308912226144554,36528.31953125,36649.9388671875,1,37582.34375
2023-05-30,37582.34375,37963.89038705584,37057.71712404823,37057.71712404823,4818400.0,MWG,0.0,57.705724368397476,-121.08079329009342,-231.2447721792447,110.16397888915128,35750.188318611734,36659.47734375,37568.76636888826,4.960730981579508,1.0074659325782993,0.017926227548292338,0.018087866781331563,36618.937109375,36659.47734375,0,37391.57421875
2023-05-31,37391.57421875,37630.04089106346,37153.10754643654,37486.960887675385,1975100.0,MWG,0.0,55.30507866848869,-62.423624976858264,-197.48054273876744,135.05691776190918,35750.188318611734,36659.47734375,37568.76636888826,4.960730981579508,0.9025655510846415,-0.005088968220531945,-0.00507604135918216,36719.093359375,36659.47734375,0,37486.95703125
2023-06-01,37486.95703125,37677.73034947519,36914.63707657443,37534.6503608063,2907500.0,MWG,0.0,56.284325446576375,-8.146888406925427,-159.61381187239905,151.46692346547363,35778.6879064912,36726.2482421875,37673.80857788381,5.160125964665455,0.9014038792070687,0.0025476692050130354,0.002550917271949782,36833.557421875,36726.2482421875,1,38917.75390625
2023-06-02,38917.75390625,38965.447232115504,37391.56747855392,37630.03410788143,5707900.0,MWG,0.0,67.71219040626897,148.60810478498752,-97.96942854092174,246.57753332590926,35554.70414099385,36869.328125,38183.95210900615,7.131260865666526,1.279091894781836,0.037457485148913124,0.03816785859164984,37072.023828125,36869.328125,0,39299.3046875
2023-06-05,39299.3046875,39680.851334951454,38917.75804004855,39108.53136377427,6617800.0,MWG,0.0,69.96688315906873,300.1654055930703,-18.34246171412333,318.50786730719364,35373.6531404274,37029.10078125,38684.54842207261,8.941333199540475,1.1856767469619023,0.009756281164195704,0.00980402882882525,37324.798828125,37029.10078125,1,39871.625
2023-06-06,39871.625,40110.09165669856,39156.22502990431,39299.30502392344,4665200.0,MWG,0.0,73.01128823114023,461.1413738262563,77.5543053939526,383.5870684323037,35174.43668100597,37212.7203125,39251.00394399403,10.954768231815375,1.1522410930492202,0.014458091735774307,0.014563115481329048,37663.421875,37212.7203125,0,39871.625
2023-06-07,39871.625,40014.704994019135,39156.22502990431,39871.625,4745100.0,MWG,0.0,73.01128823114023,582.0069743072308,178.44483917660827,403.56213513062255,34986.63096657886,37346.2615234375,39705.89208029614,12.63650207867687,1.0351184042820039,0.0,0.0,38002.044921875,37346.2615234375,-1,38774.67578125
2023-06-08,38774.67578125,40062.39564114392,38726.98245310578,40062.39564114392,4513900.0,MWG,0.0,59.58500659619673,582.5637666435214,259.2686246699909,323.29514197353046,35005.79517900471,37439.2634765625,39872.731774120286,12.999552189808297,0.774384569962903,-0.027897570537748276,-0.02751202688001808,38254.81953125,37439.2634765625,1,39490.07421875
2023-06-09,39490.07421875,39490.07421875,38631.594344429344,39108.52760794082,4124000.0,MWG,0.0,64.20776038502264,633.4299178569272,334.1008833073782,299.329034549549,34957.56320150497,37553.7271484375,40149.89109537003,13.826398304864659,0.8729246515036865,0.018282007241590213,0.018450146212336316,38560.05703125,37553.7271484375,1,41016.26171875
2023-06-12,41016.26171875,41016.26171875,39585.46189135175,39728.54187409157,7248100.0,MWG,0.0,71.65614041612378,787.810891965928,424.8428850390882,362.96800692683985,34739.15521465912,37749.26953125,40759.38384784088,15.94793411352776,1.0426691221481663,0.037919260626789394,0.0386473697553944,38970.21953125,37749.26953125,0,41016.26171875
2023-06-13,41016.26171875,41397.808339389536,40634.715098110464,41397.808339389536,3399100.0,MWG,0.0,71.65614041612378,899.7867447069802,519.8316569726667,379.95508773431357,34669.74927821999,37966.27421875,41262.79915928,17.365543542863556,0.9626064651447223,0.0,0.0,39313.611328125,37966.27421875,-1,40110.08984375
2023-06-14,40110.08984375,41016.26309824613,40110.08984375,41016.26309824613,3321400.0,MWG,0.0,62.674857784489234,904.975918567281,596.8605092915896,308.1154092756915,34810.73712691067,38152.278125,41493.81912308932,17.516862228469215,0.7929504261461209,-0.0223406956416985,-0.02209299036595913,39585.462890625,38152.278125,0,39776.234375
2023-06-15,39776.234375,40443.940947242205,39537.76774205636,40110.08766112111,2810300.0,MWG,0.0,59.70569955906952,872.0960496564876,651.9076173645692,220.1884322919184,35021.35337352454,38323.9740234375,41626.59467335046,17.23527235402677,0.7198648445441008,-0.008358312030159099,-0.008323478457678446,39814.390625,38323.9740234375,0,39442.3828125
2023-06-16,39442.3828125,40348.55605728537,39251.60949780834,40014.70275657497,4410000.0,MWG,0.0,56.807519191300834,809.7650186049432,683.479097612644,126.28592099229922,35243.55445062418,38469.438671875,41695.32289312583,16.771153063947708,0.6508027061565994,-0.00842866363533398,-0.008393242038764459,39866.853515625,38469.438671875,0,39585.46484375
2023-06-19,39585.46484375,39776.238168298194,39203.91819465362,39442.38485033886,2063100.0,MWG,0.0,57.75399950630925,763.1160250476896,699.4064830996532,63.70954194803642,35451.29153133844,38610.1341796875,41768.97682803656,16.362764416451604,0.6543810142889277,0.003621057433171599,0.0036276213820594094,39895.46953125,38610.1341796875,1,40539.328125
2023-06-20,40539.328125,40539.328125,39680.848235294114,39680.848235294114,2476500.0,MWG,0.0,63.49675844794417,793.9628471176693,718.3177559032565,75.64509121441279,35708.25310211161,38812.830859375,41917.408616638386,15.99768781881313,0.7780566957270977,0.02381056626781308,0.024096301130100306,39962.23984375,38812.830859375,0,40730.1015625
2023-06-21,40730.1015625,40730.1015625,40253.16828893442,40539.32825307377,2565900.0,MWG,0.0,64.53512311328328,824.3009694275679,739.5143986081188,84.78657081944914,36011.39544030864,39025.0662109375,42038.736981566355,15.444795170055196,0.7828834802029015,0.004694847463455138,0.004705885527055642,40048.0875,39025.0662109375,0,40730.1015625
2023-06-22,40730.1015625,40730.1015625,40730.1015625,40730.1015625,0.0,MWG,0.0,64.53512311328328,838.676410332162,759.3468009529274,79.32960937923463,36446.04367211839,39249.2248046875,42052.40593725662,14.284007628269563,0.764142181289454,0.0,0.0,40243.630078125,39249.2248046875,0,40920.87890625
2023-06-23,40920.87890625,41207.0388986014,40730.10557801573,41063.9589024257,2158100.0,MWG,0.0,65.66778061822174,855.6003597123199,778.5975127048059,77.00284700751399,36910.101661795976,39473.3837890625,42036.665916329024,12.987394954352874,0.7823518920898309,0.004673004287792126,0.0046839397995914744,40386.710546875,39473.3837890625,1,42303.98046875
2023-06-26,42303.98046875,42447.06044778749,40634.714046646,41540.88724721674,5457500.0,MWG,0.0,72.51996940610734,969.4423209393644,816.7664743517178,152.67584658764667,37179.04163172253,39742.8509765625,42306.660321402465,12.901990077923292,0.9994773689670297,0.0332407630409709,0.0337994099703649,40515.482421875,39742.8509765625,0,42160.90234375
2023-06-27,42160.90234375,42828.60894195418,41731.66238776159,42303.98232907947,2478000.0,MWG,0.0,70.94258230448506,1036.1733253658094,860.6478445545362,175.52548081127327,37402.59582114378,39971.77890625,42540.96199135622,12.85498496893017,0.9260349233557041,-0.003387875696655058,-0.003382143321139508,40629.946484375,39971.77890625,0,41874.7421875
2023-06-28,41874.7421875,42399.368798049545,41207.03559225512,42160.90215689066,3989700.0,MWG,0.0,67.76772516493213,1053.8196175048652,899.282199144602,154.53741836026313,37798.0344287575,40195.9373046875,42593.840180617495,11.931070833123048,0.850056897563334,-0.006810473434579466,-0.006787334718712956,40806.41171875,40195.9373046875,-1,40730.1015625
2023-06-29,40730.1015625,41874.741419057376,40730.1015625,41493.19480020492,3289500.0,MWG,0.0,56.81494310657848,964.3253564456609,912.2908306048139,52.03452584084698,38319.87732928721,40358.09453125,42396.31173321279,10.100661221181106,0.5912579461334548,-0.027715418197528513,-0.027334869785578864,40901.7984375,40358.09453125,1,41302.421875
2023-06-30,41302.421875,41874.74180860277,40539.3286301963,40730.10194139722,3505400.0,MWG,0.0,60.27233981173222,928.874489018126,915.6075622874764,13.26692673064963,38516.34507078281,40477.3279296875,42438.310788592185,9.689290075229668,0.7103776536255296,0.013953724076499198,0.014051531681593676,41087.80234375,40477.3279296875,0,41016.26171875
2023-07-03,41016.26171875,41636.27497728925,40825.48840843023,41445.50166696948,1799500.0,MWG,0.0,57.78142621804888,867.6865378111615,906.0233573922135,-38.33681958105194,38670.184874670675,40563.17578125,42456.166687829325,9.333543886148801,0.6196746207087533,-0.0069525239337476985,-0.00692841105337727,41230.88203125,40563.17578125,0,41254.73046875
2023-07-04,41254.73046875,41636.27710892341,40682.41050848989,40920.87715859827,4437300.0,MWG,0.0,59.29128054181807,828.8822422750964,890.5951343687901,-61.71289209369377,38744.666076342495,40632.3310546875,42519.996033032505,9.291443189928609,0.6648596072932877,0.0057971688808872825,0.005814004982589216,41302.422265625,40632.3310546875,0,41350.1171875
2023-07-05,41350.1171875,42399.37044946655,41350.1171875,41445.50384767877,7263000.0,MWG,0.0,59.90889945244245,796.6432618861509,871.8047598722624,-75.1614979861115,38828.248777794724,40706.2556640625,42584.26255033027,9.227116843005389,0.6714215022707054,0.0023094712684081304,0.002312140151351949,41364.423828125,40706.2556640625,0,41207.0390625
2023-07-06,41207.0390625,41731.6657172309,40873.18573676215,41397.812391493055,4541700.0,MWG,0.0,58.47579033830621,750.8926061753082,847.6223291328716,-96.72972295756347,39175.01120957849,40827.873828125,42480.7364466715,8.096736193046135,0.6146995612703836,-0.003466162710719708,-0.0034601625033181538,41412.117578125,40827.873828125,1,43400.92578125
2023-07-07,43400.92578125,43400.92578125,41063.95285456731,41063.95285456731,7401500.0,MWG,0.0,70.23386096764352,881.5018009896157,854.3982235042205,27.10357748539525,39129.21828225822,41023.41640625,42917.61453024178,9.234716607869819,1.1275767420753495,0.051871679450397425,0.053240581431305056,41660.122265625,41023.41640625,1,45547.125
2023-07-10,45547.125,45547.125,43687.08534031414,43925.55196335079,10232900.0,MWG,0.0,77.07325477814697,1144.9921129411086,912.5170013915981,232.47511154951053,38478.663533802646,41249.9595703125,44021.25560682236,13.436600013079044,1.275298880573457,0.04826673201657292,0.04945054005454419,41984.43671875,41249.9595703125,1,46548.68359375
2023-07-11,46548.68359375,46548.68359375,45165.57721647669,45404.04383324795,8177100.0,MWG,0.0,79.44664349316616,1418.2784604051994,1013.6692931943185,404.60916721088097,37885.53208230353,41526.5806640625,45167.629245821474,17.535990315282426,1.1896506345517293,0.021751219658710328,0.021989501944414735,42423.21484375,41526.5806640625,0,46882.54296875
2023-07-12,46882.54296875,47025.6229574644,45976.36970689217,46119.44969560656,4791400.0,MWG,0.0,80.18307871287617,1642.8616347955249,1139.5077615145597,503.3538732809652,37576.701064803536,41865.2033203125,46153.70557582147,20.487191822275168,1.084975750215856,0.007146664092204108,0.007172262440625188,42923.994921875,41865.2033203125,0,47073.31640625
2023-07-13,47073.31640625,47597.94303286474,46882.543087481004,46930.236417173255,4813500.0,MWG,0.0,80.61059752822732,1815.3134372689092,1274.6688966654297,540.6445406034795,37473.74913582957,42230.057421875,46986.36570792043,22.525701248900894,1.0091405658654085,0.004060921818835465,0.004069178534687357,43558.31640625,42230.057421875,0,47168.703125
2023-07-14,47168.703125,47168.703125,46262.52985970677,47073.31646549545,5904700.0,MWG,0.0,80.83324731087986,1937.3471126424265,1407.204539860829,530.1425727815974,37567.329425720294,42616.3734375,47665.4174492797,23.695324611252964,0.9508110522387169,0.0020242934478086625,0.0020263437130028095,44144.94453125,42616.3734375,-1,46405.60546875
2023-07-17,46405.60546875,47550.24527476233,46405.60546875,47216.39199800874,2785300.0,MWG,0.0,73.55621783921318,1950.0056251841597,1515.7647569254952,434.2408682586645,37849.34402693205,42957.38046875,48065.416910567954,23.78188048749328,0.837529404818887,-0.01631034382645481,-0.01617805039557152,44683.87890625,42957.38046875,-1,45833.28515625
2023-07-18,45833.28515625,46357.91172931842,45547.1252073036,46167.138430020816,4613000.0,MWG,0.0,68.5703132360672,1892.0457952646175,1591.0209645933198,301.02483067129765,38093.013073290334,43222.0783203125,48351.14356733467,23.733542885242194,0.7545499725757545,-0.012409682150132875,-0.012332999574489079,45141.734375,43222.0783203125,0,46262.52734375
2023-07-19,46262.52734375,46691.76728817655,45737.900745006446,46167.14068943299,3483900.0,MWG,0.0,70.20172511224531,1859.3154386864553,1644.679859411947,214.63557927450825,38338.86037655933,43498.699609375,48658.53884219067,23.724107980936527,0.7678211093087497,0.009321711466970696,0.009365293935110097,45632.975390625,43498.699609375,1,46834.84375
2023-07-20,46834.84375,47216.39033859471,46167.13721995927,46167.13721995927,5454300.0,MWG,0.0,72.26859846283051,1858.138087009138,1687.3715049313853,170.76658207775267,38611.53238694564,43803.93671875,48996.341050554365,23.707478006568238,0.7918596894202917,0.012295161706750872,0.01237105794064064,46195.755859375,43803.93671875,1,50077.99609375
2023-07-21,50077.99609375,50077.99609375,46691.76969122024,46834.84968005952,11731700.0,MWG,0.0,80.51599416067486,2094.7533051450446,1768.847864974117,325.9054401709275,38550.7836900213,44261.792578125,49972.8014662287,25.8055923877163,1.00920981122446,0.06695426141349964,0.06924657122935307,46863.462890625,44261.792578125,1,51985.73046875
2023-07-24,51985.73046875,51985.73046875,49601.06393348624,50554.93054759174,4072400.0,MWG,0.0,83.60483806752038,2408.447704765531,1896.7678329323999,511.6798718331311,38159.39341623452,44745.880078125,51332.36674001549,29.439522254968153,1.049598804512494,0.037387554971677686,0.038095261867678865,47507.3234375,44745.880078125,-1,51127.24609375
2023-07-25,51127.24609375,51985.72597218983,50459.539521630126,51985.72597218983,4429400.0,MWG,0.0,77.63995213263657,2558.289888744366,2029.0722440947932,529.217644649573,38144.247098940454,45194.197265625,52244.147432309546,31.19847499557995,0.9207865791847999,-0.016651720088492427,-0.016513846535561427,47965.1796875,45194.197265625,-1,50173.37890625
2023-07-26,50173.37890625,51699.565336858366,49601.05899477186,51127.24542538023,5446900.0,MWG,0.0,71.53309257851619,2570.441341135258,2137.3460635028864,433.09527763237156,38406.591001396155,45609.1291015625,52811.66720172885,31.583756331447248,0.8168500979246526,-0.01883296140576529,-0.018656729246690373,48294.26328125,45609.1291015625,1,52099.421875
2023-07-27,52099.421875,52484.6301698244,50269.6824745841,50462.2866219963,5823100.0,MWG,0.0,75.6908994182138,2704.313384348803,2250.73952767207,453.57385667673316,38803.82146371239,46177.5951171875,53551.36877066261,31.936585847583732,0.901546551067625,0.03766926688237754,0.03838774686370727,48796.873828125,46177.5951171875,0,52484.6328125
2023-07-28,52484.6328125,52869.84112672018,51232.7057912844,51906.820341169725,3871700.0,MWG,0.0,76.43230930252808,2809.1095797799426,2362.4135380936445,446.69604168629803,39224.90619828918,46736.7056640625,54248.50512983582,32.145181647021424,0.882593223809241,0.007366566168180115,0.007393766065662222,49328.466796875,46736.7056640625,-1,51714.21484375
2023-07-31,51714.21484375,52195.72522404562,50654.892007099625,52003.12107192737,7864600.0,MWG,0.0,71.72093202789692,2797.744372655856,2449.479705006087,348.26466764976885,39953.87169140135,47271.6033203125,54589.334949223645,30.960369925793213,0.8035511377518602,-0.014787726072004176,-0.014678924619751066,49859.327734375,47271.6033203125,-1,49788.171875
2023-08-01,49788.171875,52099.4216332205,49788.171875,52099.4216332205,7531800.0,MWG,0.0,61.51251028897597,2603.3124279984477,2480.246249604559,123.06617839388855,40879.600427778365,47698.275390625,54516.950353471635,28.5908658416058,0.6532479914178603,-0.03795524907496124,-0.03724397585014816,50254.81640625,47698.275390625,0,49788.171875
2023-08-02,49788.171875,50558.5884610735,49691.86980174082,49788.171875,5318300.0,MWG,0.0,61.51251028897597,2421.3123297284183,2468.459465629331,-47.14713590091287,41941.15460172626,48120.178125,54299.20164827374,25.681631964132468,0.6349722770691342,0.0,0.0,50607.380859375,48120.178125,1,50751.1953125
2023-08-03,50751.1953125,51714.21609641841,49499.26829340607,49884.47660697343,7997000.0,MWG,0.0,64.4469787321305,2327.9487397193807,2440.3573204473414,-112.40858072796073,43247.85985130278,48597.3859375,53946.91202369722,22.015694807441392,0.7013084281014377,0.019157727330361536,0.019342414096219507,50999.016015625,48597.3859375,0,51040.09765625
2023-08-04,51040.09765625,51232.70179834906,50365.983158903306,51040.09765625,7529400.0,MWG,0.0,65.30168547227939,2251.317638333734,2402.54938402462,-151.23174569088587,44123.99296532578,48979.34453125,53834.696097174216,19.826118999311586,0.7122146148450671,0.005676381762290958,0.00569252294396394,51095.226171875,48979.34453125,1,51810.515625
2023-08-07,51810.515625,52869.83843517658,51329.00525673792,51714.21355134758,6494400.0,MWG,0.0,67.54254726188381,2227.080828335478,2367.455672886792,-140.3748445513138,44562.93234778571,49292.5140625,54022.09577721429,19.189857951726534,0.7661970671387494,0.014981580643986988,0.015094367058987368,51077.7046875,49292.5140625,0,51617.9140625
2023-08-08,51617.9140625,52292.0286118237,51425.30990555038,52003.12237639925,5735000.0,MWG,0.0,66.38825435473225,2167.3478089256096,2327.4341000945556,-160.086291168946,44892.815825918085,49545.9755859375,54199.135345956915,18.78319966451567,0.7226377970475976,-0.00372434901524919,-0.003717422229379763,51126.771484375,49545.9755859375,-1,50654.89453125
2023-08-09,50654.89453125,51425.31117811312,50077.08204610267,51425.31117811312,8966000.0,MWG,0.0,60.79379858594653,2019.0272435455117,2265.752728784747,-246.72548523923524,45232.64502602097,49734.5931640625,54236.54130210403,18.103890477964434,0.6022114581253103,-0.018832923587247544,-0.01865669213374177,51174.923046875,49734.5931640625,-1,50077.078125
2023-08-10,50077.078125,51040.09885817308,49788.17190504808,51040.09885817308,4979900.0,MWG,0.0,57.65445449475094,1833.7191984494784,2179.3460227176934,-345.62682426821493,45559.711766595414,49884.78125,54209.850733404586,17.34023634073603,0.5222304954565294,-0.011472479463580602,-0.011406921514633406,50972.688671875,49884.78125,1,51329.0078125
2023-08-11,51329.0078125,51329.0078125,49114.06000820825,50269.68494957786,6318800.0,MWG,0.0,62.20804292221414,1767.5067826511658,2096.978174704388,-329.4713920532222,45920.257767064686,50092.796484375,54265.33520168532,16.65923649765418,0.6481365916386128,0.024692665861907204,0.02500005460332555,50857.126171875,50092.796484375,1,52195.72265625
2023-08-14,52195.72265625,52292.02472757149,50654.889515106086,51906.81644228552,9615900.0,MWG,0.0,65.01304489035988,1764.628076525405,2030.5081550685916,-265.8800785431865,46493.085809284545,50382.30234375,54271.51887821546,15.438820194956493,0.7331343982046039,0.01674450327775638,0.016885478225412642,50905.276953125,50382.30234375,0,52003.12109375
2023-08-15,52003.12109375,53832.8605396412,52003.12109375,52580.933550347225,8379700.0,MWG,0.0,63.87840998470761,1726.8987311103483,1969.786270276943,-242.8875391665947,47385.97541893975,50690.794140625,53995.612862310256,13.039127824737234,0.6985474943775118,-0.0036968122661684573,-0.0036899874682918554,51126.771875,50690.794140625,0,51810.515625
2023-08-16,51810.515625,52292.02599326208,51040.099035780666,52003.11977230483,5141100.0,MWG,0.0,62.69994606132727,1662.2944062141032,1908.287897464375,-245.99349125027175,48373.303925150314,50968.1935546875,53563.08318422469,10.18238806817017,0.6623040264843035,-0.003710604807417873,-0.0037037290204712248,51329.00625,50968.1935546875,0,51906.8203125
2023-08-17,51906.8203125,53158.74733302412,51425.30991999072,52099.42446950371,7226900.0,MWG,0.0,63.066841355543026,1600.4173813670277,1846.7137942449056,-246.29641287787786,49474.97029564223,51221.7923828125,52968.614469982764,6.82062070032681,0.6960783341127775,0.001857061103748423,0.0018587865096160172,51444.56875,51221.7923828125,-1,48343.640625
2023-08-18,48343.640625,51906.81732445219,48343.640625,51906.81732445219,14262600.0,MWG,0.0,45.308942187988556,1249.4576018558728,1727.262555767099,-477.8049539112262,49016.52603394841,51135.074609375,53253.62318480159,8.286087745487244,-0.15880811437446424,-0.07111550878288025,-0.06864569368819395,51174.923046875,51135.074609375,-1,47188.015625
2023-08-21,47188.015625,48632.54671556122,46947.26044323979,48151.036352040814,7064800.0,MWG,0.0,41.2519950382225,868.0636708786842,1555.4227787894163,-687.3591079107321,48179.77732855925,50895.1888671875,53610.60040581575,10.670602070911642,-0.1826171999070643,-0.024194731225480933,-0.023904385045473653,50712.673046875,50895.1888671875,1,48151.0390625
2023-08-22,48151.0390625,48343.64321875,45599.0339921875,47284.320359375,10145800.0,MWG,0.0,45.621639933968204,636.1806809862683,1371.5743592287868,-735.3936782425185,47770.774150862446,50746.378515625,53721.98288038756,11.7273565200179,0.06389708862856473,0.020202763608293428,0.020408220704873026,50365.985546875,50746.378515625,0,47862.1328125
2023-08-23,47862.1328125,48825.153593435614,47380.6224220322,48825.153593435614,4957900.0,MWG,0.0,44.55106787573388,424.2093990935027,1182.10136720173,-757.8919681082273,47393.50078177715,50630.8162109375,53868.13164009785,12.78792510740133,0.07237972959039086,-0.006018072652021533,-0.006000000324499766,50086.709375,50630.8162109375,1,48439.94140625
2023-08-24,48439.94140625,48921.4517582008,47862.128983909046,47862.128983909046,5727600.0,MWG,0.0,47.21876372445883,299.39373102545505,1005.5598399664751,-706.1661089410201,47146.979681692486,50447.8421875,53748.70469330751,13.086238628558833,0.1958521026372178,0.012000064011039872,0.012072353649879464,49922.995703125,50447.8421875,0,48632.546875
2023-08-25,48632.546875,49499.265532178215,48151.036509900994,48439.9427289604,7139000.0,MWG,0.0,48.11486151653333,213.55632214279467,847.159136401739,-633.6028142589444,47005.64210009579,50255.237890625,53504.83368115421,12.932366562870905,0.2503241756475903,0.003968286481813421,0.003976170555919589,49653.349609375,50255.237890625,1,49788.171875
2023-08-28,49788.171875,49980.77602151838,48536.24492263056,49017.7552889265,8495500.0,MWG,0.0,53.2440188563272,236.0577103727046,724.9388511959322,-488.8811408232276,46977.957718272366,50158.9357421875,53339.91376610264,12.683594565343581,0.4417217182262756,0.02348444771884809,0.02376237878247056,49412.59453125,50158.9357421875,1,50943.796875
2023-08-29,50943.796875,51232.70309546314,49595.56784617202,49884.474066635164,8303900.0,MWG,0.0,57.74273985267155,343.1834964745067,648.5877802516471,-305.40428377714045,47022.142040094855,50216.7169921875,53411.29194428015,12.723153337919902,0.6137991585290892,0.02294555972287248,0.023210834149551607,49306.662109375,50216.7169921875,1,51810.515625
2023-08-30,51810.515625,52484.63014056692,50943.796962128254,51040.099035780666,7312500.0,MWG,0.0,60.78990326744076,492.34298989928357,617.3388221811745,-124.9958322818909,47053.11793365111,50317.8341796875,53582.55042572389,12.976378253395907,0.7286081442950401,0.016870130013766856,0.01701323425355694,49306.662109375,50317.8341796875,0,51810.515625
2023-08-31,51810.515625,52388.328066914495,51521.60940404275,52003.11977230483,5206100.0,MWG,0.0,60.78990326744076,603.5950945494769,614.590076654835,-10.994982105358076,47042.723278077305,50370.8001953125,53698.87711254769,13.214310292195455,0.7162984007718709,0.0,0.0,49297.031640625,50370.8001953125,0,51810.515625
2023-09-01,51810.515625,51810.515625,51810.515625,51810.515625,0.0,MWG,0.0,60.78990326744075,683.8798478275567,628.4480308893794,55.431816938177235,47031.168372814,50409.32109375,53787.473814685996,13.402889178584235,0.7073906432006674,0.0,0.0,49643.719140625,50409.32109375,0,51810.515625
2023-09-04,51810.515625,51810.515625,51810.515625,51810.515625,0.0,MWG,0.0,60.78990326744075,738.9875052639109,650.5559257642857,88.43157949962517,47031.168372814,50409.32109375,53787.473814685996,13.402889178584235,0.7073906432006674,0.0,0.0,50105.969140625,50409.32109375,0,52292.02734375
2023-09-05,52292.02734375,53447.65225742403,51425.30865849448,51810.51696305248,8353500.0,MWG,0.0,62.79468369714442,812.1527015571919,682.875280922867,129.27742063432493,47001.247398474814,50443.0267578125,53884.80611715018,13.646204760322513,0.7686111445408447,0.009250785598037013,0.009293706363301624,50520.06796875,50443.0267578125,1,52966.140625
2023-09-06,52966.140625,53543.95306818181,51810.515738636364,52292.02610795455,5121300.0,MWG,0.0,65.4574554009398,913.99597805128,729.0994203485496,184.89655770273032,46936.38016357766,50558.5890625,54180.797961422344,14.328757847433614,0.8323319595421841,0.012808934660002037,0.01289132044582253,51030.46875,50558.5890625,0,52966.140625
2023-09-07,52966.140625,53736.55721590909,52292.02610795455,53158.74477272728,5993300.0,MWG,0.0,65.4574554009398,983.3718103124411,779.9538983413279,203.4179119711132,46934.222608317985,50703.0421875,54471.86176668202,14.866246349656542,0.8002396891059426,0.0,0.0,51483.088671875,50703.0421875,0,53447.65234375
2023-09-08,53447.65234375,54410.67310670045,52484.63158079955,52484.63158079955,7805800.0,MWG,0.0,67.39081324385153,1064.9307697300173,836.9492726190658,227.98149711095152,46851.686026645206,50808.9744140625,54766.26280147979,15.577123659957303,0.8333946975001265,0.009049860767646809,0.009090934568163123,51964.59921875,50808.9744140625,-1,52484.6328125
2023-09-11,52484.6328125,54121.76814793578,51810.51826261468,53736.5598337156,8457600.0,MWG,0.0,60.14078158803244,1039.8722053024248,877.5338591557377,162.33834614668717,46842.77699607926,50823.419921875,54804.06284767074,15.664600815587487,0.7086613797811215,-0.01818229561535992,-0.018017994973031026,52234.2453125,50823.419921875,1,53736.55859375
2023-09-12,53736.55859375,53736.55859375,52003.12121975806,52484.63160142249,4794300.0,MWG,0.0,65.3583269673214,1108.2577546933098,923.6786382632522,184.57911643005764,46749.862734960334,50910.091796875,55070.320858789666,16.343435712170656,0.8397008619970282,0.023573144643169446,0.02385318738386677,52513.521484375,50910.091796875,1,55373.69140625
2023-09-13,55373.69140625,57107.12870244565,53447.64996603261,54025.46239809783,16051000.0,MWG,0.0,70.75031231184991,1279.8039478947976,994.9037001895613,284.9002477052363,46484.16086857464,51088.2505859375,55692.34030330036,18.024064885988402,0.9653950165383746,0.03001103353626127,0.030465903573706266,52869.8390625,51088.2505859375,0,55181.0859375
2023-09-14,55181.0859375,56336.71077388743,54988.48179810209,55566.294216295806,8439000.0,MWG,0.0,69.38205929277999,1384.2570368230881,1072.7743675162667,311.48266930682144,46305.215777576064,51251.9638671875,56198.711956798936,19.303643085483557,0.8971419202206767,-0.003484348089536803,-0.0034782847929885063,53206.89609375,51251.9638671875,-1,53832.859375
2023-09-15,53832.859375,55373.6925592576,53351.3490049195,55373.6925592576,7838900.0,MWG,0.0,60.55409584621718,1342.7676566464143,1126.7730253422963,215.994631304118,46650.488067440085,51526.4248046875,56402.361541934915,18.925965679667485,0.736511945765578,-0.024736198730414837,-0.024432766039201304,53409.13046875,51526.4248046875,-1,52966.140625
2023-09-18,52966.140625,53543.95306818181,52099.42196022727,53543.95306818181,6610200.0,MWG,0.0,55.6518722506533,1225.8195792242695,1146.5823361186908,79.23724310557873,47354.70196124844,51815.3310546875,56275.96014812656,17.217410378913446,0.6289963305854295,-0.016231196511765612,-0.01610018044857009,53524.69296875,51815.3310546875,0,53447.65234375
2023-09-19,53447.65234375,53447.65234375,51040.10043637388,53062.44403856982,8835900.0,MWG,0.0,57.700658052703,1158.6353299849943,1148.9929348919516,9.64239509304275,47916.49713993868,52080.16171875,56243.826297561325,15.989445659928943,0.6642171936662584,0.009049860767646809,0.009090934568163123,53640.25546875,52080.16171875,0,53736.55859375
2023-09-20,53736.55859375,54121.76689908154,52580.933677755376,53062.4440594198,6834800.0,MWG,0.0,58.92672821692608,1115.8409286723327,1142.3625336480277,-26.521604975695027,48658.39828959795,52373.8830078125,56089.367726027056,14.188311062062448,0.683377902115598,0.0053908490278092875,0.005405405800462226,53717.297265625,52373.8830078125,-1,52195.72265625
2023-09-21,52195.72265625,53736.55579739392,52195.72265625,53736.55579739392,9500900.0,MWG,0.0,50.51664392016921,946.6807283143062,1103.2261725812834,-156.54544426697726,49336.002764650395,52561.6720703125,55787.34137597461,12.273845859953175,0.4432754291612997,-0.029093012979908985,-0.028673885671554933,53640.25546875,52561.6720703125,-1,50173.37890625
2023-09-22,50173.37890625,51425.30582713532,49402.96233955134,51136.39961462332,11804800.0,MWG,0.0,42.036587610809114,642.0328564860683,1010.9875093622404,-368.9546528761721,49752.42346508075,52638.713671875,55525.003878669246,10.966416181010901,0.0729232701857793,-0.03951596471381826,-0.03874539228661955,53312.828125,52638.713671875,-1,49114.05859375
2023-09-25,49114.05859375,51040.10010723039,48054.73576133578,49691.87104779411,7693400.0,MWG,0.0,38.40031802913829,311.5278281991341,871.0955731296192,-559.5677449304851,49566.81008459878,52605.0080078125,55643.20593102623,11.550983597464763,-0.07450987432212298,-0.02133926581086852,-0.02111319459826222,52975.770703125,52605.0080078125,0,49595.5703125
2023-09-26,49595.5703125,49788.1744690534,48632.54952973301,49210.36199939321,8271400.0,MWG,0.0,40.90273814555598,87.44615877832985,714.3656902593614,-626.9195314810315,49291.488774779915,52537.5966796875,55783.704584595085,12.357275970191537,0.046837866550949146,0.009756201971567067,0.009803948859792966,52561.671875,52537.5966796875,0,50077.078125
2023-09-27,50077.078125,50077.078125,48343.64080528846,49210.35946514423,4904400.0,MWG,0.0,43.37978612232162,-50.70206052604772,561.3521401022796,-612.0542006283273,49034.95478945805,52450.9248046875,55866.89481991695,13.025394796944251,0.15253695595919234,0.009661859413456052,0.009708685865814859,52032.010546875,52450.9248046875,1,51040.09765625
2023-09-28,51040.09765625,52677.23286409198,50558.58730100236,50943.79558520048,8909300.0,MWG,0.0,48.06811022142383,-81.53797275281977,432.7741175312597,-514.3120902840794,48948.98074194357,52412.40390625,55875.827070556436,13.216043936856833,0.3018858532588795,0.019048171422090195,0.019230745229307455,51617.91171875,52412.40390625,0,50654.89453125
2023-09-29,50654.89453125,51810.51950154468,50654.89453125,51810.51950154468,4945900.0,MWG,0.0,46.4126384914576,-135.4964099931385,319.1200120263801,-454.6164220195186,48811.28301266833,52354.6228515625,55897.96269045666,13.535919641481724,0.26015166515287413,-0.0075756919585096,-0.007547068730046402,51300.115234375,52354.6228515625,-1,49980.77734375
2023-10-02,49980.77734375,51040.100177625245,49884.47526794316,50654.89187439789,4207600.0,MWG,0.0,43.58372695083921,-230.00315030970523,209.29537955916302,-439.2985298688683,48569.35269711327,52263.1359375,55956.91917788674,14.135329517172588,0.19105407041818703,-0.013397382021879864,-0.013308036542927226,51001.57890625,52263.1359375,-1,47188.015625
2023-10-03,47188.015625,49595.56744260204,46513.90111607143,49595.56744260204,8976200.0,MWG,0.0,34.26566759055457,-524.2101848134625,62.5942666846379,-586.8044514981004,47672.94602553165,52007.9353515625,56342.92467759334,16.67049190369603,-0.05593213316809459,-0.057498524280236274,-0.05587671635321678,50375.615234375,52007.9353515625,0,47380.62109375
2023-10-04,47380.62109375,48151.03769690041,46224.99618902439,46224.99618902439,4826800.0,MWG,0.0,35.29314158178779,-733.3758276176741,-96.59975217582449,-636.7760754418496,46956.004643310356,51728.659375,56501.31410668965,18.4526519316533,0.0444843042615528,0.004073353317659152,0.004081660697085043,49740.021484375,51728.659375,-1,45261.9765625
2023-10-05,45261.9765625,48054.73681848404,45261.9765625,48054.73681848404,6348200.0,MWG,0.0,29.779161303894256,-1057.9031647563825,-288.8604346919361,-769.0427300644463,45808.575578714044,51343.451171875,56878.326765035956,21.56020083119328,-0.049377714730339826,-0.0457459968795781,-0.044715423359645845,49046.646875,51343.451171875,1,46513.90234375
2023-10-06,46513.90234375,46706.50649424172,44587.860838832814,45165.67329030797,5188100.0,MWG,0.0,36.129280383641785,-1200.2378746684044,-471.1359226872298,-729.1019519811746,45156.63818549249,50996.763671875,56836.88915825751,22.903906310444444,0.11620162626832746,0.027283932503618248,0.027659547291781994,48680.69921875,50996.763671875,0,46176.84375
2023-10-09,46176.84375,47091.71343847758,45887.93753258602,46562.0520398853,6457800.0,MWG,0.0,35.2061855184768,-1324.9636135633627,-641.9014608624564,-683.0621527009064,44507.79681364155,50681.37421875,56854.951623858455,24.3623125863248,0.1351766428794885,-0.007272788139829222,-0.00724640541356969,48386.977734375,50681.37421875,1,47043.5625
2023-10-10,47043.5625,47621.37493602866,46610.20317297851,46610.20317297851,4821300.0,MWG,0.0,39.48761471913067,-1338.4439518592699,-781.2099590618191,-557.2339927974508,44144.91248713945,50346.7244140625,56548.53634098554,24.63640683321514,0.23369380166762638,0.018595579237377733,0.018769553733303912,48131.776953125,50346.7244140625,0,47476.921875
2023-10-11,47476.921875,47476.921875,46802.80736561866,47188.01565669372,3478300.0,MWG,0.0,41.56669082946194,-1299.1825693063802,-884.8044811107313,-414.37808819564884,44102.114747884305,49951.8859375,55801.6571271157,23.421622947069327,0.2884563359594757,0.00916970357041736,0.009211874100733652,47871.761328125,49951.8859375,-1,46610.203125
2023-10-12,46610.203125,47669.525923295456,46417.59897985537,47476.92177815083,13700700.0,MWG,0.0,38.702635923506605,-1322.7566847500566,-972.3949218385965,-350.3617629114601,44042.39933313084,49523.341796875,55004.28426061916,22.13478438601661,0.23424838053445232,-0.01842426936597943,-0.018255580095987378,47428.771875,49523.341796875,1,47669.5234375
2023-10-13,47669.5234375,47669.5234375,46658.3517282197,46706.50276199496,9845400.0,MWG,0.0,43.799573245844876,-1241.6480985905364,-1026.2455571889845,-215.40254140155184,44071.78201500176,49215.175,54358.56798499825,20.901654763996046,0.3497439757171763,0.022472803705630127,0.02272721939569955,47130.234765625,49215.175,-1,46802.8046875
2023-10-16,46802.8046875,48825.14809992284,46802.8046875,47669.52329282407,8502700.0,MWG,0.0,40.80961215729183,-1233.0916068861843,-1067.6147671284245,-165.47683975775976,43975.70569445891,48907.008203125,53838.310711791084,20.16603627923816,0.2866483031686709,-0.018349141703173918,-0.018181821161614153,46812.4375,48907.008203125,-1,44587.859375
2023-10-17,44587.859375,47091.71324919006,44587.859375,47091.71324919006,7887900.0,MWG,0.0,34.35518819779536,-1389.0262709994568,-1131.897067902631,-257.1292030968257,43660.02708120515,48464.0185546875,53268.01002816985,19.824981983536727,0.09656889473226668,-0.048481519701081145,-0.04732505513909002,46552.421875,48464.0185546875,-1,43047.0234375
2023-10-18,43047.0234375,45261.97095218121,42035.8517460151,45069.3668204698,11414600.0,MWG,0.0,30.7157509654009,-1618.2836322449075,-1229.1743807710864,-389.10925147382113,43217.78859963879,47929.541796875,52641.2949941112,19.661165204560376,-0.01812119130507077,-0.03516852414966161,-0.034557297863102465,46119.062109375,47929.541796875,-1,41409.890625
2023-10-19,41409.890625,43047.02583575581,41409.890625,42565.51547965116,8072300.0,MWG,0.0,27.395074359195362,-1910.0567335654705,-1365.3508513299632,-544.7058822355073,42282.11880232478,47390.2501953125,52498.381588300224,21.557731271454568,-0.08537644299069404,-0.03877333021349662,-0.038031266316867485,45733.853515625,47390.2501953125,1,43047.0234375
2023-10-20,43047.0234375,43335.92963506712,41409.888317953024,41409.888317953024,7022500.0,MWG,0.0,34.966649825417235,-1986.2893751007723,-1489.538556084125,-496.75081901664726,41751.98010751821,47033.932421875,52315.88473623178,22.46017733316385,0.12259135002617812,0.03877333021349674,0.03953482580588208,45387.165625,47033.932421875,-1,41409.890625
2023-10-23,41409.890625,43191.47894258721,41024.68234011628,43047.02583575581,8575600.0,MWG,0.0,31.43616453099243,-2153.977516615887,-1622.4263481904775,-531.5511684254095,40902.22747555445,46648.7240234375,52395.22057132055,24.637315031364476,0.044171535231546294,-0.03877333021349662,-0.038031266316867485,44910.4703125,46648.7240234375,0,41409.890625
2023-10-24,41409.890625,41987.70305232558,40206.11473473837,41506.19269622093,8218500.0,MWG,0.0,31.43616453099243,-2260.8103623429342,-1750.103151020969,-510.70721132196513,40217.25715176368,46239.4400390625,52261.62292636132,26.04781927381194,0.09902003107142929,0.0,0.0,44347.103125,46239.4400390625,1,41891.40234375
2023-10-25,41891.40234375,42565.51686422414,41409.89197198276,41409.89197198276,4769400.0,MWG,0.0,33.71893464346762,-2280.335897957084,-1856.149700408192,-424.18619754889187,39793.52311240998,45830.15625,51866.78938759002,26.34349795650116,0.17376235920952013,0.011560854929119884,0.011627939883021687,43788.551171875,45830.15625,-1,40446.87109375
2023-10-26,40446.87109375,40832.07938988095,39002.33998325893,40639.47524181548,15050000.0,MWG,0.0,30.444198028732558,-2384.8802104985807,-1961.89580242627,-422.98440807231077,39330.042934285906,45300.494921875,51270.94690946409,26.35932343735185,0.09352961566273953,-0.03509132314152217,-0.034482761836105436,43172.21796875,45300.494921875,0,40446.87109375
2023-10-27,40446.87109375,40928.38146391369,39869.05864955357,40735.777315848216,4691100.0,MWG,0.0,30.444198028732558,-2439.610025618,-2057.438647064616,-382.1713785533839,39004.48924790681,44790.09375,50575.69825209319,25.834304051186287,0.12465264825147904,0.0,0.0,42449.952734375,44790.09375,-1,39002.34375
2023-10-30,39002.34375,40206.11979166666,39002.34375,39580.15625,4251000.0,MWG,0.0,27.36226773631131,-2569.920637242976,-2159.9350451002883,-409.9855921426879,38445.95905314777,44241.1720703125,50036.38508747723,26.198279774118085,0.0480038175649697,-0.036367547593569756,-0.035714192586165594,41669.906640625,44241.1720703125,-1,36305.8828125
2023-10-31,36305.8828125,39194.94510527189,36305.8828125,38906.038875994695,13210100.0,MWG,0.0,22.735516517673872,-2857.831297920755,-2299.5142956643817,-558.3170022563731,37081.45018543548,43697.0654296875,50312.68067393952,30.27944865037739,-0.058616420718340174,-0.07164195138702996,-0.06913586923862747,40841.708984375,43697.0654296875,-1,33802.02734375
2023-11-01,33802.02734375,36305.88122106482,33802.02734375,35631.7667156339,21092800.0,MWG,0.0,19.447152507631884,-3250.572208518206,-2489.7258782351464,-760.8463302830596,35299.19771848404,43018.1357421875,50737.07376589096,35.886901608028374,-0.0969803339615181,-0.07145900781623178,-0.06896555805242477,39917.209375,43018.1357421875,1,35631.765625
2023-11-02,35631.765625,36016.97390202703,32357.495270270272,34572.442863175675,21181700.0,MWG,0.0,27.67911179521242,-3375.269615085803,-2666.834625605278,-708.434989480525,34228.08661000829,42536.6251953125,50845.16378061671,39.06533979672559,0.08447207656196451,0.0527167515639328,0.05413102186571428,39339.396875,42536.6251953125,1,37509.65625
2023-11-03,37509.65625,37750.41142490372,35631.76588575096,36113.276235558405,12409700.0,MWG,0.0,35.01877624511337,-3284.6991616548767,-2790.4075328151976,-494.2916288396791,33709.7664741396,42086.412890625,50463.059307110394,39.80689177884935,0.22681450230381847,0.051360866990468254,0.052702710406313136,38785.66015625,42086.412890625,-1,36642.9375
2023-11-06,36642.9375,37557.80716162943,36209.57818659658,37557.80716162943,12639800.0,MWG,0.0,33.337135151601245,-3245.4468928795905,-2881.415404828076,-364.0314880515143,33128.72947865147,41609.717578125,50090.705677598526,40.76445884810399,0.20718152060410755,-0.023377691293367867,-0.02310655006335871,38308.96484375,41609.717578125,0,36787.390625
2023-11-07,36787.390625,37991.16649623691,36113.27613710733,36498.48441590314,10423200.0,MWG,0.0,33.90680407932207,-3166.185214860445,-2938.36936683455,-227.81584802589487,32760.271779430906,41096.908984375,49433.54618931909,40.570628842736916,0.2415313720969402,0.003934431862966047,0.003942181900673303,37846.71484375,41096.908984375,1,38135.62109375
2023-11-08,38135.62109375,38135.62109375,35342.8609631471,36498.48584477588,19608000.0,MWG,0.0,39.13473626814073,-2960.4525782800774,-2942.7860091236557,-17.6665691564217,32764.87315960832,40629.8439453125,48494.81473101668,38.71523994180425,0.34143470334968423,0.03599364179672863,0.03664925524328355,37471.13671875,40629.8439453125,1,38809.734375
2023-11-09,38809.734375,39820.90611429901,38424.526093362285,39002.33851581886,12143300.0,MWG,0.0,41.6211981182162,-2711.753269882014,-2896.5794612753275,184.82619139331337,32865.18227256342,40239.8205078125,47614.45874306159,36.65343504112951,0.4030402517931647,0.017522318920961105,0.017676735343914007,37307.423046875,40239.8205078125,-1,37943.01953125
2023-11-10,37943.01953125,38809.73825150698,37557.81121113578,38280.076811349936,11053600.0,MWG,0.0,39.39297290711888,-2555.139858873481,-2828.291540794958,273.1516819214771,33205.298478828445,39753.4953125,46301.69214617156,32.94400546264699,0.36175768480718734,-0.022585552763840205,-0.022332408549240457,37057.037890625,39753.4953125,1,38520.828125
2023-11-13,38520.828125,38809.7343359375,37605.95845703125,38087.46880859375,9192300.0,MWG,0.0,41.636236164453045,-2357.2256477970077,-2734.0783621953683,376.8527143983606,33681.20563791664,39339.396484375,44997.58733083336,28.766027708156162,0.427665186489126,0.015113536918626316,0.015228323968104807,37008.886328125,39339.396484375,1,39965.36328125
2023-11-14,39965.36328125,40543.1757624247,39291.24871987952,39483.852880271086,15235500.0,MWG,0.0,46.92524244861071,-2060.06811214966,-2599.2763121862267,539.2082000365667,34002.05388956711,39108.2716796875,44214.48946980789,26.11323676966536,0.5839262676203133,0.03681407575065144,0.03750010647648816,37374.834375,39108.2716796875,0,40350.5703125
2023-11-15,40350.5703125,40928.38277520883,39820.90888835024,40832.08069809069,10338300.0,MWG,0.0,48.27144953884629,-1773.0470533843618,-2434.030460425854,660.9834070414922,34171.80603529875,38973.4490234375,43775.09201157624,24.64058536492973,0.6434010496474161,0.009592367733201875,0.009638521950599221,38029.688671875,38973.4490234375,0,39965.36328125
2023-11-16,39965.36328125,40061.66536144578,39194.94663968374,39965.36328125,10534200.0,MWG,0.0,46.9879519591775,-1558.6961060937829,-2258.9635895594397,700.2674834656568,34211.744033316594,38901.22265625,43590.701279183406,24.109672152836453,0.6134604409748167,-0.009592367733201905,-0.00954650772632748,38463.0484375,38901.22265625,0,39869.0625
2023-11-17,39869.0625,40928.38541666666,39146.796875,39965.364583333336,10996900.0,MWG,0.0,46.65397717781268,-1380.67652474255,-2083.306176596062,702.6296518535119,34445.38997627636,38742.324609375,43039.259242473636,22.18212085321721,0.6311094986116277,-0.0024125138250893022,-0.002409606052428459,38698.9890625,38742.324609375,-1,39050.4921875
2023-11-20,39050.4921875,40109.815033523424,38665.28387985512,38665.28387985512,7558500.0,MWG,0.0,43.803935865002494,-1290.7673446269982,-1924.7984102022494,634.0310655752512,34510.116377116545,38624.3546875,42738.59299788346,21.303855267852274,0.5517881400944273,-0.02074516695701086,-0.02053146628416458,38939.74453125,38624.3546875,0,39387.546875
2023-11-21,39387.546875,39965.35929859413,39098.64066320293,39965.35929859413,5778700.0,MWG,0.0,45.28607647452052,-1178.7285265065293,-1775.5844334631056,596.8559069565763,34602.39432273701,38523.2375,42444.080677262995,20.355730368004462,0.6102198348574785,0.008594216941510741,0.008631253247248116,39199.76015625,38523.2375,-1,38328.2265625
2023-11-22,38328.2265625,39339.39836879711,37846.716178549,39291.24733040201,14503500.0,MWG,0.0,41.57478447199782,-1162.0202064519472,-1652.871588060874,490.8513816089269,34759.126967141994,38345.0787109375,41931.03045473301,18.70358264656609,0.49765025443152444,-0.027263086469208386,-0.026894802965562903,39219.020703125,38345.0787109375,-1,35920.671875
2023-11-23,35920.671875,38809.7339560992,35920.671875,38520.82774798927,8073600.0,MWG,0.0,34.628831859462665,-1327.7428913783951,-1587.8458487243784,260.1029573459832,34520.04440337402,38118.76875,41717.493096625985,18.881640014282898,0.19460054962797455,-0.06487366269221179,-0.06281414256342166,38930.114453125,38118.76875,1,37124.453125
2023-11-24,37124.453125,37124.453125,35776.223958333336,36498.489583333336,11181000.0,MWG,0.0,40.02434672874301,-1346.4234947665973,-1539.5613779328223,193.13788316622504,34502.7642420709,37952.6478515625,41402.531461054095,18.179936340592196,0.3799677293048521,0.032962918354990135,0.03351221419769179,38848.2578125,37952.6478515625,-1,36594.7890625
2023-11-27,36594.7890625,37124.450483141445,36594.7890625,37076.29944490131,5269900.0,MWG,0.0,38.51792307702163,-1387.9678414979062,-1509.242670645839,121.2748291479329,34368.619369064974,37832.2701171875,41295.92086531003,18.31056258265064,0.3213617444890657,-0.014370011445176634,-0.014267255620347918,38655.65390625,37832.2701171875,0,36594.7890625
2023-11-28,36594.7890625,36739.2421772204,35968.82556537829,36642.94010074013,6131600.0,MWG,0.0,38.51792307702163,-1404.699533763196,-1488.3340432693105,83.63450950611445,34407.545051932175,37846.7154296875,41285.88580744283,18.17420792641674,0.31799006305633987,0.0,0.0,38318.596484375,37846.7154296875,1,37365.20703125
2023-11-29,37365.20703125,37991.170551103416,36739.24351139658,36739.24351139658,8518200.0,MWG,0.0,42.188484459878744,-1340.3425939139197,-1458.7357533982324,118.39315948431272,35144.084048635086,38024.8744140625,40905.66477948991,15.152136120465542,0.38550583361961743,0.020834123217585675,0.021052668658212648,38020.06015625,38024.8744140625,0,37076.30078125
2023-11-30,37076.30078125,37654.11326095779,37076.30078125,37413.35806107955,4030900.0,MWG,0.0,41.195262187888126,-1297.6925829902539,-1426.5271193166368,128.83453632638293,35402.52511753296,38097.101171875,40791.67722621704,14.145832472583491,0.3105823754760821,-0.007762005607028077,-0.00773195903232593,37731.15390625,38097.101171875,0,37317.0546875
2023-12-01,37317.0546875,37557.80987903226,36642.94015120968,37317.0546875,4161100.0,MWG,0.0,42.41196873609986,-1230.2833729874837,-1387.2783700508062,156.99499706332244,35382.69785688991,38087.47109375,40792.24433061009,14.20295524584689,0.35758207088288907,0.006472479839745867,0.006493471602532441,37475.953125,38087.47109375,1,38472.6796875
2023-12-04,38472.6796875,38954.19007157384,37365.20580413016,37461.507880944926,10597400.0,MWG,0.0,47.97618491072415,-1071.2629563415903,-1324.0752873089632,252.81233096737287,35557.41376953727,38178.958203125,40800.502636712736,13.73292806807471,0.5560206953984416,0.030497918509094574,0.03096774409656433,37418.171875,38178.958203125,0,38520.828125
2023-12-05,38520.828125,38617.1301953125,38231.9219140625,38472.67708984375,6197600.0,MWG,0.0,48.20075151630691,-930.6252849655575,-1245.385286840282,314.7600018747246,35724.410862960365,38265.630078125,40806.84929328964,13.281993318684988,0.5502117340668825,0.001250714382146351,0.0012514968515604519,37331.5,38265.630078125,1,39435.69921875
2023-12-06,39435.69921875,39532.00129254426,38472.678480807386,38520.82951770452,9053800.0,MWG,0.0,52.404807190742986,-736.8524889733308,-1143.6787272668919,406.8262382935611,35737.437378517396,38330.633984375,40923.83059023261,13.53067422216231,0.7130700834404217,0.02347239233972561,0.02375003701325551,37442.247265625,38330.633984375,0,39339.3984375
2023-12-07,39339.3984375,39580.15362989596,38039.32039856181,39532.00259141677,10595000.0,MWG,0.0,51.92706525365457,-584.3211300594994,-1031.8072078254136,447.48607776591416,35732.68873400727,38357.1171875,40981.54564099273,13.684179865049867,0.6871419372649935,-0.002444956136837605,-0.0024419696660079593,37784.119921875,38357.1171875,1,41024.68359375
2023-12-08,41024.68359375,41409.89189040493,38906.037962147886,39291.24625880282,16804000.0,MWG,0.0,58.97551551848388,-323.71887194969895,-890.1895406502706,566.4706687005717,35638.98069686631,38511.200390625,41383.420084383695,14.916282352278445,0.9375506526514621,0.041947402949669005,0.042839627019906734,38174.14296875,38511.200390625,0,40928.3828125
2023-12-11,40928.3828125,41072.83592830882,40350.57034926471,41024.68488970588,6207500.0,MWG,0.0,58.44815825400175,-123.53632325170474,-736.8588971705574,613.3225739188526,35562.593017853615,38631.578125,41700.563232146385,15.888479094569142,0.8741961279238046,-0.0023501457552922308,-0.0023473863248678617,38607.50234375,38631.578125,0,40928.3828125
2023-12-12,40928.3828125,41024.68488970588,40543.17450367647,40928.3828125,5956500.0,MWG,0.0,58.44815825400175,34.70967727524112,-582.5451822813977,617.2548595566388,35494.611103547664,38679.7291015625,41864.84709957734,16.46918461942471,0.8529937842709436,0.0,0.0,39040.86171875,38679.7291015625,-1,40157.96484375
2023-12-13,40157.96484375,41987.70424910072,40013.51173280126,41217.2876573741,10863600.0,MWG,0.0,53.97045578439718,96.83819098123786,-446.6685076288706,543.5066986101085,35505.1508413551,38670.098828125,41835.04681489491,16.368967665880483,0.7350537863251727,-0.01900298077032131,-0.01882356242315797,39320.1375,38670.098828125,0,40061.6640625
2023-12-14,40061.6640625,40735.77860201322,39869.05990835337,40543.174447866586,6544400.0,MWG,0.0,53.419555794375825,136.72869420124334,-329.98906726284787,466.7177614640912,35501.38735585816,38674.9138671875,41848.44037851683,16.411291940959245,0.7184872554809093,-0.002400929269386629,-0.0023980493440017847,39618.673828125,38674.9138671875,-1,39243.09765625
2023-12-15,39243.09765625,40061.665337423314,39002.34245590491,40061.665337423314,9350200.0,MWG,0.0,48.854654268739765,101.12503104939242,-243.76624760039982,344.89127864979224,35507.550869269275,38643.615625,41779.68038073072,16.230700492227683,0.5955787073839166,-0.020644295756323566,-0.02043266113391995,39811.278125,38643.615625,-1,38135.62109375
2023-12-18,38135.62109375,39435.69908558238,38039.319020280935,39435.69908558238,8699600.0,MWG,0.0,43.44536838103042,-16.26770752883749,-198.26653958608736,181.99883205724987,35460.10733882115,38597.8720703125,41735.63680180385,16.258744657090855,0.42634072084448527,-0.02862679067698031,-0.028220926191936835,39777.572265625,38597.8720703125,1,39146.79296875
2023-12-19,39146.79296875,39387.54815305965,37750.412899754,38039.31912092558,5738900.0,MWG,0.0,48.99797067669872,-27.39340490460745,-164.0919126497914,136.69850774518395,35458.99721710987,38585.834375,41712.67153289013,16.207176589738463,0.5897006408431764,0.026169720379190558,0.026515154231111282,39840.16875,38585.834375,1,40832.08203125
2023-12-20,40832.08203125,40832.08203125,39002.34250626474,39146.79562665831,12451800.0,MWG,0.0,56.63914835087273,98.6410697144238,-111.54531617694835,210.18638589137214,35430.877038119215,38711.0271484375,41991.17725875578,16.946851333810084,0.8233167403132492,0.042149594140030444,0.04305050132319477,39979.80703125,38711.0271484375,0,41072.8359375
2023-12-21,41072.8359375,41120.98697611372,40302.41931968054,40639.47658997656,7205700.0,MWG,0.0,57.616065502902025,215.4673535217662,-46.142782237205445,261.61013575897164,35803.96538382588,38968.6353515625,42133.30531929912,16.242139039183613,0.8324518207885084,0.005878880184885322,0.005896194714385183,40153.15078125,38968.6353515625,0,40783.9296875
2023-12-22,40783.9296875,41072.83591905254,40446.87241735537,40880.23176468418,6074600.0,MWG,0.0,55.985990544168324,281.49579692043335,19.384933594322312,262.11086332611103,36012.83325240425,39151.6091796875,42290.385106970745,16.033956167051734,0.760025013831642,-0.00705885328876497,-0.007033998101315109,40129.075390625,39151.6091796875,0,41072.8359375
2023-12-25,41072.8359375,42084.007748388045,40783.9297058177,40783.9297058177,8477900.0,MWG,0.0,57.28737299101905,353.0662064559074,86.12118816663933,266.94501828926803,36368.581598271245,39375.5115234375,42382.44144860375,15.273096444100473,0.7822354455048796,0.0070588532887649325,0.007083825717965286,40143.520703125,39375.5115234375,0,41120.98828125
2023-12-26,41120.98828125,41554.34764252781,40783.93100025615,40976.53516082407,6768400.0,MWG,0.0,57.51285750085056,408.95755523491243,150.68846158029396,258.2690936546185,36801.90875191923,39601.821484375,42401.73421683077,14.140322982671305,0.7712882403914343,0.0011716780358240406,0.0011723647186980823,40162.78125,39601.821484375,0,41265.4375
2023-12-27,41265.4375,41458.04164235706,40976.531286464415,41120.98439323221,5243000.0,MWG,0.0,58.22531032380582,459.6096031502602,212.4726898942872,247.136913255973,37111.894005484835,39796.8330078125,42481.772010140165,13.49322948286154,0.7734893587739455,0.003506630258515928,0.0035127856792260825,40273.528515625,39796.8330078125,0,41458.04296875
2023-12-28,41458.04296875,41650.64711726917,41217.28778310105,41265.43882023084,6371500.0,MWG,0.0,59.2075478036372,509.42107861783734,271.8623676389973,237.55871097884005,37560.39562275014,40015.9201171875,42471.444611624866,12.272737886552678,0.7936486389831213,0.00465661782357306,0.0046674767170467035,40413.16640625,40015.9201171875,0,41217.2890625
2023-12-29,41217.2890625,41698.79944874416,41072.83594662675,41602.49737149532,4181100.0,MWG,0.0,57.39104199560451,523.4363551537681,322.17716514195143,201.25919001181666,38056.894065442444,40210.9318359375,42364.96960643256,10.713692382378177,0.7335978598767113,-0.005824097245641223,-0.005807170069061729,40610.585546875,40210.9318359375,0,41217.2890625
2024-01-01,41217.2890625,41217.2890625,41217.2890625,41217.2890625,0.0,MWG,0.0,57.39104199560451,528.4518982499721,363.4321117635556,165.01978648641654,38314.03172826206,40348.1623046875,42382.292881112946,10.082890819486593,0.7136359307227476,0.0,0.0,40918.75234375,40348.1623046875,0,40880.234375
2024-01-02,40880.234375,41698.802083333336,40591.328125,41506.19791666666,7140400.0,MWG,0.0,54.66779119946813,499.4716575333223,390.64002091750893,108.83163661581335,38612.56565473613,40466.1326171875,42319.699579638866,9.161077882021711,0.6117040188461407,-0.00821112664898131,-0.008177507428712927,41092.096484375,40466.1326171875,1,41602.5
2024-01-03,41602.5,41843.255208333336,40446.875,40832.083333333336,6083900.0,MWG,0.0,59.14186669655601,528.6909870854288,418.2502141510929,110.44077293433588,38721.20178621299,40574.47265625,42427.74352628701,9.135156903889124,0.7773548541583316,0.01751358249270821,0.0176678445229681,41169.13828125,40574.47265625,0,41602.5
2024-01-04,41602.5,42180.3125,41409.895833333336,41602.5,8516100.0,MWG,0.0,59.14186669655601,545.5586556851122,443.71190245789677,101.8467532272154,38875.983420569995,40687.627734375,42499.27204818,8.9051361049218,0.7524977609162955,0.0,0.0,41222.1046875,40687.627734375,1,42228.4609375
2024-01-05,42228.4609375,42469.21613098632,41409.89327964652,41602.49743443558,9042100.0,MWG,0.0,62.82924320390338,602.4910787397312,475.46773771426365,127.02334102546752,38813.20835172446,40747.8166015625,42682.424851400545,9.495518588173178,0.882672909634664,0.014934161899609753,0.01504623369989777,41366.5578125,40747.8166015625,-1,41602.5
2024-01-08,41602.5,42661.82291666666,41602.5,42661.82291666666,6213200.0,MWG,0.0,57.26375262758584,590.296052457852,498.43340066298134,91.86265179487071,38810.520792667754,40781.5224609375,42752.524129207246,9.666150498219707,0.7082640396198141,-0.014934161899609872,-0.014823200363054956,41419.52421875,40781.5224609375,-1,41120.98828125
2024-01-09,41120.98828125,41602.49868266979,40832.08204039813,41554.34764252781,9017100.0,MWG,0.0,53.34893370417628,535.6033329070051,505.8673871117861,29.73594579521898,38815.25372648811,40791.152734375,42767.05174226189,9.687880216347914,0.5834646774856529,-0.011641606680174962,-0.011574105372273324,41419.52421875,40791.152734375,-1,40687.62890625
2024-01-10,40687.62890625,41313.59242788461,40350.57162536983,41120.98826738166,6770700.0,MWG,0.0,50.03365444099767,452.0791912884524,495.1097479471194,-43.03055665866697,38863.39071765033,40817.6359375,42771.88115734968,9.575494390914837,0.46673727791950204,-0.010594566768653103,-0.010538642019885525,41361.743359375,40817.6359375,0,40880.234375
2024-01-11,40880.234375,41554.348958333336,40639.47916666666,40687.630208333336,4992900.0,MWG,0.0,51.476925120756,396.85268819655903,475.45833599700734,-78.60564780044831,38936.968322576424,40858.564453125,42780.160583673576,9.406087346769747,0.5056385214173006,0.004722590956119768,0.004733759964086204,41303.9625,40858.564453125,-1,40350.5703125
2024-01-12,40350.5703125,41024.68485232697,40254.26823538186,40302.41927394093,7139700.0,MWG,0.0,47.42041874448426,306.8091188146209,441.72849256053007,-134.91937374590918,39129.41244863816,40913.9380859375,42698.46372323684,8.723313964796251,0.3421519529721945,-0.013041150367796555,-0.012956483019185283,41217.290625,40913.9380859375,1,41313.58984375
2024-01-15,41313.58984375,41698.79814066143,40687.62636126894,40976.53258395251,8986100.0,MWG,0.0,54.44884693716952,309.58783340068476,415.30036072856103,-105.71252732787627,39853.49867353312,41072.8365234375,42292.174373341884,5.937441643255337,0.5987229750685497,0.023585968993203765,0.023866317719719365,41226.920703125,41072.8365234375,1,42661.8203125
2024-01-16,42661.8203125,42758.12238995486,41217.2891506772,41313.591228132056,17419100.0,MWG,0.0,62.089263485785956,415.7879710148336,415.39788278581557,0.3900882290180334,40196.30389764091,41248.587890625,42300.87188360909,5.102157658217704,1.1715071365227754,0.03211288462623846,0.03263406723669071,41405.079296875,41248.587890625,1,43239.62890625
2024-01-17,43239.62890625,43913.74338808463,42661.81649324889,42661.81649324889,12486000.0,MWG,0.0,64.81322907986328,540.3478758149286,440.3878813916382,99.95999442329037,40010.8988298113,41368.965234375,42727.03163893869,6.565629074208641,1.188723197035416,0.013453028173248014,0.013543927322311244,41568.7921875,41368.965234375,1,44154.49609375
2024-01-18,44154.49609375,44154.49609375,42950.72030057252,43239.62649093512,8902000.0,MWG,0.0,68.65369951747724,704.7605925293537,493.2624236191813,211.49816891017247,39690.17337360972,41523.0482421875,43355.923110765274,8.828228880920987,1.2178471091167236,0.020937348095438273,0.021158072135252892,41823.991796875,41523.0482421875,0,44347.10546875
2024-01-19,44347.10546875,44973.06895527959,43624.83990736971,44298.95443132464,10717800.0,MWG,0.0,69.41067014721244,840.9073652539955,562.7914119461442,278.1159533078513,39512.64895044756,41701.20703125,43889.76511205244,10.496377618817506,1.1044844001877887,0.004352682340092304,0.004362169021044693,42035.85625,41701.20703125,0,44443.40625
2024-01-22,44443.40625,44587.85935807151,43480.38552952329,44395.25521397617,7235900.0,MWG,0.0,69.80330533324762,945.6741883687064,639.3679672306566,306.30622113804975,39385.75508847045,41869.735546875,44353.71600527956,11.86527894652514,1.0180537339609443,0.002169169140850005,0.0021715234902504044,42319.946875,41869.735546875,-1,43721.140625
2024-01-23,43721.140625,44443.406163959255,43576.68751720815,44443.406163959255,6100600.0,MWG,0.0,63.24629097986883,959.3629123090868,703.3669562463427,255.99595606274409,39410.80745327787,41999.7431640625,44588.67887484713,12.328340678996716,0.832452724447104,-0.01638485783752098,-0.016251356184023402,42579.962109375,41999.7431640625,-1,42758.12109375
2024-01-24,42758.12109375,43769.29287637246,42709.97005648226,43528.53769003378,9683400.0,MWG,0.0,55.72941380198049,882.332714472519,739.160107891578,143.17260658094096,39488.51209693949,42074.37734375,44660.242590560505,12.291876481897017,0.632207923603783,-0.02227260783984053,-0.022026404560436808,42787.011328125,42074.37734375,0,42758.12109375
2024-01-25,42758.12109375,42758.12109375,42758.12109375,42758.12109375,0.0,MWG,0.0,55.729413801980506,811.9263462020172,753.7133555536659,58.21299064835125,39553.38870301889,42139.38125,44725.373796981105,12.273519307932915,0.619632951856787,0.0,0.0,42974.8,42139.38125,1,43239.62890625
2024-01-26,43239.62890625,43817.44131925111,43095.17580299972,43335.93097508352,3781900.0,MWG,0.0,58.5837847406925,785.9228193951931,760.1552483219714,25.76757107322169,39648.17167558436,42240.4982421875,44832.82480879065,12.274128736550127,0.6927092591138524,0.011198266100980911,0.01126120138544584,43263.705859375,42240.4982421875,0,42950.72265625
2024-01-29,42950.72265625,43480.38403429792,42854.42058751401,43287.77989682595,4128300.0,MWG,0.0,56.24071997798187,733.5466480292162,754.8335282634204,-21.286880234204204,39763.128376340006,42327.169921875,44891.211467409994,12.115346007151203,0.6215956768447943,-0.006703936734965814,-0.0066815154826234124,43427.419140625,42327.169921875,1,43721.140625
2024-01-30,43721.140625,43769.29166093062,42854.4219782489,42950.72405011013,7138200.0,MWG,0.0,60.74900800126613,745.6095238333146,752.9887273773993,-7.379203544084703,39928.01939475699,42469.215234375,45010.411073993004,11.96723709441721,0.7463260349924845,0.017778278473825414,0.017937252765592104,43533.351171875,42469.215234375,0,43335.93359375
2024-01-31,43335.93359375,44202.652265625,42998.87633246528,44010.04811631945,8743600.0,MWG,0.0,57.556107485400275,715.8347542486808,745.5579327516556,-29.723178502974747,40020.92181647573,42555.8869140625,45090.85201164927,11.91358132286556,0.6538574792272454,-0.008849586289607636,-0.00881054395524472,43542.981640625,42555.8869140625,1,44491.55859375
2024-02-01,44491.55859375,44973.06896814123,43335.93369521104,43335.93369521104,11303100.0,MWG,0.0,63.71715958371812,776.5358919900827,751.7535245993411,24.782367390741683,40066.7801761177,42700.33984375,45333.8995113823,12.335075914004781,0.840075596542378,0.026317310658641447,0.02666666907036852,43576.687890625,42700.33984375,0,44491.55859375
2024-02-02,44491.55859375,44491.55859375,44491.55859375,44491.55859375,0.0,MWG,0.0,63.71715958371812,815.2443515653722,764.4516899925472,50.792661572824954,40072.9996563337,42813.4947265625,45553.989796791306,12.802015288551235,0.8061607162547089,0.0,0.0,43591.133203125,42813.4947265625,1,45647.18359375
2024-02-05,45647.18359375,45839.7877439346,45069.3711431962,45743.4856688423,7536900.0,MWG,0.0,68.94518807121763,928.4675680238943,797.2548655988168,131.2127024250775,40062.789284651204,43015.72890625,45968.66852784879,13.729580768162899,0.9455652713405747,0.025642432836060415,0.025974028254481807,43711.5109375,43015.72890625,0,45261.9765625
2024-02-06,45261.9765625,45743.486951462764,45069.37240691489,45743.486951462764,5404000.0,MWG,0.0,65.55440128034556,975.865623234713,832.9770171259961,142.88860610871689,40248.59125785768,43222.7783203125,46196.96538276732,13.762128109460752,0.84281607030198,-0.008474598951560042,-0.008438790762607784,43865.59453125,43222.7783203125,0,44876.765625
2024-02-07,44876.765625,45310.124949704936,44732.31251676502,45213.822877548286,5707100.0,MWG,0.0,62.25698560373461,971.1507982775584,860.6117733563086,110.53902492124973,40624.398589864395,43432.23515625,46240.0717226356,12.929735512272147,0.7572319354415774,-0.00854711910160888,-0.00851069632295176,44077.458984375,43432.23515625,0,44876.765625
2024-02-08,44876.765625,44876.765625,44876.765625,44876.765625,0.0,MWG,0.0,62.25698560373462,956.3896015358841,879.7673389922238,76.62226254366033,41027.44672314526,43632.06171875,46236.67671435475,11.938995743056825,0.7389420141461251,0.0,0.0,44289.3234375,43632.06171875,0,44876.765625
2024-02-09,44876.765625,44876.765625,44876.765625,44876.765625,0.0,MWG,0.0,62.25698560373462,933.9255345555284,890.5989781048847,43.32655645064369,41707.196954647196,43858.371484375,46009.5460141028,9.809641611951694,0.7367065355580105,0.0,0.0,44453.037109375,43858.371484375,0,44876.765625
2024-02-12,44876.765625,44876.765625,44876.765625,44876.765625,0.0,MWG,0.0,62.25698560373462,905.6824560432215,893.6156736925521,12.066782350669314,42206.53037310938,44036.5302734375,45866.53017376562,8.311281061269085,0.7295725129306962,0.0,0.0,44645.64140625,44036.5302734375,0,44876.765625
2024-02-13,44876.765625,44876.765625,44876.765625,44876.765625,0.0,MWG,0.0,62.25698560373461,873.2335203877883,889.5392430315994,-16.305722643811123,42401.4167440058,44147.2775390625,45893.138334119205,7.909256889111339,0.7089193159050818,0.0,0.0,44761.20390625,44147.2775390625,0,44876.765625
2024-02-14,44876.765625,44876.765625,44876.765625,44876.765625,0.0,MWG,0.0,62.25698560373462,837.859185952475,879.2032316157746,-41.34404566329965,42509.13081963429,44229.134375,45949.137930365716,7.77769485960334,0.688264509099313,0.0,0.0,44915.287109375,44229.134375,-1,44154.49609375
2024-02-15,44154.49609375,45261.96982347328,44154.49609375,45213.81879174618,9340100.0,MWG,0.0,54.272283418739455,742.979056070646,851.958396506749,-108.97934043610292,42509.13081963429,44229.134375,45949.137930365716,7.77769485960334,0.47830287006757627,-0.016225432795346818,-0.016094509512682875,44881.580859375,44229.134375,0,44587.859375
2024-02-16,44587.859375,44876.7655912527,44106.34901457883,44684.16144708423,5001500.0,MWG,0.0,57.7718196988492,694.7460644273815,820.5159300908755,-125.76986566349399,42514.33581383642,44241.1720703125,45968.008326788586,7.8064670336112325,0.6003822173026916,0.009766852003935513,0.009814703361801902,44891.2109375,44241.1720703125,1,45069.37109375
2024-02-19,45069.37109375,45454.579393696586,44443.407606336805,44780.46486879006,7504700.0,MWG,0.0,61.31440038996482,687.4505406820608,793.9028522091126,-106.45231152705173,42507.92177748929,44272.4703125,46037.01884751071,7.971312748331122,0.725808688579133,0.010741271970037184,0.010799166533210558,44833.4296875,44272.4703125,0,45069.37109375
2024-02-20,45069.37109375,45213.82420622997,44298.95449385684,45213.82420622997,7870400.0,MWG,0.0,61.31440038996482,673.9004803040152,769.9023778280932,-96.001897524078,42561.06200600678,44339.8818359375,46118.70166586822,8.023565946849159,0.7050486635965015,0.0,0.0,44814.169140625,44339.8818359375,-1,44395.25390625
2024-02-21,44395.25390625,44973.066321515726,44298.95183703904,44973.066321515726,6479800.0,MWG,0.0,53.963874474157194,601.8288285228846,736.2876679670516,-134.45883944416698,42806.21908683427,44421.7384765625,46037.25786629073,7.273553197746185,0.49180307878664387,-0.015070312895729077,-0.014957324034936104,44766.01796875,44421.7384765625,-1,43624.83984375
2024-02-22,43624.83984375,44587.86059085264,43528.537769039736,44587.86059085264,11202700.0,MWG,0.0,47.02542901857028,477.0464544376882,684.4394252611789,-207.3929708234907,42997.75294938829,44465.0744140625,45932.395878736716,6.599883094810062,0.2136842230754598,-0.01750586040881556,-0.017353523061877096,44640.825390625,44465.0744140625,-1,42372.9140625
2024-02-23,42372.9140625,43865.596262428975,42324.76302379261,43624.84106889204,17637600.0,MWG,0.0,38.38785201521754,273.97733601553045,602.3470074120493,-328.3696713965188,42763.28270979154,44421.738671875,46080.194633958454,7.466866501258688,-0.11769038678637508,-0.029117370487139235,-0.028697544466271818,44390.440234375,44421.738671875,0,42709.97265625
2024-02-26,42709.97265625,42854.42577684611,41458.0456110837,42372.91537485908,13530900.0,MWG,0.0,41.50317422362161,138.6432155450093,509.6062490386413,-370.963033493632,42703.48229332595,44409.701171875,46115.92005042405,7.683991711385854,0.0019019725445688555,0.007923105808977053,0.007954576672561053,44173.7609375,44409.701171875,0,43095.17578125
2024-02-27,43095.17578125,43528.53509078213,42758.11854050279,43047.02474685755,9636200.0,MWG,0.0,44.93021359488867,61.76068422997923,420.0371360769089,-358.27645184692966,42597.664563088976,44378.4029296875,46159.14129628603,8.025247638676413,0.13969239600069497,0.008978615381261027,0.009019044055595504,43995.601953125,44378.4029296875,1,43624.83984375
2024-02-28,43624.83984375,44154.50125465645,43095.17843284354,43335.9336196192,13790900.0,MWG,0.0,49.32628675727764,43.07366115717741,344.6444410929626,-301.5707799357852,42643.302133478806,44392.8482421875,46142.3943508962,7.882107942990975,0.28051210122025505,0.012215649296901082,0.012290565078294735,43870.409375,44392.8482421875,1,44491.55859375
2024-02-29,44491.55859375,45261.97519277598,44298.95444399351,44684.162743506495,13891900.0,MWG,0.0,55.57563992162539,97.08192044592579,295.13193696355523,-198.05001651762944,42643.302133478806,44392.8482421875,46142.3943508962,7.882107942990975,0.5282102743880682,0.019672767343027153,0.019867551447851906,43904.115625,44392.8482421875,0,44876.765625
2024-03-01,44876.765625,45550.88013009656,44395.25526421674,44828.61458892167,15362500.0,MWG,0.0,58.05173350355663,169.01850306023698,269.9092501828916,-100.8907471226546,42649.55404137883,44412.10859375,46174.66314612117,7.937270299385017,0.6318135176652809,0.008620714782891533,0.008657980152309452,43933.00625,44412.10859375,1,45647.18359375
2024-03-04,45647.18359375,46176.84500675765,44876.7669930116,44876.7669930116,16593900.0,MWG,0.0,62.54786805657964,284.9107803585066,272.9095562180146,12.001224140492013,42649.55404137883,44412.10859375,46174.66314612117,7.937270299385017,0.8503650421311633,0.017021718053168985,0.017167412981313745,43990.7875,44412.10859375,1,48151.0390625
2024-03-05,48151.0390625,48151.0390625,45743.487109375,45839.7891875,22380300.0,MWG,0.0,72.76484936854966,572.2004848046417,332.76774193534004,239.4327428693017,42146.21845897205,44556.56171875,46966.90497852796,10.819251606497495,1.245635985490533,0.05340080821865244,0.054852353894027095,44298.954296875,44556.56171875,-1,46899.109375
2024-03-06,46899.109375,48439.94253721766,46513.901084445584,48151.03631930185,15082600.0,MWG,0.0,63.4451884553652,690.8951729341716,404.39322813510637,286.5019447990652,42030.82007525602,44657.67890625,47284.53773724398,11.764421686619912,0.9266370240957827,-0.02634403231029836,-0.02600005548945672,44549.33984375,44657.67890625,0,47188.015625
2024-03-07,47188.015625,47428.77080676021,46321.29697066327,46899.10940688776,9439900.0,MWG,0.0,64.57284397245998,799.0627898683088,483.32714048174694,315.7356493865618,41912.82734523458,44773.24140625,47633.655467265424,12.777337405891409,0.9221022144417746,0.006141268702004984,0.006160164955158143,44905.657421875,44773.24140625,-1,45984.2421875
2024-03-08,45984.2421875,47428.77335569372,45261.97660340314,47428.77335569372,20599700.0,MWG,0.0,56.72137129510223,778.6758589492674,542.396884175251,236.27897477401643,41917.33657647782,44828.615234375,47739.89389227218,12.988483550858307,0.6984741223568944,-0.025841177441540596,-0.02551015171026272,45266.790234375,44828.615234375,-1,44684.16015625
2024-03-11,44684.16015625,46513.89947299299,44539.7070522966,45743.48291857489,13804500.0,MWG,0.0,49.6936746750128,650.1191458052999,563.9413365012608,86.1778093040391,41907.102761548784,44818.9849609375,47730.86716032622,12.993967631915815,0.4768492000267379,-0.02867969676133681,-0.02827233785758465,45464.208984375,44818.9849609375,0,45021.21875
2024-03-12,45021.21875,46128.6925802139,44347.10424465241,44443.40631684492,16650100.0,MWG,0.0,51.37572413540646,568.8771740878874,564.9285040185862,3.9486700693012153,41913.00566040205,44826.2076171875,47739.40957397295,12.997762298626645,0.533470239225653,0.007514826514825918,0.0075431336870019905,45656.81328125,44826.2076171875,1,46754.65625
2024-03-13,46754.65625,46899.10935890834,45069.36997940268,45069.36997940268,8934000.0,MWG,0.0,58.97322876186194,637.0230404165413,579.3474112981772,57.6756291183641,41881.67886784891,44920.1021484375,47958.52542902609,13.52812275692601,0.8018924508120403,0.03777994329172433,0.03850267825101916,45969.794921875,44920.1021484375,-1,45502.73046875
2024-03-14,45502.73046875,47188.01678240741,45358.27735615079,46995.41263227513,13304100.0,MWG,0.0,52.582975598081894,583.2854313103089,580.1350153006035,3.1504160097053955,41960.8084328643,44987.5138671875,48014.219301510704,13.455757716501807,0.5851117845363938,-0.027141515246976784,-0.02677649418607375,46070.912109375,44987.5138671875,0,45599.03125
2024-03-15,45599.03125,45936.0885031679,44828.61467133051,45502.72917766631,8865700.0,MWG,0.0,53.00482009243707,542.2183020953453,572.5516726595519,-30.333370564206575,42005.69979766454,45038.0724609375,48070.44512421046,13.465819017467954,0.5924950280446454,0.002114137318572142,0.002116373682588879,46143.138671875,45038.0724609375,-1,44202.65234375
2024-03-18,44202.65234375,46176.84487762119,43961.89715669254,45454.579316448806,12153200.0,MWG,0.0,46.5393964371986,392.4720254073254,536.5357432091066,-144.0637178017812,41939.5602101244,44994.7365234375,48049.912836750605,13.580149810285826,0.37037013604813057,-0.031101676716721472,-0.030622995006061693,45998.685546875,44994.7365234375,0,43817.44140625
2024-03-19,43817.44140625,44684.16002747253,43672.98830271291,44298.95175137363,8063800.0,MWG,0.0,44.91188908460624,239.94775064710848,477.218144696707,-237.2703940495985,41832.426197345216,44932.1400390625,48031.85388077978,13.797312298156712,0.32019330013461167,-0.008752851318678093,-0.008714656634274731,45565.32578125,44932.1400390625,1,46224.99609375
2024-03-20,46224.99609375,46850.95958251953,43913.746289062496,43913.746289062496,20639900.0,MWG,0.0,55.40786280392301,309.7698722663481,443.72849021063524,-133.95861794428714,41882.89624917769,45023.6271484375,48164.358047697315,13.951478804251813,0.6912562686595703,0.05348874902631804,0.05494512254101158,45497.914453125,45023.6271484375,1,46706.50390625
2024-03-21,46706.50390625,47139.86322084408,46224.99355670103,46706.50390625,9096600.0,MWG,0.0,57.16566010694778,399.35455234105757,434.85370263671973,-35.49915029566216,42023.580532421896,45177.7103515625,48331.8401707031,13.963212365548822,0.7423479124749608,0.01036273215076005,0.010416611210165128,45449.76328125,45177.7103515625,1,47284.31640625
2024-03-22,47284.31640625,47573.22261647148,46224.99363543788,46899.108125954685,12080800.0,MWG,0.0,59.241969071302805,511.0842355638015,450.0998092221361,60.98442634166537,42427.832903619834,45423.28046875,48418.72803388017,13.189041100591387,0.810644051854589,0.012295238560376821,0.012371135745030237,45579.770703125,45423.28046875,-1,46513.90234375
2024-03-25,46513.90234375,48439.94384866718,46513.90234375,47188.016870471016,10366400.0,MWG,0.0,55.38692699520938,531.3398828401478,466.34782394573847,64.9920588944093,42871.05095128902,45613.476953125,48355.90295496098,12.02463037252894,0.664165849875656,-0.016427420435624094,-0.01629322619113016,45762.744921875,45613.476953125,0,46850.95703125
2024-03-26,46850.95703125,47091.71220612795,46032.38943666496,46513.89978642087,7523200.0,MWG,0.0,56.71403893134327,568.0420900186,486.68667716031075,81.35541285828924,43279.4246543035,45801.266015625,48323.1073769465,11.012103291909796,0.7081199538806319,0.00722019299359773,0.007246321433301395,45945.71875,45801.266015625,1,48825.15234375
2024-03-27,48825.15234375,49499.26687315089,46754.65771773299,46995.41290680473,12737300.0,MWG,0.0,63.55288729601197,747.8096323661666,538.911268201482,208.8983641646846,43414.99751559396,46061.281640625,48707.565765656036,11.490275696962263,1.0222173002856572,0.041274160920410134,0.04213777983624101,46152.768359375,46061.281640625,0,49114.05859375
2024-03-28,49114.05859375,50269.68350183823,48536.24613970588,48921.45444240196,11651700.0,MWG,0.0,64.43834809832205,903.1777537796079,611.7645653171072,291.41318846250067,43425.152872791055,46292.406640625,49159.66040845894,12.387577038683128,0.9920478237363358,0.005899722597805147,0.00591716023671518,46513.901171875,46292.406640625,0,49210.359375
2024-03-29,49210.359375,50077.0780332681,48921.4531555773,49114.057301859095,11812000.0,MWG,0.0,64.74579820880365,1022.2944040604634,693.8705330657785,328.4238709946849,43444.11129640989,46509.086328125,49574.06135984011,13.180112849740755,0.940668034637041,0.0019588381814404105,0.001960757958257009,46875.033984375,46509.086328125,0,49499.265625
2024-04-01,49499.265625,50654.89050340467,48825.15111259728,48921.45318579766,13699100.0,MWG,0.0,65.70376613577264,1127.015988707164,780.4996241940556,346.51636451310844,43390.52237869498,46701.6904296875,50012.85848068002,14.18007793948146,0.9224453655370841,0.005853675869193084,0.005870842108638863,47404.6953125,46701.6904296875,0,49691.87109375
2024-04-02,49691.87109375,49691.87109375,48102.88684365916,49114.05863917151,12311500.0,MWG,0.0,66.36005008648775,1211.5838660519366,866.7164725656319,344.86739348630476,43260.35705883473,46778.73203125,50297.107003665275,15.04262650840926,0.9139892827426811,0.0038835266373747485,0.0038910772981797237,47992.13828125,46778.73203125,-1,48343.640625
2024-04-03,48343.640625,49306.66135458167,48054.7344061255,49114.05720866534,14384300.0,MWG,0.0,57.99419928058367,1156.482377962493,924.6696536450041,231.81272431748891,43263.54825975213,46850.95859375,50438.36892774787,15.314138458103757,0.7080445073572793,-0.02750667491603959,-0.027131811281696172,48204.002734375,46850.95859375,0,48825.15234375
2024-04-04,48825.15234375,48825.15234375,47188.01705806213,48151.03781434911,13048500.0,MWG,0.0,59.93676974024783,1138.543601291698,967.444443174343,171.09915811735505,43239.86313804403,46932.8154296875,50625.76772133097,15.737186264378607,0.7562092283651402,0.009910911630226288,0.00996018736952542,48415.867578125,46932.8154296875,0,49114.05859375
2024-04-05,49114.05859375,49595.5689721201,47621.37642080269,48151.03783700981,8145300.0,MWG,0.0,61.09918414102622,1134.560800751431,1000.8677146897606,133.69308606167044,43301.56280309907,47089.30625,50877.04969690093,16.08748885274109,0.7672768591820306,0.005899722597805147,0.00591716023671518,48598.841796875,47089.30625,-1,48151.0390625
2024-04-08,48151.0390625,49114.05984375,47958.43490625,49114.05984375,6085000.0,MWG,0.0,55.33572204677139,1041.688834293942,1009.031938610597,32.65689568334494,43623.97379170959,47262.6501953125,50901.3265989154,15.397682476823057,0.6220758276701726,-0.019802601845218874,-0.019607818185332193,48762.55546875,47262.6501953125,1,50847.49609375
2024-04-09,50847.49609375,51136.4023215554,47958.43381569602,48151.03796756629,19487100.0,MWG,0.0,65.22666091643761,1172.1567851828731,1041.6569079250523,130.4998772578208,43742.080478776355,47553.9640625,51365.84764622365,16.03182262035486,0.9320084754572571,0.05448816254450382,0.05599997598701867,49162.209375,47553.9640625,-1,50077.078125
2024-04-10,50077.078125,51232.70300480769,49788.17190504808,50943.79678485577,10159900.0,MWG,0.0,61.06571357815259,1199.5595094812306,1073.237428236288,126.32208124494264,43767.87177497584,47720.08515625,51672.29853752416,16.56415058076035,0.7981864516624508,-0.015267499314261862,-0.015151541923117406,49287.401953125,47720.08515625,0,50365.984375
2024-04-11,50365.984375,50847.49474187381,49306.66156787763,49306.66156787763,6968900.0,MWG,0.0,62.04355365912619,1230.4053389516703,1104.6710103793646,125.73432857230569,43987.09487503371,47963.2478515625,51939.40082809128,16.57999887261285,0.8021433704413344,0.005752653086044415,0.005769231369267214,49412.59453125,47963.2478515625,0,50077.078125
2024-04-12,50077.078125,50654.89056490384,49691.86983173077,50365.984344951925,6665600.0,MWG,0.0,60.40964936707935,1217.5039336769187,1127.2375950388755,90.26633863804318,44267.62746830747,48187.1501953125,52106.67292231752,16.267916700275432,0.7410915896297954,-0.005752653086044471,-0.0057361382604764755,49499.26640625,48187.1501953125,-1,48054.734375
2024-04-15,48054.734375,50077.07790581162,47669.52608341683,49788.171687124246,16505200.0,MWG,0.0,50.40337724990857,1032.194739416911,1108.2290239144827,-76.03428449757166,44934.78813075111,48379.754296875,51824.720462998885,14.241354534313572,0.45282683396558643,-0.04122272020097443,-0.04038461958487116,49354.81328125,48379.754296875,0,48054.734375
2024-04-16,48054.734375,48151.03644789579,46899.1095002505,47669.52608341683,11616300.0,MWG,0.0,50.40337724990857,875.2465702454938,1061.632533180685,-186.38596293519117,45886.25515384934,48591.6189453125,51296.98273677565,11.135104572283998,0.4007740526418942,0.0,0.0,49191.099609375,48591.6189453125,-1,47573.22265625
2024-04-17,47573.22265625,48536.24335779352,47139.86334055541,48536.24335779352,6951200.0,MWG,0.0,48.19880898340404,703.8959693106663,990.0852204066813,-286.189251096015,46141.28025672535,48659.0302734375,51176.78029014965,10.348541689235278,0.28436945487435183,-0.010070607030682218,-0.010020068262004633,49114.0578125,48659.0302734375,0,47573.22265625
2024-04-18,47573.22265625,48536.24335779352,47139.86334055541,48536.24335779352,6951200.0,MWG,0.0,48.19880898340404,561.6253165063245,904.39323962661,-342.76792312028556,46298.876715093385,48702.3662109375,51105.855706781615,9.870113847997565,0.265103289063691,0.0,0.0,48988.86484375,48702.3662109375,-1,46417.59765625
2024-04-19,46417.59765625,47476.92042433869,46273.14455151063,47428.76938942557,9473100.0,MWG,0.0,42.96778925481887,351.57280714104127,793.8291531294963,-442.256345988455,46120.428902423555,48659.0302734375,51197.631644451445,10.434245634359645,0.058530015231921306,-0.024591406544387205,-0.024291501300010787,48719.21875,48659.0302734375,0,46802.8046875
2024-04-22,46802.8046875,47573.221225565845,46369.44538483796,47380.61709104938,12292300.0,MWG,0.0,45.10640938777367,213.72399110395054,677.8081207243872,-464.08412962043667,46183.44530256779,48673.475390625,51163.50547868221,10.231568911295845,0.12436785159802113,0.00826448318365039,0.008298728299182656,48584.3953125,48673.475390625,1,47958.43359375
2024-04-23,47958.43359375,48439.94397119729,46850.95972562124,47284.31906532379,18043000.0,MWG,0.0,51.03812546454081,195.47410221616155,581.341317022742,-385.8672148065805,46363.32610440004,48728.84921875,51094.372333099964,9.708922547014513,0.3371574514900251,0.02439153859716368,0.02469144560814418,48295.4890625,48728.84921875,1,50365.984375
2024-04-24,50365.984375,50365.984375,48006.58357731836,48343.64083413002,11530800.0,MWG,0.0,60.592094197489516,371.00346410217753,539.2737464386291,-168.2702823364516,46329.39915150241,48805.8908203125,51282.382489122596,10.148330978847344,0.8149805780362451,0.0489813650812743,0.05020078015149676,48324.3796875,48805.8908203125,1,51810.515625
2024-04-25,51810.515625,51810.515625,49499.265857342005,50173.38037290892,19317400.0,MWG,0.0,65.00448830214978,619.5317708322182,555.325351317347,64.20641951487119,46123.43387162357,48940.713671875,51757.99347212642,11.513031130440767,1.0093214299958582,0.02827709898003259,0.02868069130238249,48468.8328125,48940.713671875,1,52869.83984375
2024-04-26,52869.83984375,52966.141919968126,51040.10039560565,51521.61077669627,11864700.0,MWG,0.0,67.84758229589355,891.6919856254754,622.5986781789727,269.09330744650265,45802.40719397953,49123.6876953125,52444.968196645474,13.522113901273316,1.0639620241250336,0.02023990799003317,0.020446123841293184,48748.108984375,49123.6876953125,0,52869.83984375
2024-04-29,52869.83984375,52869.83984375,52869.83984375,52869.83984375,0.0,MWG,0.0,67.84758229589355,1094.76119111164,717.0311807655062,377.7300103461339,45572.52899973714,49292.21640625,53011.90381276287,15.092392583268898,0.9809037758436201,0.0,0.0,49229.61953125,49292.21640625,0,52869.83984375
2024-04-30,52869.83984375,52869.83984375,52869.83984375,52869.83984375,0.0,MWG,0.0,67.84758229589355,1241.385084969901,821.9019616063852,419.4831233635159,45402.566182866576,49451.11484375,53499.66350463343,16.37394292798279,0.9222161182143239,0.0,0.0,49711.130078125,49451.11484375,0,52869.83984375
2024-05-01,52869.83984375,52869.83984375,52869.83984375,52869.83984375,0.0,MWG,0.0,67.84758229589355,1342.1145165116104,925.9444725874303,416.17004392418016,45390.531628483914,49677.4248046875,53964.317980891086,17.258918686135598,0.8723459983541809,0.0,0.0,50240.791796875,49677.4248046875,1,53543.953125
2024-05-02,53543.953125,54699.578012589925,52677.234459307554,53929.16142086331,21954900.0,MWG,0.0,69.93802871768816,1459.514252930203,1032.6584286559848,426.8558242742181,45315.80894595731,49913.36484375,54510.92074154269,18.422143697123975,0.894838949428876,0.012669829353222195,0.012750431687371444,50837.86484375,49913.36484375,0,53640.2578125
2024-05-03,53640.2578125,55084.78899236984,52966.14326189408,53640.2578125,29616700.0,MWG,0.0,70.2357565802058,1542.54388755525,1134.6355204358379,407.9083671194121,45270.22681134976,50139.6748046875,55009.12279802524,19.423532411432785,0.8594435152199915,0.001796994400073719,0.0017986099620843632,51560.130859375,50139.6748046875,1,56144.109375
2024-05-06,56144.109375,56625.61974699829,53736.55751500858,54025.463738207545,11257200.0,MWG,0.0,76.69750777055216,1789.7541944545883,1265.659255239588,524.0949392150003,45080.70228146005,50539.3283203125,55997.954359164956,21.601498161021468,1.0133875278132964,0.04562190220471963,0.04667858926502988,52494.261328125,50539.3283203125,1,57107.12890625
2024-05-07,57107.12890625,57299.73305095911,55373.69160386804,56625.61854447724,9460000.0,MWG,0.0,78.62003936237909,2039.8634950087144,1420.5001031934135,619.3633918153009,44651.87315773571,50852.3099609375,57052.74676413929,24.386057616516105,1.0043853476647508,0.017007191410890462,0.017152637061490505,53409.130859375,50852.3099609375,0,56914.52734375
2024-05-08,56914.52734375,57107.13149719754,56047.80865323604,56433.016960131135,8126500.0,MWG,0.0,77.24737537531706,2197.2075403715353,1575.841590629038,621.3659497424974,44444.09176796606,51194.182421875,57944.27307578393,26.370537957940538,0.9237235627763302,-0.0033783362216789794,-0.0033726360646879616,54063.98515625,51194.182421875,0,56721.921875
2024-05-09,56721.921875,57010.82809847198,56240.41150254669,56818.22394949066,10475400.0,MWG,0.0,75.82170855995932,2280.0788486002857,1716.6890422232877,563.389806376998,44340.72406501115,51511.979296875,58683.234528738845,27.843058371080282,0.8632517885415515,-0.0033898569431199494,-0.0033841178647888714,54555.12578125,51511.979296875,0,56721.921875
2024-05-10,56721.921875,56818.22394949066,55277.39075764007,56625.61980050934,9750700.0,MWG,0.0,75.82170855995932,2319.0227072000052,1837.1557752186313,481.8669319813739,44344.68261470887,51844.221484375,59343.76035404112,28.93105019206958,0.8252000206542136,0.0,0.0,54940.333984375,51844.221484375,-1,56144.109375
2024-05-13,56144.109375,56721.92182139794,55855.20315180103,56721.92182139794,7241900.0,MWG,0.0,71.24675111211799,2277.013363285834,1925.127292832072,351.88607045376216,44737.13325232812,52248.690234375,59760.24721642187,28.753091985088407,0.7592950536044203,-0.01023899824609155,-0.01018675815099046,55267.7609375,52248.690234375,1,57877.546875
2024-05-14,57877.546875,58744.26554700499,55855.20330698835,56336.71368032446,16222000.0,MWG,0.0,75.93748186017342,2356.4311039424065,2011.3880550541392,345.0430488882673,45099.4678415615,52739.830859375,60380.193877188496,28.973786579580405,0.8362219834088003,0.030407750963101447,0.030874788455935054,55768.531640625,52739.830859375,1,58551.66015625
2024-05-15,58551.66015625,59803.58710038035,57781.24357524671,58359.05601099918,13069600.0,MWG,0.0,77.47635106950976,2445.574483258046,2098.2253406949208,347.34914256312504,45633.83806383107,53288.752734375,60943.667404918924,28.729944979950595,0.8437600318476863,0.011579926228818748,0.011647233126619971,56336.713671875,53288.752734375,-1,57684.94140625
2024-05-16,57684.94140625,58840.56627582429,57492.33726132095,58647.96213089524,12942100.0,MWG,0.0,71.17387455436662,2418.40641026308,2162.2615546085526,256.1448556545274,46397.52554054631,53794.338671875,61191.151803203684,27.500340422238235,0.7629918226470145,-0.01491328552136682,-0.014802633224866524,56750.8125,53794.338671875,0,57396.03515625
2024-05-17,57396.03515625,58070.149663118704,56818.22272179111,57588.63930106963,8962800.0,MWG,0.0,69.15445901178822,2346.5140435546346,2199.112052397769,147.40199115686573,47656.02814898783,54343.260546875,61030.49294476216,24.61108270129998,0.7282539642513044,-0.0050209316181950795,-0.005008347810659286,57126.390234375,54343.260546875,0,57781.24609375
2024-05-20,57781.24609375,59322.07932291667,57299.73570963542,57781.24609375,9202200.0,MWG,0.0,70.36194243998025,2294.1762920758847,2218.1249003333924,76.05139174249234,49063.928790060665,54892.1826171875,60720.436444314335,21.235278137043608,0.747849833093725,0.006689033976405851,0.0067114555291378775,57290.10390625,54892.1826171875,0,58262.75390625
2024-05-21,58262.75390625,59033.17048682851,57781.24354338842,58359.05597882231,4730800.0,MWG,0.0,71.84557014968394,2265.4373516913765,2227.587390604989,37.84996108638734,50395.2974422046,55407.3986328125,60419.4998234204,18.091811975593135,0.7848461318765974,0.008298758676470435,0.008333288827291119,57405.66640625,55407.3986328125,0,58744.265625
2024-05-22,58744.265625,59322.07807377049,57396.03657786886,58359.05732581968,8945300.0,MWG,0.0,73.28571746871744,2255.515329219852,2233.1729783279616,22.34235089189042,51202.92715273569,55826.3126953125,60449.698237889315,16.563463783861973,0.8155645254777083,0.00823052221772066,0.008264486081876576,57588.640234375,55826.3126953125,1,59707.28515625
2024-05-23,59707.28515625,59707.28515625,57781.24369959677,58455.3582094254,8859900.0,MWG,0.0,75.93681777908273,2298.85985736359,2246.3103541350874,52.549503228502545,51693.995248389605,56221.151171875,60748.30709536039,16.104814039276135,0.8850247311220373,0.016260500494019073,0.016393421911128137,57887.1765625,56221.151171875,-1,58262.75390625
2024-05-24,58262.75390625,59418.37877711777,56721.920745092975,58936.8684142562,13646200.0,MWG,0.0,65.4453142132715,2191.388150269784,2235.3259133620268,-43.937763092242676,52166.21361934778,56490.796875,60815.38013065222,15.310753237280197,0.7048702645433008,-0.024491022711739557,-0.024193551025134652,58041.259765625,56490.796875,0,57781.24609375
2024-05-27,57781.24609375,58262.75647786458,57010.82947916667,57877.54817057292,6367800.0,MWG,0.0,62.352863262362334,2043.8027063897898,2197.0212719675797,-153.21856557778983,52731.569265324026,56736.3671875,60741.165109675974,14.117216595631103,0.6304533869816674,-0.008298758676470338,-0.00826441903647035,58204.9734375,56736.3671875,1,59225.7734375
2024-05-28,59225.7734375,60477.70035569106,57877.54444867886,58166.45066056911,9931000.0,MWG,0.0,67.33896681987873,2020.114836681656,2161.639984910395,-141.525148228739,53343.30794171623,57054.1638671875,60765.019792658764,13.00818616537617,0.7926022478273278,0.02469254828401615,0.024999934085987885,58339.79609375,57054.1638671875,-1,58262.75390625
2024-05-29,58262.75390625,59707.28499483471,58262.75390625,59322.076704545456,6883200.0,MWG,0.0,61.4918605397559,1901.7126418341795,2109.654516295152,-207.94187446097249,54147.99332817203,57323.8095703125,60499.62581245297,11.080269318964445,0.6478272457137917,-0.016393789607545905,-0.016260142761432395,58310.90546875,57323.8095703125,1,60477.703125
2024-05-30,60477.703125,60477.703125,57010.82842356688,57684.94294884554,14761100.0,MWG,0.0,68.3079881250541,1963.9665562917435,2080.5169242944703,-116.55036800272683,54726.69082768034,57670.4970703125,60614.30331294466,10.209054515493571,0.9767987128421666,0.03731173405980506,0.03801655552214456,58590.181640625,57670.4970703125,1,61248.12109375
2024-05-31,61248.12109375,62018.537711281446,60092.49616745282,60477.70447621855,10260200.0,MWG,0.0,70.27860278804597,2051.817449099908,2074.777029255558,-22.959580155649746,55343.16004627644,58050.890234375,60758.62042247356,9.328815379631065,1.090389484415391,0.012658419214348352,0.012738876130226728,58975.390234375,58050.890234375,0,61248.12109375
2024-06-03,61248.12109375,61248.12109375,61248.12109375,61248.12109375,0.0,MWG,0.0,70.27860278804597,2097.2639611393533,2079.274415632317,17.989545507036382,55400.19886354165,58306.0908203125,61211.98277708335,9.967713204187255,1.0062181108596355,0.0,0.0,59322.077734375,58306.0908203125,0,61440.72265625
2024-06-04,61440.72265625,61825.93094876567,60766.60814434757,61633.32680250784,6569500.0,MWG,0.0,70.80493995930802,2124.3339859720872,2088.286329700271,36.04765627181632,55358.51642120126,58522.7705078125,61687.02459442374,10.813753549787352,0.9610805688430797,0.0031396778195714103,0.0031446117702973453,59639.874609375,58522.7705078125,-1,59707.28515625
2024-06-05,59707.28515625,60959.2121030746,59322.07686491936,60670.30588457661,13778200.0,MWG,0.0,60.43214293351616,1983.0538460436364,2067.239832968944,-84.18598692530759,55550.93395662779,58662.4083984375,61773.88284024721,10.60806921078469,0.6679070127930684,-0.02861880838198527,-0.028213169133740168,59736.1765625,58662.4083984375,0,59610.984375
2024-06-06,59610.984375,60188.79682451535,59322.07815024233,59707.28644991922,7071800.0,MWG,0.0,59.90707350635115,1842.0832598912166,2022.2085183533986,-180.12525846218205,55808.51032604178,58806.8615234375,61805.212720833224,10.197283513253726,0.634094173534597,-0.001614183687684097,-0.0016128815938957208,59726.546484375,58806.8615234375,0,59803.5859375
2024-06-07,59803.5859375,60477.70043276973,59514.67972524155,59996.19007900564,4298200.0,MWG,0.0,60.64358403249698,1726.008044844275,1962.968423651574,-236.9603788072991,56100.15074074418,58960.9447265625,61821.738712380815,9.704030351228411,0.6472740111861757,0.0032257659849486615,0.0032309743668781365,59880.6296875,58960.9447265625,1,60670.30859375
2024-06-10,60670.30859375,60959.2148251488,59707.28782242063,59899.89197668651,4849000.0,MWG,0.0,63.86089894776646,1684.5365863192346,1907.2820561851063,-222.74546986587166,56557.957600989015,59187.2546875,61816.55177401098,8.884673230388143,0.7820247878907405,0.014388803703201107,0.014492820834453024,60169.5359375,59187.2546875,-1,59996.19140625
2024-06-11,59996.19140625,61055.51420796548,59514.681041833865,60959.21213508226,6438600.0,MWG,0.0,59.76839102111325,1579.0719746677642,1841.640039881638,-262.56806521387375,56715.86368487087,59293.1869140625,61870.51014325413,8.693488622654444,0.6363826787856945,-0.011173344727082831,-0.011111154749746,60246.577734375,59293.1869140625,1,61055.51171875
2024-06-12,61055.51171875,61537.02206353509,59707.28275335173,60285.095167093845,5024800.0,MWG,0.0,63.70463699205972,1562.9520676796674,1785.902445441244,-222.95037776157665,56751.041393355445,59418.3794921875,62085.71759101956,8.978158346384275,0.8068850228021988,0.017502394880063856,0.017656459313009742,60525.853515625,59418.3794921875,0,61633.328125
2024-06-13,61633.328125,62018.53642578125,60766.60944824218,61344.42189941406,7862300.0,MWG,0.0,65.67725972489922,1578.6047078008996,1744.442897913175,-165.83819011227547,56904.55551270426,59615.798828125,62327.04214354574,9.095720828089124,0.8720671777040258,0.00941928669488563,0.00946378778891721,60641.416015625,59615.798828125,-1,60670.30859375
2024-06-14,60670.30859375,61825.93351934524,60670.30859375,61633.32936507936,8119800.0,MWG,0.0,59.83993427910819,1496.0563041745118,1694.7655791654424,-198.70927499093068,57242.83052885978,59779.5125,62316.19447114022,8.486793769488235,0.675582927596871,-0.01574833684786674,-0.01562498019410663,60583.634765625,59779.5125,-1,59707.28515625
2024-06-17,59707.28515625,60477.70173891129,58744.26442792339,60477.70173891129,9503600.0,MWG,0.0,54.6126229882964,1337.5101717985744,1623.314497692069,-285.8043258934945,57518.66384975095,59875.814453125,62232.96505649905,7.873464853557508,0.46425147874858624,-0.016000386000465664,-0.015873059818245383,60429.551171875,59875.814453125,0,59899.890625
2024-06-18,59899.890625,60188.79684987942,58840.56780044212,59803.58855004019,7174700.0,MWG,0.0,55.4508148901201,1213.4153741758491,1541.334672988825,-327.91929881297597,57726.01579803251,59957.6712890625,62189.32678009249,7.444103291707023,0.4870543046866453,0.003220636788307885,0.0032258286111312984,60275.46796875,59957.6712890625,1,60959.2109375
2024-06-19,60959.2109375,61344.41922146524,59322.07573064771,59610.98194362164,7686100.0,MWG,0.0,59.84329510326709,1186.866194423841,1470.4409772758283,-283.57478285198727,57870.72652030205,60068.4185546875,62266.11058907295,7.317296134189474,0.7026654255635035,0.01753028819616574,0.017684845522203396,60400.660546875,60068.4185546875,0,61151.8203125
2024-06-20,61151.8203125,61151.8203125,60188.79952017716,60862.91407480315,5638200.0,MWG,0.0,60.60389822845028,1167.9048647671589,1409.9337547740947,-242.02889000693585,57898.42851623091,60140.6453125,62382.862108769084,7.456577110598617,0.725485555563257,0.0031546623227071964,0.0031596435064993322,60554.744140625,60140.6453125,0,61151.8203125
2024-06-21,61151.8203125,62307.4452632874,60092.49744094488,60670.309916338585,7135200.0,MWG,0.0,60.60389822845028,1139.7396650102964,1355.894936821335,-216.15527181103857,58184.49920563337,60285.0986328125,62385.69805999163,6.968884433526647,0.7063034171277984,0.0,0.0,60689.567578125,60285.0986328125,-1,59707.28515625
2024-06-24,59707.28515625,61151.81624873992,59225.77479208669,61151.81624873992,11379200.0,MWG,0.0,52.03176935593875,989.4508531351457,1282.6061200840973,-293.1552669489515,58613.94211732551,60381.4005859375,62148.859054549495,5.854314247303577,0.30929808488883637,-0.023905587307180735,-0.02362211212794796,60593.265234375,60381.4005859375,0,59707.28515625
2024-06-25,59707.28515625,60381.39966607863,59322.07686491936,59707.28515625,6381000.0,MWG,0.0,52.03176935593875,860.4274153054939,1198.1703791283767,-337.74296382288276,58692.004186549886,60405.476171875,62118.94815720012,5.673233931472305,0.29626424546050395,0.0,0.0,60564.374609375,60405.476171875,0,60285.1015625
2024-06-26,60285.1015625,60862.91403753994,59033.174533246805,60188.79948332668,8185600.0,MWG,0.0,54.985505060492514,795.6288520879025,1117.662073720282,-322.03322163237954,59117.56348808199,60506.5935546875,61895.623621293,4.591334547201245,0.42027098710369293,0.009630958902339434,0.009677485833393673,60487.33359375,60506.5935546875,1,61055.51171875
2024-06-27,61055.51171875,61248.11585666404,59707.28275335173,59707.28275335173,8297600.0,MWG,0.0,58.64222665237732,797.2509719791051,1053.5798533720467,-256.32888139294164,59125.11226379197,60535.483984375,61945.855704958034,4.659652910174363,0.684358395303057,0.012698477251107362,0.01277944527390873,60429.551953125,60535.483984375,0,60570.17578125
2024-06-28,60570.17578125,61249.6489070012,59793.635066105766,61249.6489070012,6187200.0,MWG,0.0,55.57915879341041,750.7201253470921,993.0079077670559,-242.28778241996383,59131.31388903426,60501.58671875,61871.859548465734,4.529708736683685,0.5250275204370183,-0.007980855418912787,-0.007949092945706226,60419.538671875,60501.58671875,1,63870.47265625
2024-07-01,63870.47265625,63870.47265625,60181.90432655775,60764.30985229863,21785800.0,MWG,0.0,67.86939664797544,968.9806643066622,988.2024590749772,-19.22179476831502,58613.47730912458,60632.704296875,62651.931284625425,6.6605209553699325,1.301734618994501,0.05305454472582296,0.054487160263808176,60835.857421875,60632.704296875,0,64064.609375
2024-07-02,64064.609375,64064.609375,62802.73070549242,63870.47419507576,9245500.0,MWG,0.0,68.42285598352217,1144.426686191713,1019.4473044983245,124.97938169338863,58244.58759692589,60763.8986328125,63283.20966869911,8.292130994130066,1.155082023452077,0.0030349277880670563,0.0030395378439556087,61252.329296875,60763.8986328125,0,63579.26953125
2024-07-03,63579.26953125,64452.87781488549,63190.99918296756,63967.53987953244,7436000.0,MWG,0.0,65.39033814645771,1230.1259273558826,1061.5830290698361,168.54289828604647,58196.560689513535,60957.4978515625,63718.43501361146,9.058564604380958,0.9747974194642335,-0.007604629173849823,-0.007575787138716206,61514.33515625,60957.4978515625,0,63191.0
2024-07-04,63191.0,64355.81105990784,62996.8648233487,63773.40552995392,5861500.0,MWG,0.0,62.98534561605651,1252.2776103636352,1099.7219453285961,152.55566503503906,58280.56172242766,61136.4986328125,63992.435543197345,9.342821307244565,0.859689557517335,-0.006125580497112811,-0.0061068573783968905,61718.253125,61136.4986328125,0,63676.3359375
2024-07-05,63676.3359375,63870.47110804116,63093.930425876526,63288.06559641768,7939400.0,MWG,0.0,64.73149357034751,1294.0782047672765,1138.5931972163323,155.48500755094415,58333.05011208465,61330.1361328125,64327.222153540344,9.773616071021117,0.8914134910478352,0.007651115261845992,0.0076804598360527,61970.7046875,61330.1361328125,1,65035.2890625
2024-07-08,65035.2890625,65423.55944496269,63676.3427238806,63676.3427238806,10448700.0,MWG,0.0,69.12366953340276,1420.4871453425803,1194.971986841582,225.51515850099827,58145.37951724452,61548.38515625,64951.39079525548,11.057985129476364,1.0123270831941729,0.02111703001709644,0.021341572265305198,62503.505078125,61548.38515625,0,64841.1484375
2024-07-09,64841.1484375,65229.41878742514,64355.81050009356,65229.41878742514,7977800.0,MWG,0.0,67.82417689199329,1487.8505999774425,1253.5477094687542,234.30289050868828,58170.036104194565,61790.6330078125,65411.22991143044,11.718918312942893,0.9212724463525921,-0.0029896226496027713,-0.002985158177945979,63016.89140625,61790.6330078125,-1,63288.0703125
2024-07-10,63288.0703125,64841.15179256135,63288.0703125,64744.08420005752,10907100.0,MWG,0.0,58.3704763842065,1399.7804009024549,1282.7942477554943,116.98615314696053,58239.67259515814,61902.2609375,65564.84927984186,11.833455795870897,0.6891844298988177,-0.02424355986721304,-0.02395204530495021,63317.18828125,61902.2609375,0,62899.796875
2024-07-11,62899.796875,63773.40516493056,62705.66169945987,63482.202401620365,8302000.0,MWG,0.0,56.25922421700709,1283.854239651082,1283.006246134612,0.8479935164700692,58278.86041433543,61965.584375,65652.30833566457,11.899263108222941,0.6266995454457079,-0.006153914342176255,-0.006135017793761244,63501.616796875,61965.584375,0,62899.796875
2024-07-12,62899.796875,63482.202401620365,62220.323760609564,62899.796875,8736600.0,MWG,0.0,56.25922421700709,1178.3980820934448,1262.0846133263785,-83.6865312329337,58420.53852301694,62077.0587890625,65733.57905510806,11.780584767942674,0.6125028751484636,0.0,0.0,63734.57890625,62077.0587890625,0,62414.4609375
2024-07-15,62414.4609375,63093.93407367807,62220.32575573483,62996.866482795485,3694800.0,MWG,0.0,53.456247585868525,1043.6304413335456,1218.393778927812,-174.76333759426643,58728.930508822865,62212.417578125,65695.90464742713,11.1986873518543,0.5290001592306008,-0.007745940049164206,-0.0077160175646433515,63588.977734375,62212.417578125,0,62220.32421875
2024-07-16,62220.32421875,63385.13528056747,62220.32421875,62705.66216117395,7680700.0,MWG,0.0,52.33306129053735,910.6633441845261,1156.847691979155,-246.18434779462882,59019.03316473195,62328.4392578125,65637.84535089305,10.619249037800154,0.4836654922331,-0.0031152920192445755,-0.003110444532147816,63404.54921875,62328.4392578125,0,61637.921875
2024-07-17,61637.921875,62802.73299704725,60376.04315944882,62802.73299704725,16982000.0,MWG,0.0,49.00641682678634,749.6494674958594,1075.4080470824958,-325.7585795866364,59098.47991124467,62362.3748046875,65626.26969813032,10.467513155696857,0.3890201808975341,-0.009404406320219287,-0.009360323191220155,63210.414453125,62362.3748046875,1,63093.93359375
2024-07-18,63093.93359375,63093.93359375,61540.85215144231,61637.919741586535,7938100.0,MWG,0.0,56.45824185295196,731.1050634093481,1006.5474503478664,-275.4423869385183,59231.87119246256,62459.48046875,65687.08974503743,10.335050026239932,0.598285305111309,0.0233473293849629,0.023622011814459887,63200.7078125,62459.48046875,0,63676.3359375
2024-07-19,63676.3359375,64355.80903439406,62802.72767006479,63093.930425876526,12007200.0,MWG,0.0,59.036839059885025,754.7037364793578,956.1787075741647,-201.47497109480696,59376.01546370169,62585.70625,65795.39703629832,10.25694516724677,0.6698963794512116,0.009188375845560816,0.009230718558458806,63200.7078125,62585.70625,0,63385.13671875
2024-07-22,63385.13671875,63482.20430943721,61929.12285844181,63288.06912806279,5883400.0,MWG,0.0,57.21244019637436,741.3625456626469,913.2154751918613,-171.8529295292144,59845.560616193754,62769.598828125,65693.63704005624,9.316733789992233,0.6052547617389814,-0.004583603864956939,-0.004573115184200005,63035.692578125,62769.598828125,-1,60667.2421875
2024-07-23,60667.2421875,63093.931875,60181.90425,63093.931875,9198000.0,MWG,0.0,43.653092676654246,505.64937035711046,831.7022542249113,-326.0528838678008,60079.615863857696,62817.5966796875,65555.57749551731,8.717241539153479,0.10731016087565431,-0.04382551237501491,-0.04287905133516923,62618.301953125,62817.5966796875,-1,59599.5
2024-07-24,59599.5,60181.905537459286,56881.607491856674,59793.63517915309,15062500.0,MWG,0.0,39.67492636282261,230.03540471479937,711.3688843228889,-481.33347960808953,59898.595608088195,62783.3166015625,65668.03759503682,9.189450795603618,-0.05184134076827465,-0.017756700196461934,-0.017599978983715903,62249.444921875,62783.3166015625,0,59211.23046875
2024-07-25,59211.23046875,59211.23046875,57949.35178662909,58240.55455942623,4903300.0,MWG,0.0,38.30780588510766,-19.496017067242065,565.1959040448628,-584.6919211121049,59474.955998505015,62691.1025390625,65907.24907961999,10.260296629983564,-0.041000235286122955,-0.006535957011891503,-0.006514644103557954,61880.58828125,62691.1025390625,0,59211.23046875
2024-07-26,59211.23046875,59211.23046875,58628.824923155735,58725.89251408811,4384000.0,MWG,0.0,38.30780588510766,-214.7756664170738,409.2015899524755,-623.9772563695493,59169.67690778226,62623.1552734375,66076.63363909275,11.029397514628538,0.006016189558473592,0.0,0.0,61511.731640625,62623.1552734375,1,60181.90625
2024-07-29,60181.90625,60570.176612903226,59308.297933467744,59599.500705645165,5340200.0,MWG,0.0,43.91150367579588,-287.8921308915378,269.7828457836729,-557.6749766752107,58873.55755612993,62438.726953125,66003.89635012008,11.41973762428429,0.18349039669374798,0.016260518743669385,0.016393440459952835,61288.476171875,62438.726953125,1,61152.58203125
2024-07-30,61152.58203125,61346.717212301584,60084.83853546627,60181.90612599206,5470300.0,MWG,0.0,48.90922109182307,-264.4634623214806,162.9335841626422,-427.3970464841228,58769.932181419135,62293.1255859375,65816.31899045587,11.311660384283934,0.33813781650124625,0.016000339285889346,0.016129030164278024,61181.701953125,62293.1255859375,1,61929.12109375
2024-07-31,61929.12109375,62608.594209198665,61637.918329986285,62026.18868167124,10333100.0,MWG,0.0,52.551663445246206,-181.14770318743103,94.11732669262757,-275.2650298800586,58737.30882400328,62210.6181640625,65683.92750412172,11.16629103700391,0.45947710918433476,0.012618437126821659,0.012698385525294453,61210.821875,62210.6181640625,-1,60278.97265625
2024-08-01,60278.97265625,61929.121666163446,59696.56712333937,61929.121666163446,10605900.0,MWG,0.0,45.180360734510394,-245.44323502613406,26.205214348875245,-271.6484493750093,58521.31875589384,62065.016796875,65608.71483785617,11.41930905321077,0.24799713181396096,-0.027007192168269512,-0.026645759028324667,60929.32578125,62065.016796875,1,61055.51171875
2024-08-02,61055.51171875,61055.51171875,58920.02482238672,59211.22758098172,7605200.0,MWG,0.0,48.818628637082746,-231.07401726414537,-25.250631973728876,-205.8233852904165,58447.79700466783,61933.9755859375,65420.15416720717,11.257725822662119,0.3740076208506274,0.012800147774353869,0.01288242032471798,60667.243359375,61933.9755859375,-1,59793.63671875
2024-08-05,59793.63671875,60473.10986328125,58531.7580217634,59696.56912667411,11577700.0,MWG,0.0,43.73865311642986,-317.8451541484683,-83.76953640867676,-234.07561773979154,58384.98098173757,61671.89296875,64958.804955762425,10.659351703953536,0.2142825458330568,-0.02088423261568807,-0.020667667250301336,60308.093359375,61671.89296875,1,60473.10546875
2024-08-06,60473.10546875,60473.10546875,58822.9565233748,59987.767543639646,6419700.0,MWG,0.0,46.940336416386785,-328.00343627551774,-132.61631638204494,-195.3871198934728,58488.540275793755,61453.4908203125,64418.44136483125,9.649412929814321,0.33467087615088165,0.011299482584751728,0.01136356286867124,60288.6796875,61453.4908203125,0,60473.10546875
2024-08-07,60473.10546875,60667.24063879414,59696.56478857344,60473.10546875,4794900.0,MWG,0.0,46.940336416386785,-332.2242734260508,-172.53790779084613,-159.68636563520465,58448.95054307133,61312.742578125,64176.534613178665,9.341588435404297,0.3534046643231089,0.0,0.0,60376.040234375,61312.742578125,0,60570.17578125
2024-08-08,60570.17578125,61055.51372821514,60084.83783428485,60181.90542367788,5791600.0,MWG,0.0,47.435950194097025,-324.0016648012388,-202.83065919292466,-121.17100560831415,58415.97356865205,61196.2615234375,63976.54947822294,9.086463406659659,0.3874063132363907,0.0016038946120236594,0.0016051815389266366,60511.934765625,61196.2615234375,1,63676.3359375
2024-08-09,63676.3359375,63870.47110804116,60667.24079411205,60861.375964653205,17518100.0,MWG,0.0,60.235540363983354,-66.08226763306448,-175.48098088095264,109.39871324788817,58335.502624492954,61235.0884765625,64134.67432863205,9.47034102246575,0.9209648524797232,0.050010378104773136,0.051282006634221,60958.4453125,61235.0884765625,1,64647.015625
2024-08-12,64647.015625,64841.150807057056,63676.33971471472,63967.5424878003,11011200.0,MWG,0.0,63.247383117990566,214.1775458762786,-97.5492755295064,311.726821405785,58104.32581649984,61346.7162109375,64589.10660537516,10.570705637409725,1.0089299887706593,0.015128940915269153,0.015243962662247812,61404.95625,61346.7162109375,0,64744.08203125
2024-08-13,64744.08203125,65229.41997751124,63579.27096022302,64841.14962050225,9391000.0,MWG,0.0,63.544738035245075,439.05674219127104,9.771928014649092,429.2848141766219,57907.05322139293,61472.9041015625,65038.75498173206,11.60137440156802,0.958681257239219,0.0015003570758242415,0.0015014831746147372,61764.10625,61472.9041015625,0,64647.015625
2024-08-14,64647.015625,65035.28598911412,63870.474896771775,64841.150807057056,6293000.0,MWG,0.0,62.99585035484912,602.4974619714994,128.31703480601917,474.1804271654803,57784.70057472213,61623.3587890625,65462.01700340287,12.458451761709858,0.893842935096669,-0.0015003570758242903,-0.0014992321028375333,62035.895703125,61623.3587890625,-1,63967.5390625
2024-08-15,63967.5390625,64452.87699165402,63385.13354751517,64355.80940582322,7146900.0,MWG,0.0,59.14453796573785,669.4799814634462,236.54962413750457,432.9303573259416,57739.08012329388,61667.0390625,65594.99800170612,12.739249358883932,0.7928365641807035,-0.010566189585357114,-0.010510563495172986,62404.75234375,61667.0390625,1,66976.6328125
2024-08-16,66976.6328125,67461.97073143115,63967.53771512681,64064.60529891304,18518500.0,MWG,0.0,68.36759571020256,954.3714285701062,380.11398502402494,574.2574435460813,57315.48777539299,61832.05390625,66348.62003710702,14.609141522955222,1.069523256960905,0.0459680420254081,0.0470409491142052,62996.864453125,61832.05390625,0,66976.6328125
2024-08-19,66976.6328125,67656.10589900363,66588.36247735507,66976.6328125,6418900.0,MWG,0.0,68.36759571020256,1166.7009506215181,537.4313781435236,629.2695724779945,56978.963008193154,62011.6287109375,67044.29441368184,16.231361141000612,0.9932777572385799,0.0,0.0,63715.1640625,62011.6287109375,0,67461.9765625
2024-08-20,67461.9765625,67461.9765625,66297.16545638489,66976.6386016187,8137200.0,MWG,0.0,69.64926818673943,1358.4771322786546,701.6405289705499,656.8366033081047,56809.23615663552,62351.3654296875,67893.49470273948,17.777090316656306,0.9610692823119724,0.007220334408385485,0.0072464638728362285,64414.051171875,62351.3654296875,0,67753.1796875
2024-08-21,67753.1796875,68141.45005820201,66879.57135342048,67364.909316798,8947700.0,MWG,0.0,70.42359016116455,1516.4777844911732,864.6079800746745,651.8698044164987,56879.91781891979,62759.0494140625,68638.1810092052,18.735566105707655,0.9247336696429465,0.004307262340825712,0.004316551928036372,65142.05859375,62759.0494140625,0,67947.3125
2024-08-22,67947.3125,68141.44767857142,67073.70419642857,67656.10973214285,5281400.0,MWG,0.0,70.95557926225187,1638.4720493643326,1019.3807939326063,619.0912554317264,57131.3755348079,63195.853515625,69260.3314964421,19.192645224160714,0.8917450932631475,0.002861197359107096,0.002865294490906667,65879.772265625,63195.853515625,0,67947.3125
2024-08-23,67947.3125,68141.44767857142,67267.839375,67947.3125,4425700.0,MWG,0.0,70.95557926225187,1715.3795554687822,1158.5805462398416,556.7990092289406,57518.34003171995,63632.6576171875,69746.97520265506,19.217545877939397,0.8528320881685574,0.0,0.0,66306.869921875,63632.6576171875,0,67753.1796875
2024-08-26,67753.1796875,68723.85561425502,67559.044502149,67947.314872851,5961000.0,MWG,0.0,69.50565019494964,1740.5998609013986,1274.9844091721532,465.6154517292455,57859.06315927085,64011.2212890625,70163.37941885415,19.222123889840105,0.8041175405031588,-0.002861197359107083,-0.0028571080349940603,66617.486328125,64011.2212890625,0,67753.1796875
2024-08-27,67753.1796875,67753.1796875,65811.82783398997,67364.909316798,14475100.0,MWG,0.0,69.50565019494964,1740.523463608988,1368.09222005952,372.43124354946804,58126.9209478192,64341.251171875,70555.58139593081,19.316783901063552,0.7745210177612821,0.0,0.0,66918.39609375,64341.251171875,0,67364.90625
2024-08-28,67364.90625,67656.10901476945,66685.4331322046,67656.10901476945,6602000.0,MWG,0.0,66.36024715347929,1689.655203324517,1432.4048167125197,257.2503866119973,58367.50718560277,64613.0404296875,70858.57367377222,19.332113773166796,0.7203067146363247,-0.0057471877807248085,-0.005730704290054622,67190.18515625,64613.0404296875,0,67073.703125
2024-08-29,67073.703125,67364.9058882055,66588.36518632417,66879.56794952966,4226000.0,MWG,0.0,64.0202434368301,1607.3159443742916,1467.3870422448742,139.92890212941734,58966.053827525335,64952.776953125,70939.50007872467,18.434079053833692,0.6771358159863584,-0.004332142109801985,-0.004322771918056412,67500.8015625,64952.776953125,1,67753.1796875
2024-08-30,67753.1796875,67753.1796875,66685.43616806949,67073.7065387715,5295100.0,MWG,0.0,66.9488328373067,1578.6913966853826,1489.647913132976,89.04348355240654,59471.98829782521,65287.6603515625,71103.33240529979,17.81553213094457,0.7119720053981634,0.010079329890526817,0.010130297431673263,67578.45625,65287.6603515625,0,67753.1796875
2024-09-02,67753.1796875,67753.1796875,66685.43616806949,67073.7065387715,5295100.0,MWG,0.0,66.9488328373067,1538.2739716107608,1499.373124828533,38.900846782227745,60386.55176895938,65685.6375,70984.72323104061,16.13468615887488,0.6950848025904638,0.0,0.0,67656.1109375,65685.6375,0,67753.1796875
2024-09-03,67753.1796875,67753.1796875,66685.43616806949,67073.7065387715,5295100.0,MWG,0.0,66.9488328373067,1489.077710123689,1497.3140418875644,-8.236331763875341,61284.9522993025,66049.6412109375,70814.33012257249,14.427599678909333,0.6787670200674172,0.0,0.0,67685.23125,66049.6412109375,-1,67073.703125
2024-09-04,67073.703125,67656.108651411,66200.0948353835,66685.43277405933,4462400.0,MWG,0.0,60.770812177925336,1379.3608255098952,1473.7233986120307,-94.36257310213546,62389.9924504168,66379.67109375,70369.3497370832,12.020784609488224,0.5869784377759011,-0.010079329890526817,-0.010028703680535322,67617.28359375,66379.67109375,-1,65908.890625
2024-09-05,65908.890625,66879.56648103829,65617.68786818851,66782.49889543446,8478300.0,MWG,0.0,51.924802251695695,1184.761576020348,1415.9310340936943,-231.16945807334628,63721.05338867564,66646.6068359375,69572.16028319937,8.779302011469644,0.3739185210189958,-0.01751871816622372,-0.017366157610669397,67413.44140625,66646.6068359375,0,66005.953125
2024-09-06,66005.953125,66005.953125,64841.1421875,65617.6828125,8345500.0,MWG,0.0,52.5446960268643,1026.5390976337076,1338.052646801697,-311.51354916798937,64168.71437980828,66763.0876953125,69357.46101081671,7.771879357480247,0.35408141423059836,0.001471593563805358,0.0014726768889534725,67219.30546875,66763.0876953125,0,65520.625
2024-09-09,65520.625,66005.96296296296,65229.422222222216,65714.76018518518,3677000.0,MWG,0.0,49.133236385736026,852.1615322580328,1240.8744238929642,-388.71289163493134,64335.929220603735,66806.7681640625,69277.60710752125,7.396971927727234,0.23973553244589263,-0.007379958251032591,-0.0073527932258004025,66996.05,66806.7681640625,0,65811.828125
2024-09-10,65811.828125,66685.43646294248,65520.62534568584,65520.62534568584,6456200.0,MWG,0.0,51.18129718093188,729.0595689892652,1138.5114529122245,-409.45188392295927,64535.134057904346,66860.15546875,69185.17687959566,6.954878864834098,0.2745553355208232,0.004434602343850719,0.004444449743878254,66801.91484375,66860.15546875,0,65811.828125
2024-09-11,65811.828125,65908.89571810472,65132.35497326696,65811.828125,6804000.0,MWG,0.0,51.18129718093188,624.3037907132821,1035.669920472436,-411.36612975915386,64775.5816872726,66918.39609375,69061.21050022739,6.404261104750322,0.24179565775621745,0.0,0.0,66646.60703125,66918.39609375,0,65520.625
2024-09-12,65520.625,66005.96296296296,65229.422222222216,66005.96296296296,3872500.0,MWG,0.0,48.89796604433277,511.88572322396794,930.9130810227424,-419.02735779877446,65222.801364086634,66996.050390625,68769.29941716336,5.29359273031564,0.08397682205267033,-0.004434602343850823,-0.004424784013701943,66491.29921875,66996.050390625,0,65229.41796875
2024-09-13,65229.41796875,65520.62072753906,64549.94486490885,65229.41796875,7126500.0,MWG,0.0,46.6563615586445,394.74524365855905,823.6795135499058,-428.93426989134673,64967.234274146045,66908.6896484375,68850.14502272896,5.803298150038709,0.06752246229188756,-0.004454415557260706,-0.004444509362509952,66238.923046875,66908.6896484375,-1,64161.67578125
2024-09-16,64161.67578125,65035.28407479198,64064.60819307868,64938.21648662065,5295500.0,MWG,0.0,39.50526836718206,213.293978401809,701.6024065202864,-488.3084281184774,64471.52800838596,66767.941796875,69064.35558536404,6.8787916077308875,-0.06746437177156854,-0.016504481011857672,-0.016369028281250864,65879.77265625,66767.941796875,1,64841.1484375
2024-09-17,64841.1484375,64841.1484375,63579.26980024326,64258.74291261227,8761200.0,MWG,0.0,45.25558374408052,122.90355252085283,585.8626357203998,-462.95908319954697,64211.7421751192,66636.900390625,69062.0586061308,7.27872455438215,0.12976602069847382,0.010534326576058309,0.010590007944408564,65588.56953125,66636.900390625,1,66200.09375
2024-09-18,66200.09375,66588.36409457478,64841.14754398827,64938.21513013197,10676700.0,MWG,0.0,54.5588971581187,159.09012637457636,500.50813385123513,-341.4180074766588,64185.67536437837,66559.24609375,68932.81682312164,7.1322043703091715,0.42434345029080234,0.02074147052680545,0.02095806976352188,65501.20859375,66559.24609375,0,66200.09375
2024-09-19,66200.09375,66491.29650843109,65714.75581928152,66491.29650843109,5280600.0,MWG,0.0,54.558897158118704,185.62843778276874,437.5321946375419,-251.90375685477318,64186.4459413087,66471.88515625,68757.32437119131,6.876408603634782,0.4405384740768557,0.0,0.0,65530.32890625,66471.88515625,0,66005.953125
2024-09-20,66005.953125,66685.426171875,66005.953125,66588.35859375,5016600.0,MWG,0.0,53.06476879773058,188.81813688851253,387.78938308773604,-198.97124619922351,64190.56171157215,66374.8171875,68559.07266342785,6.581578883321438,0.4155629763630762,-0.002936942282712758,-0.0029326336867914193,65530.32890625,66374.8171875,-1,65326.484375
2024-09-23,65326.484375,66005.9574665676,64841.14645245171,66005.9574665676,5047700.0,MWG,0.0,48.09993656920755,134.9627799270529,337.22406245559944,-202.26128252854653,64122.66627371681,66253.482421875,68384.29857003319,6.432314409045032,0.28247817211347237,-0.01034740275003219,-0.010294052548763921,65510.91484375,66253.482421875,1,66103.03125
2024-09-24,66103.03125,66782.50440528634,65520.62568832599,65520.62568832599,6640500.0,MWG,0.0,53.45930969089029,153.17713381847716,300.414676728175,-147.23754290969782,64160.25702949916,66170.975,68181.69297050085,6.077341222494743,0.4831046046743488,0.011817070281467865,0.011887167699738965,65540.03515625,66170.975,0,66685.4375
2024-09-25,66685.4375,66685.4375,66005.96433770015,66491.30231077147,5446300.0,MWG,0.0,57.04218216997004,212.1617884762236,282.76409907778475,-70.60231060156116,64189.24695565437,66137.0015625,68084.75616934561,5.890060210863881,0.64078671295975,0.0087719963948207,0.008810583100151037,65627.39609375,66137.0015625,0,66297.1640625
2024-09-26,66297.1640625,67461.97514412519,66297.1640625,66782.50201317716,7182600.0,MWG,0.0,54.054550021299505,224.98365920834476,271.20801110389675,-46.22435189555199,64198.67913044513,66098.174609375,67997.67008830486,5.747497537278286,0.5523795542901501,-0.00583947879294279,-0.005822462175493759,65705.05,66098.174609375,-1,65520.625
2024-09-27,65520.625,66588.36851851852,64841.15185185185,66588.36851851852,13131500.0,MWG,0.0,48.57489550706105,170.5192320416827,251.07025529145398,-80.55102324977128,64240.35092983707,65986.546875,67732.74282016294,5.2925816787194435,0.3665894637166479,-0.011782143384346093,-0.011713005729293902,65734.170703125,65986.546875,0,66103.03125
2024-09-30,66103.03125,66103.03125,64938.220126651984,65520.62568832599,5927100.0,MWG,0.0,52.46682652950941,172.36419101888896,235.329042436941,-62.964851418052035,64365.74723894932,65904.039453125,67442.33166730069,4.668278991517095,0.5646794526557578,0.008849625782468232,0.00888889948775673,65928.30625,65904.039453125,0,65811.828125
2024-10-01,65811.828125,66685.43646294248,65811.828125,66297.16609052359,9995700.0,MWG,0.0,50.41243909634286,148.6155284965498,217.98633964886278,-69.37081115231297,64538.66426038678,65806.971875,67075.27948961323,3.8546299228670367,0.501914460634015,-0.004415023438617442,-0.0044052915500755185,66025.37421875,65806.971875,0,65423.55078125
2024-10-02,65423.55078125,65908.8886950575,65035.28045020401,65520.6183640115,7157400.0,MWG,0.0,47.72888974028094,97.34171102468099,193.85741392402642,-96.51570289934543,64596.156394577134,65724.4642578125,66852.77212104788,3.4334486434440663,0.3666527610205383,-0.005917283584988385,-0.005899810942989192,65947.719921875,65724.4642578125,-1,64355.8125
2024-10-03,64355.8125,65423.55599547512,63870.47454751131,65423.55599547512,14743000.0,MWG,0.0,41.22930852115863,-29.115093886619434,149.26291236189726,-178.3780062485167,64368.18317008473,65646.8103515625,66925.43753304025,3.8954738992808586,-0.004837481270511991,-0.01645504102693508,-0.016320396378669333,65763.291796875,65646.8103515625,0,64452.87890625
2024-10-04,64452.87890625,64841.149261106926,64258.74372882153,64549.94649496423,5272300.0,MWG,0.0,42.00252649132244,-120.11595314605802,95.38713926030621,-215.50309240636423,64197.13529149609,65569.156640625,66941.17798975392,4.184959573748269,0.09319957554460831,0.0015071409167183231,0.0015082772243766307,65607.984375,65569.156640625,0,64355.8125
2024-10-07,64355.8125,65132.353223981896,63967.54213800905,64744.08286199095,5548200.0,MWG,0.0,41.41572515852581,-197.7872689829892,36.75225761164714,-234.53952659463633,64035.245852639244,65510.916015625,66986.58617861076,4.50511228581751,0.108617310087827,-0.0015071409167182698,-0.001506005750203765,65510.9171875,65510.916015625,-1,63288.0703125
2024-10-08,63288.0703125,64744.08420005752,63093.93512749233,64744.08420005752,11008100.0,MWG,0.0,35.53472988043855,-341.5628929978702,-38.910772510256336,-302.6521204876139,63615.063346177405,65384.728125,67154.3929038226,5.413082931045987,-0.09238841095514182,-0.01673040759220043,-0.01659123156125175,65229.42109375,65384.728125,-1,62317.390625
2024-10-09,62317.390625,63385.13407807633,61734.985105140186,63093.93131814642,20847000.0,MWG,0.0,31.19761279203395,-527.7482955109663,-136.67827711039834,-391.07001840056796,62986.15330870006,65210.00625,67433.85919129994,6.820588032990539,-0.15036126518985005,-0.015456318612479376,-0.015337482762660226,64792.61640625,65210.00625,1,63093.93359375
2024-10-10,63093.93359375,63482.20395432692,62220.32528245192,62608.59564302884,8668600.0,MWG,0.0,37.74402572083568,-605.6593763772253,-230.47449696376373,-375.18487941346154,62679.1263211241,65088.6716796875,67498.21703825089,7.4038854884646605,0.08607583815587765,0.01238409526663804,0.01246109570638021,64472.293359375,65088.6716796875,0,62608.59375
2024-10-11,62608.59375,63385.13444767442,61637.91787790698,63093.93168604651,10009100.0,MWG,0.0,35.47230747220996,-698.5152890772661,-324.08265538646424,-374.4326336908018,62307.28359944416,64957.63046875,67607.97733805585,8.16023260140586,0.05684353132138394,-0.007722076329836479,-0.007692337695649365,64181.090234375,64957.63046875,-1,61734.98828125
2024-10-14,61734.98828125,63093.9345641706,61734.98828125,62996.86697253341,8405400.0,MWG,0.0,31.766142031549222,-832.9946849781263,-425.86506130479665,-407.12962367332966,61833.734163129506,64836.29609375,67838.85802437051,9.261978587669315,-0.016443604521938906,-0.014051707839155362,-0.013953443392106246,63744.2859375,64836.29609375,1,62511.52734375
2024-10-15,62511.52734375,62899.79769992236,61832.05422044837,62026.18939853455,12469800.0,MWG,0.0,37.97010314781937,-866.9170820801955,-514.0754654598765,-352.8416166203191,61542.387556831716,64719.8150390625,67897.24252129329,9.819025225313165,0.1525038403453786,0.012500136039601036,0.012578589291412312,63414.255859375,64719.8150390625,1,63579.26953125
2024-10-16,63579.26953125,63773.40470539122,62414.45848640267,62511.52607347328,13710200.0,MWG,0.0,45.330511796648516,-798.4390468230631,-570.9481817325138,-227.49086509054928,61452.48709690505,64588.773828125,67725.06055934494,9.711553712308618,0.33906058607047,0.016936489210218463,0.017080724673842917,63229.827734375,64588.773828125,0,63870.47265625
2024-10-17,63870.47265625,63870.47265625,63288.06713050912,63870.47265625,6628300.0,MWG,0.0,47.17163294579493,-712.4592651051062,-599.2503984070323,-113.20886669807385,61415.95693325625,64472.2927734375,67528.62861361874,9.481083140385696,0.4015454863834911,0.004569701385782804,0.004580158393560518,63181.29375,64472.2927734375,0,63773.40625
2024-10-18,63773.40625,64161.67660768646,63288.06830289194,63967.54142884323,6162200.0,MWG,0.0,46.60818070211902,-644.7201834587904,-608.344355417384,-36.37582804140641,61377.98695594787,64360.6654296875,67343.34390342713,9.268637773790998,0.40155506454049616,-0.0015208943161592347,-0.0015197383425109567,63113.346484375,64360.6654296875,0,63870.47265625
2024-10-21,63870.47265625,64064.60783149696,62996.86436763868,63385.1347181326,4333000.0,MWG,0.0,47.28626652102552,-576.5578257335073,-601.9870494806087,25.429223747101332,61333.50158051873,64287.86484375,67242.22810698127,9.191044905323196,0.42936004304299946,0.0015208943161593336,0.001522051462477858,63064.8125,64287.86484375,0,64355.8125
2024-10-22,64355.8125,64841.15045248869,63579.2717760181,64355.8125,9781100.0,MWG,0.0,50.6604362599539,-477.8672408264247,-577.1630877497719,99.2958469233472,61371.466687970016,64200.50390625,67029.54112452998,8.813130882620907,0.5274490191833583,0.007570088471431209,0.007598814030421952,63171.58671875,64200.50390625,0,63773.40625
2024-10-23,63773.40625,64355.81178652968,63191.00071347032,64161.67660768646,6100300.0,MWG,0.0,46.78999144388034,-441.55953480718017,-550.0423771612536,108.48284235407345,61475.6361829556,64054.90234375,66634.1685045444,8.05329823766742,0.44543097218332434,-0.009090982787590537,-0.009049784741665734,63317.18828125,64054.90234375,0,63482.203125
2024-10-24,63482.203125,64064.60865825688,62996.86518061927,63482.203125,4641700.0,MWG,0.0,44.941186163100475,-431.3111878142445,-526.2961392918519,94.98495147760741,61551.998159389244,63914.154296875,66276.31043436076,7.391652642429629,0.4085684546799767,-0.0045766726468632404,-0.004566215639453919,63356.015234375,63914.154296875,0,63579.26953125
2024-10-25,63579.26953125,64064.607466603054,63093.93159589695,63482.20194417939,4951300.0,MWG,0.0,45.71121315171959,-410.623439810508,-503.16159939558315,92.53815958507516,61576.46070304531,63817.0865234375,66057.71234382968,7.022024797604298,0.44693067668347414,0.0015278655772398035,0.0015290333585127325,63453.0828125,63817.0865234375,0,63579.26953125
2024-10-28,63579.26953125,63676.33711832061,62996.864008826335,63579.26953125,3958700.0,MWG,0.0,45.71121315171959,-389.735620835374,-480.4764036835413,90.74078284816733,61724.899867788525,63690.8984375,65656.89700721148,6.173562056565157,0.47161012526413426,0.0,0.0,63637.5109375,63690.8984375,1,64549.94921875
2024-10-29,64549.94921875,64549.94921875,63482.20569783834,63676.34088345864,9538500.0,MWG,0.0,53.287982679862054,-291.49595145788044,-442.6803132384092,151.18436178052877,61879.45351735097,63627.8044921875,65376.15546702402,5.4955565064364125,0.7637184237703547,0.0151518641499129,0.015267235604569107,63841.353125,63627.8044921875,0,64064.609375
2024-10-30,64064.609375,64549.94732481061,63773.40660511364,64549.94732481061,8927400.0,MWG,0.0,49.563303485831064,-249.9222270714381,-404.128696005015,154.2064689335769,62011.12411555883,63559.857421875,65108.59072819117,4.873306420549501,0.6629563821822902,-0.007547234976063142,-0.007518826112554389,63889.887109375,63559.857421875,0,64549.94921875
2024-10-31,64549.94921875,64549.94921875,63676.34088345864,64064.611254699244,6146200.0,MWG,0.0,53.09409290081237,-175.78553550573997,-358.46006390516,182.67452839942,61997.56697754769,63569.5642578125,65141.5615380773,4.945754461645884,0.8118278171487536,0.007547234976063116,0.007575787138716095,63957.834765625,63569.5642578125,0,64064.609375
2024-11-01,64064.609375,64161.67696496212,63579.27142518939,63967.54178503788,21332900.0,MWG,0.0,49.37197308287252,-154.41454776332102,-317.65096067679224,163.2364129134712,62014.92437093085,63550.15078125,65085.37719156915,4.831542935605766,0.6675513755795323,-0.007547234976063142,-0.007518826112554389,63986.955078125,63550.15078125,-1,63191.0
2024-11-04,63191.0,63967.54070660522,62802.729646697386,63967.54070660522,9363400.0,MWG,0.0,43.465301027901695,-205.6008232043023,-295.24093318229427,89.64010997799198,61997.539689071906,63491.91015625,64986.280623428094,4.707278339872066,0.39931875567033054,-0.013730209670962596,-0.013636380265527825,63919.0078125,63491.91015625,0,63676.3359375
2024-11-05,63676.3359375,63676.3359375,62899.79525533537,62996.86284060594,5272300.0,MWG,0.0,47.241579465118555,-204.64474401184998,-277.12169534820544,72.47695133635546,62018.01525062526,63511.3234375,65004.63162437474,4.702494314558785,0.5552506513559476,0.007651115261845992,0.0076804598360527,63851.06015625,63511.3234375,0,63676.3359375
2024-11-06,63676.3359375,63773.40352277058,63093.930425876526,63773.40352277058,5415900.0,MWG,0.0,47.24157946511855,-201.56354528258817,-262.010065335082,60.44652005249384,62195.01553072795,63579.270703125,64963.52587552206,4.354422934042922,0.5350604557275785,0.0,0.0,63841.353125,63579.270703125,0,63482.203125
2024-11-07,63482.203125,63870.47348050459,62899.797591743125,63870.47348050459,5244200.0,MWG,0.0,45.82171742002437,-212.33885844019824,-252.07582395610527,39.73696551590703,62232.31336930158,63598.6841796875,64965.054990073426,4.296852452247191,0.45737575268656316,-0.003053400341972824,-0.0030487434561333737,63841.353125,63598.6841796875,0,63093.93359375
2024-11-08,63093.93359375,63482.20395432692,62608.59564302884,63482.20395432692,4698600.0,MWG,0.0,43.035785355508224,-249.33430732789566,-251.52752063046336,2.193213302567699,62314.61192596426,63622.951171875,64931.29041778574,4.112790185970193,0.2978285907961325,-0.0061349755035881425,-0.006116194967044186,63792.81953125,63622.951171875,-1,61152.58203125
2024-11-11,61152.58203125,63093.93384176587,61055.51444072421,62608.5958891369,9390500.0,MWG,0.0,32.42155403089089,-430.3435807318965,-287.29073265075,-143.05284808114652,62096.311508551815,63593.830859375,65091.35021019818,4.709637178910156,-0.3150975901523574,-0.03125253957320556,-0.030769226959282636,63550.15078125,63593.830859375,-1,59017.09375
2024-11-12,59017.09375,61346.71587171053,59017.09375,61249.64828330592,10600700.0,MWG,0.0,25.090769136175055,-737.6081042024744,-377.35420696109486,-360.2538972413795,60913.67221432111,63419.1091796875,65924.54614505389,7.901205165993897,-0.37849255250446046,-0.035544959272105964,-0.03492065601021932,62996.865234375,63419.1091796875,1,60084.83984375
2024-11-13,60084.83984375,60473.11021430735,58531.7583615206,59017.09632471728,7232500.0,MWG,0.0,33.2211529405636,-884.7603005346682,-478.8354256758096,-405.92487485885863,60331.69615421241,63244.3876953125,66157.0792364126,9.21090913278293,-0.04237597888054717,0.01793043434506456,0.018092149679092007,62598.88828125,63244.3876953125,0,59502.43359375
2024-11-14,59502.43359375,59793.6363682708,58920.0280447084,59696.56877676387,4481400.0,MWG,0.0,31.230061230267466,-1036.427502213337,-590.3538409833151,-446.0736612300219,59687.0868716365,63025.9857421875,66364.88461273849,10.595308684925643,-0.027651822508782405,-0.009740348414528883,-0.00969306486485677,62094.13671875,63025.9857421875,-1,58143.48828125
2024-11-15,58143.48828125,59308.29939873748,58046.42068812605,59017.09661936561,6648600.0,MWG,0.0,27.142313693072765,-1251.8498361243983,-722.6530400115317,-529.1967961128665,58780.188295240114,62744.48984375,66708.7913922599,12.636333671313693,-0.08030418551654298,-0.02310332116202515,-0.02283848290606283,61502.024609375,62744.48984375,-1,57172.80859375
2024-11-18,57172.80859375,58143.484461216045,55425.59203231112,58143.484461216045,12080100.0,MWG,0.0,24.659448010625212,-1483.7950604293583,-874.8814440950971,-608.9136163342612,57771.495146344074,62409.606640625,67047.71813490594,14.863453701891444,-0.06453990523214999,-0.016835480163981335,-0.016694555421316593,60900.20546875,62409.606640625,-1,55813.86328125
2024-11-19,55813.86328125,57269.87710597826,55813.86328125,57269.87710597826,5338500.0,MWG,0.0,21.670695633854578,-1757.0150752218105,-1051.3081703204398,-705.7069049013708,56587.575103675554,61982.5091796875,67377.44325569944,17.40792409798065,-0.07170725457663966,-0.024056126694228408,-0.023769084393880147,60113.958203125,61982.5091796875,-1,55134.390625
2024-11-20,55134.390625,56396.26928367077,54357.84991197183,55522.66098151408,9752900.0,MWG,0.0,20.34306387148912,-2005.256323489717,-1242.0978009542953,-763.1585225354218,55425.40704261745,61550.5583984375,67675.70975425755,19.90282952810885,-0.023755855219882095,-0.012248613697462704,-0.012173904766743848,59259.763671875,61550.5583984375,1,56978.67578125
2024-11-21,56978.67578125,57172.81096278748,54843.18878433773,55328.52673818144,8166800.0,MWG,0.0,32.44141290629294,-2029.7729434461799,-1399.6328294526722,-630.1401139935076,54846.7319216928,61225.38203125,67604.0321408072,20.836620035466595,0.16711559835856837,0.032903418004636927,0.03345072168828378,58609.4109375,61225.38203125,0,57269.875
2024-11-22,57269.875,57658.14533898305,56687.46949152542,56978.67224576271,5804700.0,MWG,0.0,34.1422251849403,-2002.6202385722208,-1520.230311276582,-482.3899272956389,54398.72487413798,60909.9123046875,67421.09973523702,21.379730110195645,0.22047822739605158,0.005097655022360703,0.005110670171907028,58027.005078125,60909.9123046875,0,57269.875
2024-11-25,57269.875,57561.07775423729,56881.60466101695,57075.73983050848,4568500.0,MWG,0.0,34.1422251849403,-1958.5248687869534,-1607.8892227786562,-350.6356460082973,54016.762632817794,60594.442578125,67172.1225234322,21.710505668326064,0.2472841787857977,0.0,0.0,57638.734375,60594.442578125,1,58240.5546875
2024-11-26,58240.5546875,58337.62227864583,57269.87877604167,57561.08154947917,4370400.0,MWG,0.0,39.983425882736995,-1824.2247052083403,-1651.156319264593,-173.06838594374722,53897.796068508156,60278.9728515625,66660.14963461686,21.172148366788047,0.3402788205558209,0.016807184250548907,0.01694921959407103,57561.08046875,60278.9728515625,0,58434.69140625
2024-11-27,58434.69140625,59114.16456213663,57755.218250363374,58143.48862515573,4937400.0,MWG,0.0,41.10845674803167,-1682.7282039833954,-1657.4706962083537,-25.25750777504163,53826.189230401884,59997.476953125,66168.76467584811,20.571824137020418,0.37338254047686736,0.003327816386273813,0.0033333597145781546,57396.065625,59997.476953125,0,58240.5546875
2024-11-28,58240.5546875,58822.960234375,57949.3519140625,58531.7574609375,3774500.0,MWG,0.0,40.295009889473846,-1568.1794218529321,-1639.6124413372695,71.43301948433736,53855.13459972451,59682.0072265625,65508.87985340049,19.526396304729648,0.37630993232773674,-0.003327816386273804,-0.003322285342457265,57269.877734375,59682.0072265625,0,58725.890625
2024-11-29,58725.890625,58725.890625,57172.80922004132,58240.55268595041,5587400.0,MWG,0.0,43.314868570127565,-1421.8459773421346,-1596.0591485382424,174.21317119610785,53956.018481991836,59415.0712890625,64874.124096133164,18.37598672737973,0.4368772671359892,0.008298768447755648,0.00833329868000332,57328.11796875,59415.0712890625,0,58628.82421875
2024-12-02,58628.82421875,58920.02698804843,58143.48626991929,58920.02698804843,2789900.0,MWG,0.0,42.84808178024623,-1298.7370833967288,-1536.59473550994,237.8576521132111,54018.722490157,59186.9625,64355.202509843,17.464116391656358,0.446003060985266,-0.0016542399428008169,-0.0016528724420686869,57473.71953125,59186.9625,0,58046.41796875
2024-12-03,58046.41796875,58531.75591163252,57852.28279159699,58337.62073447951,4019600.0,MWG,0.0,40.05862670035652,-1233.9435814919634,-1476.0645047063447,242.12092321438126,54171.77066161155,58905.4666015625,63639.16254151345,16.072178740115053,0.40926237725131553,-0.00998345623994623,-0.00993378696845404,57696.975,58905.4666015625,-1,56396.26953125
2024-12-04,56396.26953125,58046.418553679,56299.20194169536,57658.14819546041,8857200.0,MWG,0.0,33.42002736591883,-1300.7531794982933,-1441.0022396647346,140.24906016644127,54253.84771718725,58541.46328125,62829.078845312746,14.64813253288122,0.24983837543875884,-0.028839987021802405,-0.02842808385503437,57823.162890625,58541.46328125,1,59211.23046875
2024-12-05,59211.23046875,59405.36565061475,56396.270331711065,56687.47310450819,8615300.0,MWG,0.0,48.959310435734174,-1113.7181951215025,-1375.5454307560883,261.8272356345858,54702.04439123021,58327.9146484375,61953.784905644796,12.432710063651916,0.6218074224466106,0.04870821450895654,0.049913956382171554,58046.418359375,58327.9146484375,0,59308.296875
2024-12-06,59308.296875,60084.83758694763,58725.89134103928,59017.09410801964,7825300.0,MWG,0.0,49.397878848752065,-946.745679853404,-1289.7854805755517,343.0398007221477,55237.54037634715,58138.6328125,61039.72524865285,9.979912824950736,0.7015902781869121,0.00163798202925302,0.001639324254564034,58250.260546875,58138.6328125,0,59308.296875
2024-12-09,59308.296875,59793.63481996727,59017.09410801964,59793.63481996727,4410300.0,MWG,0.0,49.39787884875207,-805.1376330780768,-1192.8559110760568,387.71827799798007,55447.15724165573,58046.4185546875,60645.67986771927,8.955802537870333,0.7427378720996405,0.0,0.0,58454.102734375,58046.4185546875,0,59017.09375
2024-12-10,59017.09375,59405.36410361842,58725.89098478619,59308.29651521382,4226800.0,MWG,0.0,47.96393524408876,-708.2456789597636,-1095.933864652798,387.6881856930345,55447.15724165573,58046.4185546875,60645.67986771927,8.955802537870333,0.6867213562649279,-0.004922083271800257,-0.004909989669974024,58531.756640625,58046.4185546875,-1,58240.5546875
2024-12-11,58240.5546875,59017.09541666666,58143.48709635417,58920.02782552083,4821400.0,MWG,0.0,44.27317057505819,-686.208139505703,-1013.9887196233792,327.7805801176762,55534.79962354843,57954.204296875,60373.608970201574,8.349367238079845,0.5591778617653239,-0.013245198509615431,-0.013157866868020784,58512.34296875,57954.204296875,0,58240.5546875
2024-12-12,58240.5546875,58725.89264322916,58143.48709635417,58531.7574609375,3772900.0,MWG,0.0,44.27317057505819,-661.122225238214,-943.4154207463462,282.29319550813216,55578.23650490832,57891.1103515625,60203.98419821668,7.990428349390808,0.5755433195033547,0.0,0.0,58512.34296875,57891.1103515625,1,59211.23046875
2024-12-13,59211.23046875,59502.43324154713,57852.28419569672,58046.41937756148,5596800.0,MWG,0.0,49.86579821648478,-556.5010366356146,-866.0325439241999,309.5315072885853,55558.94446842029,57944.4974609375,60330.05045345471,8.233924175890547,0.7655009156757107,0.016529299752162566,0.01666666443096787,58560.876953125,57944.4974609375,0,59211.23046875
2024-12-16,59211.23046875,59599.50083247951,58434.68974129098,59211.23046875,3621300.0,MWG,0.0,49.86579821648478,-468.1909767716279,-786.4642304936856,318.2732537220577,55625.763999936295,58046.4185546875,60467.07310943871,8.34040967564821,0.7405985421951744,0.0,0.0,58619.117578125,58046.4185546875,-1,58531.7578125
2024-12-17,58531.7578125,59211.23095460199,58434.69022077114,59211.23095460199,3676200.0,MWG,0.0,46.10910748645269,-447.8696206614186,-718.7453085272323,270.8756878658137,55995.517795377644,58182.31328125,60369.10876712235,7.517045516225895,0.5798987681993049,-0.011541752234768788,-0.011475401724823198,58667.6515625,58182.31328125,0,58434.69140625
2024-12-18,58434.69140625,58725.89418734428,58143.48862515573,58434.69140625,4076200.0,MWG,0.0,45.58082465607882,-434.5875920632607,-661.913765234438,227.3261731711773,56696.54752909744,58347.3283203125,59998.10911152756,5.658462310913977,0.5264611408136126,-0.001659731131119951,-0.0016583545391023469,58871.49375,58347.3283203125,0,58046.41796875
2024-12-19,58046.41796875,58143.4855573265,57658.14761444398,58046.41796875,7103100.0,MWG,0.0,43.436982336622926,-450.20225877908524,-619.5714639433675,169.36920516428222,56871.73569445233,58400.7154296875,59929.695164922676,5.2361678242658325,0.3841392554875796,-0.0066667441212652995,-0.006644570684914641,58755.0125,58400.7154296875,1,58822.95703125
2024-12-20,58822.95703125,59017.0922029703,57852.28117264852,58240.55151608912,3751400.0,MWG,0.0,48.6398986795207,-395.35932590654556,-574.7290363360031,179.36971042945754,57035.90562317325,58478.36953125,59920.83343932675,4.933324645126845,0.6194440630613222,0.013289204134506164,0.013377898062858273,58706.478515625,58478.36953125,0,59211.23046875
2024-12-23,59211.23046875,59308.298059682376,58725.89251408811,58822.96010502049,5538600.0,MWG,0.0,51.063739568257105,-316.9123170929379,-523.1656924873901,206.25337539445218,57216.5276668687,58575.4373046875,59934.346942506294,4.63986169066142,0.7339350411418902,0.006579023352647926,0.006600712665528308,58696.771875,58575.4373046875,0,59502.43359375
2024-12-24,59502.43359375,59502.43359375,58920.0280447084,59405.36600224306,3062600.0,MWG,0.0,52.860564030116855,-228.60957010685524,-464.2544680112831,235.64489790442786,57228.85961957011,58638.53125,60048.20288042989,4.808004567576511,0.8064197097754413,0.004905984687988235,0.004918038735129526,58745.305859375,58638.53125,1,60376.0390625
2024-12-25,60376.0390625,60473.106649417205,59502.43078024518,59502.43078024518,6300500.0,MWG,0.0,57.8595100744993,-87.13194382024813,-388.8299631730762,301.69801935282806,57131.12999263334,58735.5986328125,60340.06727299166,5.463360134318371,1.0112098761569814,0.014575109519105577,0.014681844354711648,58958.854296875,58735.5986328125,-1,59696.56640625
2024-12-26,59696.56640625,60570.174695121954,58725.89052972561,60570.174695121954,6554700.0,MWG,0.0,53.13940088971941,-29.497640033638163,-316.9634985451886,287.46585851155044,57166.80755019358,58808.39921875,60449.99088730641,5.5828476556560425,0.7705201313189657,-0.01131781735818203,-0.011254011803368269,59104.45546875,58808.39921875,0,59599.5
2024-12-27,59599.5,59793.63517915309,58628.824104234525,58822.95928338762,6947200.0,MWG,0.0,52.48074446892582,8.2504076200712,-251.92071731213665,260.1711249322078,57173.65415078893,58852.0796875,60530.505224211076,5.703878420689241,0.7226551896858622,-0.0016273198370203338,-0.001625996470038804,59143.282421875,58852.0796875,0,59211.23046875
2024-12-30,59211.23046875,59405.36565061475,58725.89251408811,58725.89251408811,4178100.0,MWG,0.0,49.82062878041727,6.7579990710291895,-200.1849740355035,206.9429731065327,57198.878936194196,58881.2,60563.5210638058,5.714289327682863,0.5980878370515665,-0.006535957011891503,-0.006514644103557954,59143.282421875,58881.2,0,59211.23046875
2024-12-31,59211.23046875,59211.23046875,58725.89251408811,59114.16287781762,4520300.0,MWG,0.0,49.82062878041727,5.511718879381078,-159.0456354525266,164.55735433190767,57298.66485015315,58939.440625,60580.21639984685,5.567666599641571,0.5828235789181389,0.0,0.0,59211.2296875,58939.440625,0,59211.23046875
2025-01-01,59211.23046875,59211.23046875,58725.89251408811,59114.16287781762,4520300.0,MWG,0.0,49.82062878041727,4.472476918635948,-126.3420129782941,130.81448989693004,57956.506783580175,59080.188671875,60203.87056016983,3.8039211233248973,0.5583091167705173,0.0,0.0,59288.88359375,59080.188671875,0,58822.95703125
2025-01-02,58822.95703125,59405.36254641089,58531.754273669554,59114.159788830446,3969400.0,MWG,0.0,46.85436985375794,-27.366092018346535,-106.54682878630459,79.18073676795805,57933.216105733685,59060.775,60188.33389426632,3.81830036692311,0.3945429946234668,-0.0065790233526479775,-0.0065574289611313175,59366.5375,59060.775,-1,56881.609375
2025-01-03,56881.609375,58920.02882359215,56881.609375,58822.96123080205,6604400.0,MWG,0.0,35.47987232749992,-206.86431556419848,-126.61032614188338,-80.2539894223151,57457.468030137956,58939.440625,60421.41321986205,5.028797623957929,-0.19428788937610583,-0.033560125099224875,-0.03300323129316074,59172.402734375,58939.440625,-1,55328.52734375
2025-01-06,55328.52734375,57561.08195586623,55328.52734375,56687.47362938597,5409900.0,MWG,0.0,29.342821109476958,-469.0319824811595,-195.0946574097386,-273.9373250714209,56561.95123063673,58740.4521484375,60918.95306623827,7.417378784540786,-0.2830900544517314,-0.027683438627739178,-0.027303763875791365,58784.132421875,58740.4521484375,0,55425.59375
2025-01-07,55425.59375,56105.06687828371,54746.12062171628,55619.72892950963,5532900.0,MWG,0.0,30.155962883586383,-661.3457178009339,-288.3448694879777,-373.00084831295624,55932.70280928895,58560.8771484375,61189.05148758605,8.975870810427827,-0.09647553659877076,0.001752827436915107,0.0017543645368860439,58376.4484375,58560.8771484375,1,56396.26953125
2025-01-08,56396.26953125,56396.26953125,54843.18809837564,55425.59363570353,3068200.0,MWG,0.0,37.85767693995309,-727.049343062281,-376.0857642028384,-350.9635788594426,55669.31984866973,58468.662890625,61268.005932580265,9.575532955805361,0.1298429080832686,0.017361545133740587,0.017513132752863037,57978.471484375,58468.662890625,0,56008.0
2025-01-09,56008.0,56299.2027729636,55813.86481802426,56299.2027729636,1738300.0,MWG,0.0,36.140949250511326,-801.2141477620607,-461.1114409146829,-340.1027068473779,55349.110869219505,58357.03515625,61364.959443280495,10.308694672293846,0.1095255511618892,-0.006908475578624672,-0.006884666919943272,57609.61484375,58357.03515625,0,55813.86328125
2025-01-10,55813.86328125,56299.20122282609,55231.45775135869,55813.86328125,3594100.0,MWG,0.0,35.27950148682943,-865.6765204868207,-542.0244568291105,-323.6520636577102,55003.7522508264,58187.166796875,61370.58134292359,10.9419816130988,0.12723932411334032,-0.003472253244665478,-0.003466231944543652,57231.051171875,58187.166796875,0,55619.7265625
2025-01-13,55619.7265625,56007.996904995634,54843.18587750872,54940.25346313264,3791900.0,MWG,0.0,34.396565622418365,-921.802658784145,-617.9800972201174,-303.82256156402764,54666.13882093352,58007.5916015625,61349.044382191474,11.520743021294376,0.14269059061594486,-0.003484351808736876,-0.0034782884992521357,56871.90078125,58007.5916015625,0,55522.66015625
2025-01-14,55522.66015625,55813.862919307256,54940.25463013549,55619.72774393575,2917600.0,MWG,0.0,33.93920961131096,-963.0144444582911,-686.9869666677522,-276.0274777905389,54348.272533334246,57857.13671875,61366.000904165754,12.129408347574248,0.1673458362676133,-0.0017467040936337184,-0.0017451794938424525,56503.04375,57857.13671875,0,55619.7265625
2025-01-15,55619.7265625,56202.132076243455,55134.388634380455,55716.79414812391,3242300.0,MWG,0.0,34.871804515698145,-976.5851678416511,-744.906606902532,-231.67856093911917,54081.50367198217,57716.3884765625,61351.27328114282,12.595676550539473,0.211591697291137,0.0017467040936337205,0.0017482304698088758,56143.893359375,57716.3884765625,0,55619.7265625
2025-01-16,55619.7265625,56202.132076243455,55134.388634380455,55716.79414812391,3242300.0,MWG,0.0,34.871804515698145,-976.0883252748681,-791.1429505769992,-184.94537469786894,53846.32862158926,57595.05390625,61343.77919091075,13.017525049156855,0.2365334622101059,0.0,0.0,55823.5703125,57595.05390625,0,56008.0
2025-01-17,56008.0,56105.06759098786,55522.66204506066,55619.72963604853,2697800.0,MWG,0.0,38.87499518405262,-933.6021678476172,-819.6347940311229,-113.96737381649439,53688.3570697386,57454.3060546875,61220.255039636395,13.10937071057582,0.3079758833075211,0.006956605053402234,0.006980858438124349,55736.209375,57454.3060546875,0,55813.86328125
2025-01-20,55813.86328125,56202.13363451087,55619.72810461957,56007.99845788044,2216200.0,MWG,0.0,37.62956020071833,-905.162641241106,-836.7403634731195,-68.42227776798654,53545.779626102245,57284.4376953125,61023.09576452276,13.05296244364178,0.3033285758099373,-0.003472253244665478,-0.003466231944543652,55784.74296875,57284.4376953125,0,56008.0
2025-01-21,56008.0,56493.337954939336,55522.66204506066,56008.0,3419600.0,MWG,0.0,39.70965516932751,-857.0790272617451,-840.8080962308446,-16.270931030900442,53482.54766000047,57109.716015625,60736.884371249536,12.702456284784025,0.34813001388306014,0.0034722532446655155,0.0034782884992521357,55842.98359375,57109.716015625,0,55716.79296875
2025-01-22,55716.79296875,56299.1984701655,55716.79296875,56202.13088659626,3103000.0,MWG,0.0,37.67968136384213,-832.8695882920292,-839.2203946430816,6.35080635105237,53546.55366984403,56876.7537109375,60206.95375203097,11.710232472192123,0.3258421824704224,-0.005212946615872286,-0.005199382789065843,55775.0359375,56876.7537109375,1,57464.01171875
2025-01-23,57464.01171875,57755.214480838265,55619.72755885769,55619.72755885769,5657500.0,MWG,0.0,53.15360909513239,-665.0314143038777,-804.3825985752409,139.3511842713632,53693.25300771383,56765.1259765625,59836.99894541117,10.823099274427763,0.6137556385428009,0.03087727764548257,0.03135892532400364,55920.637109375,56765.1259765625,1,58337.62109375
2025-01-24,58337.62109375,58337.62109375,56881.607256135605,57464.01279118136,6757300.0,MWG,0.0,58.67825267024499,-456.2659271131124,-734.7592642828151,278.4933371697027,53829.93891336105,56702.03203125,59574.12514913894,10.130476863002219,0.784738167490579,0.015088318313862563,0.015202721649086426,56173.012890625,56702.03203125,0,58337.62109375
2025-01-27,58337.62109375,58337.62109375,58337.62109375,58337.62109375,0.0,MWG,0.0,58.67825267024499,-287.50361176863225,-645.3081337799786,357.8045220113463,53923.65135627008,56658.3515625,59393.05176872992,9.653299578309353,0.8070299127166582,0.0,0.0,56444.80234375,56658.3515625,0,58337.62109375
2025-01-28,58337.62109375,58337.62109375,58337.62109375,58337.62109375,0.0,MWG,0.0,58.67825267024499,-152.006030096818,-546.6477130433465,394.6416829465285,54027.745441577026,56614.67109375,59201.59674592298,9.138711228717396,0.8330111166033601,0.0,0.0,56726.2984375,56614.67109375,0,58337.62109375
2025-01-29,58337.62109375,58337.62109375,58337.62109375,58337.62109375,0.0,MWG,0.0,58.67825267024499,-44.114693686176906,-446.1411091719126,402.0264154857357,54144.11687188164,56570.990625,58997.86437811836,8.579923124223557,0.8639724700306327,0.0,0.0,56998.087890625,56570.990625,0,58337.62109375
2025-01-30,58337.62109375,58337.62109375,58337.62109375,58337.62109375,0.0,MWG,0.0,58.67825267024499,40.918287190383126,-348.72922989945346,389.6475170898366,54206.50319146853,56546.723828125,58886.944464781474,8.277121920518766,0.8826342776345427,0.0,0.0,57269.87734375,56546.723828125,0,58337.62109375
2025-01-31,58337.62109375,58337.62109375,58337.62109375,58337.62109375,0.0,MWG,0.0,58.67825267024499,107.07326323680172,-257.5687312722024,364.6419945090041,54148.506249126105,56619.5244140625,59090.542578998895,8.72850201589709,0.8476495446426078,0.0,0.0,57502.839453125,56619.5244140625,0,57852.28125
2025-02-03,57852.28125,57852.28125,56784.53780411073,57269.8757340604,5157500.0,MWG,0.0,53.23723225178011,118.96730806533742,-182.26152340469446,301.2288314700319,54294.601922395406,56745.712109375,59196.8222963546,8.63892652278355,0.7257281509626006,-0.008354300275452765,-0.008319500086745868,57706.68125,56745.712109375,0,57852.28125
2025-02-04,57852.28125,58143.4840079698,57269.8757340604,58143.4840079698,3638100.0,MWG,0.0,53.23723225178011,126.93025135760399,-120.42316845223478,247.35341980983878,54451.088022485244,56867.046484375,59283.00494626476,8.49686632680519,0.7039014290118114,0.0,0.0,57891.109375,56867.046484375,0,57658.1484375
2025-02-05,57658.1484375,58046.41879734849,57366.94566761364,57852.28361742425,2780100.0,MWG,0.0,51.041647364609,116.23614779618947,-73.09130520254993,189.3274529987394,54500.080561790266,56930.1404296875,59360.20029758473,8.536988841257177,0.6497921959516288,-0.0033613067808233497,-0.0033556639134260102,58085.244921875,56930.1404296875,0,57366.9453125
2025-02-06,57366.9453125,57852.28325930626,56978.674955054994,57755.215669945006,4148800.0,MWG,0.0,47.853556076750976,83.30306924753677,-41.8124303125326,125.11549956006937,54600.81837232726,56998.0876953125,59395.357018297735,8.41175351636363,0.5769328697553634,-0.005063308146760169,-0.005050511209454767,58075.53828125,56998.0876953125,0,57172.80859375
2025-02-07,57172.80859375,57269.876180496605,56105.06513953735,57172.80859375,6955900.0,MWG,0.0,45.799722500195514,41.06478718809376,-25.236986812407324,66.30177400050108,54733.94399519925,57066.0349609375,59398.12592667574,8.173306476732062,0.5228922529998101,-0.003389860690873605,-0.0033841215998596796,57959.05703125,57066.0349609375,-1,55716.79296875
2025-02-10,55716.79296875,56590.40122087326,55716.79296875,56590.40122087326,5927400.0,MWG,0.0,34.010058139839,-108.64525331077311,-41.91864011208048,-66.72661319869263,54751.09908166173,57070.88828125,59390.677480838276,8.129500939800215,0.20814259486587583,-0.02579682006543523,-0.02546692493884528,57696.97421875,57070.88828125,-1,54746.12109375
2025-02-11,54746.12109375,55716.79699966755,54746.12109375,55716.79699966755,5986000.0,MWG,0.0,28.705029979988254,-302.1338362849783,-93.96167934666005,-208.17215693831827,54580.890365277526,57032.061328125,59483.23229097247,8.595764928590057,0.03370444799177308,-0.01757507247496368,-0.017421531701302784,57337.82421875,57032.061328125,0,54746.12109375
2025-02-12,54746.12109375,55619.72940907579,54746.12109375,55134.39145611702,4848400.0,MWG,0.0,28.705029979988254,-450.28433478288935,-165.22621043390592,-285.0581243489834,54403.737758013616,56988.3810546875,59573.02435136139,9.07077284470881,0.06623415621354567,0.0,0.0,56978.67421875,56988.3810546875,-1,53193.0390625
2025-02-13,53193.0390625,54357.850136861314,53193.0390625,54357.850136861314,11353700.0,MWG,0.0,22.261474624048404,-685.1178009446885,-269.2045285360624,-415.9132724086261,53824.58317923648,56867.0466796875,59909.51018013852,10.700269059471895,-0.10378828154271297,-0.028778975487224686,-0.028368804953147753,56464.216015625,56867.0466796875,0,53581.30859375
2025-02-14,53581.30859375,53678.37618178215,52222.36236129982,53484.24100571784,11169000.0,MWG,0.0,26.691877840203333,-830.3234565450111,-381.42831413785217,-448.89514240715897,53382.36644635844,56745.712109375,60109.05777239156,11.85409624090663,0.029575037377087117,0.007272743897011077,0.007299254528281285,55988.584765625,56745.712109375,-1,52513.56640625
2025-02-17,52513.56640625,53581.30990064695,52513.56640625,53581.30990064695,5933200.0,MWG,0.0,22.837355688582193,-1019.8022107157012,-509.103093453422,-510.69911726227923,52735.52082662969,56580.697265625,60425.87370462031,13.591831224502798,-0.028861409079798166,-0.020128743039702645,-0.01992751232702339,55454.71328125,56580.697265625,0,52901.8359375
2025-02-18,52901.8359375,53387.173881880735,52222.36281536698,52416.49799311927,4497600.0,MWG,0.0,26.967445548035116,-1125.659480456663,-632.4143708540702,-493.24510960259283,52246.38919404413,56425.3890625,60604.388930955865,14.812480473380402,0.078421484097588,0.007366500120731091,0.007393699529876008,54959.66875,56425.3890625,1,54163.71484375
2025-02-19,54163.71484375,54454.91761172715,52804.76859318996,53095.97136116711,7547500.0,MWG,0.0,38.49041137095027,-1095.105354764186,-724.9525676360934,-370.15278712809254,52057.06844834121,56347.73515625,60638.40186415878,15.22924282940899,0.24549173110156816,0.02357317234958241,0.02385321575116639,54610.225390625,56347.73515625,1,55037.32421875
2025-02-20,55037.32421875,55037.32421875,54066.648306602736,54260.78348903219,6194500.0,MWG,0.0,44.96445127768586,-988.9974673439865,-777.761547577672,-211.2359197663145,51931.40218086559,56226.40078125,60521.39938163441,15.277515689094853,0.3615742782321775,0.01600036080720839,0.016129052032715308,54377.26328125,56226.40078125,1,56396.26953125
2025-02-21,56396.26953125,56590.4047103593,54940.25568793029,55134.39086703959,10123600.0,MWG,0.0,53.213800600282056,-786.1879868313554,-779.4468354284087,-6.741151402946684,51949.01658121965,56129.333203125,60309.649825030356,14.895301202946104,0.5319277643619408,0.024391436021854895,0.024691340500108128,54299.609375,56129.333203125,0,56687.47265625
2025-02-24,56687.47265625,56784.540246414814,55619.72916443707,56396.269885755566,6243200.0,MWG,0.0,54.77804448774648,-595.1023840156922,-742.5779451458654,147.47556113017322,51986.612971685754,56046.82578125,60107.03859081425,14.48864499627937,0.5788932631179934,0.005150232262291247,0.005163517506040716,54396.67734375,56046.82578125,0,56590.40625
2025-02-25,56590.40625,56687.47384219554,55716.79792024014,56396.27106560892,7929200.0,MWG,0.0,54.128409261718446,-446.35283719128347,-683.332923554949,236.98008636366558,52033.8298076842,55959.4650390625,59885.10027044081,14.030281485493177,0.5803616706277587,-0.0017137755569655083,-0.0017123078821771331,54581.105859375,55959.4650390625,0,56978.67578125
2025-02-26,56978.67578125,57366.94614432496,56105.06746433135,56590.40541817504,4977600.0,MWG,0.0,56.35795887038606,-293.7514594121385,-605.416630726387,311.6651713142485,52094.254643923014,55891.5177734375,59688.78090295199,13.587976425714968,0.6431502072324784,0.006837618778558523,0.006861048664940528,54804.361328125,55891.5177734375,0,56881.609375
2025-02-27,56881.609375,57075.744560580206,56493.33900383959,56978.6769677901,3222900.0,MWG,0.0,55.630006817561224,-178.58756952064869,-520.0508184852393,341.46324896459066,52165.8280360779,55818.7171875,59471.606338922094,13.088402369232954,0.6454865099158853,-0.0017050094268004836,-0.0017035567239690463,55173.218359375,55818.7171875,0,56590.40625
2025-02-28,56590.40625,56978.67661878216,56105.068289022296,56299.20347341338,5283200.0,MWG,0.0,53.40150604764916,-109.55414359973656,-437.9514835081388,328.3973399084022,52252.69714187871,55731.3564453125,59210.01574874629,12.483669967183722,0.6234742654791646,-0.0051326093517579385,-0.005119460018794486,55474.128125,55731.3564453125,0,57075.7421875
2025-03-03,57075.7421875,57366.94495376275,56105.066299957485,56493.33665497449,5938000.0,MWG,0.0,56.52723987510222,-15.503388748875295,-353.4618645562861,337.9584758074108,52297.20808393453,55692.5294921875,59087.85090044048,12.193094618657128,0.7036939259933295,0.008539726095636083,0.008576293574496185,55930.345703125,55692.5294921875,1,57755.21484375
2025-03-04,57755.21484375,58143.48519564076,56687.47137605042,56978.67413996848,6414100.0,MWG,0.0,60.51998541881619,112.56272382658062,-260.25694687971276,372.8196707062934,52305.09983920272,55687.676171875,59070.25250454728,12.14838386228315,0.8056159667269974,0.011834449595266609,0.011904753757171704,56415.68359375,55687.676171875,0,57852.28125
2025-03-05,57852.28125,58434.6867659396,57561.0784920302,58046.41642197986,7188800.0,MWG,0.0,61.07005778473107,219.3598447323966,-164.3335885572909,383.6934332896875,52289.97517348799,55697.3828125,59104.79045151201,12.235431781355786,0.816207901401081,0.001679241093167138,0.0016806518080245691,56784.540234375,55697.3828125,1,60084.83984375
2025-03-06,60084.83984375,60084.83984375,57852.28521304524,58046.42039832391,13451900.0,MWG,0.0,71.05823321174242,478.62881765310885,-35.74110731521097,514.3699249683198,51960.4974927746,55833.2775390625,59706.057585350405,13.872658804879933,1.0489031463021843,0.037864674122078265,0.03859067517324566,57289.291796875,55833.2775390625,0,60084.83984375
2025-03-07,60084.83984375,60181.90743638934,59502.43428791397,59987.77225111066,5404100.0,MWG,0.0,71.05823321174242,676.3053198826892,106.66817812436908,569.6371417583201,51696.726116340506,55978.8791015625,60261.0320867845,15.299173738198244,0.9794271428832001,0.0,0.0,57658.148828125,55978.8791015625,0,60376.0390625
2025-03-10,60376.0390625,60473.106649417205,59599.49836716238,60181.9038886656,8125200.0,MWG,0.0,72.13953631396997,846.7024565168831,254.6750338028719,592.0274227140112,51503.93405416846,56211.84140625,60919.748758331545,16.75058932176553,0.9422556929044971,0.004834761104576671,0.004846467420188905,58027.00546875,56211.84140625,1,61152.58203125
2025-03-11,61152.58203125,61346.717212301584,59599.500582837296,59599.500582837296,9576900.0,MWG,0.0,74.83918405525051,1032.5019034494617,410.24040773218985,622.2614957172718,51392.20121197366,56532.164453125,61672.127694276336,18.184208196780656,0.9494601771792088,0.012779763822464865,0.01286177398862054,58483.223046875,56532.164453125,0,60861.37890625
2025-03-12,60861.37890625,61152.58167613637,60084.83818655303,61152.58167613637,8817600.0,MWG,0.0,72.02085151984151,1143.0749883288445,556.8073238515208,586.2676644773237,51425.00648488195,56837.92734375,62250.84820261805,19.04686223384345,0.8716525391192754,-0.00477328455966743,-0.004761910541262071,58871.493359375,56837.92734375,-1,59696.56640625
2025-03-13,59696.56640625,60958.44504573171,59405.36364329268,60861.37745807927,7327800.0,MWG,0.0,61.968277302761365,1123.7603113730438,670.1979213558254,453.5623900172184,51892.620933149374,57163.1037109375,62433.58648872563,18.44015609943056,0.7403444619902276,-0.0193242966209795,-0.019138779320039045,59152.9890625,57163.1037109375,0,59696.56640625
2025-03-14,59696.56640625,60473.10710746952,59405.36364329268,59696.56640625,8759800.0,MWG,0.0,61.968277302761365,1095.8213443977293,755.3226059642062,340.49873843352304,52366.44603174968,57468.8666015625,62571.28717137532,17.757164431964256,0.7182983325470192,0.0,0.0,59463.605078125,57468.8666015625,0,60181.90625
2025-03-17,60181.90625,60181.90625,59599.500705645165,59890.70347782258,3541900.0,MWG,0.0,64.37140590195912,1100.160416560684,824.2901680835018,275.87024847718226,53183.682614333244,57852.28359375,62520.88457316675,16.139729287786047,0.7494990112156725,0.008097241894757594,0.008130113220367496,59774.221484375,57852.28359375,0,59987.76953125
2025-03-18,59987.76953125,60667.24264891788,59599.49917829692,60376.03988420308,5349100.0,MWG,0.0,62.665687842774005,1075.535844063721,874.5393032795457,200.9965407841753,54075.235081626044,58206.5802734375,62337.92546524896,14.195457532133332,0.7155701321379423,-0.0032310462083096963,-0.0032258319958085035,59997.476953125,58206.5802734375,-1,57755.21484375
2025-03-19,57755.21484375,59599.49901523109,57269.87690388655,59405.36383928571,13416400.0,MWG,0.0,47.18212625735762,865.8907384713675,872.8095903179102,-6.91885184654268,54707.2799174826,58386.1552734375,62065.0306293924,12.60187569716065,0.414248191547695,-0.03792705464808795,-0.037216831113165094,59987.7703125,58386.1552734375,0,58240.5546875
2025-03-20,58240.5546875,58240.5546875,57269.87877604167,58046.41950520833,4063500.0,MWG,0.0,50.07033281326038,730.4877431244022,844.3452208792087,-113.8574777548065,55219.216454215646,58546.316796875,61873.41713953435,11.36570334288541,0.45404976137109787,0.008368282360565561,0.0084033943092936,59803.341796875,58546.316796875,0,58531.7578125
2025-03-21,58531.7578125,58531.7578125,57658.149486940296,58240.55503731343,3129500.0,MWG,0.0,51.77429779006787,639.3080075320613,803.3377782097792,-164.02977067771792,55483.16418246553,58653.0912109375,61823.018239409466,10.809070632174445,0.4808617994440102,0.004987547517393899,0.005000006036386617,59648.03359375,58653.0912109375,0,58531.7578125
2025-03-24,58531.7578125,58531.7578125,57755.21707866915,58046.41985385572,2855200.0,MWG,0.0,51.77429779006787,560.5853314123378,754.787288850291,-194.20195743795318,55711.7710149315,58745.30546875,61778.83992256849,10.327751058958084,0.464802170619623,0.0,0.0,59463.60546875,58745.30546875,0,58725.890625
2025-03-25,58725.890625,59502.43132747934,58143.485098140496,58628.82303719008,5513700.0,MWG,0.0,53.01407056993023,508.0059624420537,705.4310235686436,-197.42506112658987,55992.56757566256,58852.0796875,61711.591799337446,9.717624685554812,0.47793521104918213,0.003311220930361702,0.0033167090782046937,59220.936328125,58852.0796875,0,59017.09375
2025-03-26,59017.09375,59405.36410361842,58725.89098478619,58822.9585731908,2416100.0,MWG,0.0,54.88752013575538,484.25193732353364,661.1952063196217,-176.94326899608802,56233.71905006688,58954.0005859375,61674.28212180812,9.228488342891183,0.5115968077624556,0.004946430061859735,0.004958683842864131,59036.5078125,58954.0005859375,0,58628.82421875
2025-03-27,58628.82421875,59017.09457781457,58240.55385968543,59017.09457781457,3190000.0,MWG,0.0,51.91523174856783,429.14962526687304,614.786090109072,-185.63646484219896,56494.62051654519,59041.361328125,61588.10213970481,8.626971852583765,0.41900685230722545,-0.0066006700046606324,-0.006578933434010392,58929.73359375,59041.361328125,0,58046.41796875
2025-03-28,58046.41796875,58920.02626593854,57172.80967156145,58337.62073447951,7228900.0,MWG,0.0,47.73914624540991,334.6279463020619,558.75446134767,-224.12651504560813,56788.8003868287,59114.1619140625,61439.5234412963,7.86735852100654,0.27041334588031507,-0.00998345623994623,-0.00993378696845404,58764.71875,59114.1619140625,-1,57269.875
2025-03-31,57269.875,57464.01016949153,56396.26673728813,57269.875,6534800.0,MWG,0.0,42.796015789093346,194.81262828061153,485.9660947342583,-291.1534664536468,56832.9685032984,59123.8685546875,61414.7686060766,7.749493080853121,0.09535695292264741,-0.013468256515557483,-0.013377965358139066,58473.515625,59123.8685546875,0,56881.609375
2025-04-01,56881.609375,57172.81215337031,56008.00103988907,56881.609375,5640900.0,MWG,0.0,40.53597547227023,52.07786910961295,399.18844960932927,-347.1105804997163,56650.31224418718,59080.18828125,61510.06431831281,8.225688196846772,0.04759443018591297,-0.006802664449161209,-0.006779578705209288,58162.899609375,59080.18828125,0,57075.7421875
2025-04-02,57075.7421875,57949.35048628826,56299.201477465984,56881.60700999149,7441200.0,MWG,0.0,42.1801374113216,-44.85845994584088,310.3790676982953,-355.23752764413615,56506.330498532996,59041.361328125,61576.392157717004,8.587304806552332,0.11230863197404328,0.003407116743877949,0.0034129275636374246,58094.95234375,59041.361328125,-1,53095.97265625
2025-04-03,53095.97265625,54649.05412334324,53095.97265625,53484.24302302331,14956500.0,MWG,0.0,26.19189161864145,-437.7690113004501,160.74945189854623,-598.5184631989963,55069.12762145881,58691.91796875,62314.70831604119,12.34510805804682,-0.27232530398621607,-0.07227811519799625,-0.06972786298907907,57580.494140625,58691.91796875,-1,51251.6875
2025-04-04,51251.6875,51931.16062973485,49407.403290719696,49407.403290719696,28985900.0,MWG,0.0,22.02539234225989,-887.7385553241402,-48.94814954599104,-838.7904057781491,53397.53532027958,58250.2603515625,63102.98538284542,16.661642375484252,-0.22109719863030045,-0.03535253655077687,-0.03473493494864732,56852.487109375,58250.2603515625,0,51251.6875
2025-04-07,51251.6875,51931.16062973485,49407.403290719696,49407.403290719696,28985900.0,MWG,0.0,22.02539234225989,-1230.1621176751942,-285.1909431718317,-944.9711745033625,52134.28895048847,57794.0427734375,63453.79659638652,19.585941911474247,-0.07797171733068352,0.0,0.0,56124.480078125,57794.0427734375,-1,47708.72265625
2025-04-08,47708.72265625,48533.7972087996,47708.72265625,47757.2564534588,11930200.0,MWG,0.0,16.261918124521756,-1767.0534191020852,-581.5634383578824,-1185.4899807442027,50109.78664222887,57121.8498046875,64133.912967146134,24.55124680462715,-0.17120952352752264,-0.07163429821826246,-0.06912874515107426,55022.76328125,57121.8498046875,-1,44893.76171875
2025-04-09,44893.76171875,47757.25570945946,44408.423754222975,44408.423754222975,20206600.0,MWG,0.0,13.286984150205129,-2392.112679688944,-943.6732866240948,-1448.4393930648491,47662.03947867072,56323.4689453125,64984.89841195429,30.756022769306462,-0.15980490117608942,-0.06081539821351198,-0.05900306654156939,53610.430078125,56323.4689453125,1,47999.92578125
2025-04-10,47999.92578125,47999.92578125,47999.92578125,47999.92578125,411300.0,MWG,0.0,28.771454031892006,-2606.7857628588317,-1276.2957818710422,-1330.4899809877895,46477.40218730859,55738.6369140625,64999.87164081642,33.23093365570756,0.08219873693208186,0.066900616808802,0.0691892134581964,52547.540234375,55738.6369140625,1,51348.75390625
2025-04-11,51348.75390625,51348.75390625,49116.19938858696,49504.46973948488,12779000.0,MWG,0.0,41.003321416265806,-2478.1269802955285,-1516.6620215559396,-961.4649587395888,46058.62992076674,55321.2462890625,64583.862657358266,33.48665111374059,0.28556315921656783,0.06744120472260866,0.06976736048013099,51877.773828125,55321.2462890625,1,54940.2578125
2025-04-14,54940.2578125,54940.2578125,52707.70316640901,53387.17631956714,15361600.0,MWG,0.0,50.76793206878902,-2062.5834404063935,-1625.8463053260305,-436.73713508036303,46083.44589290481,55059.1638671875,64034.88184147018,32.60390221665448,0.4933762371417981,0.06760570386999265,0.06994335077355895,51644.812109375,55059.1638671875,0,55425.59375
2025-04-15,55425.59375,55910.93169877408,53484.24195490368,54357.85026269702,12059800.0,MWG,0.0,51.92588122831824,-1674.7936584088457,-1635.6357759425937,-39.157882466251976,46155.87411953821,54831.055078125,63506.23603671179,31.643312156682452,0.5342666438148774,0.008795094844442219,0.008833885329704083,51499.210546875,54831.055078125,0,55134.390625
2025-04-16,55134.390625,56007.99892715669,53969.57955545775,54940.25544674296,9252400.0,MWG,0.0,51.14853785418886,-1375.1136664345904,-1583.5313540409932,208.41768760640275,46132.30216267989,54700.0138671875,63267.72557169512,31.326177449644366,0.5253496366821006,-0.005267797387012317,-0.005253946873595705,51305.075390625,54700.0138671875,0,55134.390625
2025-04-17,55134.390625,55134.390625,53969.57955545775,54260.78232284331,5398300.0,MWG,0.0,51.14853785418886,-1124.6508389170413,-1491.755251016203,367.10441209916166,46136.09054054763,54544.7056640625,62953.32078757737,30.832012094090366,0.5350643329653911,0.0,0.0,51508.9171875,54544.7056640625,-1,54551.984375
2025-04-18,54551.984375,55910.930604982204,54551.984375,55231.4574899911,6353500.0,MWG,0.0,49.432064229752946,-962.062502954097,-1385.816701403782,423.75419844968496,46148.678018230035,54345.7169921875,62542.75596614497,30.166274097132025,0.5125818227452512,-0.010619581938419947,-0.010563393254153675,51838.946875,54345.7169921875,-1,53969.578125
2025-04-21,53969.578125,54940.253990557554,53678.37536533273,54649.05123089028,4632900.0,MWG,0.0,47.707898988999524,-870.1745616389235,-1282.6882734508104,412.5137118118869,46160.654792432724,54117.6080078125,62074.56122319228,29.406152667468593,0.4906980801064421,-0.01073356903703891,-0.01067616983456432,52110.7359375,54117.6080078125,1,55619.7265625
2025-04-22,55619.7265625,55619.7265625,50475.144524432806,53775.44243564573,16304400.0,MWG,0.0,52.73786598292912,-656.6302928120713,-1157.4766773230626,500.84638451099136,46267.12120542527,53962.2998046875,61657.47840394973,28.52057316724585,0.6076925464713323,0.03011741286418482,0.030575529674848667,52901.836328125,53962.2998046875,1,57075.7421875
2025-04-23,57075.7421875,57561.08013127126,56493.33665497449,56784.53942123724,8393400.0,MWG,0.0,56.69595214778586,-365.6911685994346,-999.119575578337,633.4284069789024,46392.76959717388,53865.2322265625,61337.694855951115,27.74503077591386,0.7148227512246642,0.02584126343298868,0.026178043564523357,54120.034375,53865.2322265625,1,57949.3515625
2025-04-24,57949.3515625,58143.4867436139,56687.47288525963,57075.74324748744,7681300.0,MWG,0.0,58.91900022430599,-63.89035283627163,-812.073731029924,748.1833781936524,46444.29707569585,53831.25859375,61218.22011180414,27.44487760838569,0.7787406539674774,0.015190184065567762,0.015306141304831433,55114.976953125,53831.25859375,1,58725.890625
2025-04-25,58725.890625,58725.890625,57658.147159090906,57755.21474690083,10315100.0,MWG,0.0,60.84323420196798,235.23750897631544,-602.6114830286762,837.8489920049916,46390.91166615217,53865.2322265625,61339.552786972825,27.75192921835961,0.8251572072104612,0.013311316338020041,0.013400306328923861,55852.690625,53865.2322265625,0,59114.16015625
2025-04-28,59114.16015625,60181.90360734811,57852.28153222496,59114.16015625,7707900.0,MWG,0.0,61.80653219328695,497.8892435562375,-382.51133771169344,880.4005812679309,46263.969344979916,53957.446484375,61650.92362377009,28.516831839412433,0.8351354386607336,0.0065897958077655175,0.006611556284932929,56270.080859375,53957.446484375,0,59017.09375
2025-04-29,59017.09375,59308.29651521382,58725.89098478619,59017.09375,5701400.0,MWG,0.0,61.39986272856244,690.2533764914406,-167.95839487106662,858.2117713625072,46143.93572667011,54064.220703125,61984.50567957989,29.299543666582746,0.8126701287642242,-0.001643365745905623,-0.0016420161598073024,56629.230859375,54064.220703125,0,59017.09375
2025-04-30,59017.09375,59017.09375,59017.09375,59017.09375,0.0,MWG,0.0,61.39986272856244,833.0998809108569,32.253260285318106,800.8466206255388,46040.55342355887,54161.28828125,62282.023138941135,29.987229312277762,0.7989757425801849,0.0,0.0,57017.501171875,54161.28828125,0,59017.09375
2025-05-01,59017.09375,59017.09375,59017.09375,59017.09375,0.0,MWG,0.0,61.39986272856244,935.522642140757,212.9071366564059,722.615505484351,46072.69601946992,54457.3443359375,62841.99265240508,30.793452816002937,0.7719105943362633,0.0,0.0,57405.771484375,54457.3443359375,0,59017.09375
2025-05-02,59017.09375,59017.09375,59017.09375,59017.09375,0.0,MWG,0.0,61.39986272856244,1005.1071685500428,371.3471430351333,633.7600255149096,46367.332084462294,54845.6146484375,63323.8972124127,30.916902356993614,0.7460096764931732,0.0,0.0,57852.282421875,54845.6146484375,0,59017.09375
2025-05-05,59017.09375,59017.09375,59017.09375,59017.09375,0.0,MWG,0.0,61.39986272856244,1048.1707471493428,506.7118638579752,541.4588832913676,46737.37290629815,55233.8849609375,63730.397015576855,30.76557827010812,0.7226330501700843,0.0,0.0,58357.033984375,55233.8849609375,0,59211.23046875
2025-05-06,59211.23046875,59599.50083247951,58240.55455942623,59017.09528688525,5099700.0,MWG,0.0,62.12189658700075,1085.4517421670316,622.4598395197866,462.99190264724507,47921.88918405082,55809.0103515625,63696.13151907418,28.26468743246891,0.7156819988516082,0.0032841012425472004,0.0032894998112305007,58716.184375,55809.0103515625,0,58725.890625
2025-05-07,58725.890625,59405.36373966943,58337.62027376033,59211.22856404958,4110300.0,MWG,0.0,59.1433945200418,1063.5741097915306,710.6826935741354,352.8914162173952,50425.97788992312,56500.616796875,62575.255703826886,21.502911831177983,0.6831609962510176,-0.008230531304407056,-0.00819675321569524,58881.19921875,56500.616796875,0,58337.62109375
2025-05-08,58337.62109375,58725.89145044717,57366.94520200708,58143.48591540141,7742800.0,MWG,0.0,56.797261432865476,1003.3399439299101,769.2141436452904,234.1258002846197,52405.15384173968,57017.5015625,61629.84928326032,16.178708622314762,0.6431071128167657,-0.00663350943970124,-0.006611556284932929,58920.026171875,57017.5015625,0,58531.7578125
2025-05-09,58531.7578125,58531.7578125,57172.81152829602,58337.622629042286,9463100.0,MWG,0.0,57.70078149015861,960.2005500191735,807.411424920067,152.7891250991065,53575.57671995446,57376.6517578125,61177.72679567054,13.249553333653635,0.6519446529182991,0.003322288509339395,0.003327813426571069,58900.612890625,57376.6517578125,0,58531.7578125
2025-05-12,58531.7578125,58531.7578125,58531.7578125,58531.7578125,0.0,MWG,0.0,57.70078149015861,915.4594231658193,829.0210245692175,86.43839859660181,53903.3367617855,57556.2267578125,61209.11675383951,12.693292113806521,0.6335286657617002,0.0,0.0,58842.37265625,57556.2267578125,0,59017.09375
2025-05-13,59017.09375,59114.16133840461,58337.62063116777,58920.02616159539,6434100.0,MWG,0.0,60.119006045746055,908.6895048543229,844.9547206262387,63.73478422808421,54171.89742254415,57735.8017578125,61299.70609308085,12.345561079130949,0.679759593924541,0.008257650992221699,0.008291839432786663,58842.37265625,57735.8017578125,1,61637.921875
2025-05-14,61637.921875,61832.05706200787,59211.232037401576,59405.36722440945,17084400.0,MWG,0.0,70.06974741366385,1102.0989121048115,896.3835589219533,205.71535318285817,54314.36939410957,58060.9783203125,61807.587246515424,12.905772636256751,0.9773574751385414,0.043450169460348645,0.044407949603584074,59104.45546875,58060.9783203125,0,62123.25390625
2025-05-15,62123.25390625,62414.456658935545,61734.983569335935,61929.11873779297,9926500.0,MWG,0.0,71.48846254103346,1279.7869127329177,973.0642296841462,306.7226830487715,54512.4846612097,58410.421484375,62308.3583075403,13.346716986824042,0.9762561055132767,0.007843081904708012,0.007873919439306265,59415.071484375,58410.421484375,0,62414.4609375
2025-05-16,62414.4609375,62705.66371014774,61152.58225602644,62123.258164852254,9777600.0,MWG,0.0,72.3357888543342,1427.6468825243646,1063.9807602521898,363.6661222721748,54958.52262013024,58803.5453125,62648.568004869754,13.077519975831834,0.9695571279937661,0.004676616434755932,0.004687568872188574,59754.808203125,58803.5453125,0,61832.0546875
2025-05-19,61832.0546875,62511.52781593407,61249.64914884223,61637.919507947416,6532900.0,MWG,0.0,67.98420898808847,1480.7623502239294,1147.3370782465377,333.42527197739173,55858.259464783325,59196.669140625,62535.07881646668,11.279045677083955,0.8947067320625599,-0.009375080062530078,-0.009331271010787123,60036.304296875,59196.669140625,0,61832.0546875
2025-05-20,61832.0546875,62511.52781593407,61249.64914884223,61637.919507947416,6532900.0,MWG,0.0,67.98420898808847,1505.5022482765926,1218.9701122525487,286.5321360240439,56423.892379576784,59507.285546875,62590.67871417321,10.36307786168256,0.8769822748005328,0.0,0.0,60298.38671875,59507.285546875,1,62802.73046875
2025-05-21,62802.73046875,63288.06841673106,61443.784214403015,61637.91939359544,11898400.0,MWG,0.0,71.31925409655935,1585.1614643631474,1292.2083826746684,292.95308168847896,56599.31852304559,59793.6349609375,62987.95139882941,10.68446981013521,0.9710077361337361,0.015576637073516102,0.01569858524281309,60706.070703125,59793.6349609375,0,62414.4609375
2025-05-22,62414.4609375,62996.866482795485,61734.98780132193,62996.866482795485,6780600.0,MWG,0.0,68.25641115948977,1598.5349449652786,1353.4736951327907,245.06124983248787,56742.17515529142,60016.8904296875,63291.60570408357,10.912645593435245,0.86607312497644,-0.006201557010986051,-0.006182367046018822,61113.7546875,60016.8904296875,0,62414.4609375
2025-05-23,62414.4609375,62899.798891912906,61734.98780132193,62026.19057396968,8712800.0,MWG,0.0,68.25641115948977,1590.795820708081,1400.9381202478487,189.8577004602323,56819.03547789175,60201.3189453125,63583.60241273325,11.236575964367987,0.8271668406130356,0.0,0.0,61502.025,60201.3189453125,0,62608.59375
2025-05-26,62608.59375,63093.93168604651,60570.174418604656,62317.3909883721,7017400.0,MWG,0.0,69.02771619417973,1582.0900551708692,1437.1685072324528,144.92154793841632,56871.404557039554,60376.040625,63880.67669296045,11.609360374351137,0.8185142596416939,0.003105554715662509,0.0031103819464914917,61909.70859375,60376.040625,0,62608.59375
2025-05-27,62608.59375,63093.93168604651,60570.174418604656,62317.3909883721,7017400.0,MWG,0.0,69.02771619417973,1557.2397823976135,1461.182762265485,96.0570201321284,56976.895930783845,60555.615625,64134.33531921615,11.819612953414357,0.7868313671392004,0.0,0.0,62268.85859375,60555.615625,0,62414.4609375
2025-05-28,62414.4609375,62996.866482795485,61637.92021043935,62899.798891912906,8162000.0,MWG,0.0,67.13583482095598,1504.537494955337,1469.8537088034554,34.68378615188158,57131.76092642123,60725.483984375,64319.20704232877,11.83596349393759,0.7349898595256091,-0.0031055547156625617,-0.0031007374686482514,62346.5125,60725.483984375,0,62511.52734375
2025-05-29,62511.52734375,63579.27082322399,62123.25698757764,62414.45975470691,10272900.0,MWG,0.0,67.61378787421692,1453.8439916748612,1466.6517653777366,-12.807773702875465,57316.43181917627,60900.2056640625,64483.97950894873,11.769332486839305,0.7248079467942335,0.001553982916108405,0.0015551909732458569,62385.33984375,60900.2056640625,0,62414.4609375
2025-05-30,62414.4609375,62705.66371014774,61540.85261955676,62608.59611926516,7333000.0,MWG,0.0,66.57115028009466,1389.8156476753356,1451.2845418372565,-61.46889416192084,57540.46782874827,61070.0740234375,64599.68021812673,11.559200643295883,0.6904443215344129,-0.0015539829161083372,-0.0015527761098562687,62385.33984375,61070.0740234375,-1,59211.23046875
2025-06-02,59211.23046875,60181.90637807377,58240.55455942623,60181.90637807377,14330200.0,MWG,0.0,43.00386627494419,1068.2842792549127,1374.6844893207879,-306.40021006587517,57572.952741486995,61079.780859375,64586.60897726301,11.482778977095007,0.23358397848276358,-0.05268576655726527,-0.051321927973672965,62123.257421875,61079.780859375,0,59211.23046875
2025-06-03,59211.23046875,60181.90637807377,58240.55455942623,60181.90637807377,14330200.0,MWG,0.0,43.00386627494419,804.1980586491118,1260.5872031864526,-456.3891445373408,57572.952741486995,61079.780859375,64586.60897726301,11.482778977095007,0.23358397848276358,0.0,0.0,61861.175,61079.780859375,1,60570.17578125
2025-06-04,60570.17578125,60958.44613882211,59211.2295297476,59211.2295297476,6563500.0,MWG,0.0,51.45891498373092,696.5341436884482,1147.7765912868517,-451.2424475984035,57832.79933965649,61171.9951171875,64511.19089471851,10.917400261783495,0.40988558682496845,0.022691395343551857,0.022950803449646395,61637.91953125,61171.9951171875,-1,59502.43359375
2025-06-05,59502.43359375,60958.447466354,59308.29841073613,60958.447466354,6679500.0,MWG,0.0,45.72004398528621,519.0683475661281,1022.034942542707,-502.9665949765789,58062.98539025819,61230.2357421875,64397.48609411681,10.345380230986375,0.22723941014245697,-0.017785410655563626,-0.017628183734453184,61346.716796875,61230.2357421875,0,59890.703125
2025-06-06,59890.703125,60376.041075769856,59211.22999392221,59211.22999392221,5366600.0,MWG,0.0,47.99143699273826,405.0859531248134,898.6451446591284,-493.559191534315,58322.147738552994,61298.1830078125,64274.218277072,9.710027681832614,0.2635310479430731,0.006504074030823951,0.00652527145193571,61094.341015625,61298.1830078125,-1,58725.890625
2025-06-09,58725.890625,58920.02580061984,58143.485098140496,58725.890625,7249100.0,MWG,0.0,42.275946211579274,218.24762752976676,762.5656412332561,-544.3180137034893,58368.80892920127,61307.8896484375,64246.97036767373,9.587936352368441,0.06074717401629018,-0.01964059002321942,-0.019448970194403614,60706.070703125,61307.8896484375,0,58725.890625
2025-06-10,58725.890625,58920.02580061984,58143.485098140496,58725.890625,7249100.0,MWG,0.0,42.27594621157928,69.37717155040446,623.9279472966858,-554.5507757462814,58304.009497408966,61293.3294921875,64282.64948696603,9.754144601198583,0.07056473183331607,0.0,0.0,60317.800390625,61293.3294921875,1,59696.56640625
2025-06-11,59696.56640625,61055.51263338415,58822.958117378046,59211.22846798781,10555000.0,MWG,0.0,48.23421531665805,29.382977232664416,505.01895328388156,-475.63597605121714,58128.99387783307,61196.26171875,64263.52955966693,10.024363432569434,0.2555323841475024,0.016393808153318933,0.016528923970661413,60046.0109375,61196.26171875,0,60084.83984375
2025-06-12,60084.83984375,60376.04262166801,59696.56947319265,59696.56947319265,4240600.0,MWG,0.0,50.437956880728706,28.687025391322095,409.7525677053697,-381.0655423140476,58021.306701271664,61094.341015625,64167.37532997834,10.059963863322151,0.3357484706304959,0.00648305625360553,0.006504116750328803,59803.3421875,61094.341015625,1,61637.921875
2025-06-13,61637.921875,61637.921875,60278.975565944886,60667.24593996063,10592900.0,MWG,0.0,58.11834390658625,151.70742999835056,358.1435401639659,-206.43611016561533,58033.50958974442,61055.5140625,64077.51853525558,9.899202452581363,0.5963611764559931,0.02551973511528418,0.025848151302204858,59725.68828125,61055.5140625,1,62414.4609375
2025-06-16,62414.4609375,62414.4609375,60764.31189249611,61152.58225602644,8355900.0,MWG,0.0,61.34390642173252,308.30821432011726,348.1764749951962,-39.86826067507894,58020.19697241462,61084.634375,64149.071777585385,10.033414897018881,0.716977276380007,0.012519698339463863,0.01259839785116057,60046.011328125,61084.634375,0,62414.4609375
2025-06-17,62414.4609375,62414.4609375,60764.31189249611,61152.58225602644,8355900.0,MWG,0.0,61.34390642173252,427.4876525856598,364.03871051328895,63.44894207237087,58008.61360132418,61113.7546875,64218.89577367582,10.16184033219263,0.7094439856196528,0.0,0.0,60366.334375,61113.7546875,0,62511.52734375
2025-06-18,62511.52734375,62608.59493279309,61929.12180949146,62511.52734375,5183800.0,MWG,0.0,61.77073411163443,523.7333912969989,395.977646670031,127.7557446269679,58024.82100396858,61099.19453125,64173.568058531426,10.063548466940897,0.7296944076520333,0.001553982916108405,0.0015551909732458569,60560.46953125,61099.19453125,-1,61832.0546875
2025-06-19,61832.0546875,63385.136123920725,61734.98709772371,62414.460226157775,7677600.0,MWG,0.0,57.024150220426954,538.968178207062,424.5757529774372,114.39242522962479,58037.40583605505,61070.07421875,64102.74260144495,9.931765832908875,0.6256287158032217,-0.010929062978638394,-0.010869557745943226,60793.431640625,61070.07421875,0,62123.25390625
2025-06-20,62123.25390625,62414.456658935545,61249.64564819336,61734.983569335935,7897700.0,MWG,0.0,58.49609089400257,567.9917446242689,453.25895130680357,114.73279331746534,58047.3253951736,61055.5138671875,64063.70233920141,9.853945308060274,0.6774722642872958,0.0046984636277741555,0.00470951871519909,61016.68671875,61055.5138671875,1,63093.93359375
2025-06-23,63093.93359375,63093.93359375,61346.71697115384,62026.190102163455,7778400.0,MWG,0.0,63.04035947165831,661.6913031320655,494.94542167185597,166.74588146020955,58011.60773360564,61079.780859375,64147.95398514436,10.0464444456121,0.8282332273655416,0.015504247480254953,0.01562506189654611,61453.491015625,61079.780859375,0,63093.93359375
2025-06-24,63093.93359375,63093.93359375,61346.71697115384,62026.190102163455,7778400.0,MWG,0.0,63.04035947165831,727.5619965141595,541.4687366403167,186.09325987384284,57977.83357090809,61104.0478515625,64230.26213221691,10.232429407127947,0.8182580532788941,0.0,0.0,61890.2953125,61104.0478515625,0,62996.8671875
2025-06-25,62996.8671875,63967.54310718413,62996.8671875,63870.47551521572,8021100.0,MWG,0.0,62.24990644451006,763.1355957136475,585.8021084549829,177.3334872586646,57945.316307192945,61133.1681640625,64321.02002093206,10.42920546278364,0.7923126774886636,-0.001539627392686182,-0.0015384427744669082,62220.325390625,61133.1681640625,0,63093.93359375
2025-06-26,63093.93359375,63288.06877403846,62608.59564302884,62899.79841346153,6367900.0,MWG,0.0,62.75286813367257,790.0531363746195,626.6523140389103,163.40082233570922,57911.40472201775,61162.2884765625,64413.172231107244,10.630353557782556,0.7970953843684898,0.001539627392686193,0.0015408132274434827,62521.234765625,61162.2884765625,0,62608.59375
2025-06-27,62608.59375,63385.13444767442,62317.3909883721,63093.93168604651,5205000.0,MWG,0.0,58.55216933701469,763.4223543554472,654.0063221022176,109.41603225322956,57904.253475463454,61171.9951171875,64439.736758911546,10.683783111745878,0.7198152103687361,-0.007722076329836479,-0.007692337695649365,62618.301953125,61171.9951171875,1,63579.26953125
2025-06-30,63579.26953125,64355.81022781488,63482.20194417939,64258.74264074427,5031900.0,MWG,0.0,63.775035132243936,811.2906375528983,685.4631851923538,125.8274523605445,58090.71519851796,61390.3970703125,64690.078942107044,10.749830687738687,0.8316793172771946,0.015384917410664282,0.01550387451802493,62734.7828125,61390.3970703125,0,63579.26953125
2025-07-01,63579.26953125,64355.81022781488,63482.20194417939,64258.74264074427,5031900.0,MWG,0.0,63.775035132243936,839.5488008836255,716.2803083306082,123.26849255301727,58338.32716075644,61608.7990234375,64879.27088611857,10.616898607086616,0.801251713903624,0.0,0.0,62851.263671875,61608.7990234375,-1,62608.59375
2025-07-02,62608.59375,63870.47238372093,62414.4585755814,63579.26962209303,7109600.0,MWG,0.0,55.643200632383206,774.6880539816775,727.9618574608222,46.7261965208553,58449.495471906936,61710.719921875,64971.94437184307,10.569393629167628,0.6376590053674148,-0.015384917410664303,-0.015267174165517927,62860.9703125,61710.719921875,0,62899.796875
2025-07-03,62899.796875,63190.99963831018,62414.45893614969,62608.59411168981,5786300.0,MWG,0.0,57.39818187609155,738.2727545117014,730.0240368709981,8.248717640703262,58752.47111520385,61880.5880859375,65008.705056671155,10.110172083010708,0.6629109139137238,0.004640385333501682,0.0046511685945669345,62967.74453125,61880.5880859375,0,63482.203125
2025-07-04,63482.203125,64647.014191513765,62802.73000286698,62802.73000286698,12680700.0,MWG,0.0,60.74350787893328,747.7886423399395,733.5769579647864,14.21168437515314,59001.4435419935,62060.1630859375,65118.8826298815,9.857272014282174,0.7324567549643474,0.009216666499922836,0.009259270759767402,63103.639453125,62060.1630859375,1,64549.94921875
2025-07-07,64549.94921875,64841.151997180445,63870.47606907895,64647.01681156015,6683300.0,MWG,0.0,66.01280075013614,831.8986286886648,753.2412921095621,78.65733657910266,59529.438188258595,62351.366015625,65173.2938429914,9.051695280129833,0.8895534077455228,0.01667972972715273,0.016819613075613526,63249.241015625,62351.366015625,0,64549.94921875
2025-07-08,64549.94921875,64841.151997180445,63870.47606907895,64647.01681156015,6683300.0,MWG,0.0,66.01280075013614,888.3164398885056,780.2563216653508,108.06011822315475,60222.5090279823,62642.5689453125,65062.628862642705,7.726566640148288,0.8940770763109266,0.0,0.0,63394.842578125,62642.5689453125,1,65229.41796875
2025-07-09,65229.41796875,65326.48555501302,64064.60693359375,64647.01245117188,8520700.0,MWG,0.0,69.07620619618184,976.5977997756927,819.5246172874192,157.07318248827346,60657.33004737941,62919.2115234375,65181.092999495595,7.189795998049147,1.010682471598517,0.010471232418113112,0.010526247630302299,63618.09765625,62919.2115234375,0,65714.7578125
2025-07-10,65714.7578125,65714.7578125,64841.14951070901,65520.62263432422,7522700.0,MWG,0.0,71.08127545654243,1073.3513564562454,870.2899651211844,203.061391335061,61024.36913912014,63200.707421875,65377.045704629854,6.887069374801278,1.0775872277178027,0.007412961491187019,0.007440505509071382,63880.180078125,63200.707421875,0,66005.953125
2025-07-11,66005.953125,66394.2234375,65326.480078125,66005.953125,6943600.0,MWG,0.0,72.24410218832983,1160.1527564885255,928.2625233946527,231.89023309387278,61036.22044692797,63419.108984375,65801.99752182204,7.514733573548384,1.0427958756720694,0.0044214123171063165,0.0044312011820974995,64219.916015625,63419.108984375,1,66976.6328125
2025-07-14,66976.6328125,66976.6328125,64452.87563405797,65908.88939085144,8671000.0,MWG,0.0,75.74523925130133,1292.3715748159375,1001.0843336789096,291.2872411370279,60834.56807079134,63647.217578125,66459.86708545865,8.838248125713319,1.0918645792328445,0.014598857743733906,0.014705941533209144,64559.65234375,63647.217578125,0,66976.6328125
2025-07-15,66976.6328125,66976.6328125,64452.87563405797,65908.88939085144,8671000.0,MWG,0.0,75.74523925130133,1381.2339359007601,1077.1142541232798,304.1196817774803,60759.93540649646,63875.326171875,66990.71693725354,9.754598378083221,0.9977395893783116,0.0,0.0,64899.388671875,63875.326171875,0,67267.84375
2025-07-16,67267.84375,69306.26325757576,67267.84375,67364.91134559884,10076100.0,MWG,0.0,76.76499848338642,1458.3453883358743,1153.3604809657986,304.9849073700757,60722.13269712338,64113.1419921875,67504.15128725162,10.578203437533386,0.9651567547167178,0.004338523293324026,0.004347948310797323,65365.313671875,64113.1419921875,1,67947.3125
2025-07-17,67947.3125,67947.3125,66491.29866071428,67170.77178571429,6383800.0,MWG,0.0,78.98510755195196,1556.3436586102616,1233.9571164946913,322.38654211557036,60798.85343008246,64418.9048828125,68038.95633554255,11.239096533278396,0.9873421915766645,0.01005027081499425,0.010100944405550427,65870.065234375,64418.9048828125,0,68432.6484375
2025-07-18,68432.6484375,68723.85119680851,67559.04015957448,67753.17533244682,6844300.0,MWG,0.0,80.42395332060894,1654.103077245636,1317.9863086448804,336.1167686007557,60865.54178059364,64734.374609375,68603.20743815637,11.952947262183244,0.9779573054452579,0.007117438412575847,0.007142827576881672,66365.109765625,64734.374609375,0,67947.3125
2025-07-21,67947.3125,68917.98839285714,67170.77178571429,68917.98839285714,7601100.0,MWG,0.0,74.90114213498141,1673.1287797121477,1389.014802858334,284.1139768538137,60936.42012066653,64977.0435546875,69017.66698870847,12.437079968466728,0.8675508240020126,-0.00711743841257585,-0.007092169433472351,66704.84609375,64977.0435546875,0,67947.3125
2025-07-22,67947.3125,68917.98839285714,67170.77178571429,68917.98839285714,7601100.0,MWG,0.0,74.9011421349814,1668.9679622176773,1445.0054347302028,223.96252748747452,61073.68943697143,65219.7125,69365.73556302857,12.714018213522706,0.8289417302478234,0.0,0.0,67044.582421875,65219.7125,0,68335.5859375
2025-07-23,68335.5859375,68335.5859375,66976.6396262429,67947.31556285512,7908200.0,MWG,0.0,76.4045201305382,1677.6618641839232,1491.5367206209469,186.1251435629763,61256.6132382768,65486.6484375,69716.6836367232,12.918771383636523,0.8367510393912532,0.0056980661915499095,0.005714331048781274,67355.19921875,65486.6484375,1,69418.7109375
2025-07-24,69418.7109375,69911.04222074468,68926.37965425532,69714.10970744681,7547700.0,MWG,0.0,80.00289875577363,1751.7578060186352,1543.5809377004846,208.17686831815058,61384.5384765278,65802.8873046875,70221.23613284719,13.429042430011886,0.9091826803904195,0.015725786358941538,0.01585008725893755,67725.59453125,65802.8873046875,-1,68434.046875
2025-07-25,68434.046875,68926.37814748201,67744.78309352518,68926.37814748201,6607100.0,MWG,0.0,69.6098506575052,1711.2984300370736,1577.1244361678025,134.17399386927104,61796.02635350108,66094.1599609375,70392.29356837392,13.006091945117909,0.7721980198584499,-0.014285979108095499,-0.014184418713659608,67968.40390625,66094.1599609375,1,69123.3125
2025-07-28,69123.3125,69911.04255698006,68532.51495726495,69517.17752849002,9571200.0,MWG,0.0,72.32053030503498,1715.0816647519532,1604.7158818846328,110.36578286732038,62041.161068226225,66371.362109375,70701.56315052377,13.048401911694768,0.817762427711085,0.010021585131112447,0.01007196938475663,68183.071875,66371.362109375,0,69123.3125
2025-07-29,69123.3125,69911.04255698006,68532.51495726495,69517.17752849002,9571200.0,MWG,0.0,72.32053030503498,1698.5006473376561,1623.4728349752377,75.02781236241844,62361.34520124293,66648.5642578125,70935.78331438206,12.865150522929738,0.7886192902127659,0.0,0.0,68397.73984375,66648.5642578125,-1,65578.53125
2025-07-30,65578.53125,69123.31672297297,65381.59872372373,69123.31672297297,18358200.0,MWG,0.0,47.206389199824656,1383.3791163454007,1575.4540912492705,-192.07497490386982,62912.17118974137,66797.0611328125,70681.95107588363,11.631918761655719,0.34317060448703324,-0.05264367239209912,-0.05128199332171757,68228.80859375,66797.0611328125,0,66070.859375
2025-07-31,66070.859375,66858.58944206408,65086.196791169896,66464.72440853204,13161600.0,MWG,0.0,49.81312360477557,1159.9980622478179,1492.36288544898,-332.36482320116215,63505.98650336176,66955.6142578125,70405.24201226325,10.304222559046226,0.3717608180084091,0.007479418139343003,0.007507458853006854,68041.16328125,66955.6142578125,-1,64298.46875
2025-08-01,64298.46875,66760.1252871363,64200.00248851455,66169.32771822358,14552200.0,MWG,0.0,41.809604928626015,830.37777841356,1359.965864041896,-529.5880856283361,63704.10159165309,66996.4275390625,70288.7534864719,9.828362700353855,0.090265539901144,-0.02719197618759188,-0.026825602720564,67627.7453125,66996.4275390625,1,65972.390625
2025-08-04,65972.390625,65972.390625,64199.99804104478,64199.99804104478,8211500.0,MWG,0.0,49.98320639506985,696.1975030059402,1227.212191834705,-531.0146888287647,63940.43805713172,67067.549609375,70194.66116161826,9.325259594115689,0.32489288180503695,0.02570051383335079,0.026033619579781897,67430.253125,67067.549609375,0,65972.390625
2025-08-05,65972.390625,65972.390625,64199.99804104478,64199.99804104478,8211500.0,MWG,0.0,49.98320639506986,583.1366319258232,1098.3970798529288,-515.2604479271056,64193.226627718715,67138.6716796875,70084.11673165628,8.774213067607988,0.3020195532237248,0.0,0.0,67232.7609375,67138.6716796875,1,68237.1171875
2025-08-06,68237.1171875,68434.04970463563,64987.7306547619,66267.79201614358,15697200.0,MWG,0.0,59.01607437905844,668.5726936787105,1012.4322026180851,-343.85950893937456,64448.806792323936,67289.056640625,70129.30648892606,8.441936891670709,0.6668973853553941,0.033752326449355365,0.03432839921434927,67222.9140625,67289.056640625,1,71289.5703125
2025-08-07,71289.5703125,71289.5703125,67449.38627632942,67843.25130568026,18002400.0,MWG,0.0,67.52813893763349,971.3912512494571,1004.2240123443596,-32.83276109490248,64313.97013206142,67567.797265625,70821.6243991886,9.63129557345795,1.071907002754462,0.04376138070306778,0.04473303168146092,67410.0,67567.797265625,0,71289.5703125
2025-08-08,71289.5703125,71683.43534185083,70501.84025379835,71584.96908451313,8095800.0,MWG,0.0,67.52813893763349,1197.5722721239727,1042.8936643002824,154.6786078236903,64268.81825339476,67831.978125,71395.13799660523,10.505840962028516,0.985186226845096,0.0,0.0,67695.55234375,67831.978125,0,70994.171875
2025-08-11,70994.171875,72569.63199982663,70600.30684379334,70895.70561719834,10677600.0,MWG,0.0,65.98988760537682,1337.5675296795234,1101.8284373761305,235.7390923033929,64227.94586727304,68032.855078125,71837.76428897695,11.185505022485435,0.8891442124859452,-0.00415225038892803,-0.004143641716524704,67882.63828125,68032.855078125,0,70994.171875
2025-08-12,70994.171875,72569.63199982663,70600.30684379334,70895.70561719834,10677600.0,MWG,0.0,65.98988760537682,1432.0074889645766,1167.8642476938198,264.1432412707568,64243.900279631984,68233.73203125,72223.563782868,11.694602164778937,0.8459343671109133,0.0,0.0,68069.72421875,68233.73203125,0,71092.640625
2025-08-13,71092.640625,71388.03940876039,69911.04548995844,71191.10688625346,7809000.0,MWG,0.0,66.28678222197195,1497.534793373503,1233.7983568297566,263.7364365437463,64266.9596399264,68424.971875,72582.98411007361,12.153493442918876,0.8207865440483455,0.0013860366635222753,0.0013869976562776998,68621.13515625,68424.971875,-1,69812.578125
2025-08-14,69812.578125,71388.0382801481,68926.3817877292,71388.0382801481,11739600.0,MWG,0.0,59.067999774199365,1429.6946780998842,1272.9776210837822,156.717057016102,64321.835844251356,68518.23515625,72714.63446824864,12.248999999574156,0.6542206630633465,-0.018169628170242095,-0.01800555569108886,68995.30703125,68518.23515625,1,70797.2421875
2025-08-15,70797.2421875,70797.2421875,69024.84947626913,69911.04583188456,9930500.0,MWG,0.0,62.45511084859742,1438.7994739327987,1306.1419916535856,132.65748227921313,64318.732083091265,68636.46484375,72954.19760440874,12.581454393048933,0.7502212924614099,0.014005851889336389,0.014104393347813993,69645.184375,68636.46484375,-1,68926.3828125
2025-08-18,68926.3828125,69911.04542410714,68138.65272321428,69517.18037946429,8199100.0,MWG,0.0,53.41155129054977,1280.2939424750366,1300.9723818178759,-20.678439342839283,64378.396688316905,68685.418359375,72992.4400304331,12.541298499553296,0.5279734433128354,-0.02678102851044591,-0.02642559677741685,69940.58359375,68685.418359375,0,68926.3828125
2025-08-19,68926.3828125,69911.04542410714,68138.65272321428,69517.18037946429,8199100.0,MWG,0.0,53.41155129054976,1141.518452672215,1269.0815959887436,-127.56314331652857,64440.437251168376,68734.371875,73028.30649883162,12.494286356877023,0.5223583908840076,0.0,0.0,70235.9828125,68734.371875,-1,66957.0546875
2025-08-20,66957.0546875,68926.37982536765,66957.0546875,68926.37982536765,14132300.0,MWG,0.0,45.38812342807618,862.685059491414,1187.8022886892777,-325.1172291978637,64300.88196252019,68665.4453125,73030.00866247981,12.712546551228085,0.3042884834048861,-0.028987580211264456,-0.028571470671210908,70107.9765625,68665.4453125,1,68335.5859375
2025-08-21,68335.5859375,69615.64734555116,67055.52452944884,67449.38957807998,11461600.0,MWG,0.0,50.943396962910214,744.3629843840463,1099.1144278282316,-354.75144344418527,64259.21870248137,68611.2890625,72963.35942251864,12.68616409773094,0.4683250611556263,0.020379215800637118,0.02058828985883321,69812.578125,68611.2890625,1,69911.046875
2025-08-22,69911.046875,70501.84445422536,68138.65413732395,68335.58666373239,12495000.0,MWG,0.0,56.40176665423924,768.8555304180627,1033.0626483461979,-264.2071179281352,64295.76595976652,68685.1390625,73074.5121652335,12.781143527246497,0.6396449770625057,0.022793020155997292,0.023054765915681452,69674.72578125,68685.1390625,-1,67744.7890625
2025-08-25,67744.7890625,69517.1817996003,67547.85653615552,69221.78301008359,6387100.0,MWG,0.0,48.42349542906846,606.4760696992016,947.7453326167987,-341.2692629175971,64212.54031008061,68616.212890625,73019.8854711694,12.835661995988906,0.401057150345942,-0.03147613242686967,-0.030985915807744124,69349.7875,68616.212890625,0,67744.7890625
2025-08-26,67744.7890625,69517.1817996003,67547.85653615552,69221.78301008359,6387100.0,MWG,0.0,48.42349542906846,472.34428629040485,852.66512335152,-380.3208370611152,64133.8910559014,68547.28671875,72960.68238159858,12.876937583122109,0.4090838758231769,0.0,0.0,69024.84921875,68547.28671875,1,72471.1640625
2025-08-27,72471.1640625,72471.1640625,67547.85128651494,67941.71630859375,16810900.0,MWG,0.0,62.01841342412458,738.9052048585581,829.9131396529277,-91.00793479436959,64379.27702556364,68891.918359375,73404.55969318637,13.100640659390988,0.8965799005902796,0.06744120307817704,0.06976735872097173,69162.7015625,68891.918359375,1,73849.6953125
2025-08-28,73849.6953125,75425.15547916666,73455.83027083334,73849.6953125,12565000.0,MWG,0.0,64.92260426394138,1049.2969620859367,873.7899041395295,175.50705794640714,64461.50575129405,69280.86015625,74100.21456120594,13.912513193649142,0.974009044816426,0.01884313753390272,0.01902178980885605,69566.41328125,69280.86015625,1,76114.421875
2025-08-29,76114.421875,76114.421875,73357.36649013584,73849.69780886159,11875600.0,MWG,0.0,69.10244729270795,1461.185535132041,991.2690303380318,469.91650479400914,64737.31842673597,69871.6578125,75005.99719826403,14.69648651973304,1.1079422875520557,0.030205875860340622,0.0306667015065758,70098.13125,69871.6578125,0,76114.421875
2025-09-01,76114.421875,76114.421875,76114.421875,76114.421875,0.0,MWG,0.0,69.10244729270795,1767.2385705940105,1146.4629383892277,620.7756322047828,64875.81044200971,70378.759375,75881.70830799028,15.638095873980548,1.0211444418114257,0.0,0.0,70816.93515625,70378.759375,0,76114.421875
2025-09-02,76114.421875,76114.421875,76114.421875,76114.421875,0.0,MWG,0.0,69.10244729270795,1986.884241447755,1314.5471990009332,672.3370424468217,65225.652239192954,70885.8609375,76546.06963580704,15.969922981672314,0.9618699783158042,0.0,0.0,71535.7390625,70885.8609375,-1,74637.421875
2025-09-03,74637.421875,76409.81447889181,74538.95561922823,75720.55068848944,8068800.0,MWG,0.0,62.9886157798761,2018.505388225516,1455.3388368458498,563.1665513796663,65453.24761159097,71205.876171875,76958.50473215904,16.15773548351117,0.7982589321702672,-0.019595743920817876,-0.019404995316467444,72303.77578125,71205.876171875,0,74637.421875
2025-09-04,74637.421875,76409.81447889181,74538.95561922823,75720.55068848944,8068800.0,MWG,0.0,62.9886157798761,2020.2768805644882,1568.3264455895776,451.95043497491065,65419.082454025425,71373.26875,77327.45504597458,16.684639502305483,0.774105726856983,0.0,0.0,72933.959375,71373.26875,1,76311.3515625
2025-09-05,76311.3515625,76311.3515625,72766.56619959678,74834.35766129033,12031500.0,MWG,0.0,66.84432277996571,2132.1745561227726,1681.0960676962168,451.07848842655585,65274.63207101126,71624.3578125,77974.08355398875,17.730632246954897,0.8690705662589052,0.022179687470913378,0.022427485374607814,73573.98984375,71624.3578125,-1,72865.03125
2025-09-08,72865.03125,75622.08648648649,72865.03125,73357.36254222973,13715000.0,MWG,0.0,54.3017733775304,1920.6252507211757,1729.0019043012085,191.62334641996722,65352.162535143376,71717.90078125,78083.63902735664,17.75215999565591,0.5901019194004399,-0.04621285975674944,-0.04516130617444791,74086.0140625,71717.90078125,0,72865.03125
2025-09-09,72865.03125,75622.08648648649,72865.03125,73357.36254222973,13715000.0,MWG,0.0,54.3017733775304,1732.994025683205,1729.8003285776078,3.1936971055972663,65435.50905645313,71811.44375,78187.37844354688,17.757433524783792,0.5826221997745943,0.0,0.0,74598.03828125,71811.44375,1,74834.359375
2025-09-10,74834.359375,74834.359375,72569.63534128289,73455.83170230263,6933700.0,MWG,0.0,59.35594653515202,1723.3376852610527,1728.5077999142968,-5.170114653244127,65493.1327658998,71998.5296875,78503.92660910022,18.070916030746787,0.7179597741441446,0.026668286583817636,0.027027067596296472,74834.3578125,71998.5296875,0,74342.0234375
2025-09-11,74342.0234375,75129.75348716887,73357.36087541391,74440.48969370862,7770800.0,MWG,0.0,57.63961961728518,1656.858338801976,1714.1779076918328,-57.31956888985678,65724.65891372866,72225.001953125,78725.34499252134,18.000257150882863,0.6628392126034321,-0.006600746254869883,-0.0065790091825717045,74883.590625,72225.001953125,1,77591.4140625
2025-09-12,77591.4140625,78182.21163150381,72865.03351046954,74243.56117147843,18120100.0,MWG,0.0,64.86141413257536,1845.1024523875822,1740.3628166309827,104.73963575659945,65679.78382788808,72564.710546875,79449.63726586191,18.975964121125852,0.8650513448285956,0.042780394353409246,0.043708665365179256,75031.28984375,72564.710546875,0,78280.6796875
2025-09-15,78280.6796875,78379.14595125786,76902.15199488994,77788.3483687107,8395500.0,MWG,0.0,66.1785975899542,2026.5445006111986,1797.599153427026,228.94534718417253,65920.97788588461,73032.425390625,80143.87289536538,19.474767452138494,0.8690004245532713,0.008844047720315823,0.008883271858466157,75247.915625,73032.425390625,0,78280.6796875
2025-09-16,78280.6796875,78379.14595125786,76902.15199488994,77788.3483687107,8395500.0,MWG,0.0,66.17859758995421,2145.6054272751644,1867.2004081966538,278.4050190785106,66295.90608945809,73500.140234375,80704.3743792919,19.603320815291678,0.8317867907234813,0.0,0.0,75464.54140625,73500.140234375,1,79068.40625
2025-09-17,79068.40625,80151.53510273973,77689.87861924035,78379.14243462017,8927700.0,MWG,0.0,67.77945660405608,2277.2740223563305,1949.2151310285894,328.0588913277411,67186.79282631508,74105.7078125,81024.62279868491,18.6730960149276,0.8586327081203545,0.010012554425421706,0.01006284776326205,75907.63984375,74105.7078125,-1,76803.6796875
2025-09-18,76803.6796875,79856.13362379807,76803.6796875,78576.07229567308,8298600.0,MWG,0.0,59.1159951789458,2173.819389330398,1994.1359826889513,179.68340664144648,68076.23240892097,74529.1125,80981.99259107903,17.31640126824006,0.676244340154758,-0.029060828085469004,-0.028642623140010537,76124.265625,74529.1125,0,77296.015625
2025-09-19,77296.015625,77296.015625,75523.62291003185,76803.68431528662,8718800.0,MWG,0.0,60.303873460075074,2107.266980813438,2016.7621823138488,90.50479849958901,68718.75565976043,74898.3609375,81077.96621523956,16.50130977604764,0.6939973978707781,0.006389858353520544,0.006410317051256165,76222.73203125,74898.3609375,-1,75326.6875
2025-09-22,75326.6875,76705.21511437908,74834.35620915033,76705.21511437908,8126100.0,MWG,0.0,53.59590037804584,1874.0129415957053,1988.2123341702202,-114.19939257451483,70095.98400033332,75277.455859375,80458.92771841667,13.766330968254628,0.5047507389757501,-0.02580792227093113,-0.02547774434524741,76468.89765625,75277.455859375,0,75326.6875
2025-09-23,75326.6875,76705.21511437908,74834.35620915033,76705.21511437908,8126100.0,MWG,0.0,53.59590037804584,1669.9077776320046,1924.551422862577,-254.64364523057247,71875.33861249096,75656.55078125,79437.76295000904,9.9957297278642,0.4563812784726309,0.0,0.0,76715.06328125,75656.55078125,1,76606.75
2025-09-24,76606.75,77000.61503856041,75129.75610539845,75622.08740359897,4466900.0,MWG,0.0,57.18605998978554,1593.0792841831717,1858.256995126696,-265.1777109435243,72374.5669911913,75863.330078125,79352.0931650587,9.197495241352915,0.6065449133905503,0.016850705282535575,0.016993479236691478,76892.30234375,75863.330078125,1,77985.2734375
2025-09-25,77985.2734375,77985.2734375,75917.48209635417,76508.27962239584,4391900.0,MWG,0.0,60.71133007547328,1624.6989520317147,1811.5453865077,-186.84643447598523,72593.65462777506,76070.108984375,79546.56334097493,9.140132446277963,0.7754479502210534,0.017834813812265492,0.0179948038195068,77256.62734375,76070.108984375,0,77788.34375
2025-09-26,77788.34375,77788.34375,76902.14742879747,77591.41123417721,5302400.0,MWG,0.0,59.95189295598112,1615.2476175594056,1772.285832718041,-157.03821515863547,72593.27563495211,76153.805078125,79714.3345212979,9.350890449978715,0.7295359016071506,-0.002528410085963505,-0.0025252163494410285,77276.3203125,76153.805078125,-1,75819.0234375
2025-09-29,75819.0234375,76705.21981534091,75425.15838068181,76705.21981534091,6021900.0,MWG,0.0,52.83437604005219,1432.3385685562098,1704.296379885675,-271.95781132946513,72575.36845206522,76139.03515625,79702.70186043478,9.360945267750095,0.455100778872753,-0.02564236670156745,-0.025316393402449844,77030.1546875,76139.03515625,0,75819.0234375
2025-09-30,75819.0234375,76705.21981534091,75425.15838068181,76705.21981534091,6021900.0,MWG,0.0,52.83437604005219,1272.7108114334114,1617.9792661952222,-345.26845476181074,72557.7215596514,76124.265234375,79690.80890909859,9.370320130493873,0.4572076182554178,0.0,0.0,76783.9890625,76124.265234375,0,76508.28125
2025-10-01,76508.28125,76606.74750643501,75031.28740347491,75622.08494208494,7817600.0,MWG,0.0,55.002807641325425,1188.1260316484986,1532.0086192858776,-343.88258763737895,72717.94745830084,76217.808203125,79717.66894794915,9.183839911787585,0.5414978006345793,0.009049756614321173,0.00909082946799189,76527.9765625,76217.808203125,0,76508.28125
2025-10-02,76508.28125,77099.07878861004,76015.94996782497,76311.34873712999,4989600.0,MWG,0.0,55.002807641325425,1108.3160072398168,1447.2700968766653,-338.9540896368485,72890.22123350356,76311.351171875,79732.48111024643,8.96624128870703,0.5287814379565411,0.0,0.0,76498.43671875,76311.351171875,0,75917.484375
2025-10-03,75917.484375,77296.01197714008,75720.55186040855,76606.74817607003,4725900.0,MWG,0.0,52.59887413508911,986.027308546516,1355.0215392106356,-368.99423066411964,72865.99637816088,76291.6578125,79717.3192468391,8.980435168307052,0.44538668740739396,-0.007751968063116257,-0.007721999048305617,76360.58359375,76291.6578125,0,76409.8203125
2025-10-06,76409.8203125,77492.94920868234,76015.95525934278,77197.55041881443,9452100.0,MWG,0.0,54.38793596078434,918.2549577634927,1267.6682229212072,-349.4132651577145,73446.66704865961,76468.897265625,79491.12748259038,7.904469202602103,0.4902262652273532,0.006464207489310451,0.006485145570262363,76468.896875,76468.897265625,0,76409.8203125
2025-10-07,76409.8203125,77492.94920868234,76015.95525934278,77197.55041881443,9452100.0,MWG,0.0,54.38793596078434,854.6925181726401,1185.0730819714938,-330.3805637988537,74142.52787493053,76646.13671875,79149.74556256947,6.532902898958537,0.45280484672488236,0.0,0.0,76577.21015625,76646.13671875,0,76803.6796875
2025-10-08,76803.6796875,78280.67352764423,76311.34840745192,76803.6796875,7199900.0,MWG,0.0,55.93111999518051,826.5717818188714,1113.3728219409693,-286.8010401220979,74390.58518659088,76744.602734375,79098.62028215913,6.1346790885914055,0.5125481123071082,0.005141325569624931,0.005154564863380173,76596.903125,76744.602734375,1,79560.734375
2025-10-09,79560.734375,80053.06565207303,77296.01050046411,77788.34177753713,17337700.0,MWG,0.0,64.88677889435374,1015.0562308942026,1093.709503731616,-78.6532728374134,74616.17120497406,77005.53828125,79394.90535752595,6.20570190042481,1.0347014527655822,0.03526813279466259,0.03589742963771969,76754.44921875,77005.53828125,0,80250.0
2025-10-10,80250.0,80643.86503067485,79265.33742331289,79560.73619631902,7782900.0,MWG,0.0,66.70827303121146,1206.145792353287,1116.1967614559503,89.9490308973368,74349.46723566363,77138.467578125,79927.46792058636,7.231153093977914,1.057822165616694,0.008626077611951754,0.008663389427141732,77000.61484375,77138.467578125,1,81726.9921875
2025-10-13,81726.9921875,81726.9921875,79757.6670745482,79954.59958584337,7962500.0,MWG,0.0,70.26756669410184,1459.9373236405518,1184.9448738928706,274.9924497476811,73874.01483369355,77310.783203125,80747.55157255645,8.890786581224361,1.1424944176708633,0.018237567023751358,0.01840488707165111,77591.41171875,77310.783203125,0,81726.9921875
2025-10-14,81726.9921875,81726.9921875,79757.6670745482,79954.59958584337,7962500.0,MWG,0.0,70.26756669410184,1642.139380077715,1276.3837751298397,365.7556049478753,73534.1512260088,77483.098828125,81432.0464302412,10.193055419416961,1.0373448557662226,0.0,0.0,78182.20859375,77483.098828125,1,82908.59375
2025-10-15,82908.59375,83696.32385688835,81136.20100950118,82613.19495991686,12093100.0,MWG,0.0,72.95071968744772,1860.4352540090622,1393.1940709056844,467.2411831033778,73080.88224910252,77675.108203125,82269.33415714747,11.82933905160017,1.069572067117511,0.0143543917877021,0.014457910793892248,78822.23984375,77675.108203125,-1,82022.390625
2025-10-16,82022.390625,83400.91819852941,81726.9918592437,82711.65441176471,5687400.0,MWG,0.0,67.99465823669884,1939.5689771289617,1502.4690521503398,437.09992497862186,72972.26840076054,77936.04375,82899.81909923945,12.738073708647688,0.9116168226293833,-0.010746454428001033,-0.010688917576774148,79373.65078125,77936.04375,1,83203.9921875
2025-10-17,83203.9921875,83499.39097633137,81726.9982433432,82022.39703217456,6629400.0,MWG,0.0,70.83929956952015,2073.7237967855326,1616.7200010773786,457.00379570815403,72751.6808171612,78231.442578125,83711.2043390888,14.009103195282357,0.9537195070046631,0.01430306330527346,0.01440584154517266,80102.3015625,78231.442578125,-1,79659.203125
2025-10-20,79659.203125,86551.84121987021,78576.0742815204,85665.6448933869,14226400.0,MWG,0.0,55.03576930975726,1872.4234733337216,1667.8606955286473,204.56277780507435,73111.11947588551,78448.068359375,83785.01724286449,13.606323253341627,0.6134669632467153,-0.0435377554475595,-0.042603593521231886,80427.23984375,78448.068359375,0,79659.203125
2025-10-21,79659.203125,86551.84121987021,78576.0742815204,85665.6448933869,14226400.0,MWG,0.0,55.03576930975726,1693.3713854631205,1672.9628335155421,20.408551947578417,73512.69594987988,78664.694140625,83816.69233137011,13.098628926301148,0.5965168219741912,0.0,0.0,80752.178125,78664.694140625,1,81726.9921875
2025-10-22,81726.9921875,81726.9921875,79265.33579631025,81037.72839796687,12062300.0,MWG,0.0,60.932138838057114,1698.742565074892,1678.1187798274123,20.623785247479645,73691.00671778622,78920.70625,84150.40578221378,13.253047978682478,0.7683027887370873,0.025626754782584943,0.025957943104894632,81244.509375,78920.70625,1,83203.9921875
2025-10-23,83203.9921875,83203.9921875,80348.47056213018,81726.9982433432,8203100.0,MWG,0.0,64.511938688032,1801.4152264222794,1702.7780691463859,98.63715727589351,73637.15987968438,79181.6421875,84726.12449531561,14.004464051620536,0.8627344968104612,0.017911000664974457,0.01807236459420203,81608.83515625,79181.6421875,1,84385.5859375
2025-10-24,84385.5859375,85468.71481184365,83302.45706315635,84680.9847214119,9156600.0,MWG,0.0,67.10848105301423,1955.5860126469051,1753.33965784649,202.24635480041525,73546.96577259524,79511.504296875,85476.04282115477,15.002957312968821,0.9085883275616494,0.014101274586986477,0.014201166541832233,82022.39375,79511.504296875,-1,79757.671875
2025-10-27,79757.671875,84385.58616898148,79757.671875,84385.58616898148,9884200.0,MWG,0.0,51.28212491532974,1684.9108799152455,1739.653902260241,-54.74302234499555,74002.7570906095,79708.43671875,85414.1163468905,14.316375688743966,0.5043145742013947,-0.05640366818815533,-0.05484247115292484,81825.46171875,79708.43671875,0,79757.671875
2025-10-28,79757.671875,84385.58616898148,79757.671875,84385.58616898148,9884200.0,MWG,0.0,51.28212491532974,1453.6422046421212,1682.4515627366172,-228.80935809449602,74500.99574702917,79905.369140625,85309.74253422083,13.526934301710575,0.4863353940532661,0.0,0.0,81628.5296875,79905.369140625,1,82908.59375
2025-10-29,82908.59375,83105.52627672208,79166.87574228027,79659.2070590855,8277300.0,MWG,0.0,58.93013596399604,1507.238666127363,1647.4089834147665,-140.17031728740335,74910.74960251618,80225.384765625,85540.01992873382,13.249260638974297,0.7524358589090286,0.038745784723896295,0.03950619170452052,81628.5296875,80225.384765625,0,82810.125
2025-10-30,82810.125,83105.52378121283,81726.99613555291,81726.99613555291,5076100.0,MWG,0.0,58.62042640111271,1524.1986297853,1622.7669126888732,-98.56828290357316,75409.68734206875,80540.476953125,85671.26656418126,12.74089701267204,0.7211792159616295,-0.0011883842975777485,-0.0011876784485926883,81707.303125,80540.476953125,0,82613.1953125
2025-10-31,82613.1953125,83105.52663140644,82219.33025737485,82908.59410384386,5652200.0,MWG,0.0,57.96431836735785,1504.4070749043603,1599.0949451319707,-94.68787022761035,76157.40764784861,80875.2625,85593.11735215138,11.666991132551534,0.6841867614587049,-0.002380919209663649,-0.002378087069666912,81648.2234375,80875.2625,-1,79757.671875
2025-11-03,79757.671875,82022.3958912037,79757.671875,81726.99710648149,6146600.0,MWG,0.0,49.34067666021574,1243.9655873206793,1528.0690735697126,-284.10348624903327,76775.90078847164,81042.655078125,85309.40936777835,10.529650800656052,0.34941912330866925,-0.03517648121665497,-0.034564979924798234,81658.0703125,81042.655078125,0,80545.3984375
2025-11-04,80545.3984375,80742.33095201712,77296.0119479676,79659.20212217298,13681700.0,MWG,0.0,51.484953560836416,1088.5783289594401,1440.1709246476582,-351.5925956882181,77567.22587455907,81249.433984375,84931.64209419095,9.063960028383857,0.4044003589859295,0.009828045108898429,0.00987649894965048,81746.68984375,81249.433984375,0,80545.3984375
2025-11-05,80545.3984375,80742.33095201712,77296.0119479676,79659.20212217298,13681700.0,MWG,0.0,51.484953560836416,954.4307239304326,1343.0228845042132,-388.5921605737806,78377.98465145721,81436.519921875,84495.0551922928,7.511458675670219,0.3543221827464361,0.0,0.0,81628.53046875,81436.519921875,-1,79068.40625
2025-11-06,79068.40625,79757.67006537983,77591.41235990038,79068.40625,4495500.0,MWG,0.0,47.145511363832945,720.6298819683288,1218.5442839970362,-497.9144020287074,78282.69301833127,81411.903515625,84541.11401291874,7.6873537214202665,0.12554496291448752,-0.018507601517600804,-0.018337387562196827,81214.971875,81411.903515625,-1,75326.6875
2025-11-07,75326.6875,79265.33782679739,74342.02491830065,78379.14150326798,8643300.0,MWG,0.0,38.33127861813366,230.7555911778618,1020.9865454332014,-790.2309542553396,77036.77253083007,81165.737890625,85294.70325041992,10.174158375443874,-0.20708396436086948,-0.04847889200287957,-0.04732255179356171,80309.08203125,81165.737890625,0,75622.0859375
2025-11-10,75622.0859375,78083.74238077799,75129.75464884439,75129.75464884439,7274200.0,MWG,0.0,39.29617779878679,-132.1141982297995,790.3663967006013,-922.4805949304008,76058.44778226445,80860.492578125,85662.53737398556,11.877357267446666,-0.045435003557297786,0.003913894864636696,0.003921564153474888,79895.5234375,80860.492578125,1,76803.6796875
2025-11-11,76803.6796875,77886.80850360577,76311.34840745192,76311.34840745192,5881500.0,MWG,0.0,43.12927996677883,-320.65012499387376,568.1630923617064,-888.8132173555802,75504.41457340955,80614.326953125,85724.23933284044,12.677429863519714,0.127131838820571,0.015504169052774028,0.015624982243634067,79600.12421875,80614.326953125,1,79265.3359375
2025-11-12,79265.3359375,79265.3359375,76705.21328610249,76803.67954192546,5083400.0,MWG,0.0,50.18638132817196,-268.33788670368085,400.86289654862895,-669.2007832523097,75407.5787848178,80432.1640625,85456.7493401822,12.493970133087142,0.3838881160816671,0.03154835583951495,0.032051280095120704,79235.7984375,80432.1640625,0,78871.4765625
2025-11-13,78871.4765625,79265.34161399813,78280.67898525282,78871.4765625,3798700.0,MWG,0.0,49.135789471154915,-255.71351469052024,269.5476143007991,-525.2611289913193,75262.39784628083,80274.618359375,85286.83887246918,12.487684440068875,0.3600279264240903,-0.004981258736328312,-0.004968872841345839,78841.93359375,80274.618359375,1,80151.53125
2025-11-14,80151.53125,80742.32877764128,77985.27364864865,77985.27364864865,3951700.0,MWG,0.0,52.608142698407626,-140.79588616521505,187.4789142075963,-328.27480037281134,75303.1894489717,80121.9953125,84940.80117602831,12.028671639375704,0.5030646531875815,0.016099334969863304,0.016229627531895385,78595.7671875,80121.9953125,1,81136.1953125
2025-11-17,81136.1953125,81136.1953125,79954.60023513349,79954.60023513349,4514700.0,MWG,0.0,55.14483778561456,29.392504544521216,155.86163227498128,-126.46912773046006,75361.65578289347,80195.844921875,85030.03406085653,12.055959117809376,0.5972604053741173,0.012210182596878848,0.012285031204566144,78733.61953125,80195.844921875,0,81726.9921875
2025-11-18,81726.9921875,81923.92469879518,80643.8633753765,81234.66090926205,4417900.0,MWG,0.0,56.64433337282582,209.52512541915348,166.59433090381572,42.930794515337766,75425.08738998217,80299.234375,85173.38136001783,12.139958800243107,0.6464623263197282,0.0072551627604367655,0.007281545218191576,78851.77890625,80299.234375,0,81136.1953125
2025-11-19,81136.1953125,81923.92536407766,80348.46526092233,81726.99285118325,6064700.0,MWG,0.0,54.67593209072073,301.1378255298332,193.50302982901923,107.63479570081398,75424.90837786229,80269.69453125,85114.48068463772,12.071270936509118,0.5894261123005499,-0.007255162760436902,-0.007228907600619672,78910.85859375,80269.69453125,-1,79757.671875
2025-11-20,79757.671875,81037.73327546296,79560.73935185185,81037.73327546296,5080700.0,MWG,0.0,50.285004171374005,259.51470580995374,206.70536502520613,52.809340784747604,75450.93144235112,80097.378515625,84743.82558889886,11.601995369592439,0.4634444732429032,-0.017136230175757456,-0.016990240079542196,78979.78515625,80097.378515625,-1,78773.0078125
2025-11-21,78773.0078125,79166.8728515625,76902.14887695313,79166.8728515625,8331600.0,MWG,0.0,47.359340651319634,145.39786678941164,194.44386537804726,-49.045998588635626,75602.98350719838,79816.749609375,84030.5157115516,10.55860110264795,0.376150957176307,-0.01242253836473718,-0.012345697151782575,79324.4171875,79816.749609375,0,78083.7421875
2025-11-24,78083.7421875,79166.87101986128,77985.27593001262,79068.4047623739,4147400.0,MWG,0.0,45.369435056313904,-0.6510212385328487,155.42488805473127,-156.07590929326412,75448.44443700404,79733.053125,84017.66181299597,10.747383977078732,0.30753073879058984,-0.008788529170297803,-0.008750022934767565,79570.5828125,79733.053125,-1,77296.015625
2025-11-25,77296.015625,78576.07703025478,77296.015625,77788.34693471338,4223700.0,MWG,0.0,43.13860505249507,-177.90795534885547,88.75831937401392,-266.6662747228694,75189.07618377004,79609.9703125,84030.86444122995,11.106383060755405,0.23829336101238488,-0.010139458605615817,-0.010088227592991883,79619.81640625,79609.9703125,1,78969.9375
2025-11-26,78969.9375,78969.9375,77296.01114401496,77296.01114401496,4735000.0,MWG,0.0,48.88976398949323,-181.22480024614197,34.76169544998274,-215.9864956961247,75268.57961459,79413.0375,83557.49538541002,10.43772664006212,0.4465430688100514,0.021424832112357656,0.021655991728228186,79590.2765625,79413.0375,0,78773.0078125
2025-11-27,78773.0078125,78871.47407226563,78280.67651367188,78773.0078125,3506200.0,MWG,0.0,48.27119717025501,-197.46771875261038,-11.684187390535886,-185.78353136207448,75382.12261680137,79211.181640625,83040.24066444863,9.667976021859584,0.4427830930002945,-0.002496844336444114,-0.0024937298133229646,79580.4296875,79211.181640625,0,78674.5390625
2025-11-28,78674.5390625,78871.47157579787,77985.27526595745,78773.00531914893,3026700.0,MWG,0.0,47.944549295989034,-215.79836466221604,-52.507022844871926,-163.29134181734412,75532.51667095194,79014.248828125,82495.98098529805,8.812922248357161,0.4512154079794553,-0.001250813554006266,-0.0012500316127876943,79432.73046875,79014.248828125,0,78773.0078125
2025-12-01,78773.0078125,78871.47407226563,78280.67651367188,78477.60903320312,2955600.0,MWG,0.0,48.321157027490486,-219.8456842248561,-85.97475512086876,-133.87092910398732,75499.73761221184,78965.015625,82430.29363778816,8.776742422858618,0.47229546781074705,0.0012508135540062635,0.0012515961475385584,79196.41171875,78965.015625,0,78773.0078125
2025-12-02,78773.0078125,78871.47407226563,78083.74399414062,78576.07529296874,3953000.0,MWG,0.0,48.321157027490486,-220.51129716739524,-112.88206353017407,-107.62923363722118,75491.5720886005,78876.39609375,82261.22009889949,8.58260309237861,0.4847276725329434,0.0,0.0,78901.01328125,78876.39609375,1,83400.921875
2025-12-03,83400.921875,84188.65195174144,78969.9401933294,78969.9401933294,15177100.0,MWG,0.0,62.93690223310653,150.65849023852206,-60.173952776434845,210.8324430149569,75134.00551151573,79019.172265625,82904.33901973428,9.833478743738763,1.063907534308597,0.05708896522773914,0.05874999814042425,79127.4859375,79019.172265625,0,83400.921875
2025-12-04,83400.921875,84188.65195174144,78969.9401933294,78969.9401933294,15177100.0,MWG,0.0,62.93690223310653,439.74412435723934,39.80966265029999,399.9344617069394,74883.9625132332,79235.798046875,83587.6335805168,10.984518717328513,0.978547936373809,0.0,0.0,79491.8109375,79235.798046875,0,83794.7890625
2025-12-05,83794.7890625,84385.58663520859,82810.12644131904,84385.58663520859,6818100.0,MWG,0.0,63.94343161200921,692.6439936883544,170.37652885791087,522.2674648304435,75261.22365972651,79659.203125,84057.18259027349,11.041987096888839,0.9701688548292063,0.004711459568849023,0.004722575945746987,79993.9890625,79659.203125,0,83597.8515625
2025-12-08,83597.8515625,83794.78407501473,82219.32397489694,83007.05402495584,4614500.0,MWG,0.0,63.0218387283843,867.1814241479005,309.73750791590885,557.4439162319917,75755.98317253635,80057.99140625,84359.99963996366,10.747229997023894,0.9114195003753232,-0.0023530017822605063,-0.002350235643568621,80545.4,80057.99140625,-1,82711.65625
2025-12-09,82711.65625,83203.98753720238,81234.66238839286,83203.98753720238,6672700.0,MWG,0.0,58.907505025161484,923.3512216686504,432.4602506664572,490.89097100219317,76182.9241871889,80353.390234375,84523.8562815611,10.380311359661794,0.7827341104019031,-0.010657282458556225,-0.010600694825721124,81086.9640625,80353.390234375,-1,81726.9921875
2025-12-10,81726.9921875,83105.51976656627,81234.66090926205,81923.92469879518,4887900.0,MWG,0.0,54.63919407421731,878.2876766018016,521.6257358535262,356.66194074827547,76295.92483077246,80476.473046875,84657.02126297755,10.389491631094483,0.6495640136152805,-0.011976209254839932,-0.011904779896122597,81362.66953125,80476.473046875,0,81037.734375
2025-12-11,81037.734375,82317.79579283111,81037.734375,81726.9982153706,3015900.0,MWG,0.0,51.80929221731941,777.9889747505367,572.8983836329282,205.09059111760848,76467.55544251192,80584.7859375,84702.01643248808,10.21838166370839,0.5550064464512466,-0.008469426357398419,-0.008433661805620996,81589.1421875,80584.7859375,-1,77296.015625
2025-12-12,77296.015625,81037.73357882166,77296.015625,81037.73357882166,8896500.0,MWG,0.0,39.767960210594346,392.056712904101,536.7300494871629,-144.67333658306188,76071.27879321843,80442.01015625,84812.74151928158,10.866788024172688,0.14010662404702023,-0.04727249271944679,-0.046172548860822005,81451.28984375,80442.01015625,-1,76508.28125
2025-12-15,76508.28125,77985.2750965251,76409.814993565,77197.54504504504,5323900.0,MWG,0.0,37.77732616164935,22.381039515530574,433.86024749283644,-411.47920797730586,75516.5624334728,80210.614453125,84904.6664727772,11.704316321863852,0.10563568664932214,-0.010243423349339744,-0.010191138167091052,81224.8171875,80210.614453125,1,80742.3359375
2025-12-16,80742.3359375,80742.3359375,76311.35408727135,76606.75287728659,7552000.0,MWG,0.0,51.75592010713501,70.25339538471599,361.1388770712124,-290.8854816864964,75513.87094003861,80161.381640625,84808.89234121138,11.595385721822616,0.5625016631808618,0.05386406000002898,0.055341129330362504,81421.75,80161.381640625,0,80643.8671875
2025-12-17,80643.8671875,81726.99605082418,79560.73832417582,80643.8671875,4829800.0,MWG,0.0,51.46634263546593,99.10456143166812,308.73201394330357,-209.62745251163545,75505.80873680701,80136.765234375,84767.72173194298,11.557632714582082,0.5547513190192261,-0.0012202872403274047,-0.0012195429926157297,81146.04453125,80136.765234375,0,80643.8671875
2025-12-18,80643.8671875,81726.99605082418,79560.73832417582,80643.8671875,4829800.0,MWG,0.0,51.46634263546593,120.57935464302136,271.10148208324716,-150.5221274402258,75548.43282107264,80181.075,84813.71717892736,11.55545040753659,0.5499490538687749,0.0,0.0,80870.3390625,80181.075,1,81628.53125
2025-12-19,81628.53125,81726.99751206272,80053.07105699638,80250.00358112183,5439900.0,MWG,0.0,54.42369376751841,214.57891152209777,259.7969679710173,-45.218056448919526,75697.9219602648,80323.851171875,84949.7803834852,11.518195764074488,0.6410181628861189,0.012136089161734236,0.012210030307830078,80653.71328125,80323.851171875,1,83696.3203125
2025-12-22,83696.3203125,83696.3203125,81431.59635110294,81431.59635110294,7856400.0,MWG,0.0,59.943632582865746,450.7317783188337,297.9839300405806,152.74784827825306,75871.02227294887,80604.480078125,85337.93788330111,11.744900036792666,0.8265942532533007,0.025016165186289022,0.025331695068322002,80663.56015625,80604.480078125,1,86157.9765625
2025-12-23,86157.9765625,86650.30785714285,83597.85383035714,83696.32008928571,13817800.0,MWG,0.0,65.32741197238434,826.9867249166273,403.78448901579,423.2022359008373,75971.41345490636,81047.578125,86123.74279509364,12.526382126470581,1.0033720111177686,0.02898753420629767,0.029411761960487892,81008.1921875,81047.578125,0,86650.3046875
2025-12-24,86650.3046875,86650.3046875,85665.64213423296,86256.43966619318,6357400.0,MWG,0.0,66.30289606884028,1151.6230523090198,553.352201674436,598.2708506345839,75877.65186037243,81431.596484375,86985.54110837757,13.640760745905936,0.9698199708880089,0.005697984534930187,0.005714248925551946,81500.5234375,81431.596484375,0,86650.3046875
2025-12-25,86650.3046875,86650.3046875,85665.64213423296,86256.43966619318,6357400.0,MWG,0.0,66.30289606884028,1392.8438438294543,721.2505301054396,671.5933137240147,75957.00577067988,81825.461328125,87693.91688557013,14.343837388003871,0.9110828915841298,0.0,0.0,82061.78046875,81825.461328125,-1,85665.6484375
2025-12-26,85665.6484375,85665.6484375,81333.13288433908,82908.59308548851,9310200.0,MWG,0.0,62.24116636633498,1487.4135512163484,874.4831343276214,612.930416888727,76264.11507766147,82175.016796875,88085.91851608854,14.386128411325908,0.7952706546683571,-0.011428622243752722,-0.011363563619898542,82898.74375,82175.016796875,0,85764.109375
2025-12-29,85764.109375,86354.90691374856,84779.44681041906,84877.91306687715,6228800.0,MWG,0.0,62.488626642444515,1552.4104787848046,1010.0686032190581,542.3418755657465,76633.9325345015,82524.571875,88415.2112154985,14.276085792777096,0.7749733358931,0.0011487031141284704,0.001149363126245806,83824.3265625,82524.571875,1,87142.640625
2025-12-30,87142.640625,87142.640625,85271.78167372881,85665.64671610169,7753100.0,MWG,0.0,65.86198528566632,1695.6110148707958,1147.1770855494058,548.43392932139,76985.78392500014,82943.053515625,88900.32310624985,14.364722151210918,0.8524758318797614,0.01594571015078896,0.016073521430420623,84464.35703125,82943.053515625,0,87044.171875
2025-12-31,87044.171875,87044.171875,86256.44181278281,86650.3068438914,4804600.0,MWG,0.0,65.40949750371038,1780.6269076462195,1273.8670499687687,506.7598576774508,76892.55324990719,83125.216015625,89357.87878134282,14.995841369112995,0.8143885692749855,-0.0011306109696361565,-0.0011299720698588755,85104.3875,83125.216015625,0,87044.171875
2026-01-01,87044.171875,87044.171875,87044.171875,87044.171875,0.0,MWG,0.0,65.40949750371038,1826.942756314762,1384.4821912379675,442.4605650767944,76832.52932418068,83307.378515625,89782.22770706931,15.544479509050696,0.78856219263861,0.0,0.0,85744.41796875,83307.378515625,0,87044.171875
2026-01-02,87044.171875,87044.171875,87044.171875,87044.171875,0.0,MWG,0.0,65.40949750371038,1842.410241666861,1476.0678013237462,366.34244034311496,76783.87532790532,83469.84765625,90155.81998459468,16.0200899272734,0.7673002551623583,0.0,0.0,86285.98203125,83469.84765625,-1,86059.5078125
2026-01-05,86059.5078125,86847.237861127,84484.047715246,86551.83909289187,5947300.0,MWG,0.0,60.240521947916065,1754.9838136188919,1531.8510037827753,223.13280983611662,76807.14748971286,83592.93046875,90378.71344778713,16.235303490344556,0.6817459644207482,-0.011376704234455044,-0.01131223425175476,86522.30078125,83592.93046875,1,87438.0390625
2026-01-06,87438.0390625,87930.37036352759,85468.71385838964,85468.71385838964,6390700.0,MWG,0.0,64.47335442106312,1776.4558137109998,1580.7719657684202,195.68384794257963,76846.35589977614,83829.249609375,90812.14331897385,16.659802496473556,0.7584021469612432,0.015891409250918895,0.016018349221836647,86650.30703125,83829.249609375,1,88422.703125
2026-01-07,88422.703125,88521.16938683185,86945.70919752227,87634.97303034521,4998000.0,MWG,0.0,67.16251335439938,1851.5827952508262,1634.9341316649015,216.64866358592462,76966.77656495519,84164.03515625,91361.29374754481,17.102931383774905,0.7958534777325439,0.011198341826656846,0.011261277963886762,86827.546875,84164.03515625,-1,86157.9765625
2026-01-08,86157.9765625,88422.70051785714,84877.91519642857,88422.70051785714,10543900.0,MWG,0.0,56.55845366356841,1708.6803593318764,1649.6833771982967,58.99698213357965,77327.52006261052,84420.047265625,91512.57446863949,16.802945349457275,0.6225183384658951,-0.02594621142957949,-0.025612500890166645,86778.3140625,84420.047265625,-1,84680.984375
2026-01-09,84680.984375,86157.97828851745,84287.11933139536,85074.84941860466,6472200.0,MWG,0.0,50.91274054138263,1459.4248819386266,1611.631678146363,-152.20679620773626,78539.52773635625,84789.295703125,91039.06366989375,14.741879655779252,0.4913347720506657,-0.01729147707689058,-0.017142837453112292,86679.84765625,84789.295703125,1,86157.9765625
2026-01-12,86157.9765625,86157.9765625,83696.32008928571,84680.98267857142,8471500.0,MWG,0.0,55.677393314801755,1365.3303675201023,1562.371416021111,-197.04104850100862,80369.03463823747,85271.78046875,90174.52629926254,11.49910510502186,0.5903775276534532,0.01729147707689054,0.017441840082530247,86719.234375,85271.78046875,0,85764.109375
2026-01-13,85764.109375,87339.5694783295,84877.91306687715,86157.97440083238,6657100.0,MWG,0.0,54.167461821156074,1244.630668986836,1498.8232666142562,-254.19259762742013,81106.60818841022,85522.869140625,89939.13009283978,10.327672578320866,0.5273127241557155,-0.004581934594693994,-0.004571453546315385,86581.38125,85522.869140625,-1,84680.984375
2026-01-14,84680.984375,85961.04576671512,83794.78802688954,85764.11324491279,6951400.0,MWG,0.0,50.14047460293525,1049.4784189224592,1408.9542970758969,-359.47587815343763,81920.84449018576,85724.725,89528.60550981425,8.874640332329435,0.36280580813368213,-0.012709542482196658,-0.012629117330002049,86345.0625,85724.725,-1,82711.65625
2026-01-15,82711.65625,85567.17771577381,82711.65625,83696.31882440476,7636600.0,MWG,0.0,43.76909451366233,727.524088599399,1272.6682553805974,-545.1441667811985,82526.44541642559,85828.114453125,89129.78348982442,7.693677200616171,0.028048061679671322,-0.023530532556107348,-0.02325584828205418,85911.8109375,85828.114453125,1,85665.6484375
2026-01-16,85665.6484375,86059.51348778735,82514.72803520114,82514.72803520114,7671600.0,MWG,0.0,53.34572006792637,702.6358950289286,1158.6617833102637,-456.025888281335,83380.05202579522,86029.9703125,88679.88859920477,6.160453797854561,0.4312579039082305,0.03509137192417547,0.03571433968836768,85773.95859375,86029.9703125,0,85370.25
2026-01-19,85370.25,86059.51384083045,84188.65484429066,86059.51384083045,3055300.0,MWG,0.0,52.38493254699098,651.5648036842031,1057.2423873850516,-405.6775837008486,83676.92935608939,86113.666796875,88550.40423766061,5.659351253810595,0.3474565243608443,-0.0034542307657741867,-0.003448271773901501,85705.0328125,86113.666796875,0,84680.984375
2026-01-20,84680.984375,86945.70837572675,84680.984375,85370.24820130815,6841300.0,MWG,0.0,50.11677110033805,549.1424480302667,955.6223995140947,-406.479951483828,83520.60408110422,86039.8171875,88559.03029389578,5.855923893715046,0.23030610053389447,-0.008106608602293923,-0.008073838661594612,85429.32734375,86039.8171875,0,84090.1875
2026-01-21,84090.1875,84582.51880854802,83105.52488290398,84582.51880854802,5383600.0,MWG,0.0,48.1907223975801,415.5098836514662,847.5998963415691,-432.09001269010287,83266.21058495037,85911.811328125,88557.41207129962,6.1588754846995855,0.1557258624861297,-0.0070011872486679914,-0.0069767360330121875,84996.07578125,85911.811328125,1,85173.3125
2026-01-22,85173.3125,85271.77875722543,83696.3186416185,83696.3186416185,5450600.0,MWG,0.0,51.84460199650111,392.4799841108179,756.5759138954188,-364.0959297846009,83196.70410682732,85837.96171875,88479.21933067267,6.15405482384778,0.3741794030711428,0.012798267603158178,0.012880515934156955,84897.609375,85837.96171875,0,84484.046875
2026-01-23,84484.046875,86354.90572188229,84484.046875,85271.77691579254,6722800.0,MWG,0.0,49.45434880549144,314.97975673153996,668.256682462643,-353.276925731103,83069.4154728049,85778.881640625,88488.34780844509,6.317326866469395,0.2610535276277764,-0.008125429038786285,-0.008092506969245794,84877.915625,85778.881640625,-1,82810.125
2026-01-26,82810.125,84582.51768727705,82613.19247919144,84484.05142687277,6030600.0,MWG,0.0,44.13283233822986,117.13846312406531,558.0330385949275,-440.89457547086215,82613.76877051544,85631.182421875,88648.59607323456,7.047464640844997,0.03253717457599641,-0.020012385636526957,-0.019813467002553597,84543.13046875,85631.182421875,1,83696.3203125
2026-01-27,83696.3203125,84484.05038602941,82711.65772058823,82908.59023897059,5418600.0,MWG,0.0,47.36213069280818,31.49333251277858,452.7250973784977,-421.23176486571913,82411.415055958,85458.86640625,88506.317756542,7.131972324100773,0.2108163689666254,0.010644677191415841,0.010701533326993529,84336.3515625,85458.86640625,0,84188.6484375
2026-01-28,84188.6484375,84484.04720394737,83007.05337171053,83597.85090460526,6085200.0,MWG,0.0,49.12165148832137,3.3075867915467825,362.84159526110756,-359.5340084695608,82314.13935001004,85316.090234375,88318.04111873997,7.037244384073851,0.3122151493638603,0.005865081787512401,0.005882315054733356,84287.11796875,85316.090234375,1,88127.3046875
2026-01-29,88127.3046875,88127.3046875,83991.72167423184,84385.58672311452,15892000.0,MWG,0.0,60.49780506977521,295.3818448528036,349.3496451794468,-53.96780032664316,82202.52745650473,85370.246875,88537.96629349526,7.421132149549655,0.9351802429852929,0.045722317769802893,0.04678369736418775,84828.6828125,85370.246875,1,91475.15625
2026-01-30,91475.15625,91967.48755382132,88422.70216630786,88619.63468783638,20845900.0,MWG,0.0,67.20925715909519,787.9138600591687,437.0624881553912,350.8513719037775,81458.49532438272,85591.79609375,89725.09686311729,9.65817042754896,1.211702400155918,0.03728500574805156,0.03798881146282085,85409.63359375,85591.79609375,0,92262.8828125
2026-02-02,92262.8828125,92459.81532650748,89111.96258838047,91672.0852704776,13866200.0,MWG,0.0,68.56268376602091,1227.6602774139028,595.1820460070935,632.4782314068093,80802.73098745877,85901.96484375,91001.19870004123,11.872217045480632,1.1237131055386047,0.008574505233558958,0.008611371598504336,86098.896875,85901.96484375,-1,90096.625
2026-02-03,90096.625,92952.14644808744,90096.625,92952.14644808744,10130300.0,MWG,0.0,61.09465462743328,1385.393624744087,753.2243617544923,632.1692629895947,80637.18255949578,86034.894140625,91432.60572175421,12.54772644296301,0.8762456365374454,-0.023759218721211214,-0.023479190617773704,86640.4609375,86034.894140625,0,90392.0234375
2026-02-04,90392.0234375,90490.48969396786,89210.42835988561,90096.6246680964,7656400.0,MWG,0.0,61.70717194467579,1516.750468809114,905.9295831654166,610.8208856436974,80486.15941836816,86133.36015625,91780.56089413184,13.112691128356188,0.8770596689331916,0.003273321661106453,0.0032786848286492365,87270.64453125,86133.36015625,-1,88816.5625
2026-02-05,88816.5625,90392.0225886918,88816.5625,90293.55633314856,5643400.0,MWG,0.0,56.58996855955421,1476.7026739163557,1020.0842013156046,456.61847260075115,80492.89809882817,86266.289453125,92039.68080742184,13.385046211901711,0.7208643837193678,-0.017582879948166676,-0.017429203126416604,87634.96953125,86266.289453125,-1,87044.171875
2026-02-06,87044.171875,88521.16574165724,84680.98168834842,88324.23322610294,13814700.0,MWG,0.0,51.423485244667305,1287.110389611029,1073.4894389746894,213.62095063633956,80651.07647927027,86384.448828125,92117.82117697972,13.274084459952142,0.5575335951280741,-0.020157434737897936,-0.019955631867648593,87890.98203125,86384.448828125,1,87930.3671875
2026-02-09,87930.3671875,88619.63098404255,87142.6371343085,87634.96841755319,5452400.0,MWG,0.0,53.699604271326706,1194.595144618419,1097.7105801034354,96.8845645149836,80699.78309030508,86473.068359375,92246.35362844492,13.352793831893695,0.626210533535594,0.010129506780989977,0.010180983900595075,88403.00625,86473.068359375,0,87930.3671875
2026-02-10,87930.3671875,88324.23221409574,86453.37333776595,88324.23221409574,5950600.0,MWG,0.0,53.699604271326706,1108.49807068269,1099.8680782192864,8.629992463403596,80782.87197372994,86581.38125,92379.89052627007,13.39435613651651,0.6163217883448605,0.0,0.0,88826.4109375,86581.38125,1,90490.4921875
2026-02-11,90490.4921875,90490.4921875,87930.36944878944,88127.3019671518,8987000.0,MWG,0.0,59.98199745770125,1232.6371373064612,1126.4218900367214,106.21524726973985,80894.88341144296,86871.856640625,92848.82986980704,13.760436257067287,0.8027147193170726,0.02869956719600799,0.029115368010927067,89456.5953125,86871.856640625,1,91475.15625
2026-02-12,91475.15625,92459.81885764263,89702.76355624327,91081.29120694294,7890300.0,MWG,0.0,62.11141300251775,1394.398643068038,1180.0172406429847,214.38140242505324,81332.29846601907,87310.031640625,93287.76481523094,13.693118791230674,0.8483866281510272,0.010822632535612449,0.01088140907068702,89791.38046875,87310.031640625,0,91376.6875
2026-02-13,91376.6875,91770.55253232758,90096.62614493536,90490.49117726291,5511500.0,MWG,0.0,61.75750549227744,1497.3892257237458,1243.4916376591368,253.89758806460895,81406.69641449362,87595.58359375,93784.47077300637,14.130591806909212,0.8054752653209882,-0.001077033269112402,-0.001076453476951511,89781.53359375,87595.58359375,0,91376.6875
2026-02-16,91376.6875,91376.6875,91376.6875,91376.6875,0.0,MWG,0.0,61.75750549227744,1561.0155884799606,1306.9964278233017,254.01916065665887,81580.0638315775,87895.90546875,94211.7471059225,14.371185104675895,0.7755596348999249,0.0,0.0,89692.9140625,87895.90546875,0,91376.6875
2026-02-17,91376.6875,91376.6875,91376.6875,91376.6875,0.0,MWG,0.0,61.75750549227744,1593.0759514544334,1364.2123325495281,228.86361890490525,81922.54521523719,88230.690625,94538.83603476282,14.299208960233198,0.7493598887345786,0.0,0.0,89820.9203125,88230.690625,0,91376.6875
2026-02-18,91376.6875,91376.6875,91376.6875,91376.6875,0.0,MWG,0.0,61.75750549227744,1600.0397577568656,1411.3778175909956,188.66194016586996,82454.3111561941,88595.015625,94735.7200938059,13.862415228409516,0.7264945242952651,0.0,0.0,89919.38671875,88595.015625,0,91376.6875
2026-02-19,91376.6875,91376.6875,91376.6875,91376.6875,0.0,MWG,0.0,61.75750549227744,1587.2616600421898,1446.5545860812344,140.7070739609553,82866.36700911811,88905.184375,94944.00174088188,13.584848641470208,0.7046346970984338,0.0,0.0,90175.39921875,88905.184375,0,91376.6875
2026-02-20,91376.6875,91376.6875,91376.6875,91376.6875,0.0,MWG,0.0,61.75750549227744,1559.1618779575656,1469.0760444565008,90.08583350106483,83493.24225578649,89249.81640625,95006.39055671351,12.899912587518521,0.6847341003658182,0.0,0.0,90608.65078125,89249.81640625,0,90588.9609375
2026-02-23,90588.9609375,91672.08981827446,89702.76458050271,91475.15729449729,5003100.0,MWG,0.0,57.65772118352208,1456.5395664615353,1466.568748857508,-10.029182395972612,84724.66758205966,89638.758203125,94552.84882419035,10.964209499488655,0.5966814419642301,-0.008658024083269059,-0.008620651328600681,90874.51015625,89638.758203125,0,90785.890625
2026-02-24,90785.890625,90785.890625,89111.9642251898,90195.09307212582,6601300.0,MWG,0.0,58.401206478278525,1375.2482198026992,1448.3046430465463,-73.05642324384712,85935.89494310705,89993.23671875,94050.57849439296,9.016992662066597,0.5976814315974631,0.002171522272121018,0.0021738817341758754,91160.0625,89993.23671875,0,91573.625
2026-02-25,91573.625,92656.75389784946,90588.9623655914,90785.89489247312,8132700.0,MWG,0.0,61.32647165410838,1358.7252833058592,1430.388771098409,-71.66348779254986,87309.54584488105,90362.485546875,93415.42524886895,6.757095455082974,0.6983562682770924,0.008639409596613528,0.008676837001619697,91268.37578125,90362.485546875,0,92164.421875
2026-02-26,92164.421875,92853.68571380877,91081.29298544338,91573.6242988782,5011100.0,MWG,0.0,63.40497002527193,1377.425009317667,1419.7960187422607,-42.371009424593694,87601.12412159845,90564.34140625,93527.55869090154,6.543894072743843,0.7699904048612763,0.006430882673917787,0.006451605197457244,91337.30234375,90564.34140625,0,91672.0859375
2026-02-27,91672.0859375,92459.81599926154,91179.75464889903,92262.88348382116,5224300.0,MWG,0.0,60.48747977288612,1337.1039790213254,1403.2576107980735,-66.15363177674817,87596.95164438651,90574.187890625,93551.4241368635,6.574138428563607,0.6843820839313816,-0.005356249641888913,-0.005341930513791282,91366.8421875,90574.187890625,-1,88619.6328125
2026-03-02,88619.6328125,90785.8905034722,88619.6328125,90392.02546875,10738700.0,MWG,0.0,46.27162413196159,1046.7752418487216,1331.9611370082032,-285.18589515948156,87404.02743743637,90392.025390625,93380.02334381363,6.611198145580073,0.20341469340138008,-0.03386450419954505,-0.03329752010967757,91091.13671875,90392.025390625,0,88619.6328125
2026-03-03,88619.6328125,90785.8905034722,88619.6328125,90392.02546875,10738700.0,MWG,0.0,46.27162413196159,807.3806444417278,1227.045038494908,-419.66439405318033,87228.16932023321,90318.17578125,93408.18224226679,6.8424908592059355,0.2251554341101472,0.0,0.0,90815.43125,90318.17578125,-1,87438.0390625
2026-03-04,87438.0390625,87438.0390625,82514.7260522241,85764.1126390062,13414100.0,MWG,0.0,41.85543262278207,516.3616647702438,1084.9083637499753,-568.5466989797314,86823.61322274235,90170.4765625,93517.33990225765,7.423412778433819,0.09179129492065549,-0.013423004844983278,-0.01333331805267124,90421.56640625,90170.4765625,-1,83893.25
2026-03-05,83893.25,87634.9677230047,83893.25,87536.50146713616,11270500.0,MWG,0.0,31.99107369177689,-0.3043176193459658,867.865827476111,-868.170145095457,85581.97013652763,89924.3109375,94266.65173847238,9.657768306927435,-0.19444813453488868,-0.041385260208129326,-0.040540582800195346,89673.22265625,89924.3109375,-1,81431.59375
2026-03-06,81431.59375,83499.38512696493,80446.93118954051,83499.38512696493,13359400.0,MWG,0.0,27.197422095910653,-601.4675737066864,573.9991472395516,-1175.466720946238,83990.14788184066,89643.68203125,95297.21618065935,12.613346576813989,-0.22627917902538602,-0.029781830003945183,-0.029342721255881776,88678.71328125,89643.68203125,-1,75819.0234375
2026-03-09,75819.0234375,75819.0234375,75819.0234375,75819.0234375,4983800.0,MWG,0.0,19.882278277930524,-1513.3365021374339,156.5320173641545,-1669.8685195015883,80669.33659038538,89038.11484375,97406.8930971146,18.798192814505786,-0.28978621526597087,-0.07141409731919206,-0.06892374389393552,87201.71953125,89038.11484375,1,79757.671875
2026-03-10,79757.671875,80545.4019675926,76212.88645833333,77788.34664351853,21042400.0,MWG,0.0,33.41646288755763,-1896.323547892156,-254.0390956871076,-1642.2844522050484,79291.01402242223,88629.480078125,97967.94613382776,21.07304713391325,0.024985787269248407,0.05064370610431172,0.05194802384584585,86098.89765625,88629.480078125,1,85173.3125
2026-03-11,85173.3125,85271.77875722543,79265.33706647399,79757.66835260116,17339300.0,MWG,0.0,46.73932356313311,-1742.7571829092049,-551.7827131315271,-1190.9744697776778,78945.82033846619,88363.62109375,97781.42184903381,21.316013623506734,0.33062348224132404,0.06569521510163184,0.06790118740536522,85458.86640625,88363.62109375,-1,83302.453125
2026-03-12,83302.453125,85173.31200132979,81825.45927526595,82711.65558510637,10104500.0,MWG,0.0,43.50109982861653,-1751.8235173765715,-791.790873980536,-960.0326433960355,78397.4567597105,87954.9859375,97512.51511528948,21.732774045535024,0.25660378713193455,-0.022210153180426767,-0.02196532364524395,84572.66953125,87954.9859375,-1,80742.3359375
2026-03-13,80742.3359375,83203.99252096037,80742.3359375,83203.99252096037,6260000.0,MWG,0.0,39.47108303428245,-1943.1888426159421,-1022.0704677076174,-921.1183749083248,77491.341788358,87423.268359375,97355.194930392,22.721471657155064,0.16366382322181783,-0.031214951411166612,-0.03073279467122536,83479.69453125,87423.268359375,-1,79363.8046875
2026-03-16,79363.8046875,80939.2648301799,79166.87216966502,80643.86605342742,5282300.0,MWG,0.0,37.45874341861162,-2180.9426433861954,-1253.8449028433329,-927.0977405428625,76453.9974527408,86822.62421875,97191.2509847592,23.884619612246215,0.14031786949349112,-0.017220642649494244,-0.017073214862981856,82554.11171875,86822.62421875,1,81431.59375
2026-03-17,81431.59375,82514.72256650544,80249.99867744862,80249.99867744862,3811100.0,MWG,0.0,42.21749365279038,-2177.411107455351,-1438.5581437657365,-738.8529636896146,75922.50077234405,86325.36953125,96728.23829015596,24.101533107576422,0.2647871998259895,0.02572092335433603,0.026054560648170133,81835.3078125,86325.36953125,1,82416.2578125
2026-03-18,82416.2578125,83007.05535954301,81136.19646057348,81530.06149193548,4304400.0,MWG,0.0,44.38752048716759,-2071.2817326382647,-1565.1028615402422,-506.17887109802246,75619.67468114669,85877.348046875,96135.02141260332,23.889124662138624,0.33129262791995423,0.012019393690835267,0.012091916873480102,81333.1296875,85877.348046875,-1,81136.1953125
2026-03-19,81136.1953125,81333.12782539442,80151.53274802791,80742.33028671116,7916000.0,MWG,0.0,42.17032761246338,-2066.6408351874124,-1665.4104562696764,-401.23037891773606,75242.01256357381,85365.3234375,95488.6343114262,23.717618504281663,0.2911193196737329,-0.01565355472995809,-0.015531674623133096,81057.42421875,85365.3234375,-1,78477.609375
2026-03-20,78477.609375,80840.7996196675,78477.609375,80840.7996196675,6488600.0,MWG,0.0,37.932368510885375,-2251.5342713989958,-1782.6352192955403,-468.89905210345546,74566.06988938902,84720.36953125,94874.66917311099,23.971329912850443,0.19260508472123972,-0.033315813062864325,-0.03276695348186254,80762.02578125,84720.36953125,-1,73061.9609375
2026-03-23,73061.9609375,76902.14486817723,73061.9609375,76803.67861354447,17473900.0,MWG,0.0,31.080329270100364,-2802.7528301527927,-1986.6587414669907,-816.094088685802,72833.11684656976,83844.01953125,94854.92221593024,26.26520709822674,0.010391704362651445,-0.0715054921064475,-0.06900883552175607,80486.31953125,83844.01953125,1,74834.359375
2026-03-24,74834.359375,75622.0894736842,73849.69675164473,75425.15694901315,7903300.0,MWG,0.0,35.20551494611247,-3061.2911096020543,-2201.5852150940036,-859.7058945080507,71843.51356272785,83046.44296875,94249.37237477214,26.979913902484075,0.13348498878625523,0.023969268340575164,0.024258840233102763,79993.98828125,83046.44296875,1,77985.2734375
2026-03-25,77985.2734375,78280.67220052084,75622.08333333334,75819.01584201389,7550200.0,MWG,0.0,41.86716332996537,-2977.608114331786,-2356.78979494156,-620.818319390226,71706.5013758244,82367.025390625,93027.5494054256,25.8854170446077,0.29448702769950286,0.04124287733619835,0.04210517854119056,79275.184375,82367.025390625,0,77296.015625
2026-03-26,77296.015625,77689.8806727707,76212.88674363057,76803.68431528662,7066800.0,MWG,0.0,40.87712094977964,-2933.095187247309,-2472.05087340271,-461.04431384459895,71798.87950024134,81623.605078125,91448.33065600865,24.073245891259138,0.27976028852822166,-0.008877596823869988,-0.00883830731262869,78674.540625,81623.605078125,1,79757.671875
2026-03-27,79757.671875,80545.4019675926,77000.61655092593,77394.48159722223,7595000.0,MWG,0.0,45.806142397967776,-2668.4233618990984,-2511.325371101988,-157.09799079711047,72396.15671664462,81027.884375,89659.61203335537,21.305573321913297,0.42642188503419426,0.03135052614065072,0.031847129895319126,78576.07421875,81027.884375,0,79560.734375
2026-03-30,79560.734375,79560.734375,77394.47675587871,77689.87552212253,6027600.0,MWG,0.0,45.47947464167199,-2446.360127088963,-2498.332322299383,51.97219521042007,72703.31641461047,80574.939453125,88446.56249163953,19.538638420184977,0.4355784014832351,-0.0024722516995087083,-0.0024691982021322056,78595.7671875,80574.939453125,1,80545.3984375
2026-03-31,80545.3984375,80840.79720927567,79265.33709313875,79560.73586491443,6582900.0,MWG,0.0,47.49562266203407,-2165.95151218542,-2431.8561602765903,265.9046480911702,73268.20395184468,80171.227734375,87074.25151690532,17.220701185721047,0.5271019422004544,0.012300296808407043,0.012376256582284695,78507.14765625,80171.227734375,0,81136.1953125
2026-04-01,81136.1953125,82613.18915920812,80545.39777381675,81726.99285118325,5736600.0,MWG,0.0,48.720908707298754,-1874.4458493728598,-2320.3740980958446,445.9282487229848,73830.1443649655,79856.135546875,85882.1267287845,15.092118196409052,0.6062115531688665,0.007308185066859034,0.0073349550248786866,78379.14140625,79856.135546875,0,80545.3984375
2026-04-02,80545.3984375,80545.3984375,78773.00580684596,80545.3984375,5675700.0,MWG,0.0,47.52647443201958,-1671.8261109940795,-2190.6645006754916,518.8383896814121,73956.08324046044,79688.74296875,85421.40269703955,14.387627448302503,0.5747171042197547,-0.007308185066859091,-0.007281545218191687,78320.06171875,79688.74296875,-1,78083.7421875
2026-04-03,78083.7421875,80249.99985222258,77985.27593001262,80249.99985222258,6903100.0,MWG,0.0,42.81636915038521,-1690.397742053523,-2090.611148951098,400.21340689757517,73807.48573718758,79521.350390625,85235.21504406241,14.370642916323103,0.37420001257291385,-0.031039112643933452,-0.03056234493532428,78280.675,79521.350390625,-1,77099.078125
2026-04-06,77099.078125,78083.74068087483,76409.81433588761,77099.078125,6411000.0,MWG,0.0,41.06331865895991,-1764.2330734584539,-2025.3355338525694,261.1024603941155,74019.33905216213,79585.353125,85151.36719783786,13.98753377168699,0.27665570303415044,-0.012690544939036744,-0.012610359530868198,78684.38671875,79585.353125,0,76803.6796875
2026-04-07,76803.6796875,77591.40973557692,75425.15210336538,77197.54471153846,3806200.0,MWG,0.0,40.52723039036997,-1825.5405950895656,-1985.3765460999687,159.83595101040305,73735.77672396592,79437.653515625,85139.53030728409,14.355602259922131,0.2690257151839833,-0.0038387720200995625,-0.003831413353880486,78881.31875,79437.653515625,1,80643.8671875
2026-04-08,80643.8671875,80742.3334478022,78674.54198145604,79363.80580357143,10192500.0,MWG,0.0,49.717496197602365,-1546.4299286172027,-1897.5872226034155,351.15729398621284,74144.04214863604,79211.18125,84278.32035136395,12.793999587940627,0.6413702987859916,0.04879020776388253,0.05000004577417405,79147.178125,79211.18125,-1,79462.2734375
2026-04-09,79462.2734375,80742.33484355638,79462.2734375,79659.20596150868,3649300.0,MWG,0.0,47.29572964153326,-1404.388538319865,-1798.9474857467055,394.55894742684063,74327.68587958138,79019.172265625,83710.65865166864,11.874298987271285,0.5472239643701349,-0.014760398296598077,-0.014651997618774337,79363.80390625,79019.172265625,0,80250.0
2026-04-10,80250.0,80939.26380368098,79757.66871165644,80053.06748466258,4667000.0,MWG,0.0,49.076600411498525,-1214.2595348011964,-1682.0098955576038,467.7503607564074,74336.08868771742,78994.55546875,83653.02224978257,11.794399635239298,0.634748683446845,0.009864400939329871,0.009913214515811397,79413.03671875,78994.55546875,0,80053.0703125
2026-04-13,80053.0703125,80053.0703125,78576.0763952952,79560.73900676507,4806700.0,MWG,0.0,48.63416644418169,-1067.1698400523746,-1559.0418844565581,491.8720444041835,74348.90201964682,79029.01875,83709.13548035319,11.844046160204117,0.6094044894071176,-0.002456968368517223,-0.0024539524922118083,79462.2703125,79029.01875,0,80348.46875
2026-04-14,80348.46875,81431.59761795343,80151.53622855392,80840.8000536152,4600700.0,MWG,0.0,49.37147780748824,-916.2025988383102,-1430.4740273329087,514.2714284945985,74387.66031222358,78974.8625,83562.06468777642,11.61686653845436,0.6497215725154065,0.0036832411107885995,0.003690032578973712,79442.57734375,78974.8625,-1,78773.0078125
2026-04-15,78773.0078125,80742.3330078125,78773.0078125,80742.3330078125,3798700.0,MWG,0.0,45.611101747803346,-913.160161575579,-1327.0112541814428,413.85109260586387,74501.08286718569,78792.7,83084.3171328143,10.89343843481518,0.49770573808303775,-0.01980263701945155,-0.019607852669874304,79206.25859375,78792.7,1,80053.0703125
2026-04-16,80053.0703125,80742.3341405289,78969.94143988314,78969.94143988314,5775900.0,MWG,0.0,49.00934132041781,-798.256854186533,-1221.260374182461,423.00351999592795,74545.23331987065,78738.54375,82931.85418012935,10.651226782764445,0.6567409072620762,0.016119395908662962,0.016250014256747436,79157.02578125,78738.54375,1,85567.1796875
2026-04-17,85567.1796875,85567.1796875,81234.66426028482,81333.13051999424,15089000.0,MWG,0.0,60.46774675807763,-259.2639782642218,-1028.861094998813,769.5971167345913,73910.61517636475,79093.022265625,84275.42935488524,13.104587334785911,1.1246284120840018,0.06661200111816105,0.06888067320184965,79905.36953125,79093.022265625,0,85961.046875
2026-04-20,85961.046875,87142.64202104812,85074.85051546391,86157.97939934135,10168300.0,MWG,0.0,61.139486749130405,197.39806743859663,-783.6092625113312,981.0073299499278,74505.50465446862,79737.9765625,84970.44847053138,13.124165256263003,1.0946587408284159,0.004592455569977076,0.004603017055586633,80791.56640625,79737.9765625,-1,84287.1171875
2026-04-21,84287.1171875,86059.50983863902,84287.1171875,86059.50983863902,7226400.0,MWG,0.0,56.727677451329924,419.399318289099,-543.0075463512452,962.4068646403442,75137.86770073387,80210.614453125,85283.36120551614,12.648567242570222,0.9018042821133799,-0.019665218026356315,-0.019473118910873,81539.91015625,80210.614453125,0,85074.8515625
2026-04-22,85074.8515625,85074.8515625,83499.39134837962,84090.18892867476,9172200.0,MWG,0.0,58.25430775635914,651.3916522228101,-304.12770663643414,955.5193588592442,75166.7278701614,80565.093359375,85963.45884858859,13.40125174343986,0.9176966354108382,0.00930244329804339,0.00934584550148565,81983.00859375,80565.093359375,-1,83203.9921875
2026-04-23,83203.9921875,85468.7162352071,83007.05966161242,85074.85118343195,5417100.0,MWG,0.0,53.432853287040835,676.4864178150601,-108.00488174613528,784.4912995611954,75569.82770380455,80860.4921875,86151.15667119545,13.085907197862245,0.7214750157775173,-0.022236145902582195,-0.021990745098457,82357.18046875,80860.4921875,-1,82219.328125
2026-04-24,82219.328125,83893.25456586826,82219.328125,83203.99073727545,4634400.0,MWG,0.0,51.03854570060387,609.8896118794655,35.574016978984886,574.3155949004806,75686.40384602008,80983.575,86280.74615397991,13.082087704772022,0.6166427409157382,-0.011904919936065753,-0.011834336750105257,82554.11328125,80983.575,0,82219.328125
2026-04-27,82219.328125,82219.328125,82219.328125,82219.328125,0.0,MWG,0.0,51.03854570060387,550.7623182047973,138.61167722414737,412.15064098065,75836.26725425063,81116.5046875,86396.74212074936,13.018897827492424,0.6044293416197144,0.0,0.0,82770.7390625,81116.5046875,1,84287.1171875
2026-04-28,84287.1171875,84582.51596268984,82416.25827796437,82416.25827796437,5380700.0,MWG,0.0,55.856131699891016,663.1128558590717,243.51191295113225,419.6009429079395,75846.37120123653,81303.590625,86760.81004876347,13.424301145404593,0.773355928250588,0.02483862254060431,0.025149671125459516,83164.60390625,81303.590625,-1,82711.65625
2026-04-29,82711.65625,84385.58262648809,82711.65625,83696.31882440476,4897200.0,MWG,0.0,51.68347226915675,617.9021441254154,318.38995918598886,299.5121849394265,75889.94915171296,81382.363671875,86874.77819203705,13.497800438205184,0.6210116764899398,-0.018868494014673252,-0.018691598313836377,83558.46875,81382.363671875,0,82711.65625
2026-04-30,82711.65625,82711.65625,82711.65625,82711.65625,0.0,MWG,0.0,51.68347226915675,575.4390264523099,369.7997726392531,205.63925381305683,75982.34208692556,81490.6765625,86999.01103807443,13.518931754971423,0.6108302058375525,0.0,0.0,83824.32734375,81490.6765625,0,82711.65625
2026-05-01,82711.65625,82711.65625,82711.65625,82711.65625,0.0,MWG,0.0,51.68347226915675,535.612492361397,402.9623165836819,132.6501757777151,76431.84261319177,81722.072265625,87012.30191805823,12.94688082612041,0.5935293975300148,0.0,0.0,83538.775,81722.072265625,1,83597.8515625
2026-05-04,83597.8515625,84090.18284378681,82120.85771863959,83400.91904998528,6372100.0,MWG,0.0,54.092815119837724,568.9991644569964,436.1696861583448,132.82947829865157,77170.19604142422,82047.0109375,86923.82583357579,11.887855121963522,0.6590013828747027,0.010657282458556336,0.010714273570117339,83302.45546875,82047.0109375,0,83499.390625
2026-05-05,83499.390625,84090.18820017688,82810.12678729363,83302.45809994104,4720200.0,MWG,0.0,53.771982778310914,580.8180588115792,465.0993606889917,115.71869812258757,78142.97729224888,82381.796484375,86620.61567650111,10.290669475580264,0.631828475097618,-0.0011784868212843503,-0.001177792678396572,83223.6828125,82381.796484375,1,84680.984375
2026-05-06,84680.984375,85074.84941860466,83597.85550508721,83893.2542877907,6696800.0,MWG,0.0,57.06320412700003,677.7170579918311,507.6229001495596,170.0941578422715,78308.95334817932,82583.65234375,86858.35133932068,10.352409645864237,0.745319264984879,0.014051736918835397,0.014150926625400073,83184.29609375,82583.65234375,0,84680.984375
2026-05-07,84680.984375,86059.51202761628,84680.984375,84877.91689680233,6344700.0,MWG,0.0,57.06320412700003,745.9118059764442,555.2806813149366,190.63112466150756,78738.3399472702,82844.587890625,86950.8358339798,9.913135059048264,0.7236100339906248,0.0,0.0,83331.9953125,82844.587890625,-1,83302.453125
2026-05-08,83302.453125,84582.51446143616,83302.453125,84385.5819481383,4605300.0,MWG,0.0,52.04921059465447,680.872015297995,580.3989481115483,100.47306718644666,79074.19013250015,82997.210546875,86920.23096124984,9.453378947378493,0.5389040262200175,-0.016413072825936407,-0.016279112249041994,83440.3078125,82997.210546875,-1,82219.328125
2026-05-11,82219.328125,83893.25456586826,82219.328125,83007.05821482037,5716900.0,MWG,0.0,48.44721575158185,535.7525551903964,571.4696695273179,-35.717114336921554,79411.84664252655,83105.5234375,86799.20023247345,8.889124674730677,0.3800388661907315,-0.013087588256102045,-0.013002318171527416,83440.3078125,83105.5234375,0,82514.7265625
2026-05-12,82514.7265625,83007.0578665722,81333.13143272673,82219.32778005669,4934800.0,MWG,0.0,49.47418297203074,439.5140779814101,545.0785512181363,-105.56447323672626,79740.07040520686,83213.836328125,86687.60225104315,8.34901039586866,0.39937293111596345,0.0035863714358232096,0.0035928101607798357,83263.06875,83213.836328125,0,82416.2578125
2026-05-13,82416.2578125,83007.05535954301,81431.59523409499,82711.6565860215,3536900.0,MWG,0.0,49.12289496454899,351.24979722815624,506.3128004201403,-155.06300319198408,80583.62032288087,83395.998828125,86208.37733336912,6.744636540753701,0.3258162950331694,-0.0011940601952107977,-0.0011933475889956968,83233.52890625,83395.998828125,0,82908.59375
2026-05-14,82908.59375,83302.45880344417,81923.93111638955,82416.26243319477,4001800.0,MWG,0.0,50.99642331281188,317.3686857009161,468.5239774762955,-151.1552917753794,81189.09694751322,83538.775,85888.45305248677,5.625359128109741,0.36590051149070346,0.0059559998181808686,0.005973772051384385,83253.22265625,83538.775,-1,80742.3359375
2026-05-15,80742.3359375,83302.45878429878,80742.3359375,83203.99252096037,6691900.0,MWG,0.0,43.42004824054056,114.40002711747366,397.69918740453113,-283.2991602870575,80836.62249708244,83297.5328125,85758.44312791755,5.908723181410383,-0.019156845942685748,-0.026475674213857922,-0.02612826625707909,83056.290625,83297.5328125,-1,77788.34375
2026-05-18,77788.34375,80742.33148734177,77788.34375,80742.33148734177,11953700.0,MWG,0.0,35.64351315249627,-281.57080612731806,261.8451886981613,-543.4159948254794,79687.46438662743,82888.89765625,86090.33092587258,7.724637098925589,-0.2966047511668608,-0.03727144991278281,-0.036585418952785664,82475.33984375,82888.89765625,-1,77000.6171875
2026-05-19,77000.6171875,78477.6111233216,76902.1509251119,77985.27981138107,7953500.0,MWG,0.0,33.89991929696009,-651.4341670042631,79.18931755767642,-730.6234845619396,78452.9570177141,82524.57265625,86596.18829478591,9.867644284559752,-0.1783493285157363,-0.010178159451299467,-0.01012653727442292,81825.4625,82524.57265625,-1,76015.953125
2026-05-20,76015.953125,77591.41329339378,73061.96530926166,77000.61573024612,8786000.0,MWG,0.0,31.805496813687355,-1012.3381023978436,-139.1161664334276,-873.221935964416,77248.421119843,82071.627734375,86894.834348907,11.753651652047933,-0.1277643789019586,-0.012870209445758594,-0.012787742468379215,80958.959375,82071.627734375,1,78280.6796875
2026-05-21,78280.6796875,78280.6796875,76508.28693985849,77000.6182586478,6597700.0,MWG,0.0,40.85628853693886,-1102.899031382578,-331.8727394232577,-771.0262919593202,76749.66054422963,81825.462109375,86901.26367452038,12.406410997986468,0.1508155040756132,0.029357597465678082,0.0297927799283908,80318.92890625,81825.462109375,0,78182.2109375
2026-05-22,78182.2109375,79757.6711075252,77886.81215562028,78969.94102251259,6083900.0,MWG,0.0,40.60395621365433,-1169.1377332209522,-499.3257381827966,-669.8119950381556,76298.76673840216,81623.60625,86948.44576159783,13.047302750355595,0.17685455073299186,-0.0012586852078074822,-0.0012578933958301564,79806.9046875,81623.60625,0,77492.9453125
2026-05-25,77492.9453125,78871.47292924079,77197.54653748412,78871.47292924079,2510300.0,MWG,0.0,38.79764643178562,-1262.694797530552,-651.9995500523478,-610.6952474782042,75762.6862455192,81387.287109375,87011.8879732308,13.821816806098946,0.1538117200546266,-0.008855236065576158,-0.008816143937794396,79334.26640625,81387.287109375,0,77296.015625
2026-05-26,77296.015625,78182.21198248408,77099.08310111465,77788.34693471338,2518800.0,MWG,0.0,38.273763431099326,-1337.3142982285935,-789.062499687597,-548.2517985409966,75304.03930192464,81037.73203125,86771.42476057535,14.15067422448178,0.17370797643962188,-0.002544494033143,-0.0025412595521547843,78812.3953125,81037.73203125,1,78773.0078125
2026-05-27,78773.0078125,79166.8728515625,77591.4126953125,77886.81147460938,4631100.0,MWG,0.0,44.34383602660091,-1262.7140824139206,-883.7928162328618,-378.92126618105874,75078.69729905779,80840.799609375,86602.9019196922,14.255431262827296,0.32056967357447314,0.01892798777591361,0.019108257722695532,78448.0703125,80840.799609375,-1,76508.28125
2026-05-28,76508.28125,79068.40391731016,76508.28125,78773.00514800515,4026400.0,MWG,0.0,38.149003826937346,-1370.5386638136697,-981.1419857490234,-389.39667806464627,74529.66291799143,80530.630859375,86531.59880075857,14.903566201691973,0.1648582654777842,-0.029171411125253278,-0.02875003285250488,77808.0390625,80530.630859375,-1,75129.7578125
2026-05-29,75129.7578125,77099.08305004914,74637.42650311271,76508.28547878441,7834500.0,MWG,0.0,34.948570610899154,-1549.3656195962103,-1094.7867125184607,-454.5789070777496,73783.96223074142,80151.5359375,86519.10964425857,15.888837643046127,0.10567569719139187,-0.018182263810947737,-0.018017963741670084,77246.78125,80151.5359375,1,77886.8125
2026-06-01,77886.8125,77886.8125,75326.68971238939,75326.68971238939,3799400.0,MWG,0.0,44.90403010410382,-1451.8796341598209,-1166.2052968467328,-285.674337313088,73638.46342800869,79865.983984375,86093.5045407413,15.594926014020333,0.3410947449742486,0.03603992820106551,0.03669723912035927,77256.628125,79865.983984375,-1,76705.21875
2026-06-02,76705.21875,78182.21269255456,76311.35369865212,78182.21269255456,2969500.0,MWG,0.0,41.941543707462,-1453.2142793687817,-1223.6070933511426,-229.60718601763915,73392.75553216352,79526.275390625,85659.79524908648,15.42514050440375,0.27002955026441977,-0.015286903870187203,-0.015170652284685504,77227.08828125,79526.275390625,0,77296.015625
2026-06-03,77296.015625,77296.015625,75720.5554339172,76606.75179140127,4801100.0,MWG,0.0,43.93327577067463,-1390.5699996394105,-1256.9996746087963,-133.57032503061419,73456.21521879485,79157.026953125,84857.83868745514,14.403804573676155,0.33677663683243286,0.007672662829409192,0.007702173132776657,77355.09453125,79157.026953125,0,77197.546875
2026-06-04,77197.546875,77296.01313376913,75819.01925223214,77296.01313376913,4308300.0,MWG,0.0,43.664408504897416,-1333.4978289153805,-1272.2993054701133,-61.198523445267256,73655.08089636445,78782.855078125,83910.62925988554,13.017487565474967,0.345419460088168,-0.0012747296617460404,-0.0012739175390064084,77246.78125,78782.855078125,0,76803.6796875
2026-06-05,76803.6796875,77689.87599158654,76409.81466346154,77296.01096754808,3241800.0,MWG,0.0,42.54288761072633,-1305.006213488683,-1278.8406870738272,-26.165526414855776,73727.82262298469,78457.91640625,83188.01018951532,12.057658423589011,0.3251370063102596,-0.005115128691774509,-0.005102068698345508,77108.928125,78457.91640625,-1,75228.21875
2026-06-08,75228.21875,76114.41504417539,75129.75249509163,75819.01627945025,4633800.0,MWG,0.0,38.3047509936532,-1393.4896526730154,-1301.7704801936648,-91.71917247935062,73517.42163420691,78108.3609375,82699.30024079308,11.755308261983927,0.18632321217642026,-0.020726141701033905,-0.020512831467323744,76882.45546875,78108.3609375,1,76212.8828125
2026-06-09,76212.8828125,76311.3490693637,75129.75398699935,75326.68650072675,1770800.0,MWG,0.0,42.18160252527817,-1368.385360408065,-1315.0934562365449,-53.29190417152017,73630.63913881299,77793.26875,81955.89836118702,10.701773246125533,0.31016976225163845,0.013004104280954883,0.013089025353268724,76774.1421875,77793.26875,1,77000.6171875
2026-06-10,77000.6171875,77099.0834498881,75425.15698929028,75917.48830123081,2866200.0,MWG,0.0,45.151027374833504,-1270.2834107941017,-1306.1314471480564,35.84803635395474,73965.57009015307,77522.48671875,81079.40334734695,9.176477120764615,0.42664017943880483,0.010282923060206586,0.01033597399717845,76596.903125,77522.48671875,-1,75720.5546875
2026-06-11,75720.5546875,77296.01486305267,75720.5546875,77099.08234110857,3302700.0,MWG,0.0,41.42768467476196,-1281.0599925974966,-1301.1171562379445,20.057163640447925,74577.75040454711,77163.084765625,79748.41912670288,6.700961655254122,0.2210167280793084,-0.01676378542089557,-0.016624055062870347,76518.13046875,77163.084765625,0,75228.21875
2026-06-12,75228.21875,76606.74631871727,75129.75249509163,76606.74631871727,4139700.0,MWG,0.0,40.0593744153422,-1314.1788708753884,-1303.7294991654333,-10.44937170995513,74776.6956303823,76887.37890625,78998.0621821177,5.490324435279018,0.10696136288664222,-0.006523241920265828,-0.0065020117659184695,76527.9765625,76887.37890625,1,78182.2109375
2026-06-15,78182.2109375,78477.60971937972,75819.02068246221,75819.02068246221,7871700.0,MWG,0.0,50.60173976930498,-1089.5042121657461,-1260.884441765496,171.38022959974978,74754.0685252518,76907.072265625,79060.0760059982,5.5989746506980795,0.7961301571296782,0.0385157301532736,0.039267076059806394,76557.51640625,76907.072265625,0,78182.2109375
2026-06-16,78182.2109375,78576.0759800063,77591.41337374055,78182.2109375,3183300.0,MWG,0.0,50.60173976930498,-901.0610554882151,-1188.9197645100398,287.8587090218248,74738.7773340822,76966.151953125,79193.52657216779,5.78793290951934,0.7729803451063845,0.0,0.0,76705.215625,76966.151953125,0,77886.8125
2026-06-17,77886.8125,78576.07632743364,77492.94745575222,78083.7450221239,4068800.0,MWG,0.0,49.590204775889944,-766.7164513335883,-1104.4791018747496,337.7626505411613,74843.22920347775,77059.694921875,79276.16064027224,5.752594065274596,0.6865847893021114,-0.003785489057940962,-0.003778333126651323,76764.2953125,77059.694921875,0,77492.9453125
2026-06-18,77492.9453125,77788.34408751588,76803.6815041296,77394.47905416138,3234500.0,MWG,0.0,48.2064878738745,-684.1428026217473,-1020.4118420241492,336.269039402402,74868.13441026231,77020.308203125,79172.48199598768,5.588587849289757,0.6098045870975722,-0.00506974700763517,-0.005056917530166016,76793.83515625,77020.308203125,0,76803.6796875
2026-06-19,76803.6796875,77689.87599158654,76311.34840745192,77492.9434795673,2425600.0,MWG,0.0,45.79813227027031,-666.6360017492552,-949.6566739691705,283.02067221991524,74868.71181086448,76951.381640625,79034.05147038552,5.4129498011794315,0.46454023796417576,-0.008934352386663617,-0.008894559655984846,76793.83515625,76951.381640625,-1,76015.953125
2026-06-22,76015.953125,76803.6832091969,75819.02060395078,76803.6832091969,2992900.0,MWG,0.0,43.14522878109435,-708.1614419289544,-901.3576275611274,193.19618563217296,74771.10828745172,76877.53203125,78983.95577504828,5.479946320186344,0.295487752930375,-0.010309323805630976,-0.010256364873468482,76872.60859375,76877.53203125,-1,74834.359375
2026-06-23,74834.359375,76015.95452302632,74834.359375,75917.48826069079,6295100.0,MWG,0.0,39.45344705602716,-826.883593728664,-886.4628207946347,59.57922706597071,74470.7639189526,76754.44921875,79038.1345185474,5.950626505804004,0.0796071718112083,-0.01566609835317693,-0.015544023345428482,76734.75625,76754.44921875,1,76606.75
2026-06-24,76606.75,76606.75,73849.69473007711,74834.35732647814,4218000.0,MWG,0.0,46.806054593203136,-769.0890634437819,-862.9880693244642,93.89900588068224,74569.45422120382,76646.136328125,78722.81843504617,5.418882689743991,0.4905170059505672,0.023408063523932883,0.023684182503900697,76695.36953125,76646.136328125,0,76015.953125
2026-06-25,76015.953125,76311.35190657384,75523.62182237695,75917.48686447539,3553800.0,MWG,0.0,44.850876486619,-762.1729962582758,-842.8250547112266,80.65205845295077,74526.36771182672,76621.519921875,78716.67213192329,5.468834896996423,0.355483817841318,-0.007741965170756014,-0.00771207334862789,76724.909375,76621.519921875,1,77296.015625
2026-06-26,77296.015625,77296.015625,75326.6903861465,75917.48795780254,4859300.0,MWG,0.0,49.74876298335861,-645.9554450871947,-803.4511327864202,157.49568769922553,74737.96223767307,76729.8328125,78721.70338732692,5.191906464059006,0.6421233938729172,0.01669918215915157,0.016839392882374016,76931.6890625,76729.8328125,0,77788.34375
2026-06-29,77788.34375,77985.27626582279,76902.14742879747,77197.54620253165,4268900.0,MWG,0.0,51.53170016755091,-508.26645405472664,-744.4141970400816,236.14774298535497,74744.62691559523,76724.909375,78705.19183440477,5.1620327102009576,0.7685057300663164,0.006349186737906385,0.006369385550071716,76892.30234375,76724.909375,-1,76902.1484375
2026-06-30,76902.1484375,77788.3447703265,76409.81714148527,77591.41225192061,4008800.0,MWG,0.0,48.21553780105729,-465.29189678934927,-688.5897369899352,223.29784020058594,74752.92787067118,76734.755859375,78716.58384807882,5.165398564206663,0.5422318634813711,-0.011457782504679546,-0.011392392096020165,76764.29609375,76734.755859375,0,76902.1484375
2026-07-01,76902.1484375,77788.3447703265,76409.81714148527,77591.41225192061,4008800.0,MWG,0.0,48.21553780105729,-426.3199001080502,-636.1357696135583,209.8158695055081,74748.95217903475,76715.0625,78681.17282096525,5.12574781768639,0.5475776805362965,0.0,0.0,76665.8296875,76715.0625,1,78477.609375
2026-07-02,78477.609375,80151.53579830614,78182.21059441655,78969.9406759724,4640200.0,MWG,0.0,54.28151413634287,-265.2501424505317,-561.958644180953,296.7085017304213,74668.7698693877,76779.065625,78889.3613806123,5.497060268795893,0.9024421092358134,0.02027953902031708,0.020486565973906634,76764.29609375,76779.065625,-1,77689.875
2026-07-03,77689.875,78379.13878326997,77099.07747148289,78379.13878326997,3276600.0,MWG,0.0,51.06084521713024,-198.87230363111303,-489.34137607098506,290.46907243987204,74674.04968996746,76823.375390625,78972.70109128255,5.595499259773043,0.7015747564712751,-0.010088413208222268,-0.010037695863489682,76852.915625,76823.375390625,-1,76803.6796875
2026-07-06,76803.6796875,77591.40973557692,75523.618359375,77394.4772235577,4935700.0,MWG,0.0,47.63656791371782,-215.2941664804821,-434.53193415288445,219.23776767240236,74887.73385883679,76902.1484375,78916.56301616321,5.238903254569985,0.4755589661028603,-0.011472388398842258,-0.011406831488659286,76931.68828125,76902.1484375,0,76311.3515625
2026-07-07,76311.3515625,77099.08164314517,76212.88530241935,76902.14912298387,2154600.0,MWG,0.0,45.798986146701225,-264.9808420293557,-400.62171572817874,135.64087369882304,74899.2800535971,76907.071875,78914.86369640288,5.2213451180828505,0.35164788845395567,-0.0064308489858760625,-0.006410215330869495,77079.3875,76907.071875,1,77591.4140625
2026-07-08,77591.4140625,77985.27910850254,76114.42013999049,76311.35266299176,3145900.0,MWG,0.0,51.08259688787128,-198.77617652459594,-360.2526078874622,161.47643136286626,74905.77292664748,76936.61171875,78967.45051085253,5.279251962710487,0.6612147518297298,0.01663507492560746,0.01677420821136444,77177.85390625,76936.61171875,0,77296.015625
2026-07-09,77296.015625,77296.015625,76606.75179140127,77197.54936305732,1582900.0,MWG,0.0,49.87433188260242,-168.20571649634803,-321.8432296092394,153.63751311289138,75062.42603568878,77015.384765625,78968.34349556122,5.071606759816903,0.5718476164071745,-0.0038143675862107387,-0.0038071021268158978,77305.86015625,77015.384765625,-1,75425.15625
2026-07-10,75425.15625,77689.88026272846,75425.15625,77689.88026272846,3169000.0,MWG,0.0,42.94598762856507,-291.5799704172823,-315.790577770848,24.210607353565706,75108.56500571627,77025.231640625,78941.89827553373,4.9767241047746085,0.08258902161637628,-0.02450155331975342,-0.024203826806241002,77118.77421875,77025.231640625,0,74834.359375
2026-07-13,74834.359375,76114.42078536184,74834.359375,75622.0894736842,3721700.0,MWG,0.0,41.00863187569717,-432.0469574446033,-339.0418537055991,-93.0051037390042,74787.97677945456,76857.8390625,78927.70134554544,5.386209938487211,0.01120427091342371,-0.007863727192575085,-0.007832888977276742,76823.37578125,76857.8390625,1,75622.0859375
2026-07-14,75622.0859375,75622.0859375,74046.62581380208,74637.4233601888,2788000.0,MWG,0.0,44.597349662275995,-474.33724192532827,-366.10093134954496,-108.2363105757833,74688.36895133772,76729.8328125,78771.29667366228,5.321173750373939,0.22868810071187923,0.0104712531060339,0.01052626853598948,76695.36953125,76729.8328125,0,75031.2890625
2026-07-15,75031.2890625,75622.08661417323,74637.42402805119,75622.08661417323,1802400.0,MWG,0.0,42.50865212021541,-549.1941985193407,-402.7195847835041,-146.4746137358366,74487.69693992831,76587.056640625,78686.41634132169,5.482283280705423,0.1294661706593904,-0.007843168512936014,-0.007812491121817033,76508.28359375,76587.056640625,0,75523.6171875
2026-07-16,75523.6171875,75523.6171875,73849.6908613103,75031.28591509126,4353900.0,MWG,0.2666666666666666,44.827592488911606,-562.3101494289585,-434.637697712595,-127.67245171636353,74383.40443196114,76488.590234375,78593.77603678887,5.504574724055418,0.2708104800610613,0.006540203732659394,0.006561637566827594,76212.884375,76488.590234375,0,75523.6171875
2026-07-17,75523.6171875,75523.6171875,74735.88715164602,75326.6846785365,1827000.0,MWG,0.0,44.8275924889116,-566.1780864729226,-460.9457754646606,-105.232311008262,74282.22991692102,76424.587109375,78566.94430182899,5.60646062604945,0.28972462550864897,0.0,0.0,75996.25859375,76424.587109375,-1,74046.625
2026-07-20,74046.625,75720.55136303192,72865.02992021276,75720.55136303192,7676900.0,MWG,-0.8,39.31074160160767,-680.5790881572466,-504.8724380031778,-175.70665015406877,73937.77807088985,76326.120703125,78714.46333536014,6.258257619366627,0.022787126026445597,-0.01975045540795643,-0.019556692892941263,75720.553125,76326.120703125,0,74735.890625
2026-07-21,74735.890625,75228.22192028986,73160.43048007246,73948.16055253624,2872900.0,MWG,0.0,42.84572712516546,-707.469463116111,-545.3918430257645,-162.0776200903465,73919.53763992888,76321.197265625,78722.85689132112,6.293558570202948,0.16995601215440773,0.009265477911377537,0.00930853533162379,75563.00703125,76321.197265625,-1,69517.1796875
2026-07-22,69517.1796875,74834.35773725212,69517.1796875,74735.89147707153,13474000.0,MWG,0.0,29.04916743249329,-1136.782515854633,-663.6699775915382,-473.11253826309473,72097.87240957633,75966.71875,79835.56509042367,10.185634983539863,-0.3335222563780766,-0.0723865285012857,-0.06982871139765723,74755.58359375,75966.71875,1,70403.375
2026-07-23,70403.375,70600.30751748252,66070.85961538462,69418.71241258741,9066200.0,MWG,0.0,32.99485186387518,-1389.490466537478,-808.8340753807261,-580.6563911567519,71086.97814407048,75686.08984375,80285.20154342952,12.153122744679093,-0.07431904123117065,0.01266729058320866,0.012747860550208046,74066.31953125,75686.08984375,-1,66957.0546875
2026-07-24,66957.0546875,69812.57613740809,66957.0546875,68532.51479779412,3613700.0,MWG,0.0,26.761912834246928,-1846.5665158868505,-1016.3805634819511,-830.1859524048995,69209.08752127149,75169.141796875,81129.19607247852,15.85771536865222,-0.18892720851467823,-0.0501897632904503,-0.0489510667989993,73219.509375,75169.141796875,-1,62329.140625
2026-07-27,62329.140625,67941.71726895735,62329.140625,67449.38598439969,7694800.0,MWG,0.0,21.019614292490942,-2552.8093684724154,-1323.6663244800438,-1229.1430439923715,66255.48806797278,74396.181640625,82536.87521327722,21.88470804046451,-0.24115558508202045,-0.07162237584164882,-0.06911764688723643,71968.9875,74396.181640625,1,64200.0
2026-07-28,64200.0,64889.26380368098,61541.41104294478,62919.93865030674,6958300.0,MWG,0.0,27.767131771023543,-2927.799352766262,-1644.4929301372877,-1283.3064226289744,64534.09138550996,73761.07421875,82988.05705199005,25.018569566587345,-0.018104042867967553,0.02957414747221026,0.030015805708856647,70826.77890625,73761.07421875,1,66500.0
2026-07-29,66500.0,67800.0,64600.0,65000.0,4613000.0,MWG,0.0,35.10708702474244,-3004.7539062413125,-1916.5451253580927,-1088.2087808832198,63596.24230565282,73240.966796875,82885.69128809718,26.33696662680781,0.15053606233075587,0.03519873696589303,0.03582554517133962,69973.65,73240.966796875,1,69800.0
2026-07-30,69800.0,70900.0,66100.0,66500.0,8424500.0,MWG,0.0,43.913300750655644,-2767.5558623116085,-2086.747272748796,-680.8085895628124,63375.88216643065,72807.086328125,82238.29048981935,25.9073797272701,0.34057781612137383,0.0484320621065183,0.049624060150375904,69401.28828125,72807.086328125,0,69900.0
2026-07-31,69900.0,70500.0,68500.0,70500.0,4562900.0,MWG,0.0,44.1605890249635,-2542.2006328816497,-2177.837944775367,-364.3626881062828,63194.32024191957,72417.592578125,81640.86491433042,25.472463272664704,0.36351955757381615,0.0014316394714378922,0.0014326647564470996,68838.9265625,72417.592578125,1,72500.0
2026-08-03,72500.0,73000.0,69900.0,70000.0,5091200.0,MWG,0.0,50.296620666672624,-2129.2619131529646,-2168.1227384508866,38.86082529792202,63212.127025632835,72202.40859375,81192.69016186717,24.902996293936337,0.5165507278050872,0.03652091262086446,0.03719599427753928,68684.2640625,72202.40859375,0,72100.0
2026-08-04,72100.0,72900.0,71400.0,72200.0,3706800.0,MWG,0.0,49.3972863199237,-1813.3781650674937,-2097.1738237742084,283.7956587067147,63211.96181969175,71991.841015625,80771.72021155825,24.39131732727234,0.5061594802138678,-0.005532517569725667,-0.0055172413793103114,68420.675,71991.841015625,0,72200.0
2026-08-05,72200.0,72900.0,71000.0,72400.0,3955700.0,MWG,0.0,49.63972124860556,-1537.2484118373686,-1985.1887413868405,447.9403295494719,63344.4227258685,71722.2703125,80100.1178991315,23.361914089245943,0.5285114811746107,0.001386001607877153,0.001386962552011095,68688.95703125,71722.2703125,-1,71200.0
2026-08-06,71200.0,71900.0,69800.0,71500.0,5330100.0,MWG,0.0,47.20422780783317,-1383.1610164367012,-1864.7831963968126,481.62217996011145,63460.44512677612,71417.46953125,79374.49393572388,22.283131723092318,0.486334745239205,-0.01394722748085044,-0.013850415512465353,68768.61953125,71417.46953125,0,71000.0
2026-08-07,71000.0,71600.0,70200.0,71300.0,3084600.0,MWG,0.0,46.71061334138998,-1262.629170849992,-1744.3523912874487,481.7232204374566,63465.53114537846,71196.21171875,78926.89229212154,21.716550324083087,0.48730954429640677,-0.0028129413766146126,-0.002808988764044895,69172.9140625,71196.21171875,1,73000.0
2026-08-10,73000.0,73800.0,70700.0,71000.0,4628400.0,MWG,0.0,52.104327648353284,-994.2622927310731,-1594.3343715761737,600.0720788451006,63513.28629892861,71104.49375,78695.70120107138,21.352257925530584,0.6248487979163633,0.02777956410707567,0.028169014084507005,70240.0,71104.49375,0,73200.0
2026-08-11,73200.0,74000.0,72300.0,72300.0,3120600.0,MWG,0.0,52.620767705107276,-756.7183022648969,-1426.8111577139184,670.0928554490215,63621.82887141332,70983.389453125,78344.95003483667,20.741642906677473,0.6505530330336293,0.0027359798188748455,0.00273972602739736,71140.0,70983.389453125,1,74000.0
2026-08-12,74000.0,74200.0,73200.0,73300.0,3065700.0,MWG,0.0,54.72376459295637,-498.1671040106012,-1241.0823469732552,742.915242962654,63675.95989464274,70931.825,78187.69010535725,20.458701310327925,0.7114272354467192,0.010869672236903891,0.010928961748633892,71890.0,70931.825,0,73600.0
2026-08-13,73600.0,74700.0,72800.0,74000.0,2669200.0,MWG,0.0,53.4463744851069,-321.830215304115,-1057.2319206394272,735.4017053353123,63788.05276839523,70835.644140625,77883.23551285476,19.8984323718118,0.6961206115232242,-0.005420067469339145,-0.00540540540540535,72270.0,70835.644140625,-1,72400.0
2026-08-14,72400.0,73500.0,72200.0,73100.0,3164500.0,MWG,0.0,49.69840559955846,-275.73344819444173,-900.9322261504302,625.1987779559885,63937.48397696811,70679.46328125,77421.4425855319,19.077618847936044,0.6275987837620078,-0.016438726343159835,-0.016304347826086918,72520.0,70679.46328125,1,73500.0
2026-08-17,73500.0,74200.0,71800.0,72300.0,2140400.0,MWG,0.0,52.95516586466791,-148.7261982002965,-750.4910205604035,601.764822360107,63963.40525666395,70652.13203125,77340.85880583605,18.934253170527313,0.7128856555757765,0.0150791068271203,0.015193370165745845,72620.0,70652.13203125,0,72800.0
2026-08-18,72800.0,73900.0,72100.0,73600.0,1649500.0,MWG,0.0,50.70534559611005,-103.36466389492853,-621.0657492273085,517.70108533238,64062.2734792628,70555.3375,77048.40152073718,18.40559269024031,0.6728507906922776,-0.009569451016150672,-0.00952380952380949,72690.0,70555.3375,0,72200.0
2026-08-19,72200.0,72700.0,71200.0,72700.0,1995300.0,MWG,0.0,48.79186185313132,-114.5103032409097,-519.7546600300288,405.24435678911914,64175.902431840965,70689.478515625,77203.05459940904,18.42870034002102,0.6159517801700006,-0.00827590930385971,-0.008241758241758212,72690.0,70689.478515625,0,72700.0
2026-08-20,72700.0,73200.0,71900.0,72300.0,2493500.0,MWG,0.0,50.46930903203693,-82.0516411530989,-432.21405625464286,350.16241510154396,64231.26567800781,70804.309765625,77377.3538532422,18.56679094641315,0.644201849942422,0.006901338640693181,0.006925207756232732,72840.0,70804.309765625,1,75000.0
2026-08-21,75000.0,75100.0,71800.0,72500.0,4995900.0,MWG,0.0,57.38471636532613,127.7897794701421,-320.2132891096859,448.003068579828,64640.33485296098,71206.45703125,77772.57920953902,18.442490897721203,0.7888724018335667,0.03114672899683672,0.031636863823933936,73240.0,71206.45703125,0,75100.0
2026-08-24,75100.0,75600.0,74600.0,75500.0,2470100.0,MWG,0.0,57.66149701538062,298.7163650926668,-196.42735826921538,495.14372336188217,66553.70625709555,71845.0,77136.29374290445,14.729748049006764,0.8075807314954785,0.0013324452337786948,0.0013333333333334085,73450.0,71845.0,-1,73900.0
2026-08-25,73900.0,75300.0,73800.0,75000.0,2556400.0,MWG,0.0,53.196517475824216,333.50253485285793,-90.4413796448007,423.9439144976586,68381.32933761032,72330.0,76278.67066238968,10.91848655437488,0.6988010819633487,-0.016107730815932968,-0.015978695073235683,73520.0,72330.0,1,75500.0
2026-08-26,75500.0,75500.0,73200.0,73900.0,2162400.0,MWG,0.0,57.87977133747109,484.5913854073733,24.56517336563411,460.0262120417392,69665.61909505747,72780.0,75894.38090494253,8.558342690141613,0.9366839001105085,0.02141982830082283,0.021650879566982306,73670.0,72780.0,0,75900.0
2026-08-27,75900.0,75900.0,74800.0,75500.0,2305700.0,MWG,0.0,58.98471455720903,629.3522639283765,145.5225914781826,483.8296724501939,70004.82570554368,73085.0,76165.17429445632,8.429019072193517,0.9569546608233217,0.005284028146605206,0.005298013245033095,73900.0,73085.0,-1,75000.0
2026-08-28,75000.0,75700.0,74800.0,75700.0,2717400.0,MWG,0.0,55.45944781561654,663.8019292775425,249.1784590380546,414.6234702394879,70538.19606981904,73340.0,76141.80393018096,7.640588846961991,0.7962377170862175,-0.011928570865273845,-0.011857707509881465,74160.0,73340.0,0,75000.0
2026-08-31,75000.0,75000.0,75000.0,75000.0,0.0,MWG,0.0,55.45944781561654,683.2277134767064,335.98830992578496,347.23940355092145,70598.66178951925,73465.0,76331.33821048075,7.803275601934945,0.7677632378459874,0.0,0.0,74310.0,73465.0,0,75000.0
2026-09-01,75000.0,75000.0,75000.0,75000.0,0.0,MWG,0.0,55.45944781561654,690.661274162936,406.92290277321524,283.7383713897208,70741.00054117168,73610.0,76478.99945882832,7.795135059987271,0.7422447302530459,0.0,0.0,74530.0,73610.0,0,75000.0
2026-09-02,75000.0,75000.0,75000.0,75000.0,0.0,MWG,0.0,55.45944781561654,688.6145051944477,463.2612232574618,225.35328193698592,70897.48495091019,73750.0,76602.51504908981,7.7356340314299885,0.719104891383282,0.0,0.0,74810.0,73750.0,-1,73200.0
2026-09-03,73200.0,74600.0,73200.0,74000.0,2383900.0,MWG,0.0,47.7779068620872,535.5737089348695,477.7237203929434,57.84998854192611,71244.33814852512,73850.0,76455.66185147488,7.056633314759335,0.37527161292397165,-0.024292692569044587,-0.02400000000000002,74860.0,73850.0,0,73100.0
2026-09-04,73100.0,73600.0,72800.0,73200.0,2437300.0,MWG,0.0,47.38523657441361,401.58933911401255,462.4968441371572,-60.907505023144665,71685.314188212,73955.0,76224.685811788,6.138018556657436,0.3116479392082793,-0.0013670542115330011,-0.001366120218579181,74670.0,73955.0,-1,72000.0
2026-09-07,72000.0,73500.0,71400.0,73100.0,3872100.0,MWG,0.25,43.181142562979254,204.29002556075284,410.8554804218764,-206.56545486112356,71506.33809231281,73905.0,76303.66190768719,6.491203322338642,0.10290360348515733,-0.015162247739677523,-0.015047879616963078,74360.0,73905.0,0,72300.0
2026-09-08,72300.0,72900.0,71200.0,71600.0,1707500.0,MWG,0.0,44.624132043916546,71.31432376761222,342.94724909102354,-271.6329253234113,71373.48902231938,73860.0,76346.51097768062,6.733038119904197,0.18630743760979807,0.004158010148663677,0.004166666666666652,74200.0,73860.0,0,72300.0
2026-09-09,72300.0,72300.0,72300.0,72300.0,0.0,MWG,0.0,44.624132043916546,-33.68161722435616,267.6214758279476,-301.3030930523038,71194.20045028478,73775.0,76355.79954971522,6.99640677659157,0.21423584598758114,0.0,0.0,73880.0,73775.0,0,72900.0
2026-09-10,72900.0,73300.0,71200.0,71600.0,2496200.0,MWG,0.0,47.704712703667774,-67.69631039784872,200.55791858278837,-268.2542289806371,71130.38216146913,73740.0,76349.61783853087,7.077889445432259,0.3390568941556417,0.008264509849893431,0.008298755186721962,73580.0,73740.0,-1,71300.0
2026-09-11,71300.0,72500.0,71300.0,72500.0,2587600.0,MWG,0.0,41.133296557557884,-221.20985849220597,116.2043631677895,-337.41422165999546,70915.02945103639,73685.0,76454.97054896361,7.518410935641205,0.06949000759369954,-0.022192311594362184,-0.021947873799725626,73210.0,73685.0,-1,69800.0
2026-09-14,69800.0,71500.0,68600.0,71300.0,3246500.0,MWG,0.0,36.111093325468644,-458.62121544939873,1.2392474443518466,-459.8604628937506,70229.07545662682,73500.0,76770.92454337318,8.900474947954244,-0.06558932358988712,-0.021262317651923435,-0.02103786816269282,72690.0,73500.0,1,71200.0
2026-09-15,71200.0,71200.0,69800.0,69800.0,2210203.0,MWG,0.0,43.09463085608632,-527.7199000688706,-104.55258205829266,-423.16731801057796,70002.02891823098,73420.0,76837.97108176902,9.31073571715887,0.17524593583585757,0.019858808649603255,0.02005730659025784,72310.0,73420.0,0,71200.0
