close,high,low,open,volume,time,sentiment_score,RSI_14,MACD_12_26_9,MACDs_12_26_9,MACDh_12_26_9,BBL_5_2.0_2.0,BBM_5_2.0_2.0,BBU_5_2.0_2.0,BBB_5_2.0_2.0,BBP_5_2.0_2.0,log_ret,price_change,sma_10,sma_20,target_3class,target_price_next
6229.138671875,6410.29930439038,6229.138671875,6270.944971686241,6622274.0,2021-01-28,0.0,53.52716752776758,27.469142021462176,129.94186442037972,-102.47272239891754,6361.691373329641,7038.787133789063,7715.882894248485,19.238989547193015,-0.09788327530266992,-0.07122748577237548,-0.06874997810073191,6976.077685546875,7038.787133789063,1,6535.7177734375
6535.7177734375,6549.653205790245,5936.494182269456,5936.494182269456,6376892.0,2021-01-29,0.0,57.95764177312371,-3.554109305595375,103.2426696751847,-106.79677898078008,6390.523547796856,7045.058081054687,7699.592614312518,18.58138075590835,0.11091410633291181,0.04804410798124541,0.04921693314466191,6884.103759765625,7045.058081054687,-1,6131.58984375
6131.58984375,6549.652787642046,6117.654412286932,6410.298473011364,5256594.0,2021-02-01,0.0,51.048906958869345,-60.05769822003549,70.58259609614066,-130.64029431617615,6261.474230817368,7017.883959960937,7774.2936891045065,21.556632553604647,-0.08585584112887293,-0.06382810537677454,-0.06183374859452451,6767.04609375,7017.883959960937,1,6507.8466796875
6507.8466796875,6521.782111549785,6117.654587543496,6298.815201753212,4682151.0,2021-02-02,0.0,56.27490018778362,-73.62768326943933,41.74054022302467,-115.368223492464,6202.70042299746,6992.8001708984375,7782.899918799415,22.597521124344247,0.19310616001378836,0.05955455940426328,0.06136366676923499,6737.781640625,6992.8001708984375,1,6758.68505859375
6758.68505859375,6786.555924814756,6521.7826957152065,6605.3952943782215,6451759.0,2021-02-03,0.0,59.38774735135557,-63.41047684816749,20.71033680878623,-84.12081365695371,6181.817625516552,6978.16796875,7774.518311983448,22.824052009057574,0.3621945026952107,0.037819722840022586,0.03854399024014721,6733.601025390625,6978.16796875,0,6702.94287109375
6702.94287109375,6786.555464080367,6633.265710271569,6772.620031915931,3606603.0,2021-02-04,0.0,58.392888083709934,-59.12958675345908,4.742352096337168,-63.87193884979625,6155.4199439894965,6952.387377929687,7749.354811869878,22.926439239279425,0.34350395247476506,-0.008281688721003285,-0.008247490009779757,6684.827001953125,6952.387377929687,1,6898.0390625
6898.0390625,6911.974494949495,6702.943008207071,6744.749305555556,3865286.0,2021-02-05,0.0,60.86399082130108,-39.53854264396159,-4.113826851722584,-35.424715792239006,6159.672572725803,6926.6068115234375,7693.541050321072,22.144587087626398,0.48137535946483184,0.02869051291861889,0.02910605015710299,6661.136767578125,6926.6068115234375,-1,6661.13671875
6661.13671875,7023.4579628661095,6647.2012862839965,6911.974503138075,7240687.0,2021-02-08,0.0,56.47762446805995,-42.637044992429765,-11.81847047986402,-30.818574512565746,6143.169175338033,6892.464990234375,7641.760805130718,21.742462702617605,0.3456362181094143,-0.034947028892539506,-0.03434343319942601,6624.90458984375,6892.464990234375,0,6661.13671875
6661.13671875,6661.13671875,6661.13671875,6661.13671875,0.0,2021-02-09,0.0,56.47762446805995,-44.57875429687101,-18.37052724326542,-26.20822705360559,6129.2662485307455,6861.11025390625,7592.954259281755,21.333107275425068,0.3633769398345723,0.0,0.0,6577.52412109375,6861.11025390625,0,6661.13671875
6661.13671875,6661.13671875,6661.13671875,6661.13671875,0.0,2021-02-10,0.0,56.47762446805995,-45.59201652346292,-23.81482509930492,-21.777191424157998,6118.296811107962,6831.8458251953125,7545.394839282663,20.888908571555813,0.38038025203941017,0.0,0.0,6574.73701171875,6831.8458251953125,0,6661.13671875
6661.13671875,6661.13671875,6661.13671875,6661.13671875,0.0,2021-02-11,0.0,56.47762446805995,-45.866315800440134,-28.225123239531964,-17.64119256090817,6124.760683252876,6797.007250976562,7469.253818700248,19.780663545035964,0.3989429334785319,0.0,0.0,6617.93681640625,6797.007250976562,0,6661.13671875
6661.13671875,6661.13671875,6661.13671875,6661.13671875,0.0,2021-02-12,0.0,56.47762446805995,-45.55852958382275,-31.69180450839012,-13.866725075432626,6159.055966094391,6757.291235351562,7355.526504608733,17.706363346526587,0.4196348647907727,0.0,0.0,6630.4787109375,6757.291235351562,0,6661.13671875
6661.13671875,6661.13671875,6661.13671875,6661.13671875,0.0,2021-02-15,0.0,56.47762446805995,-44.79820101429232,-34.313083809570564,-10.485117204721753,6183.941793103821,6725.23974609375,7266.537699083679,16.097506510584513,0.4407876687971305,0.0,0.0,6683.4333984375,6725.23974609375,0,6661.13671875
6661.13671875,6661.13671875,6661.13671875,6661.13671875,0.0,2021-02-16,0.0,56.47762446805995,-43.69198118330041,-36.18886328431654,-7.503117898983874,6177.465229930453,6718.272021484375,7259.078813038297,16.099580065364286,0.447175864258097,0.0,0.0,6698.76240234375,6718.272021484375,1,7190.68310546875
7190.68310546875,7190.68310546875,6967.716187469719,7009.522484594538,6006885.0,2021-02-17,0.0,65.74733677939011,-0.0843538146937135,-28.967961390391977,28.883607575698264,6157.755902818016,6737.7816162109375,7317.807329603859,17.217112291006703,0.8904150098868181,0.07649602645534381,0.07949790089552788,6741.96220703125,6737.7816162109375,1,7302.16650390625
7302.16650390625,7330.037368424976,7134.941316793893,7246.424774868798,7592677.0,2021-02-18,0.0,67.32515883507378,42.97539005389808,-14.579291101533968,57.55468115543205,6143.21004961873,6743.355786132813,7343.501522646895,17.799616557329966,0.9655625157143185,0.015384910545774462,0.015503867546702743,6801.8845703125,6743.355786132813,1,7483.3271484375
7483.3271484375,7636.616903805866,7190.683070006983,7218.553934619414,9757790.0,2021-02-19,0.0,69.76266400340072,90.67346996991546,6.471261112755917,84.20220885715955,6096.026527685035,6760.775073242187,7425.52361879934,19.664862041871377,1.0434777405866402,0.02450641354990054,0.024809163750831864,6860.41337890625,6760.775073242187,0,7441.52099609375
7441.52099609375,7566.939889286341,7330.037535478114,7483.327293824614,6436538.0,2021-02-22,0.0,68.49285513646885,123.67548088558397,29.912105067321527,93.76337581826243,6058.431992068156,6781.678198242187,7504.924404416218,21.3294168502863,0.9561674794964555,-0.0056022361205318606,-0.005586572859169858,6938.451806640625,6781.678198242187,1,7636.61767578125
7636.61767578125,7664.488543211109,7413.650736342382,7455.457037487169,10273140.0,2021-02-23,0.0,71.13346542853655,163.68561794973448,56.66680764380412,107.01881030593036,6001.751810123815,6806.76201171875,7611.772213313685,23.65324952478146,1.0154317687020238,0.02587952964833954,0.02621731226585422,7035.99990234375,6806.76201171875,0,7636.61767578125
7636.61767578125,7636.61767578125,7636.61767578125,7636.61767578125,0.0,2021-02-24,0.0,71.13346542853655,193.1672282655254,83.96689176814839,109.20033649737702,5970.597859564556,6854.142504882812,7737.687150201069,25.781332812640812,0.9428045458962555,0.0,0.0,7133.547998046875,6854.142504882812,0,7636.61767578125
7636.61767578125,7636.61767578125,7636.61767578125,7636.61767578125,0.0,2021-02-25,0.0,71.13346542853655,214.06402007116685,109.98631742875207,104.07770264241478,6026.485783844627,6924.516455078125,7822.547126311622,25.937714988746198,0.8964793428074191,0.0,0.0,7231.09609375,6924.516455078125,0,7706.2939453125
7706.2939453125,7748.100241580018,7441.520735618219,7469.391599796564,7269469.0,2021-02-26,0.0,72.17371963539776,233.5548953222833,134.70003300745833,98.85486231482497,6040.240951616331,6983.045263671875,7925.849575727419,27.002669364333805,0.8835624595647884,0.009082597910803557,0.009123969863283898,7335.61181640625,6983.045263671875,1,7901.3896484375
7901.3896484375,7929.260511394952,7775.970765128968,7817.7770595651455,7176195.0,2021-03-01,0.0,74.90110740258103,261.7271198244698,160.10545037086064,101.62166945360917,6133.008931932595,7071.53525390625,8010.061575879904,26.543778352945953,0.9421050188481264,0.025001258400033054,0.02531641078182223,7459.637109375,7071.53525390625,0,7831.7138671875
7831.7138671875,7998.939074316058,7803.84299933274,7985.003640388679,4554793.0,2021-03-02,0.0,72.18011018081663,275.2585482683553,183.13606995035957,92.12247831799573,6180.050954093907,7137.72861328125,8095.406272468592,26.834241285256518,0.8623271605266152,-0.008857278119808226,-0.008818167986915815,7576.69482421875,7137.72861328125,0,7803.841796875
7803.841796875,7915.325251116071,7775.970933314732,7803.841796875,5356080.0,2021-03-03,0.0,71.06790367803364,280.4998322006777,202.6088224004232,77.8910098002545,6205.7035430214355,7189.9864501953125,8174.2693573691895,27.379270155568637,0.8118287141865645,-0.0035652202498400753,-0.003558872398195634,7638.010693359375,7189.9864501953125,-1,7566.939453125
7566.939453125,7859.583520372928,7497.262294256446,7803.841793278085,7529909.0,2021-03-04,0.0,62.28326200578065,262.51147928781666,214.5893537779019,47.922125509914764,6263.170695024865,7233.186279296875,8203.201863568884,26.821252676664166,0.6720349545098315,-0.030827464256175403,-0.03035714330406669,7664.48798828125,7233.186279296875,0,7622.681640625
7622.681640625,7664.487938471207,7469.391881855576,7553.004477547989,6190734.0,2021-03-05,0.0,63.42874780812102,249.8731268143465,221.64610838519081,28.22701842915569,6297.979297075174,7269.418408203125,8240.857519331075,26.726735388672545,0.681824691004924,0.007339542887415937,0.007366543348906962,7678.4234375,7269.418408203125,0,7692.35888671875
7692.35888671875,7762.036050547724,7594.810857358186,7720.2297522503395,4816403.0,2021-03-08,0.0,64.86517949856353,242.68202554130767,225.85329181641418,16.828733724893482,6376.382991969778,7320.979516601563,8265.576041233347,25.805195124224888,0.6965809530486868,0.009099254647218433,0.009140778715249764,7703.5072265625,7320.979516601563,-1,7608.74609375
7608.74609375,7678.423255780677,7525.133499313187,7580.875228937729,3961194.0,2021-03-09,0.0,61.73174831809917,227.61239831801504,226.20511311673437,1.407285201280672,6469.147905477026,7368.3599853515625,8267.572065226099,24.40738730632561,0.6336648571447003,-0.010929096341170619,-0.01086959074583893,7700.720068359375,7368.3599853515625,1,7789.90673828125
7789.90673828125,7831.713035624441,7553.004386669834,7636.6169813562165,7021616.0,2021-03-10,0.0,65.60823912855918,227.6633982245603,226.49677013829958,1.1666280862607152,6571.989251159566,7424.798486328125,8277.607721496684,22.971915985030567,0.7140620885050338,0.02353050039501659,0.02380952686541349,7716.048974609375,7424.798486328125,1,7873.52001953125
7873.52001953125,7943.197187845686,7831.713718542589,7873.52001953125,5352925.0,2021-03-11,0.0,67.25684468214581,231.7789060775567,227.553197326151,4.225708751405705,6690.794256193735,7485.417651367187,8280.04104654064,21.231237378673644,0.744205223833956,0.01067634519041484,0.010733540728941726,7739.739208984375,7485.417651367187,0,7873.52001953125
7873.52001953125,7929.2617541827985,7845.649152205476,7915.326320519912,5313865.0,2021-03-12,0.0,67.25684468214581,232.3619517620691,228.51494821333466,3.847003548734449,6835.667624826295,7546.03681640625,8256.406007986207,18.827610012066295,0.7305021156651185,0.0,0.0,7756.46181640625,7546.03681640625,1,8054.68017578125
8054.68017578125,8054.68017578125,7859.584116160251,7915.325847480536,7569066.0,2021-03-15,0.0,70.77687054554896,244.6222769221613,231.7364139551,12.885862967061286,7004.324276258627,7615.7139892578125,8227.103702256998,16.056005093194642,0.8589904909996599,0.022748077763474393,0.023008788419996318,7771.790869140625,7615.7139892578125,0,7985.0029296875
7985.0029296875,8124.357256558137,7901.390333565118,8110.421823871074,4146572.0,2021-03-16,0.0,67.75963404923553,245.88192769342004,234.56551670276403,11.31641099065601,7243.473957467569,7681.907299804688,8120.340642141807,11.414700157817999,0.8456575955960904,-0.008688162219799804,-0.008650529204530688,7787.119775390625,7681.907299804688,1,8082.55029296875
8082.55029296875,8082.55029296875,7985.002272191541,7985.002272191541,4613333.0,2021-03-17,0.0,69.70667118937347,251.84831636349827,238.0220766349109,13.826239728587382,7318.036198492881,7726.500659179687,8134.965119866493,10.57307774125453,0.9358391831573165,0.012142304484367305,0.012216321539291863,7814.990625,7726.500659179687,0,8138.2919921875
8138.2919921875,8180.098286667915,8082.550266213613,8166.162855174443,4244562.0,2021-03-18,0.0,70.79215449356488,258.09940239467323,242.03754178686336,16.061860607809876,7371.726123666845,7768.30693359375,8164.887743520655,10.210225041750256,0.9664686859935848,0.006872875977527424,0.00689654839107412,7872.12587890625,7768.30693359375,0,8138.2919921875
8138.2919921875,8180.098286667915,8082.550266213613,8082.550266213613,3225245.0,2021-03-19,0.0,70.79215449356488,260.05567318952944,245.6411680673966,14.414505122132852,7395.491467340938,7801.05517578125,8206.618884221562,10.397662862311345,0.9157630594009161,0.0,0.0,7923.6869140625,7801.05517578125,-1,7985.0029296875
7985.0029296875,8152.228121932265,7943.196631626309,8138.292689245201,5082826.0,2021-03-22,0.0,63.53165275115554,246.3965792460176,245.79225030312082,0.6043289428967853,7452.353467996139,7828.229272460938,8204.105076925736,9.603086250605825,0.7085444917767304,-0.019015180461894796,-0.018835532400060417,7952.951318359375,7828.229272460938,-1,7901.3896484375
7901.3896484375,7998.937668788581,7873.518785480049,7985.0022373098545,4912604.0,2021-03-23,0.0,59.921598907088864,226.21706635014834,241.87721351252634,-15.660147162377996,7475.486947354342,7841.46787109375,8207.448794833157,9.33450037048636,0.5818646184225943,-0.010526499696746032,-0.010471289990280908,7982.215673828125,7841.46787109375,-1,7692.35888671875
7692.35888671875,7845.648647142493,7636.61715565557,7803.842348845108,5228429.0,2021-03-24,0.0,51.970930543916225,191.15411580915315,231.7325939718517,-40.57847816269856,7484.038854340114,7844.254931640625,8204.471008941136,9.184201187739115,0.289159820322018,-0.02681116509118947,-0.026454936538927165,7972.460888671875,7844.254931640625,0,7678.423828125
7678.423828125,7803.842729128857,7664.488394680127,7720.230128459619,4292890.0,2021-03-25,0.0,51.48053493167287,160.39312007514854,217.4646991925111,-57.071579117362546,7490.746842690442,7846.345239257813,8201.943635825184,9.064051752099743,0.2638889646947569,-0.0018131883938603895,-0.0018115455608564979,7952.95126953125,7846.345239257813,0,7664.48779296875
7664.48779296875,7734.164954723011,7455.456307705966,7608.746063565341,4654311.0,2021-03-26,0.0,50.96262647497408,133.35307650954474,200.64237465591785,-67.28929814637311,7484.720460293538,7844.254931640625,8203.789402987712,9.166822712425288,0.25000013489898226,-0.0018166094327990703,-0.0018149603965861294,7932.048046875,7844.254931640625,1,7873.52001953125
7873.52001953125,7887.455453194138,7664.4885145879425,7706.294815576604,5490917.0,2021-03-29,0.0,57.817520598152775,127.3230994644482,185.97851961762393,-58.655420153175726,7484.044049013258,7842.8614501953125,8201.678851377368,9.150165496628006,0.5427216869011066,0.0269075470709202,0.02727282399148212,7913.93203125,7842.8614501953125,0,7887.455078125
7887.455078125,7998.938542126766,7789.907047123454,7873.519645124778,4288044.0,2021-03-30,0.0,58.23665094258205,122.25941158799742,173.23469801169864,-50.97528642370122,7486.330113884255,7845.648510742188,8204.96690760012,9.159686324615654,0.5581748217575154,0.00176829950412533,0.001769863867645327,7904.17724609375,7845.648510742188,0,7845.64794921875
7845.64794921875,7957.131401427898,7831.7125176926065,7901.389675323324,3418233.0,2021-03-31,0.0,56.425241386504965,113.5638234918415,161.3005231077272,-47.7366996158857,7488.958447195333,7847.738818359375,8206.519189523417,9.14353495875,0.49708614335026036,-0.005314555842588046,-0.0053004585753138045,7880.48701171875,7847.738818359375,1,8138.2919921875
8138.2919921875,8138.2919921875,7859.583362318065,7873.518793811537,6370550.0,2021-04-01,0.0,64.70175453942582,128.80169010926147,154.80075650803408,-25.999066398772612,7520.693819851118,7876.3064453125,8231.919070773882,9.02993371145484,0.8683580504700764,0.03662135234403217,0.03730017518793849,7880.48701171875,7876.3064453125,1,8249.7763671875
8249.7763671875,8277.647233292862,8152.228335818729,8249.7763671875,5818385.0,2021-04-02,0.0,67.25349431030577,148.1657045233742,153.47374611110212,-5.308041587727928,7535.985470334958,7907.661181640625,8279.336892946292,9.400395458738013,0.9602334442907926,0.013605763943936094,0.013698743557864601,7891.63544921875,7907.661181640625,1,8472.7421875
8472.7421875,8472.7421875,8305.51701274671,8430.935893811677,8489092.0,2021-04-05,0.0,71.66525146787922,179.43489003487684,158.66597489585706,20.768915139019782,7511.7114975938,7946.680346679687,8381.649195765574,10.94718373232736,1.1047120867688145,0.026668116247266584,0.02702689265606284,7940.409375,7946.680346679687,1,8751.4521484375
8751.4521484375,8765.387581794885,8500.614348004578,8556.356081434116,10809337.0,2021-04-06,0.0,76.01517879392671,224.12197083765113,171.75717408421588,52.36479675343526,7467.383133290006,8003.815649414062,8540.248165538118,13.404419582385724,1.1968597880917222,0.03236543720226522,0.03289489456538486,8025.415625,8003.815649414062,1,8862.935546875
8862.935546875,8932.612713124017,8765.387514126376,8779.32294737618,7681918.0,2021-04-07,0.0,77.50293218293244,265.4723825005067,190.50021576747403,74.97216673303265,7408.318709200667,8057.46708984375,8706.615470486833,16.112963873257872,1.1204039639083034,0.012658389151955862,0.012738845684873601,8142.473291015625,8057.46708984375,-1,8695.7099609375
8695.7099609375,8862.93515249399,8639.96823041867,8862.93515249399,7274836.0,2021-04-08,0.0,70.44434462273789,281.5041695974687,208.701006533473,72.80316306399573,7396.498870677198,8098.576586914062,8800.654303150926,17.33829911224902,0.9252615915685746,-0.019048239468481495,-0.018867968186507045,8244.201904296875,8098.576586914062,0,8737.515625
8737.515625,8765.38648823764,8598.161308811803,8667.838466905901,5497845.0,2021-04-09,0.0,71.15169892314617,294.19158659753793,225.799122546286,68.39246405125195,7393.219083393169,8141.7763671875,8890.333650981831,18.38805808548419,0.8979249622639313,0.004796099722667078,0.004807619418115028,8351.5046875,8141.7763671875,0,8821.12890625
8821.12890625,8848.999771672592,8737.516309982228,8807.193473538706,5406554.0,2021-04-12,0.0,72.56590242100879,307.4492652403551,242.1291510850998,65.32011415525528,7374.047025724242,8180.098803710937,8986.150581697633,19.707629390027087,0.8976358095383067,0.009523959906789245,0.009569457136163972,8446.265576171874,8180.098803710937,-1,8667.8388671875
8667.8388671875,8862.93491886053,8612.097138138062,8862.93491886053,7336596.0,2021-04-13,0.0,66.1622831874601,302.1043748473721,254.12419583755428,47.980179009817846,7385.458081927487,8214.240600585938,9043.023119244388,20.17916345424145,0.7736533749142065,-0.017530361620437057,-0.017377598796214144,8524.303955078125,8214.240600585938,0,8709.6455078125
8709.6455078125,8737.5163734375,8528.48488125,8584.2266125,4909807.0,2021-04-14,0.0,67.01714739434456,297.8090004315345,262.86115675635034,34.947843675184174,7390.751150846581,8245.595361328125,9100.43957180967,20.73456610521459,0.7714238107917755,0.004811596475054917,0.004823190793643128,8610.7037109375,8245.595361328125,-1,8528.484375
8528.484375,8709.644990808823,8514.548943014706,8709.644990808823,6146927.0,2021-04-15,0.0,59.94933676598017,276.5982434946909,265.60857410401843,10.989669390672475,7402.79435855407,8265.10498046875,9127.415602383431,20.866295684142063,0.6527172389146965,-0.021019426583976094,-0.020800058125213017,8649.72294921875,8265.10498046875,-1,8417.0009765625
8417.0009765625,8542.419865286114,8305.517519919287,8472.742704884105,5759162.0,2021-04-16,0.0,56.033061806559225,247.934749797083,262.07380924263134,-14.139059445548355,7416.350625595351,8279.0404296875,9141.73023377965,20.84033316225061,0.5799595325113308,-0.013158077752651102,-0.013071888689190403,8666.44541015625,8279.0404296875,0,8500.6142578125
8500.6142578125,8584.226857069672,8347.324492507683,8486.678824602972,4551085.0,2021-04-19,0.0,58.23666655591316,229.32213472292096,255.52347433868925,-26.20133961576829,7448.334387758855,8304.82099609375,9161.307604428643,20.62625091468559,0.614300246970233,0.009884840258171277,0.00993385666496005,8669.2326171875,8304.82099609375,0,8500.6142578125
8500.6142578125,8639.968589907787,8389.13079213627,8556.355990650614,4209177.0,2021-04-20,0.0,58.23666655591316,212.12624388449876,246.84402824785118,-34.71778436335242,7495.976199658531,8334.7822265625,9173.588253466469,20.12784507388182,0.5988500475265335,0.0,0.0,8644.148828125,8334.7822265625,0,8500.6142578125
8500.6142578125,8500.6142578125,8500.6142578125,8500.6142578125,0.0,2021-04-21,0.0,58.23666655591316,196.23628674460087,236.72247994720115,-40.486193202600276,7590.578757185091,8375.194995117188,9159.811233049286,18.736667943600974,0.579923953030759,0.0,0.0,8607.91669921875,8375.194995117188,-1,8138.2919921875
8138.2919921875,8500.613211017766,8138.2919921875,8472.742348030823,4304013.0,2021-04-22,0.0,45.810294172679846,152.64737848833283,219.9074596554275,-67.26008116709465,7674.998600592302,8398.188403320313,9121.378206048325,17.22251914334502,0.3203124476088892,-0.0435580974825601,-0.042623068714358725,8552.17490234375,8398.188403320313,1,8444.8720703125
8444.8720703125,8444.8720703125,8110.421691290222,8138.292556208746,5434524.0,2021-04-23,0.0,54.63163453491693,141.21348362529352,204.1686644494007,-62.955180824107174,7801.8164191181895,8437.2076171875,9072.59881525681,15.061646622869631,0.5060312868263594,0.03697907254570635,0.037671304792124216,8522.910546875,8437.2076171875,-1,8249.7763671875
8249.7763671875,8444.872429925043,8221.905501082138,8444.872429925043,4635611.0,2021-04-26,0.0,49.14864073943197,115.08284342775187,186.35150024507092,-71.26865681731906,7870.58533716681,8456.020434570313,9041.455531973817,13.846586628624962,0.32385402899694743,-0.023373308601770296,-0.023102268631261857,8465.77529296875,8456.020434570313,0,8249.7763671875
8249.7763671875,8347.324398556271,8138.2929027660475,8249.7763671875,3269898.0,2021-04-27,0.0,49.14864073943197,93.29863423107054,167.74092704227087,-74.44229281120033,7942.863169034812,8474.136499023438,9005.409829012064,12.538701260000945,0.2888467958284851,0.0,0.0,8423.96904296875,8474.136499023438,1,8430.9365234375
8430.9365234375,8584.22627840909,8249.77590392562,8249.77590392562,5655513.0,2021-04-28,0.0,54.10871447218125,89.61952400026894,152.11664643387047,-62.49712243360153,8060.816612152363,8503.400927734376,8945.985243316389,10.409583632320487,0.41813491605369857,0.021721766992356804,0.02195940207186009,8396.09814453125,8503.400927734376,0,8458.8076171875
8458.8076171875,8626.032808960565,8458.8076171875,8500.613915130767,6158960.0,2021-04-29,0.0,54.83855736258545,87.93906022684496,139.28112919246536,-51.3420689656204,8110.581949324312,8519.426708984374,8928.271468644438,9.597940650839936,0.4258653922245733,0.0033003601258226687,0.0033058123107105875,8389.13046875,8519.426708984374,0,8458.8076171875
8458.8076171875,8458.8076171875,8458.8076171875,8458.8076171875,0.0,2021-04-30,0.0,54.83855736258545,85.62030302285893,128.54896395854408,-42.928660935685144,8139.801263589947,8529.878271484375,8919.955279378803,9.146133050889281,0.40890176444838106,0.0,0.0,8393.3111328125,8529.878271484375,0,8458.8076171875
8458.8076171875,8458.8076171875,8458.8076171875,8458.8076171875,0.0,2021-05-03,0.0,54.83855736258545,82.82788295679893,119.40474775819506,-36.57686480139613,8138.625356670825,8529.18154296875,8919.737729266677,9.158116387378135,0.409905503676278,0.0,0.0,8389.13046875,8529.18154296875,1,8709.6455078125
8709.6455078125,8737.5163734375,8249.776225,8249.776225,7934520.0,2021-05-04,0.0,61.6876244125872,99.70604218046174,115.4650066426484,-15.758964462186668,8141.123453787905,8527.0912109375,8913.058968087094,9.052741376907584,0.7364890505662695,0.029222870498900346,0.02965404841638919,8410.03359375,8527.0912109375,1,8835.064453125
8835.064453125,9030.1605136041,8779.322721559542,8793.258154450907,8415298.0,2021-05-05,0.0,64.58007492427627,121.79835011931027,116.73167533798077,5.066674781329496,8144.665807758093,8525.69765625,8906.729504741908,8.938432110891982,0.905959236871468,0.014297310360092779,0.014400005740761834,8443.47861328125,8525.69765625,0,8807.1923828125
8807.1923828125,8946.546692667129,8737.515227885186,8835.063244783425,6151772.0,2021-05-06,0.0,63.433930760396116,135.49570998813215,120.48448226801106,15.011227720121084,8136.745089232409,8531.27177734375,8925.798465455093,9.248953694314958,0.8496856027530384,-0.003159697056960667,-0.0031547104676346027,8510.36865234375,8531.27177734375,0,8807.1923828125
8807.1923828125,8835.063244783425,8695.708934928798,8723.579796899723,8054105.0,2021-05-07,0.0,63.433930760396116,144.6831490877703,125.32421563196291,19.358933455807374,8131.428237550421,8534.755615234375,8938.08299291833,9.451410113349294,0.8377365170975394,0.0,0.0,8546.60068359375,8534.755615234375,1,9253.126953125
9253.126953125,9322.804113916603,8793.257691900413,8807.193124058735,11834865.0,2021-05-10,0.0,72.49255484946866,185.80560243477703,137.42049299252574,48.38510944225129,8054.272860046797,8556.355517578126,9058.438175109455,11.735899858294887,1.1938812017256308,0.04939283949331122,0.0506329998175985,8646.9357421875,8556.355517578126,-1,9113.7734375
9113.7734375,9308.869504969418,9113.7734375,9253.127771406727,6629721.0,2021-05-11,0.0,66.91387293743767,204.79008626152427,150.89441164632547,53.8956746151988,8019.375166777567,8578.65224609375,9137.929325409934,13.038809903288662,0.9784043644882884,-0.015174709586244206,-0.015060153862682779,8733.33544921875,8578.65224609375,1,9253.126953125
9253.126953125,9253.126953125,9044.095470750188,9071.966335066829,6864175.0,2021-05-12,0.0,69.44602937798216,228.44669920969682,166.40486915899973,62.04183005069709,7971.917004553068,8605.826318359375,9239.735632165683,14.732096381121398,1.0105624895136098,0.015174709586244272,0.015290430092502527,8815.5544921875,8605.826318359375,0,9183.451171875
9183.451171875,9420.35355415402,9141.644869119878,9141.644869119878,8747482.0,2021-05-13,0.0,66.6974855736437,238.81951940602085,180.88779920840398,57.93172019761687,7955.706950268382,8638.574658203124,9321.442366137866,15.809731002007284,0.8989619858579891,-0.007558464753526699,-0.00752997139269429,8888.01884765625,8638.574658203124,0,9197.3857421875
9197.3857421875,9308.869205729166,9155.579443359375,9308.869205729166,7041715.0,2021-05-14,0.0,66.97896222699576,245.33637252600602,193.77751387192438,51.55885865408163,7959.747795380558,8677.593896484375,9395.439997588192,16.544818982474936,0.8620496405175512,0.0015162065848409849,0.0015173566071953193,8961.87666015625,8677.593896484375,0,9169.5146484375
9169.5146484375,9336.739839594415,9141.64378324468,9336.739839594415,6238379.0,2021-05-17,0.0,65.78135804723229,245.42297791886085,204.1066066813117,41.31637123754916,7966.093532613019,8711.038916015625,9455.984299418229,17.103479632790762,0.8077243933828724,-0.0030349285453875343,-0.003030327805232491,9032.94736328125,8711.038916015625,1,9280.998046875
9280.998046875,9336.739776886261,9085.901991835584,9155.579154349662,7492443.0,2021-05-18,0.0,68.22847026283937,251.58725064709142,213.60273547446766,37.98451517262376,7970.570129617455,8750.05810546875,9529.546081320046,17.816749705104677,0.8405696802611987,0.012084732498792482,0.012158047913309877,9090.0826171875,8750.05810546875,1,9615.4482421875
9615.4482421875,9615.4482421875,9308.868733016303,9392.48132642663,9552053.0,2021-05-19,0.0,74.19142016743804,280.2295055371924,226.9280894870126,53.30141605017977,7946.100682127417,8805.7998046875,9665.498927247583,19.52574761244171,0.9708905803515082,0.03540190783651619,0.03603601612922569,9168.12099609375,8805.7998046875,0,9615.4482421875
9615.4482421875,9685.125403362772,9545.771081012228,9671.189971127716,5631219.0,2021-05-20,0.0,74.19142016743804,299.47651998912625,241.43777558743534,58.038744401690906,8007.6959274722985,8879.6576171875,9751.619306902703,19.639534029497487,0.9219168305664445,0.0,0.0,9248.94658203125,8879.6576171875,0,9657.2548828125
9657.2548828125,9824.480075588473,9545.771420961852,9587.577719155845,6466199.0,2021-05-21,0.0,74.87503531776433,314.4782545527305,256.0458713804944,58.43238317223609,8027.948091722428,8940.2767578125,9852.605423902573,20.409405453647274,0.8929385054142396,0.004338437211186517,0.004347861854382851,9333.95283203125,8940.2767578125,0,9685.125
9685.125,9754.802158273382,9587.576978417266,9699.060431654676,6662699.0,2021-05-24,0.0,75.34390279830433,324.8712097323041,269.81093905085635,55.060270681447776,8102.604928363115,9012.044189453125,9921.483450543135,20.182751925569455,0.8700526463637344,0.0028817691146436264,0.002885925402787315,9377.15263671875,9012.044189453125,1,9977.76953125
9977.76953125,9977.76953125,9685.125452819482,9699.060885125698,7411787.0,2021-05-25,0.0,79.64028286861382,352.65646531764105,286.3800443042133,66.27642101342775,8165.8860645071845,9098.44384765625,10031.001630805315,20.49928094878095,0.9714590878349864,0.029768368149970928,0.03021587550496241,9463.55224609375,9098.44384765625,1,10451.57421875
10451.57421875,10451.57421875,10200.7364375,10242.542734375,10950614.0,2021-05-26,0.0,84.38461160853129,408.2030484364386,310.7446451306584,97.45840330578022,8141.9561889084225,9199.475732421875,10256.995275935327,22.9908654421777,1.0919977999499721,0.04639303852572296,0.0474860324259907,9583.39697265625,9199.475732421875,-1,10172.8662109375
10172.8662109375,10521.252040079195,10047.44731244649,10451.574874250857,9167671.0,2021-05-27,0.0,73.53025939894836,424.83744714063505,333.56320553265374,91.27424160798131,8202.86623013441,9285.178662109374,10367.491094084338,23.31268942387993,0.9100884008180087,-0.027028609670014674,-0.02666660562123757,9682.3384765625,9285.178662109374,1,10507.31640625
10507.31640625,10507.31640625,10089.253419263927,10200.736882460213,8579048.0,2021-05-28,0.0,77.3031404586225,459.70843096924364,358.79225061997175,100.91618034927188,8248.346439217086,9387.6041015625,10526.861763907913,24.27153190569236,0.9914218888738152,0.03234781476801454,0.03287669260339943,9813.33154296875,9387.6041015625,0,10590.9287109375
10590.9287109375,10674.541306023848,10312.220060649672,10590.9287109375,9885408.0,2021-05-31,0.0,78.14194052509997,488.46008726622495,384.7258179492224,103.73426931700254,8322.338662578448,9494.21015625,10666.08164992155,24.686023890046574,0.9679346500917982,0.00792603763464522,0.00795753182399328,9955.47294921875,9494.21015625,0,10646.669921875
10646.669921875,10827.830535728894,10618.79905820517,10758.153376554319,5311361.0,2021-06-01,0.0,78.70690655347006,509.8664093142452,409.75393622222697,100.1124730920182,8372.942729741446,9591.061376953125,10809.180024164803,25.401122969325613,0.9332946332191058,0.0052493071272305585,0.005263108879199008,10092.04013671875,9591.061376953125,0,10730.283203125
10730.283203125,10786.024934050325,10479.445413961039,10563.058010349027,7702115.0,2021-06-02,0.0,79.56033677478776,527.4973061830442,433.3026102143904,94.19469596865378,8421.342871018702,9685.822314453126,10950.30175788755,26.10990378271911,0.9130003433804498,0.00782279000761302,0.007853467972948502,10203.5236328125,9685.822314453126,1,11468.8603515625
11468.8603515625,11468.8603515625,11106.539125389201,11148.345420716889,9459787.0,2021-06-03,0.0,85.20228596907812,594.2171568110698,465.4855195337263,128.7316372773435,8393.731705798327,9818.905712890624,11244.079719982921,29.029182044619812,1.0788607673382236,0.06656561726777442,0.06883109555043276,10388.86484375,9818.905712890624,0,11580.345703125
11580.345703125,11900.860686484657,11454.92679659296,11482.79766471119,10698598.0,2021-06-04,0.0,85.83775468152196,648.6122569227882,502.1108670115387,146.50138991124953,8412.28789504375,9957.56337890625,11502.838862768751,31.037221156652787,1.0250786481652179,0.009673758021111119,0.009720700064789867,10581.17392578125,9957.56337890625,-1,11078.66796875
11078.66796875,11566.408068003146,10869.63649764151,11566.408068003146,100316941.0,2021-06-07,0.0,71.05132207952663,643.8180316821381,530.4522999456586,113.36573173647946,8463.617393858047,10048.8404296875,11634.063465516952,31.550367366690296,0.824821023851591,-0.04428787049896139,-0.04332148169286698,10720.52822265625,10048.8404296875,0,11078.66796875
11078.66796875,11078.66796875,11078.66796875,11078.66796875,0.0,2021-06-08,0.0,71.05132207952663,632.724914679553,550.9068228924375,81.81809178711546,8562.316781829455,10147.08515625,11731.853530670543,31.23593327576287,0.7939176562128915,0.0,0.0,10830.61806640625,10147.08515625,-1,10744.21875
10744.21875,10813.895914396888,10242.543166342413,10340.091196498055,99605026.0,2021-06-09,0.0,62.70047355500188,590.1434760487009,558.7541535236902,31.389322525010698,8674.090183912047,10221.63974609375,11769.189308275452,30.279868996030824,0.6688407973084654,-0.030653635450595084,-0.030188576794014654,10859.88251953125,10221.63974609375,-1,10563.0576171875
10563.0576171875,10855.701693653116,10507.315888336905,10730.282803739281,50594433.0,2021-06-10,0.0,58.67747926122714,535.6050679392156,554.1243364067954,-18.519268467579764,8816.679001547918,10290.620068359374,11764.56113517083,28.646302302878535,0.5924180603154927,-0.017005035765114314,-0.016861266233294092,10898.90166015625,10290.620068359374,1,10981.12109375
10981.12109375,11134.410855210977,10521.251809367068,10646.670705107868,81300123.0,2021-06-11,0.0,64.36041920103989,520.121577460257,547.3237846174877,-27.20220715723076,8969.922140466755,10379.8068359375,11789.691531408243,27.165913927981183,0.7132494450589553,0.03881475067552329,0.03957788471041335,10946.28212890625,10379.8068359375,0,10953.25
10953.25,11120.475190839696,10841.766539440203,10981.120865139948,79962802.0,2021-06-14,0.0,63.731152859931655,499.8399910883036,537.8270259116509,-37.98703482334736,9159.363293924538,10468.993603515624,11778.62391310671,25.019220742503755,0.6848828608111468,-0.0025413182471347062,-0.0025380918316130208,10982.5142578125,10468.993603515624,0,10953.25
10953.25,11134.410623409669,10772.089376590331,10953.25,80949857.0,2021-06-15,0.0,63.731152859931655,478.2536770807819,525.9123561454771,-47.65867906469521,9353.46402205514,10552.606201171875,11751.74838028861,22.726938848216854,0.6670543350927874,0.0,0.0,11013.172265625,10552.606201171875,-1,10786.025390625
10786.025390625,11022.927757085756,10772.089957303779,10939.31515715843,67328504.0,2021-06-16,0.0,59.67141913428591,442.55128356826935,509.24014163003557,-66.68885806176621,9493.060466209245,10611.13505859375,11729.209650978257,21.073609679088936,0.5782104938357746,-0.015384864930399039,-0.015267122486476659,11018.746484375,10611.13505859375,1,11120.474609375
11120.474609375,11148.345473057643,10563.057335722118,10590.928199404761,83790362.0,2021-06-17,0.0,64.53701212763448,436.21571312606466,494.63525592924145,-58.419542803176796,9650.939807087247,10686.386376953125,11721.832946819004,19.378797160076154,0.7096140182675491,0.030536617663243833,0.03100764244822729,10983.90791015625,10686.386376953125,1,11301.63671875
11301.63671875,11427.055621917387,11273.76585137947,11427.055621917387,84635294.0,2021-06-18,0.0,66.86876403947525,440.7325061129304,483.8547059659793,-43.12219985304887,9819.707785262879,10768.60546875,11717.503152237121,17.62340882931924,0.7808686643860031,0.01615958898607672,0.01629086129312074,10956.03701171875,10768.60546875,0,11329.505859375
11329.505859375,11413.118448743082,11176.216112200185,11259.828701568265,61202586.0,2021-06-21,0.0,67.22577401679965,441.47189068397347,475.3781429095782,-33.9062522256047,10019.539866478126,10850.82451171875,11682.109156959375,15.32205491560292,0.7879166302402287,0.0024629030210373856,0.002465938458167116,10981.12080078125,10850.82451171875,1,11705.7626953125
11705.7626953125,11831.181581333705,11399.183196149554,11427.05405970982,115303909.0,2021-06-22,0.0,71.6650369799792,467.0349522240049,473.70950477246356,-6.674552548458678,10129.132389464401,10937.224169921876,11745.31595037935,14.776908069229908,0.9755267557328335,0.03267079798960532,0.03321034832478187,11043.8302734375,10937.224169921876,0,11677.892578125
11677.892578125,11831.18233750373,11566.40911675865,11775.440606820554,77013672.0,2021-06-23,0.0,70.89898624738898,479.5173990427029,474.87108362651145,4.646315416191442,10160.076640272076,10998.540087890626,11837.003535509175,15.246813502852003,0.9051175350362077,-0.0023837274419642564,-0.002380888619812893,11137.19765625,10998.540087890626,0,11705.7626953125
11705.7626953125,11914.794172014508,11622.150104631695,11831.181581333705,73086593.0,2021-06-24,0.0,71.23017238171525,486.0557653111373,477.1080199634367,8.947745347700618,10275.147095833541,11075.184912109375,11875.222728385208,14.447394289572339,0.8940924856142786,0.0023837274419643713,0.0023865707790211577,11251.4681640625,11075.184912109375,0,11733.634765625
11733.634765625,11761.505632051663,11510.6678342117,11705.763899198337,60990215.0,2021-06-25,0.0,71.57853029255006,487.86273292175065,479.2589625550995,8.603770366651133,10331.754888578576,11136.500830078125,11941.246771577673,14.452402128432343,0.8710077334681473,0.0023782252505321322,0.002381055471392779,11326.71953125,11136.500830078125,1,12012.3427734375
12012.3427734375,12068.084503244634,11845.117584016096,11872.988448919663,60522543.0,2021-06-28,0.0,74.85699491961546,505.95187645446276,484.5975453349722,21.354331119490553,10355.996469920816,11207.571533203125,12059.146596485434,15.196424323671998,0.9725192616212048,0.023475201773066532,0.023752913174782453,11432.62880859375,11207.571533203125,0,12109.890625
12109.890625,12207.438650747987,11845.117412255466,12040.21346375144,59531586.0,2021-06-29,0.0,75.90463111509345,522.14004400269,492.1060450685158,30.033998934174235,10381.946977810338,11280.732568359375,12179.518158908413,15.93487985115409,0.9612657709243647,0.008087840101156495,0.008120635033675994,11548.29287109375,11280.732568359375,0,12082.0205078125
12082.0205078125,12388.600036269103,12082.0205078125,12123.826807147492,84543256.0,2021-06-30,0.0,74.94382679656087,526.6495101522687,499.0147380852664,27.634772067002302,10420.976656381103,11348.31943359375,12275.662210806397,16.34326179553053,0.8955932435383097,-0.0023040866316239566,-0.002301434261508861,11677.8923828125,11348.31943359375,0,12109.890625
12109.890625,12179.567786248563,11914.794573504028,12095.955192750289,79682134.0,2021-07-01,0.0,75.2807926519679,526.4041210690066,504.4926146820145,21.911506386992073,10393.11035118412,11380.370947265625,12367.63154334713,17.35023578152724,0.8694666234173031,0.0023040866316239735,0.0023067430790635335,11776.833984375,11380.370947265625,0,12109.890625
12109.890625,12207.438650747987,12082.019760500576,12207.438650747987,57763018.0,2021-07-02,0.0,75.2807926519679,520.212957302132,507.6366832060381,12.576274096093982,10369.855099159286,11406.848193359376,12443.841287559466,18.18193907066787,0.8389812504889115,0.0,0.0,11857.659375,11406.848193359376,0,12109.890625
12109.890625,12109.890625,12109.890625,12109.890625,0.0,2021-07-05,0.0,75.2807926519679,509.4339776294837,507.99614209072723,1.4378355387564739,10388.108816451351,11458.409326171875,12528.7098358924,18.681484999420935,0.8043450381044099,0.0,0.0,11935.6978515625,11458.409326171875,0,12109.890625
12109.890625,12109.890625,12109.890625,12109.890625,0.0,2021-07-06,0.0,75.2807926519679,495.1833926708059,505.433592206743,-10.2501995359371,10417.567652409409,11509.970458984375,12602.373265559341,18.98185248116368,0.7745874335020099,0.0,0.0,11976.11064453125,11509.970458984375,0,12109.890625
12109.890625,12109.890625,12109.890625,12109.890625,0.0,2021-07-07,0.0,75.2807926519679,478.37528886932523,500.02193153925947,-21.646642669934238,10517.106805807975,11578.254052734375,12639.401299660776,18.33000454288348,0.7505008488715883,0.0,0.0,12019.31044921875,11578.254052734375,0,12109.890625
12109.890625,12109.890625,12109.890625,12109.890625,0.0,2021-07-08,0.0,75.2807926519679,459.75497633119267,491.96854049764613,-32.213564166453466,10684.320030522167,11655.595703125,12626.871375727833,16.666255373672968,0.7338650780048761,0.0,0.0,12059.7232421875,11655.595703125,-1,11663.95703125
11663.95703125,11872.988519265233,11482.796408303464,11608.215301112605,123797457.0,2021-07-09,0.0,56.36188167853932,404.3539892134959,474.4456302408161,-70.09164102732024,10771.744412061076,11689.7375,12607.730587938922,15.705965817263614,0.48595824462693854,-0.03751903435053313,-0.036823915884871994,12052.75546875,11689.7375,0,11663.95703125
11663.95703125,11663.95703125,11663.95703125,11663.95703125,0.0,2021-07-12,0.0,56.36188167853932,356.34063475702715,450.82463114405834,-94.4839963870312,10874.7777275514,11725.2728515625,12575.7679755736,14.507041921805072,0.46395286781697054,0.0,0.0,12017.91689453125,11725.2728515625,-1,11212.44921875
11212.44921875,11513.45473918826,11024.320436532544,11325.325956970804,30247991.0,2021-07-13,0.0,43.51916390083127,278.64475508592477,416.3886559324317,-137.7439008465069,10930.443903892663,11738.2328125,12546.021721107338,13.763381958945745,0.17455384188396833,-0.03947879299262195,-0.03870966013423427,11928.17275390625,11738.2328125,0,11212.44921875
11212.44921875,11212.44921875,11212.44921875,11212.44921875,0.0,2021-07-14,0.0,43.519163900831266,214.59647608337036,376.0302199626194,-161.43374387924905,11039.884280937355,11759.55400390625,12479.223726875147,12.239745193224822,0.11989175888958693,0.0,0.0,11841.215625,11759.55400390625,-1,11024.3212890625
11024.3212890625,11080.75966253738,10723.315745346958,10760.942212846396,38873411.0,2021-07-15,0.0,39.20255052793222,146.96330041019246,330.21683605213406,-183.2535356419416,11016.067029556762,11754.746337890625,12493.425646224488,12.568187982972987,0.005587173901186183,-0.016920840033969355,-0.016778486663993397,11732.65869140625,11754.746337890625,0,11024.3212890625
11024.3212890625,11024.3212890625,11024.3212890625,11024.3212890625,0.0,2021-07-16,0.0,39.20255052793222,92.29954966442347,282.6333787745919,-190.33382911016844,10957.340548917002,11740.88056640625,12524.420583895497,13.347210425275286,0.04274238625369085,0.0,0.0,11624.1017578125,11740.88056640625,-1,10215.3681640625
10215.3681640625,10798.566384129606,10196.555375362448,10535.186457146132,53363220.0,2021-07-19,0.0,26.228501487624996,-16.111895218042264,222.8843239760651,-238.99621919410737,10657.956197857911,11685.173681640625,12712.391165423338,17.581552688372017,-0.21543053967772596,-0.07621058922137106,-0.07337895039421449,11434.64951171875,11685.173681640625,1,10497.5615234375
10497.5615234375,10497.5615234375,9970.801637170589,10422.310364023024,37411108.0,2021-07-20,0.0,34.38614766712176,-78.35487441834084,162.63648429718393,-240.99135871552477,10468.627036466689,11624.763623046874,12780.90020962706,19.89092637183722,0.012513437991093421,0.027249725195647657,0.02762439442640474,11273.4166015625,11624.763623046874,0,10535.1875
10535.1875,10760.941871930272,10497.561918875426,10572.813081124576,29510335.0,2021-07-21,0.0,35.411695259825436,-123.22630586751075,105.463926264245,-228.69023213175575,10313.736677376508,11567.628369140624,12821.52006090474,21.6793218410987,0.08830540312135335,0.00357785058511556,0.0035842587327059583,11115.9462890625,11567.628369140624,1,10666.8759765625
10666.8759765625,10723.314342654805,10347.05768352336,10535.186455680452,24582350.0,2021-07-22,0.0,39.00504019537103,-146.47263373446913,55.07661426450218,-201.5492479989713,10201.272395392656,11515.684033203124,12830.095671013592,22.82819907216333,0.1771148275685694,0.012422391827252329,0.012499870226562182,10971.64482421875,11515.684033203124,-1,10441.123046875
10441.123046875,10685.689312465707,10441.123046875,10572.812574500766,28541891.0,2021-07-23,0.0,35.37196403341247,-181.02514558553776,7.856262294494201,-188.88140788003196,10057.07742012939,11451.058447265625,12845.03947440186,24.346762939963874,0.1377513822891067,-0.0213910885329861,-0.0211639218627393,10849.36142578125,11451.058447265625,-1,10234.1806640625
10234.1806640625,10403.496642769409,10083.678358707657,10271.80624040121,38543369.0,2021-07-26,0.0,32.39337425453189,-222.5414615269965,-38.22328246980394,-184.31817905719257,9894.048942447771,11362.150341796874,12830.251741145978,25.841963980155004,0.11584067754636351,-0.02001898466316342,-0.01981993525825143,10706.3837890625,11362.150341796874,0,10309.43359375
10309.43359375,10441.124018817332,10271.808010925866,10309.43359375,27935770.0,2021-07-27,0.0,34.55165934412376,-246.5293219444975,-79.88449036474265,-166.64483157975485,9776.534461676556,11272.127490234376,12767.720518792195,26.536126917541146,0.17815646432482754,0.007326195413447766,0.007353097639926531,10616.0822265625,11272.127490234376,0,10384.685546875
10384.685546875,10478.749503050318,10290.620705516827,10328.246287986954,14844182.0,2021-07-28,0.0,36.72695035061655,-256.51077390898536,-115.20974707359119,-141.30102683539417,9692.542172442563,11187.2607421875,12681.979311932437,26.721797304827405,0.2315296633233593,0.007272818360684537,0.007299329535486843,10533.305859375,11187.2607421875,1,10685.6884765625
10685.6884765625,10685.6884765625,10459.935018292503,10497.560594670835,36427486.0,2021-07-29,0.0,44.65130237654315,-237.39617038576034,-139.64703173602504,-97.7491386497353,9671.548654513641,11116.050634765625,12560.552615017608,25.98948183510933,0.3510344173678284,0.02857314330743885,0.028985271468145557,10499.442578125,11116.050634765625,1,10873.818359375
10873.818359375,10986.695100092029,10685.689572997151,10723.315153236159,45697332.0,2021-07-30,0.0,48.954343826062065,-204.707459932255,-152.65911737527105,-52.048342556983954,9684.971517409624,11054.247021484374,12423.522525559125,24.773745356214828,0.4341152815585882,0.017452593834747197,0.017605780219509093,10484.39228515625,11054.247021484374,0,10836.1923828125
10836.1923828125,10949.069119401169,10760.94122508672,10873.81796167539,3044192160.0,2021-08-02,0.0,48.14810811744013,-179.76530075649316,-158.08035405151549,-21.684946704977676,9712.57872870913,10990.562109375,12268.54549004087,23.25601489619433,0.4396041729110483,-0.00346623635351236,-0.003460235891292074,10546.47470703125,10990.562109375,1,11024.3212890625
11024.3212890625,11061.946871379087,10836.193377479569,10873.818959796155,46544118.0,2021-08-03,0.0,52.371756840429974,-143.16768152184522,-155.09781954558144,11.93013802373622,9771.247610323799,10936.283642578124,12101.31967483245,21.305885442080204,0.5377832290362833,0.017212180246699037,0.017361163368453614,10599.15068359375,10936.283642578124,0,11024.3212890625
11024.3212890625,11024.3212890625,11024.3212890625,11024.3212890625,0.0,2021-08-04,0.0,52.371756840429974,-112.86279258846844,-146.65081415415884,33.7880215656904,9854.110876280465,10882.00517578125,11909.899475282036,18.891634085755523,0.5692270174814509,0.0,0.0,10648.0640625,10882.00517578125,1,11287.7001953125
11287.7001953125,11287.7001953125,11061.945837333144,11137.197880114774,40155757.0,2021-08-05,0.0,57.93512287758532,-66.8231771980627,-130.6852867629396,63.8621095648769,9965.28727039213,10840.895654296875,11716.504038201621,16.153801527601487,0.7551394831460584,0.02360979624946666,0.02389071393549691,10710.146484375,10840.895654296875,-1,11156.009765625
11156.009765625,11325.324856504085,11137.196977749547,11287.699280753177,32967345.0,2021-08-06,0.0,54.50680036901188,-40.495955232523556,-112.6474204568564,72.15146522433284,10014.085846965329,10815.498291015625,11616.910735065921,14.81970451081344,0.7124445890111513,-0.011735309470033036,-0.011666719297008576,10781.63515625,10815.498291015625,0,11250.07421875
11250.07421875,11250.07421875,10949.068713814277,11024.319868752522,30965652.0,2021-08-09,0.0,56.48746142503626,-11.904004950607487,-92.49873735560662,80.59473240499914,10067.711438574643,10794.804150390624,11521.896862206606,13.471160785991115,0.8130756648779331,0.00839638071627418,0.00843172918464452,10883.22451171875,10794.804150390624,0,11250.07421875
11250.07421875,11250.07421875,11250.07421875,11250.07421875,0.0,2021-08-10,0.0,56.48746142503626,10.632753873693218,-71.87243910974665,82.50519298343987,10064.863484323261,10796.685400390625,11528.507316457988,13.55641826964572,0.8097671772360815,0.0,0.0,10977.28857421875,10796.685400390625,0,11174.8232421875
11174.8232421875,11362.951132536067,11099.57120086532,11174.8232421875,47056286.0,2021-08-11,0.0,54.29428402287546,22.165660760980245,-53.06481913560127,75.23047989658151,10067.301720447233,10794.8041015625,11522.306482677768,13.47875096705025,0.7611806851012823,-0.0067114027302663795,-0.006688931566076528,11056.30234375,10794.8041015625,0,11099.5712890625
11099.5712890625,11287.700066088692,11099.5712890625,11212.448909351318,23468880.0,2021-08-12,0.0,52.115188169988365,24.945809089926115,-37.462693490495795,62.40850258042191,10065.310644943978,10798.5666015625,11531.82255818102,13.5806164590849,0.7052521256616259,-0.006756838155189116,-0.00673406205128213,11097.690625,10798.5666015625,0,11137.197265625
11137.197265625,11174.822842348458,10949.068496824993,11099.570803718821,27125119.0,2021-08-13,0.0,53.12814069828635,29.84120765930129,-24.00191326053638,53.84312091983767,10061.955810287354,10804.210400390624,11546.464990493894,13.740098768836154,0.7243077171055603,0.0033841259244704923,0.0033898585434175565,11124.028515625,10804.210400390624,1,11663.95703125
11663.95703125,11739.208189898927,11099.571571017479,11137.198035524725,76984594.0,2021-08-16,0.0,64.46231603943897,75.35728519047188,-4.130073570334728,79.48735876080661,10094.67436891681,10876.63984375,11658.605318583188,14.378806066333555,1.0034219622470888,0.046212880491868585,0.04729733639996181,11206.80498046875,10876.63984375,0,11663.95703125
11663.95703125,11663.95703125,11663.95703125,11663.95703125,0.0,2021-08-17,0.0,64.46231603943899,110.15925721414533,18.727792586561282,91.43146462758405,10099.857787976189,10934.959619140625,11770.061450305062,15.27398107081564,0.9364721671684556,0.0,0.0,11270.7685546875,10934.959619140625,0,11701.5830078125
11701.5830078125,11795.646959316884,11663.957427210747,11663.957427210747,30016239.0,2021-08-18,0.0,65.16022321107751,139.171885765154,42.816611222279825,96.35527454287418,10113.985859476066,10993.27939453125,11872.572929586433,15.996928732523607,0.9027685778656374,0.0032206410827770194,0.003225832919453664,11338.4947265625,10993.27939453125,0,11701.5830078125
11701.5830078125,11701.5830078125,11400.577477815661,11588.70626600724,50784556.0,2021-08-19,0.0,65.16022321107751,160.3165732536636,66.31660362855658,93.99996962510701,10125.733538438728,11045.01474609375,11964.295953748771,16.646083844843044,0.8571095853213289,0.0,0.0,11379.8830078125,11045.01474609375,-1,11250.07421875
11250.07421875,11663.956456093094,11080.758234956207,11663.956456093094,76830414.0,2021-08-20,0.0,51.17386734603545,139.03815921541718,80.86091474592871,58.17724446948847,10207.81421407159,11085.4623046875,11963.11039530341,15.834217220598838,0.5937801356959481,-0.03934940661366064,-0.038585274211279996,11389.289453125,11085.4623046875,-1,10760.94140625
10760.94140625,11193.636455640535,10742.128616501837,11099.571621716934,52994392.0,2021-08-23,0.0,40.92537557624317,81.76341492088795,81.04141478092056,0.7220001399673919,10313.707371358452,11111.800341796876,11909.8933122353,14.364782409496835,0.28018918312603647,-0.044451683657216204,-0.04347818538697146,11340.376171875,11111.800341796876,0,10742.12890625
10742.12890625,10817.380067272406,10572.812908766777,10760.9416965056,33680669.0,2021-08-24,0.0,40.588692583641766,34.45755070242922,71.7246419652223,-37.26709126279309,10406.650239496483,11133.435107421876,11860.219975347269,13.055896242497461,0.23079640314412497,-0.0017497505729497675,-0.001748220651872856,11289.581640625,11133.435107421876,0,10760.94140625
10760.94140625,10760.94140625,10478.74867484477,10610.43820308191,44185161.0,2021-08-25,0.0,41.11042950988171,-1.4974147188986535,57.08023062839812,-58.57764534729677,10490.499913763626,11152.247900390625,11813.995887017623,11.867526485020475,0.20433873464794633,0.0017497505729496769,0.0017512822797214334,11248.19345703125,11152.247900390625,-1,10572.8125
10572.8125,10779.754069993638,10535.186920943479,10760.941280465378,30745704.0,2021-08-26,0.0,37.55835005308325,-44.65762898382309,36.73265870595388,-81.39028768977697,10466.433066178639,11146.6041015625,11826.77513694636,12.204094254832578,0.07820050273187897,-0.017637194450904347,-0.01748256952135563,11195.517578125,11146.6041015625,0,10535.1875
10535.1875,10554.000290562288,10252.994756382866,10441.123547188563,44813927.0,2021-08-27,0.0,36.87217476587181,-80.96511732262479,13.193103500238148,-94.15822082286294,10405.475771712787,11129.67255859375,11853.869345474712,13.013802213287502,0.08955558118799976,-0.0035650028281951104,-0.003558655750303008,11135.3166015625,11129.67255859375,1,10685.6884765625
10685.6884765625,10873.817243636877,10535.186171049168,10572.8117474275,38164664.0,2021-08-30,0.0,41.477879713608985,-96.48269988709762,-8.742057177229007,-87.74064270986861,10382.154708361504,11122.14736328125,11862.140018200997,13.306650788727437,0.205092419622675,0.014184475712673986,0.014285552731026385,11037.48974609375,11122.14736328125,-1,10497.5615234375
10497.5615234375,10798.567046278195,10497.5615234375,10760.941466570956,24966114.0,2021-08-31,0.0,37.7684990969274,-122.54811040898312,-31.503267823579833,-91.04484258540329,10305.378166588811,11095.809375,11886.24058341119,14.24738262342741,0.12156867973051583,-0.017762326297789684,-0.01760550605023059,10920.8501953125,11095.809375,0,10497.5615234375
10497.5615234375,10610.438262559213,10422.310364023024,10497.5615234375,30712218.0,2021-09-01,0.0,37.7684990969274,-141.57316867645386,-53.517247994154644,-88.05592068229922,10235.125976070902,11069.47138671875,11903.816797366597,15.07471100469897,0.15727032474645236,0.0,0.0,10800.448046875,11069.47138671875,0,10497.5615234375
10497.5615234375,10497.5615234375,10497.5615234375,10497.5615234375,0.0,2021-09-02,0.0,37.7684990969274,-154.86547166462697,-73.78689272824911,-81.07857893637785,10164.867028972596,11029.964453125,11895.061877277403,15.686313910237578,0.1922872991968899,0.0,0.0,10680.0458984375,11029.964453125,0,10497.5615234375
10497.5615234375,10497.5615234375,10497.5615234375,10497.5615234375,0.0,2021-09-03,0.0,37.7684990969274,-163.51482048254547,-91.73247827910839,-71.78234220343708,10102.525749214774,10997.042041015626,11891.558332816478,16.26830721324112,0.22080971461539003,0.0,0.0,10604.79462890625,10997.042041015626,1,10648.0634765625
10648.0634765625,10666.87626577,10422.310006072496,10516.373952109998,41749595.0,2021-09-06,0.0,43.23139494675612,-156.42210525604423,-104.67040367449557,-51.75170158154866,10067.772643094428,10966.94150390625,11866.110364718072,16.397805358796752,0.32268178912699,0.014235048105697605,0.01433684887571074,10593.5068359375,10966.94150390625,1,10760.94140625
10760.94140625,10855.005354990815,10666.8765723264,10723.314941570889,49118446.0,2021-09-07,0.0,46.98996233208402,-140.0780393313653,-111.75193080586952,-28.32610852549577,10049.152084853824,10942.48486328125,11835.817641708676,16.327786413945258,0.39838979302269134,0.010544999758517356,0.010600794213516451,10595.3880859375,10942.48486328125,0,10760.94140625
10760.94140625,10760.94140625,10760.94140625,10760.94140625,0.0,2021-09-08,0.0,46.98996233208402,-125.67652854329754,-114.53685035335513,-11.139678189942401,10031.95123567401,10921.790771484375,11811.63030729474,16.29475521786482,0.4096188926423168,0.0,0.0,10595.3880859375,10921.790771484375,0,10685.6884765625
10685.6884765625,10723.314052940834,10535.186171049168,10610.437323805834,25285556.0,2021-09-09,0.0,44.70161935082344,-118.96416515400233,-115.42231331348458,-3.541851840517751,10009.416746159643,10901.096630859374,11792.776515559106,16.35945290449989,0.37921217132232843,-0.00701772156642543,-0.0069931548594617254,10606.67568359375,10901.096630859374,0,10610.4375
10610.4375,10685.688654006268,10610.4375,10685.688654006268,20420207.0,2021-09-10,0.0,42.47413834321345,-118.35240091205924,-116.00833083319952,-2.3440700788597155,9981.32561174443,10874.758642578125,11768.191673411819,16.431316964325454,0.3520755706046164,-0.007067134167222585,-0.007042220698044166,10614.20068359375,10874.758642578125,-1,10497.5615234375
10497.5615234375,10648.06384226645,10441.123153876644,10516.374313291119,33239810.0,2021-09-13,0.0,39.309916402049915,-125.5287045404566,-117.91240557465095,-7.616298965805655,9990.162896499149,10816.4388671875,11642.714837875852,15.278151725054784,0.3070394425942516,-0.010695192130567056,-0.010638201917922752,10595.38798828125,10816.4388671875,-1,10384.685546875
10384.685546875,10535.187876755508,10384.685546875,10422.311129345127,23053557.0,2021-09-14,0.0,36.39038161904018,-138.72498950740192,-122.07492236120115,-16.65006714620077,10008.478402992387,10752.47529296875,11496.472182945112,13.838616127076833,0.25282843849963255,-0.010810817009649283,-0.010752590143004781,10584.100390625,10752.47529296875,0,10328.2451171875
10328.2451171875,10384.68436967765,10234.181171675176,10347.057906289965,28790265.0,2021-09-15,0.0,34.99098389886639,-151.9854181089122,-128.05702151074337,-23.92839659816883,10065.808746253133,10683.8083984375,11301.808050621868,11.568901821091245,0.2123272804497262,-0.005449790789523934,-0.0054349676196487895,10567.16875,10683.8083984375,1,10459.9365234375
10459.9365234375,10459.9365234375,10347.058892877127,10347.058892877127,23546692.0,2021-09-16,0.0,40.71921228534187,-150.13731787523648,-132.473080783642,-17.664237091594487,10224.020518153511,10621.72607421875,11019.431630283989,7.48852970385966,0.2965963156487681,0.01267000358305894,0.012750608138729191,10563.40625,10621.72607421875,0,10478.748046875
10478.748046875,10535.186412737254,10403.496892391995,10535.186412737254,23408171.0,2021-09-17,0.0,41.51201406175459,-145.47777516295173,-135.07401965950393,-10.403755503447798,10312.807075240647,10583.159765625,10853.512456009352,5.109111009785199,0.3068972078628833,0.0017968204674476715,0.001798435716636515,10561.52490234375,10583.159765625,1,10629.2509765625
10629.2509765625,10723.314925159355,10572.812607404388,10591.625397123758,40145880.0,2021-09-20,0.0,47.555110098754284,-128.16333818921885,-133.69188336544693,5.528545176228079,10318.309281181762,10576.575244140626,10834.84120709949,4.883735178869768,0.6019796256122695,0.014260516126026074,0.014362682356160228,10559.64365234375,10576.575244140626,0,10629.2509765625
10629.2509765625,10629.2509765625,10629.2509765625,10629.2509765625,0.0,2021-09-21,0.0,47.555110098754284,-113.13734525322798,-129.58097574300314,16.44363048977516,10323.178985042881,10570.93134765625,10818.683710269617,4.687427331902951,0.6176974223193623,0.0,0.0,10546.474609375,10570.93134765625,0,10629.2509765625
10629.2509765625,10629.2509765625,10629.2509765625,10629.2509765625,0.0,2021-09-22,0.0,47.555110098754284,-100.07552918938018,-123.67988643227855,23.604357242898374,10331.293366800855,10564.346826171875,10797.400285542895,4.412075127894486,0.6392473438622028,0.0,0.0,10533.30556640625,10564.346826171875,-1,10497.5615234375
10497.5615234375,10610.438262559213,10459.935943730263,10535.187103144737,28407947.0,2021-09-23,0.0,42.7302137778751,-99.20659230386445,-118.78522760659574,19.578635302731286,10325.683819390275,10560.58427734375,10795.484735297227,4.448626170380018,0.3658522114956179,-0.012466732377359346,-0.012389344594024077,10514.49287109375,10560.58427734375,1,10798.56640625
10798.56640625,10855.004772465769,10535.186478727004,10535.186478727004,6591.0,2021-09-24,0.0,54.17484844621442,-73.38345631673656,-109.7048733486239,36.32141703188735,10316.390630022715,10573.75322265625,10831.115815289786,4.867951562971749,0.9367635196966368,0.0282703908279233,0.028673790778978248,10533.30576171875,10573.75322265625,-1,10535.1875
10535.1875,10911.444196428572,10535.1875,10873.818615303997,22443822.0,2021-09-27,0.0,45.58990910798524,-73.32565903261275,-102.42903048542168,29.10337145280893,10313.89425508129,10566.228173828125,10818.56209257496,4.776234519936841,0.4384928629843295,-0.024692540242807676,-0.024390173319447372,10537.068359375,10566.228173828125,0,10535.1875
10535.1875,10572.813081124576,10459.93633775085,10535.1875,17804684.0,2021-09-28,0.0,45.589909107985235,-72.44475621419588,-96.43217563117652,23.987419416980643,10317.375157425184,10568.10947265625,10818.843787887316,4.745111997180039,0.4343488891300934,0.0,0.0,10552.1185546875,10568.10947265625,0,10459.9365234375
10459.9365234375,10610.438850607543,10441.123732541244,10535.18768702252,26756532.0,2021-09-29,0.0,43.31542641234484,-76.93193582624372,-92.53212767018996,15.600191843946249,10312.715988243363,10566.22822265625,10819.740457069136,4.798537928024352,0.290361795625146,-0.007168454801229978,-0.007142822713169572,10565.2876953125,10566.22822265625,0,10478.748046875
10478.748046875,10591.624778599507,10441.122469633498,10459.935258254249,16007279.0,2021-09-30,0.0,44.066670545497395,-78.07018082270406,-89.63973830069278,11.569557477988724,10310.565772864036,10565.287548828124,10820.009324792212,4.821861682171464,0.3301293605040563,0.0017968204674476715,0.001798435716636515,10567.16884765625,10565.287548828124,-1,10328.2451171875
10328.2451171875,10516.373893394903,10252.993960777641,10497.561104292437,32610081.0,2021-10-01,0.0,39.550467118663896,-90.07821125571354,-89.72743289169694,-0.35077836401660534,10282.14909367245,10556.821728515624,10831.4943633588,5.20369940701454,0.08391084088403858,-0.014466824050506446,-0.014362682356160228,10552.1185546875,10556.821728515624,-1,10196.5556640625
10196.5556640625,10347.057977924167,10121.304507131666,10328.245188691459,1879490387.0,2021-10-04,0.0,36.067348994986645,-108.96482154504156,-93.57491062236586,-15.389910922675696,10219.808616520193,10534.246337890625,10848.684059261057,5.969819031845327,-0.03697544994975213,-0.012832403260659894,-0.01275041903351537,10508.8490234375,10534.246337890625,1,10309.43359375
10309.43359375,10309.43359375,10177.744053865532,10177.744053865532,22797232.0,2021-10-05,0.0,40.87395106237772,-113.51575177904488,-97.56307885370167,-15.952672925343208,10200.951990271018,10511.670947265626,10822.389904260233,5.911885152292257,0.17456547313407814,0.011009375689499296,0.011070201880556185,10476.86728515625,10511.670947265626,0,10309.43359375
10309.43359375,10309.43359375,10309.43359375,10309.43359375,0.0,2021-10-06,0.0,40.87395106237772,-115.78766860877295,-101.20799680471593,-14.579671804057014,10189.212771182387,10489.095556640625,10788.978342098862,5.717991295605704,0.20044635503820094,0.0,0.0,10444.885546875,10489.095556640625,0,10403.498046875
10403.498046875,10497.562000417094,10365.872465458162,10497.562000417094,15509566.0,2021-10-07,0.0,44.87909098574159,-108.74442577755144,-102.71528259928304,-6.029143178268399,10187.76245109243,10474.98603515625,10762.209619220068,5.483989822990428,0.37555341509601586,0.009082741296057182,0.00912411455679063,10435.47919921875,10474.98603515625,0,10403.498046875
10403.498046875,10403.498046875,10403.498046875,10403.498046875,0.0,2021-10-08,0.0,44.87909098574159,-101.98696286673476,-102.56961865277339,0.5826557860386288,10183.107601911985,10464.6390625,10746.170523088016,5.380624384779458,0.3914135288871459,0.0,0.0,10395.97236328125,10464.6390625,0,10403.498046875
10403.498046875,10403.498046875,10403.498046875,10403.498046875,0.0,2021-10-11,0.0,44.8790909857416,-95.53040972730014,-101.16177686767875,5.6313671403786145,10177.578606918783,10459.935888671875,10742.293170424966,5.398833888817322,0.4000595248571861,0.0,0.0,10382.80341796875,10459.935888671875,1,10817.3798828125
10817.3798828125,10967.88220229092,10742.12872307329,10967.88220229092,35836061.0,2021-10-12,0.0,59.831955701123874,-56.36697622728934,-92.20281673960088,35.835840512311535,10159.91726485947,10481.57060546875,10803.223946078031,6.137502721995842,1.0220049583624011,0.03901198883080858,0.03978294935729054,10411.02265625,10481.57060546875,0,10760.94140625
10760.94140625,10949.06930373163,10760.94140625,10949.06930373163,23552715.0,2021-10-13,0.0,57.53971947311576,-29.543230433378994,-79.6708994783565,50.12766904497751,10167.092288971084,10503.205419921875,10839.318550872666,6.400201034119944,0.8834066012224013,-0.005231046892316856,-0.005217388792287281,10441.12314453125,10503.205419921875,0,10760.94140625
10760.94140625,10760.94140625,10760.94140625,10760.94140625,0.0,2021-10-14,0.0,57.53971947311576,-8.190800191046947,-65.37487962089459,57.18407942984764,10163.842102762013,10518.2556640625,10872.669225362988,6.739017810936172,0.8423764899077038,0.0,0.0,10469.34248046875,10518.2556640625,0,10685.6884765625
10685.6884765625,10817.378879069378,10666.875688373333,10817.378879069378,19729046.0,2021-10-15,0.0,54.32150164108787,2.6285715643825824,-51.77418938383916,54.40276094822174,10167.034668542017,10528.602685546875,10890.170702551733,6.8683001496713345,0.717228548471855,-0.00701772156642543,-0.0069931548594617254,10505.08681640625,10528.602685546875,0,10685.6884765625
10685.6884765625,10685.6884765625,10685.6884765625,10685.6884765625,0.0,2021-10-18,0.0,54.32150164108787,11.075332095681006,-39.204285087935126,50.27961718361613,10165.692157780433,10531.424560546875,10897.156963313317,6.9455447487429005,0.7108972500778644,0.0,0.0,10554.00009765625,10531.424560546875,0,10610.4375
10610.4375,10723.3142310094,10572.811922996867,10723.3142310094,18524272.0,2021-10-19,0.0,51.01260434320045,11.56402290472397,-29.05062348940331,40.61464639412728,10165.715396579193,10530.48388671875,10895.252376858307,6.927858093959196,0.6095950108665643,-0.007067134167222585,-0.007042220698044166,10584.10048828125,10530.48388671875,0,10610.4375
10610.4375,10723.3142310094,10459.935191987466,10723.3142310094,21531991.0,2021-10-20,0.0,51.01260434320045,11.815116582409246,-20.8774754750408,32.69259205745004,10165.751430616234,10529.543212890625,10893.334995165016,6.909925244031951,0.6111821253955102,0.0,0.0,10614.20087890625,10529.543212890625,-1,10497.5615234375
10497.5615234375,10723.315001680927,10497.5615234375,10723.315001680927,24561873.0,2021-10-21,0.0,46.12489208403051,2.8728457883462397,-16.127411222363392,19.000257010709632,10165.751430616234,10529.543212890625,10893.334995165016,6.909925244031951,0.45604396386694257,-0.010695192130567056,-0.010638201917922752,10623.6072265625,10529.543212890625,0,10497.5615234375
10497.5615234375,10591.625472705595,10478.748733583881,10591.625472705595,18258070.0,2021-10-22,0.0,46.12489208403051,-4.165945811428173,-13.735118140176349,9.569172328748175,10173.363161087462,10514.49296875,10855.62277641254,6.488754306582482,0.4751832807743818,0.0,0.0,10633.01357421875,10514.49296875,0,10497.5615234375
10497.5615234375,10497.5615234375,10497.5615234375,10497.5615234375,0.0,2021-10-25,0.0,46.12489208403052,-9.63319340884118,-12.914733193909317,3.281539785068137,10171.547401716249,10512.611669921875,10853.6759381275,6.488668637527264,0.4779364948378278,0.0,0.0,10642.419921875,10512.611669921875,0,10497.5615234375
10497.5615234375,10497.5615234375,10497.5615234375,10497.5615234375,0.0,2021-10-26,0.0,46.12489208403052,-13.806869521813496,-13.093160459490154,-0.7137090623233426,10169.775359530979,10510.73037109375,10851.685382656522,6.487751079610119,0.4806882914025948,0.0,0.0,10610.4380859375,10510.73037109375,0,10497.5615234375
10497.5615234375,10497.5615234375,10497.5615234375,10497.5615234375,0.0,2021-10-27,0.0,46.12489208403052,-16.919500441985292,-13.858428455989182,-3.0610719859961097,10172.422311218384,10512.61162109375,10852.800930969117,6.472022788186525,0.4778798198247844,0.0,0.0,10584.10009765625,10512.61162109375,1,10723.314453125
10723.314453125,10779.753704981473,10666.876086451273,10779.753704981473,21156176.0,2021-10-28,0.0,57.830244824854695,-1.156575855173287,-11.318057935826003,10.161482080652716,10172.413779959375,10524.83994140625,10877.266102853124,6.69703602922033,0.7815831136143805,0.021277297585823474,0.02150527331356611,10580.33740234375,10524.83994140625,0,10723.314453125
10723.314453125,10760.94091609023,10610.437719777547,10723.314453125,25763756.0,2021-10-29,0.0,57.830244824854695,11.206474186974447,-6.813151511265913,18.01962569824036,10194.282699673398,10544.593408203125,10894.904116732852,6.644366358539802,0.7550893258044787,0.0,0.0,10584.1,10544.593408203125,0,10723.314453125
10723.314453125,10723.314453125,10723.314453125,10723.314453125,0.0,2021-11-01,0.0,57.830244824854695,20.764915397354343,-1.297538129541862,22.062453526896206,10253.094658745567,10570.93134765625,10888.768036566931,6.013409385752024,0.7397191872200337,0.0,0.0,10587.86259765625,10570.93134765625,0,10723.314453125
10723.314453125,10685.688875342516,10629.250508668789,10648.063297560031,20725435.0,2021-11-02,0.0,57.830244824854695,28.017085400957512,4.565386576558013,23.4516988243995,10292.109841031099,10591.625390625,10891.140940218902,5.655705116969352,0.7198367708764208,0.0,0.0,10599.15029296875,10591.625390625,1,10967.8828125
10967.8828125,11099.572349370297,10685.690062595093,10685.690062595093,66121634.0,2021-11-03,0.0,67.97055739539232,52.889428625707296,14.23019498638787,38.659233639319424,10311.202540195522,10624.5478515625,10937.893162929478,5.8985156967577925,1.0478539944314003,0.022550965796404265,0.022807161017620592,10634.89482421875,10624.5478515625,0,10873.818359375
10873.818359375,11043.133470450543,10855.005569255496,11005.507890211533,25995990.0,2021-11-04,0.0,61.81388234946143,64.26986163084439,24.238128315279177,40.03173331556521,10333.976112157276,10648.0638671875,10962.151622217725,5.899434093330351,0.8593812375235309,-0.008613343249691038,-0.00857635468331186,10672.5205078125,10648.0638671875,0,10779.7548828125
10779.7548828125,10892.631628493233,10760.94209186571,10892.631628493233,19451039.0,2021-11-05,0.0,56.32012832394021,64.95009606429085,32.38052186508151,32.569574199209335,10369.858392116492,10666.876708984375,10963.895025852258,5.568983779810898,0.6900188766444568,-0.008688087383212613,-0.008650455015316805,10700.73984375,10666.876708984375,0,10723.314453125
10723.314453125,10836.1920716552,10685.688875342516,10779.753704981473,32781365.0,2021-11-08,0.0,53.261341178782274,60.2405007756588,37.95251764719697,22.287983128461832,10412.294178891625,10682.867529296875,10953.440879702124,5.065556596358135,0.5747429925518279,-0.005249535163500587,-0.005235780432956805,10723.31513671875,10682.867529296875,0,10760.94140625
10760.94140625,10892.63093448714,10723.314941570889,10760.94140625,29784969.0,2021-11-09,0.0,55.015395160589854,58.865725789970384,42.135159275751654,16.73056651421873,10414.243978927225,10680.04560546875,10945.847232010274,4.97753729451155,0.6521732613788443,0.0035027502783915956,0.0035088920771166876,10749.653125,10680.04560546875,0,10760.94140625
10760.94140625,10836.192565242653,10742.128616501837,10836.192565242653,25531040.0,2021-11-10,0.0,55.015395160589854,57.117788399018536,45.13168510040503,11.986103298613507,10414.243978927225,10680.04560546875,10945.847232010274,4.97753729451155,0.6521732613788443,0.0,0.0,10775.99111328125,10680.04560546875,-1,10572.8125
10572.8125,10760.941280465378,10535.186920943479,10760.941280465378,30985406.0,2021-11-11,0.0,45.18284580829516,40.089972697856865,44.1233426198954,-4.033369922038538,10403.579111222383,10670.63916015625,10937.699209090117,5.005511758490691,0.3168451991475609,-0.017637194450904347,-0.01748256952135563,10760.94091796875,10670.63916015625,1,10742.12890625
10742.12890625,10742.12890625,10535.187328255573,10535.187328255573,22827104.0,2021-11-12,0.0,53.27651296044885,39.79894753087501,43.258463602091325,-3.4595160712163135,10404.545187316533,10673.461181640625,10942.377175964717,5.038965144439805,0.6276750473358198,0.015887443877954495,0.016014320338131327,10762.82236328125,10673.461181640625,0,10760.94140625
10760.94140625,10911.443724235303,10704.502151822726,10798.566985746327,30381213.0,2021-11-15,0.0,54.0876432060665,40.61809935126257,42.73039075192558,-2.112291400663011,10405.496317633128,10677.223828125,10948.951338616871,5.089853221510841,0.6540469310108831,0.0017497505729496769,0.0017512822797214334,10766.58505859375,10677.223828125,0,10779.7548828125
10779.7548828125,10892.631628493233,10723.315624789291,10836.193255652866,33451567.0,2021-11-16,0.0,54.930293364548675,42.29779079557011,42.643870760654494,-0.3460799650843853,10412.178791278579,10685.689697265625,10959.200603252671,5.119199859547401,0.671958747325655,0.0017467848851090797,0.0017483114025296231,10772.2291015625,10685.689697265625,0,10798.56640625
10798.56640625,10798.56640625,10685.688788635722,10779.753617511411,16695791.0,2021-11-17,0.0,55.80375273714858,44.63239660825457,43.04157593017451,1.590820678080057,10419.549734789292,10695.096142578124,10970.642550366956,5.152761679099961,0.6877546953019459,0.0017435580785992188,0.0017450789597723837,10755.2974609375,10695.096142578124,-1,10648.0634765625
10648.0634765625,10798.566675405264,10648.0634765625,10798.566675405264,22492967.0,2021-11-18,0.0,47.81895800693578,33.94694071311278,41.222648886762165,-7.2757081736493845,10441.971338911142,10702.621240234375,10963.271141557609,4.870767552594907,0.39534282692050976,-0.0140353427222257,-0.013937306492868506,10732.72197265625,10702.621240234375,0,10648.0634765625
10648.0634765625,10892.630621442766,10535.186741317499,10610.437898147498,44019899.0,2021-11-19,0.0,47.81895800693578,25.188285060641647,38.01577612153806,-12.827491060896413,10466.273298115528,10710.146337890625,10954.019377665722,4.55405616471022,0.372714791710108,0.0,0.0,10719.55283203125,10710.146337890625,1,10986.6962890625
10986.6962890625,11099.573041994949,10685.690729393069,10704.503521548477,56488984.0,2021-11-22,0.0,62.005452105992326,45.0524882097252,39.42311853917549,5.629369670549707,10482.526766099581,10734.603076171876,10986.67938624417,4.696518507178722,1.0000335271853296,0.031307070147583244,0.031802290927863686,10745.891015625,10734.603076171876,-1,10873.818359375
10873.818359375,11061.946260570046,10855.005569255496,11043.133470450543,23734118.0,2021-11-23,0.0,56.49211150133839,51.09768445448026,41.758031722236446,9.339652732243813,10520.385334478524,10753.41591796875,10986.446501458977,4.3340755210785975,0.758340428116594,-0.010327198120744124,-0.010274055704977747,10757.1787109375,10753.41591796875,1,11626.330078125
11626.330078125,11626.330078125,10817.378447871513,10873.81681018929,103601401.0,2021-11-24,0.0,73.44443916836849,115.28106438180293,56.462638254149745,58.81842612765319,10376.810726094847,10809.854345703125,11242.897965311402,8.01201581000785,1.4427176564342907,0.06691444578907152,0.06920399935697041,10843.717578125,10809.854345703125,0,11626.330078125
11626.330078125,11833.270739956848,11569.891715807224,11776.832377639072,49845984.0,2021-11-25,0.0,73.44443916836849,164.25344393304658,78.02079938992912,86.23264454311746,10291.347187386555,10855.005126953125,11418.663066519695,10.385217380819103,1.1842136844244509,0.0,0.0,10949.0693359375,10855.005126953125,-1,11400.5771484375
11400.5771484375,11720.39545949523,11344.13877916545,11701.582669737882,40396664.0,2021-11-26,0.0,64.67650342541152,182.74150253592234,98.96494001912777,83.77656251679457,10279.037231608861,10888.86826171875,11498.699291828638,11.200999322470077,0.9195497289032204,-0.019608379076202137,-0.01941738520844638,11014.91416015625,10888.86826171875,-1,11212.44921875
11212.44921875,11268.887587860403,11061.946015939478,11174.823639343065,41179369.0,2021-11-29,0.0,58.4177501594088,180.1365682749456,115.19926567029134,64.93730260465426,10292.319044206975,10913.325,11534.330955793026,11.380692058433619,0.7408384460403582,-0.016639282785713257,-0.016501614544425336,11060.06494140625,10913.325,-1,10911.443359375
10911.443359375,11362.951183416035,10873.81778113681,11344.13839429694,49684577.0,2021-11-30,0.0,50.06908060459501,152.03096355309935,122.56560524685295,29.4653583062464,10308.178155301855,10922.7314453125,11537.284735323145,11.252740087725597,0.4908160235076567,-0.027212610376672212,-0.026845683177912916,11073.2337890625,10922.7314453125,1,11099.5712890625
11099.5712890625,11099.5712890625,10836.192240481694,10911.443397219067,25417091.0,2021-12-01,0.0,54.450539043608416,143.28571249477864,126.70962669643811,16.57608579834053,10309.922891870567,10929.315869140624,11548.708846410682,11.334524222489337,0.6374373186085089,0.01709439695295535,0.01724134227630514,11103.33427734375,10929.315869140624,-1,10949.0693359375
10949.0693359375,11174.82369876228,10949.0693359375,11156.01090895878,17612440.0,2021-12-02,0.0,50.62340208090308,122.79528064715123,125.92675748658074,-3.13147683942951,10314.190880056256,10933.07841796875,11551.965955881245,11.321377461179456,0.5129190822153945,-0.013652024466788596,-0.013559258209666525,11133.43486328125,10933.07841796875,-1,10648.0634765625
10648.0634765625,11061.945724310268,10648.0634765625,11024.320145895268,29975044.0,2021-12-03,0.0,43.96731143274464,81.3302836580151,117.00746272086761,-35.6771790628525,10298.00999854181,10926.49384765625,11554.97769677069,11.503852157464966,0.2784904325814663,-0.027876418063489526,-0.027491456135639414,11133.43486328125,10926.49384765625,-1,10347.05859375
10347.05859375,10742.1289615158,10158.930690226109,10648.06412457104,39356670.0,2021-12-06,0.0,38.51389550747315,23.904836292220352,98.38693743513815,-74.4821011429178,10232.778070725994,10907.6810546875,11582.584038649007,12.37482065303829,0.08466440787771393,-0.028675756955080064,-0.028268509431319866,11069.47109375,10907.6810546875,1,10591.625
10591.625,10610.437789014,10403.497109859982,10422.309898873984,18702061.0,2021-12-07,0.0,44.533618306352004,-1.849459992003176,78.33965794970989,-80.18911794171306,10212.41913617769,10899.215234375,11586.01133257231,12.602670622215554,0.27606873773572854,0.0233613090092872,0.023636321765658774,11041.2517578125,10899.215234375,0,10685.6884765625
10685.6884765625,10798.566090880211,10553.998959238335,10610.437323805834,17724703.0,2021-12-08,0.0,46.69521476258863,-14.502611828023873,59.771203994163145,-74.27381582218702,10204.65395671581,10895.452587890624,11586.251219065438,12.680494465050089,0.34817275117396596,0.008841726137884863,0.008880929655506131,10947.18759765625,10895.452587890624,0,10742.12890625
10742.12890625,10760.9416965056,10572.812908766777,10572.812908766777,11054722.0,2021-12-09,0.0,48.00458892992409,-19.748407487120858,43.86728169790634,-63.6156891850272,10225.733341127116,10903.918408203124,11582.103475279133,12.439290935372432,0.3807187670390039,0.005267970993475736,0.005281871150492057,10858.76748046875,10903.918408203124,0,10666.8759765625
10666.8759765625,10798.566382627283,10629.25039916763,10779.753593929849,15240474.0,2021-12-10,0.0,46.369113050218246,-29.636390984427635,29.16654716143955,-58.80293814586719,10217.37178555433,10900.15576171875,11582.93973788317,12.52796732616156,0.3291701377742394,-0.007030054878897292,-0.00700540184764642,10785.39736328125,10900.15576171875,0,10685.6884765625
10685.6884765625,10723.314052940834,10648.062900184166,10666.875688373333,21347215.0,2021-12-13,0.0,46.856550522471466,-35.54493770186491,16.224250188778658,-51.769187890643565,10209.561529277966,10896.393115234376,11583.224701190786,12.606586027006362,0.3466111322046507,0.0017620838854217002,0.001763637267493845,10732.7212890625,10896.393115234376,0,10629.2509765625
10629.2509765625,10760.94138978088,10610.43818684313,10666.876556001242,14772874.0,2021-12-14,0.0,45.51992003708248,-44.27120720752828,4.125158709517272,-48.39636591704555,10193.411749420211,10888.867919921875,11584.324090423539,12.773709362922528,0.3133477317685588,-0.005295593920430253,-0.005281596981213443,10704.50205078125,10888.867919921875,0,10723.314453125
10723.314453125,10779.753704981473,10610.437719777547,10629.250508668789,15430308.0,2021-12-15,0.0,48.17349239598811,-43.09987370746421,-5.319847773879025,-37.780025933585186,10186.783718124809,10885.105322265625,11583.42692640644,12.830773492147843,0.38415733654718803,0.008810565208464237,0.008849492477871701,10666.8763671875,10885.105322265625,0,10629.2509765625
10629.2509765625,10836.192548658364,10610.43818684313,10836.192548658364,13625195.0,2021-12-16,0.0,45.77254343926189,-49.194634779834814,-14.094805175070183,-35.09982960476463,10184.449422473976,10884.164697265625,11583.879972057275,12.85749148884959,0.31784467919538445,-0.00881056520846417,-0.008771865916427313,10634.89453125,10884.164697265625,0,10610.4375
10610.4375,10685.688654006268,10572.811922996867,10648.063077003133,17040287.0,2021-12-17,0.0,45.286387952359476,-54.90990002066974,-22.257824144190096,-32.65207587647964,10179.6988511612,10882.2833984375,11584.867945713799,12.912447168526745,0.3065386582359655,-0.0017715402467923017,-0.001769971995579378,10631.13193359375,10882.2833984375,-1,10497.5615234375
10497.5615234375,10629.251052412832,10497.5615234375,10610.438262559213,17951637.0,2021-12-20,0.0,42.3781540748136,-67.76626949331148,-31.359513214014374,-36.40675627929711,10136.736082990474,10857.82666015625,11578.917237322026,13.28241092320771,0.2501942556684344,-0.010695192130567056,-0.010638201917922752,10646.1822265625,10857.82666015625,0,10516.3740234375
10516.3740234375,10610.437970112991,10478.748444767303,10572.812391442794,15345750.0,2021-12-21,0.0,43.03475470303177,-75.56594620841861,-40.20079981289522,-35.36514639552339,10102.988966301686,10839.954443359375,11576.919920417064,13.597206167396003,0.2804643297446177,0.0017904789879856122,0.0017920828525745947,10638.65712890625,10839.954443359375,-1,10403.498046875
10403.498046875,10554.000372542352,10365.872465458162,10516.374791125514,20868534.0,2021-12-22,0.0,40.083419221146464,-89.8200050562009,-50.12464086155636,-39.69536419464454,10117.529769751225,10778.812841796875,11440.095913842524,12.270053887222163,0.21622228755920278,-0.010791373062262355,-0.01073335508141271,10610.4380859375,10778.812841796875,-1,10271.8076171875
10271.8076171875,10478.749199970627,10196.556454423757,10459.936409279691,24433470.0,2021-12-23,0.0,36.903580257623375,-110.46934464071455,-62.193581617388,-48.275763023326554,10144.62308892837,10711.08671875,11277.55034857163,10.577145805943717,0.11226186604352484,-0.012739082339320822,-0.012658283694017447,10563.40595703125,10711.08671875,1,10591.625
10591.625,10591.625,10252.993912565218,10252.993912565218,16411280.0,2021-12-24,0.0,47.74530168365853,-99.87619446529789,-69.73010418696998,-30.146090278327904,10204.899443980805,10670.639111328124,11136.378778675444,8.729367800526262,0.4151735219611426,0.030660576573502216,0.031135452953515053,10555.880859375,10670.639111328124,0,10591.625
10591.625,10685.688945070007,10497.56105492999,10648.063367042005,9316580.0,2021-12-27,0.0,47.74530168365853,-90.43852758181856,-73.87178886593969,-16.56673871587887,10249.253186061063,10639.597900390625,11029.942614720187,7.337583957289033,0.43855059562799376,0.0,0.0,10546.47451171875,10639.597900390625,0,10648.0634765625
10648.0634765625,10685.6890549775,10553.999530524998,10666.87626577,15143629.0,2021-12-28,0.0,49.520516894640686,-77.5114909805834,-74.59972928886843,-2.911761691714972,10257.51699398571,10626.42890625,10995.340818514289,6.943290460397507,0.5293221357094613,0.005314447945792933,0.005328594673857934,10548.35576171875,10626.42890625,0,10648.0634765625
10648.0634765625,10855.005043027764,10629.250687355,10704.501844185,22240256.0,2021-12-29,0.0,49.520516894640686,-66.50014901687427,-72.9798132344696,6.479664217595328,10309.032474355794,10603.853515625,10898.674556894206,5.560639645479467,0.5749776215889746,0.0,0.0,10540.8306640625,10603.853515625,0,10704.501953125
10704.501953125,10817.379574701521,10648.063584928124,10760.941206504645,11921985.0,2021-12-30,0.0,51.434011597500294,-52.61297813414603,-68.9064462144049,16.29346808025886,10339.964198539728,10591.625146484375,10843.286094429022,4.752074293871314,0.7242636522720481,0.005286353827779002,0.0053003512504152805,10548.35576171875,10591.625146484375,1,10873.818359375
10873.818359375,11043.133470450543,10723.315153236159,10798.567198896983,31300512.0,2021-12-31,0.0,56.73283284915964,-27.62641608204649,-60.65044018793322,33.02402410588673,10322.037448530582,10602.912890625,10883.78833271942,5.298080725397004,0.9822519667969619,0.015693518199060036,0.01581730817476945,10574.69384765625,10602.912890625,0,10873.818359375
10873.818359375,10873.818359375,10873.818359375,10873.818359375,0.0,2022-01-03,0.0,56.73283284915964,-7.735218849409648,-50.06739592022851,42.332177070818865,10350.612507119848,10629.25087890625,10907.889250692653,5.2428600088715696,0.9388618102036372,0.0,0.0,10612.31953125,10629.25087890625,0,10949.0693359375
10949.0693359375,11061.946074758496,10930.256546134,10986.694915544498,21857214.0,2022-01-04,0.0,59.03653429876496,13.94013003413238,-37.265890729356336,51.206020763488716,10334.825433500895,10647.123095703126,10959.420757905356,5.866329512584766,0.9834269941458076,0.006896546036650252,0.006920381973975154,10655.5890625,10647.123095703126,-1,10798.56640625
10798.56640625,10967.881504897308,10779.753617511411,10949.06871615872,21958395.0,2022-01-05,0.0,52.96279524647751,18.75744738908179,-26.06122310566871,44.8186704947505,10333.531916951746,10652.7669921875,10972.002067423255,5.993467715380879,0.7283574478068038,-0.013841075341263798,-0.013745728067819707,10695.0958984375,10652.7669921875,-1,10666.8759765625
10666.8759765625,10760.940805232412,10591.624821772757,10723.314342654805,26246774.0,2022-01-06,0.0,48.28205083204845,11.81271933154494,-18.486434618225978,30.29915394977092,10332.441299825574,10649.004345703124,10965.567391580675,5.945401759654341,0.5282276012505399,-0.012270148415555425,-0.01219517709418172,10734.602734375,10649.004345703124,0,10760.94140625
10760.94140625,10855.005354990815,10648.063782578236,10666.8765723264,22949244.0,2022-01-07,0.0,51.574213068116194,13.740870152345451,-12.040973664111693,25.781843816457144,10333.255349733241,10653.7076171875,10974.159884641758,6.015788661916661,0.6673163212643002,0.008779805451846997,0.008818460990282606,10751.534375,10653.7076171875,-1,10572.8125
10572.8125,10817.379649050159,10572.8125,10742.128490937119,21520427.0,2022-01-10,0.0,45.355757585066414,0.0875043976775487,-9.615278051753846,9.702782449431394,10326.01117148054,10648.063818359375,10970.116465238209,6.049036752081656,0.3831692285583256,-0.017637194450904347,-0.01748256952135563,10749.653125,10648.063818359375,0,10497.5615234375
10497.5615234375,10723.315001680927,10497.5615234375,10629.251052412832,16477288.0,2022-01-11,0.0,43.11634972342994,-16.613501140427616,-11.0149226694886,-5.598578470939016,10312.496872285801,10641.479345703125,10970.461819120448,6.183021415159948,0.28126825303082204,-0.00714285341331076,-0.007117403866047978,10734.6029296875,10641.479345703125,1,10986.6962890625
10986.6962890625,10986.6962890625,10554.00118430521,10610.439560771436,36832932.0,2022-01-12,0.0,57.726884293556466,9.510290651829564,-6.909880005224967,16.42017065705453,10292.462319097782,10654.6484375,11016.834555902218,6.798649819875265,0.9583939509157985,0.04554211825328096,0.046595084442508705,10768.4662109375,10654.6484375,1,11174.8232421875
11174.8232421875,11607.518275171959,11118.38487508293,11174.8232421875,83718898.0,2022-01-13,0.0,61.79172264622799,44.8765478249461,3.447405560809247,41.42914226413686,10251.956778299862,10681.92705078125,11111.89732326264,8.050425179601685,1.0731747320131118,0.016978210537883905,0.01712315951723209,10815.49833984375,10681.92705078125,0,11156.009765625
11156.009765625,11344.137644379538,11005.506577438673,11099.570516815942,22819395.0,2022-01-14,0.0,61.15838147183498,70.57295006869936,16.87251446238727,53.700435606312084,10231.730996324224,10709.2056640625,11186.680331800775,8.917088395091053,0.9678825200077558,-0.0016849779860078778,-0.0016835592075832295,10843.71748046875,10709.2056640625,0,11099.5712890625
11099.5712890625,11569.892789036598,11099.5712890625,11174.823330982632,70899535.0,2022-01-17,0.0,59.19815390346777,85.39899415133914,30.577810400177647,54.82118375116149,10242.498222052502,10739.30615234375,11236.114082634998,9.252142051706475,0.8625798973333099,-0.00507186016918122,-0.0050590200034069666,10866.2927734375,10739.30615234375,1,11250.07421875
11250.07421875,11419.389317361054,11099.571023690769,11174.823063811753,34539261.0,2022-01-18,0.0,62.637245555062144,108.04756445723979,46.07176121159008,61.97580324564971,10241.564651414732,10775.991162109374,11310.417672804017,9.918837212372575,0.9435437306659968,0.013468240885455464,0.01355934619166832,10896.39326171875,10775.991162109374,-1,11137.197265625
11137.197265625,11588.705071489208,11137.197265625,11362.950725965744,29842786.0,2022-01-19,0.0,58.64480472435703,115.55643023727862,59.96869501672779,55.587735220550826,10285.227736153467,10812.676123046875,11340.124509940282,9.756111824512494,0.8076330790293118,-0.010084114960984998,-0.01003344075160617,10930.25634765625,10812.676123046875,1,11362.9521484375
11362.9521484375,11475.828892738353,11005.5082396353,11174.82424126941,37654906.0,2022-01-20,0.0,63.63690434088868,138.13149886209794,75.60125578580183,62.53024307629612,10349.710159575494,10867.233349609374,11384.756539643255,9.524469998658544,0.9789338993636911,0.02006764086377461,0.02027034966052854,10999.86396484375,10867.233349609374,1,11964.962890625
11964.962890625,12153.090792586874,11325.326253589015,11362.95183398139,122708426.0,2022-01-21,0.0,72.99758687512039,202.2680192541975,100.93460847948097,101.33341077471653,10238.99867549459,10935.900244140625,11632.80181278666,12.74520712676453,1.2383127637979596,0.05162436810790698,0.052980135296115005,11120.26611328125,10935.900244140625,0,12077.8388671875
12077.8388671875,12416.46995446388,11908.523766140685,11983.774922161492,77393413.0,2022-01-24,0.0,74.3317966044608,259.21673257203474,132.59103329799174,126.625699274043,10166.410284447233,11010.2109375,11854.011590552767,15.327601947730937,1.1326304239188207,0.00938965491737129,0.009433876025720211,11270.76875,11010.2109375,1,12265.9677734375
12265.9677734375,12303.59335184979,12002.587839368713,12040.213417781002,47790569.0,2022-01-25,0.0,76.42278986602457,315.88806763504545,169.2504401654025,146.63762746964295,10096.712228834103,11091.10615234375,12085.500075853395,17.931375100931888,1.0907425585160238,0.01545630511317325,0.01557637159418479,11447.609375,11091.10615234375,1,12529.34765625
12529.34765625,12755.102026932223,12341.219751667162,12397.658123042014,66771841.0,2022-01-26,0.0,79.00178907008653,377.6991832776039,210.94018878784277,166.7589944897611,10025.117562208112,11185.170361328124,12345.223160448137,20.742693435064822,1.0793603946051145,0.0212451251106641,0.021472409489193378,11601.87451171875,11185.170361328124,0,12416.470703125
12416.470703125,12548.160234101739,12247.155591869194,12416.470703125,42547719.0,2022-01-27,0.0,75.2050299587667,412.81800202715567,251.31575143570538,161.5022505914503,10011.638069228064,11270.768798828125,12529.899528428186,22.34329799633507,0.9549574866863845,-0.009049831268535756,-0.009009004795927589,11726.0392578125,11270.768798828125,1,12679.8505859375
12679.8505859375,12867.978486378484,12491.721800313717,12529.347380401914,57883110.0,2022-01-28,0.0,77.87672860211782,456.63862842820527,292.3803268342054,164.25830159399987,9969.702084501145,11361.07041015625,12752.438735811354,24.493613285087797,0.9739148331410816,0.020990291761980407,0.021212137418905375,11878.42333984375,11361.07041015625,0,12679.8505859375
12679.8505859375,12679.8505859375,12679.8505859375,12679.8505859375,0.0,2022-01-31,0.0,77.87672860211782,485.7671690167408,331.0576952707125,154.70947374602832,9962.16653888661,11451.372021484374,12940.577504082139,26.009206229678107,0.9124610669275042,0.0,0.0,12036.45126953125,11451.372021484374,0,12679.8505859375
12679.8505859375,12679.8505859375,12679.8505859375,12679.8505859375,0.0,2022-02-01,0.0,77.87672860211782,503.05286698192685,365.4567296129554,137.59613736897143,9972.407767355095,11537.911083984374,13103.414400613654,27.136685405772187,0.8647196048143357,0.0,0.0,12179.42890625,11537.911083984374,0,12679.8505859375
12679.8505859375,12679.8505859375,12679.8505859375,12679.8505859375,0.0,2022-02-02,0.0,77.87672860211782,510.86299653320566,394.5379829970055,116.32501353620017,10027.918805009367,11631.97529296875,13236.031780928131,27.58012199233256,0.8266329149984664,0.0,0.0,12333.69423828125,11631.97529296875,0,12679.8505859375
12679.8505859375,12679.8505859375,12679.8505859375,12679.8505859375,0.0,2022-02-03,0.0,77.87672860211782,511.1602433721473,417.86243507203386,93.29780830011345,10130.930224008187,11732.6240234375,13334.317822866813,27.303249404902317,0.7956952704810054,0.0,0.0,12465.38408203125,11732.6240234375,0,12679.8505859375
12679.8505859375,12679.8505859375,12679.8505859375,12679.8505859375,0.0,2022-02-04,0.0,77.87672860211782,505.567941113517,435.4035362803305,70.1644048331865,10242.13224203329,11828.569482421875,13415.00672281046,26.823822487514605,0.7682996471096173,0.0,0.0,12536.8728515625,11828.569482421875,0,12717.4765625
12717.4765625,12980.855631328364,12623.412609347013,12905.604468805976,40475199.0,2022-02-07,0.0,78.39550625135905,498.4265521054622,448.00813944535685,50.41841266010533,10418.327579700695,11935.802685546874,13453.277791393053,25.42728203246351,0.7575573971334596,0.0029629892838786776,0.002967383275338298,12600.83662109375,11935.802685546874,0,12717.4765625
12717.4765625,12849.166096914183,12529.347771011198,12642.225399977611,44960639.0,2022-02-08,0.0,78.39550625135905,487.1513720894018,455.8367859741659,31.314586115235898,10652.52095393474,12046.7984375,13441.07592106526,23.147685101546465,0.740510993294187,0.0,0.0,12645.9875,12046.7984375,-1,12529.34765625
12529.34765625,12849.165979223642,12529.34765625,12717.476446015657,50797083.0,2022-02-09,0.0,69.01145805490329,457.7585248877658,456.22113375688593,1.5373911308798824,10808.108701270754,12123.931005859375,13439.753310447995,21.706199151953225,0.6540544832599471,-0.014903449777323337,-0.014792943028079542,12645.9875,12123.931005859375,1,12698.6630859375
12698.6630859375,12867.97819246714,12435.283146153059,12491.721514996272,57079927.0,2022-02-10,0.0,72.23293300505468,443.0199634953133,453.58089970457144,-10.56093620925816,10940.42365001597,12200.122998046874,13459.822346077779,20.65060078873911,0.6978805850260688,0.01342301409678022,0.013513507193891439,12674.20673828125,12200.122998046874,0,12773.9140625
12773.9140625,12849.165219886074,12679.850115767409,12698.662905113928,34119360.0,2022-02-11,0.0,73.54905196333597,432.4269239136738,449.3501045463919,-16.923180632718072,11098.186227390921,12281.018212890625,13463.85019839033,19.262767386146514,0.7083541262207006,0.00590840848470438,0.005925897557344628,12683.6130859375,12281.018212890625,-1,12040.2138671875
12040.2138671875,12717.476074253356,12040.2138671875,12604.598449620518,65806769.0,2022-02-14,0.0,49.10842582972059,360.67080126593646,431.6142438903008,-70.94344262436437,11275.373140389553,12328.050341796876,13380.727543204199,17.077756372203297,0.3632836000321051,-0.05915292480592557,-0.0574373830701117,12619.6494140625,12328.050341796876,0,12040.2138671875
12040.2138671875,12040.2138671875,12040.2138671875,12040.2138671875,0.0,2022-02-15,0.0,49.10842582972059,300.3414082938798,405.35967677101667,-105.01826847713687,11432.48452544538,12367.55732421875,13302.63012299212,15.121382084759214,0.3249636512469088,0.0,0.0,12555.6857421875,12367.55732421875,1,12284.78125
12284.78125,12435.283572070044,12134.278042747148,12397.657991552533,22430813.0,2022-02-16,0.0,54.90194358500388,269.16174452823725,378.1200903224608,-108.95834579422353,11687.882077844713,12424.9365234375,13161.990969030287,11.864116073389356,0.40492203508468216,0.020108996768448625,0.020312544736352578,12516.17880859375,12424.9365234375,1,12491.7216796875
12491.7216796875,12491.7216796875,12265.968201338306,12284.780991200738,22488149.0,2022-02-17,0.0,59.140526804473495,258.17393118802465,354.1308584955736,-95.95692730754894,11939.763879746492,12481.375,13022.986120253508,8.678709200765276,0.5095517607565527,0.016704959741703385,0.016845267772879646,12497.36591796875,12481.375,-1,12284.78125
12284.78125,12435.283572070044,12247.15566948249,12378.845201293778,30066348.0,2022-02-18,0.0,53.70476528257142,230.1150239955423,329.32769159556733,-99.21266760002504,12003.140138923542,12497.36591796875,12991.591697013957,7.909279159932549,0.2849316274239675,-0.016704959741703263,-0.016566205603507855,12457.858984375,12497.36591796875,0,12284.78125
12284.78125,12378.845201293778,11983.775720677104,12265.968459741245,45344885.0,2022-02-21,0.0,53.70476528257142,205.50915626359347,304.56398452917256,-99.05482826557909,12042.665476344384,12507.713037109375,12972.760597874367,7.436172534263184,0.2603129164437953,0.0,0.0,12414.589453125,12507.713037109375,1,12943.2294921875
12943.2294921875,12943.2294921875,12077.839390114446,12228.34170867227,90239757.0,2022-02-22,0.0,65.42997386095945,236.41485577900676,290.9341587791394,-54.51930300013265,12052.629134471412,12541.576123046874,13030.523111622337,7.797217571034872,0.9107330431779885,0.052211632745064754,0.05359869490451863,12437.16474609375,12541.576123046874,0,12924.4169921875
12924.4169921875,13131.358570027793,12849.165831221142,13018.481828578257,41713941.0,2022-02-23,0.0,64.92403349148043,256.43382427935467,284.0340918791825,-27.600267599827816,12043.400087335507,12561.32958984375,13079.259092351993,8.246412114319586,0.8505181695437126,-0.0014545199021527345,-0.001453462600763955,12476.6716796875,12561.32958984375,-1,12792.7265625
12792.7265625,13093.732070418902,12491.721054581098,12792.7265625,71822930.0,2022-02-24,0.0,61.347892600916744,258.6906590634808,278.96540531604217,-20.274746252561386,12057.059588971892,12580.1423828125,13103.22517665311,8.316007528742537,0.7032031852229848,-0.010241540276834007,-0.010189274283482486,12486.07802734375,12580.1423828125,0,12830.3525390625
12830.3525390625,13131.358056335554,12830.3525390625,12962.042065601996,40484354.0,2022-02-25,0.0,61.992064327284666,260.5122951692647,275.27478328668667,-14.76248811742198,12054.315617074715,12587.66748046875,13121.019343862785,8.474196895041803,0.7275093378781887,0.0029368838505261885,0.0029412007189144607,12491.721875,12587.66748046875,0,12943.2294921875
12943.2294921875,13093.73269592811,12792.727173629679,12811.539963449406,30762809.0,2022-02-28,0.0,63.933973697563296,267.97513116902155,273.81485286315365,-5.839721694132095,12045.354047413966,12600.83642578125,13156.318804148534,8.816595336969367,0.8081943547990108,0.008759176328460743,0.008797650164431792,12582.0234375,12600.83642578125,-1,12792.7265625
12792.7265625,13131.357648260922,12736.28819573697,13018.480914734862,39314511.0,2022-03-01,0.0,59.564149368332686,258.76230308926824,270.8043429083766,-12.042039819108368,12045.352650602925,12606.480224609375,13167.607798615825,8.902208451666965,0.6659572141151667,-0.011696060178986757,-0.011627927155146489,12657.27470703125,12606.480224609375,-1,12228.3408203125
12228.3408203125,12717.47509045656,12190.715243406452,12717.47509045656,124361768.0,2022-03-02,0.0,46.679461997665726,203.5731927885863,257.3581128844186,-53.78492009583226,11999.363912718947,12583.904736328124,13168.445559937301,9.290293209574012,0.19586049283928744,-0.045120496350329886,-0.044117705434423504,12651.6306640625,12583.904736328124,1,12454.0966796875
12454.0966796875,12529.347842640092,11889.712072360224,12378.845516734908,72241625.0,2022-03-03,0.0,51.22450797643364,176.02295335456438,241.09108097844774,-65.06812762388336,11987.159206152175,12572.617041015625,13158.074875879074,9.313221470971582,0.39877976322943226,0.01829334360020696,0.01846169179386936,12647.8681640625,12572.617041015625,0,12378.845703125
12378.845703125,12529.34803129632,12265.96895699651,12416.47128516783,26984189.0,2022-03-04,0.0,49.7036460126221,146.42912144138973,222.15868907103615,-75.72956762964643,11968.252786364868,12557.566796875,13146.880807385132,9.38579933585199,0.34836514102617994,-0.006060595296210505,-0.006042266934159435,12657.274609375,12557.566796875,-1,12115.46484375
12115.46484375,12284.780835549409,12040.213685253719,12115.46484375,45530865.0,2022-03-07,0.0,44.70114273502919,100.563923936008,197.83973604403053,-97.27581210802254,11911.640814884902,12527.4662109375,13143.291606990098,9.831603385446488,0.16548848924678722,-0.02150630126051209,-0.02127668974083019,12640.34296875,12527.4662109375,-1,11663.95703125
11663.95703125,12040.213709677419,11663.95703125,11964.962551028491,61755925.0,2022-03-08,0.0,37.6967731606403,27.465907526537194,163.76497034053187,-136.29906281399468,11755.808006049396,12474.790234375,13193.772462700603,11.52696301608995,-0.06387569204130555,-0.03797923142426164,-0.03726706472454655,12512.41572265625,12474.790234375,0,11569.8935546875
11569.8935546875,11776.834249409812,11381.764765211672,11663.957506834005,58087881.0,2022-03-09,0.0,36.41653864538705,-37.62125910155555,123.48772445211439,-161.10898355366993,11602.799486308959,12426.817529296875,13250.835572284792,13.261931963598093,-0.019966754309250854,-0.008097150331949384,-0.008064456711430412,12376.96337890625,12426.817529296875,0,11682.76953125
11682.76953125,11946.149465173794,11663.956742054212,11776.83347722894,28586458.0,2022-03-10,0.0,39.08979492132607,-79.18239426557011,82.95370070857749,-162.1360949741476,11499.020460271842,12376.0228515625,13253.025242853158,14.17260458887945,0.10475973201608935,0.009708725643910308,0.009756008214679701,12265.96767578125,12376.0228515625,1,11833.271484375
11833.271484375,11927.336312671487,11682.769175392994,11682.769175392994,27135960.0,2022-03-11,0.0,42.55759718342926,-98.83631992238588,46.595696582384804,-145.43201650477067,11441.012074155386,12328.99072265625,13216.969371157114,14.404725714799657,0.2208720957884792,0.012800114433331995,0.012882386554183611,12166.2595703125,12328.99072265625,0,11908.5244140625
11908.5244140625,12040.213944263907,11739.20841862075,11852.085158793385,38500247.0,2022-03-14,0.0,44.26622962265919,-107.10527218644165,15.855502828619514,-122.96077501506116,11423.525469927408,12322.40625,13221.287030072592,14.589370969206469,0.26977934943492965,0.006339299859479911,0.006359435747490982,12062.7890625,12322.40625,0,11889.7119140625
11889.7119140625,12002.588656988566,11795.647076441292,12002.588656988566,20956706.0,2022-03-15,0.0,43.91456199733651,-113.86393538834818,-10.088384814774026,-103.77555057357415,11403.618763039325,12314.88115234375,13226.143541648176,14.79936960871109,0.2667141521083812,-0.0015809998404250401,-0.0015797507185512094,11972.48759765625,12314.88115234375,1,12077.8388671875
12077.8388671875,12190.71560121871,12002.587711166692,12096.651656192702,27044897.0,2022-03-16,0.0,48.33481415162412,-102.85431131846599,-28.641570115512422,-74.21274120295357,11387.153585394242,12304.534033203125,13221.914481012007,14.911258652028275,0.37644430042242844,0.01569879363283679,0.015822667065843232,11957.43740234375,12304.534033203125,0,12134.2783203125
12134.2783203125,12322.407112386212,12115.465529623412,12209.529483068853,24673653.0,2022-03-17,0.0,49.61770968553527,-88.55411601364904,-40.62407929513975,-47.930036718509285,11370.709991800648,12286.661865234375,13202.613738668102,14.909694487897504,0.41681683866717884,0.004662091705100921,0.004672976162840792,11925.45556640625,12286.661865234375,0,12077.8388671875
12077.8388671875,12247.154853417065,12040.213289177096,12228.341179229114,23958884.0,2022-03-18,0.0,48.32543814242013,-80.84338813507384,-48.66794106312658,-32.17544707194726,11355.61027165652,12276.31474609375,13197.019220530981,14.999688318193263,0.3922152088879732,-0.004662091705100979,-0.004651241024406172,11895.3548828125,12276.31474609375,0,12115.46484375
12115.46484375,12153.090422998139,11964.96252675744,12153.090422998139,28166558.0,2022-03-21,0.0,49.27393931294697,-70.87942499291421,-53.11023784908411,-17.769187143830102,11344.362731081392,12267.84892578125,13191.33512048111,15.05538909529812,0.41749520301124976,0.0031104480270774076,0.00311529048998338,11895.3548828125,12267.84892578125,0,12209.5283203125
12209.5283203125,12303.593149982647,12115.464375825099,12115.464375825099,26516589.0,2022-03-22,0.0,51.66264099486353,-54.761519272642545,-53.440494133795795,-1.3210251388467498,11364.072712613375,12231.1638671875,13098.255021761626,14.178391590358263,0.4875240643611299,0.0077339339653604,0.007763918081197252,11949.91201171875,12231.1638671875,0,12096.65234375
12096.65234375,12303.593919752248,12096.65234375,12228.341874271466,21922259.0,2022-03-23,0.0,48.699061712530266,-50.51381896946441,-52.85515910092952,2.3413401314651097,11385.248009637447,12189.775634765625,12994.303259893803,13.200039922533758,0.4421254857465034,-0.009287908253529735,-0.009244908861443357,12002.587890625,12189.775634765625,0,12059.02734375
12059.02734375,12171.90408962737,12040.214552770438,12059.02734375,19549088.0,2022-03-24,0.0,47.716481464100305,-49.61161709125372,-52.20645069899436,2.5948336077406395,11398.994925301753,12153.090673828125,12907.186422354496,12.409941944238577,0.43763170641000165,-0.003115211901676049,-0.003110364663777343,12040.213671875,12153.090673828125,0,11964.962890625
11964.962890625,12115.465212194498,11964.962890625,12059.026841605937,19498498.0,2022-03-25,0.0,45.25794863965206,-55.84310627252853,-52.9337818137012,-2.909324458827328,11423.043765303215,12109.82119140625,12796.598617509286,11.342486651915355,0.39453766586125555,-0.007830916754603345,-0.00780033500577082,12053.3828125,12109.82119140625,0,11852.0849609375
11852.0849609375,12021.40095355273,11701.58264321977,11964.962584408582,31203668.0,2022-03-28,0.0,42.43257938310313,-69.09344567711742,-56.165714586384446,-12.92773109073297,11483.52071991946,12055.26396484375,12627.007209768042,9.485370815465208,0.32231621824132345,-0.00947882168646561,-0.009434039262749772,12047.7388671875,12055.26396484375,1,12040.2138671875
12040.2138671875,12040.2138671875,11852.0850829213,11908.524337829114,17982714.0,2022-03-29,0.0,48.233060514093296,-63.679941912310824,-57.66856005156973,-6.011381860741096,11563.235133109929,12017.638330078125,12472.041527046322,7.562271129942423,0.5248408651831676,0.015748404603233283,0.015873064264223746,12062.7890625,12017.638330078125,1,12284.78125
12284.78125,12566.973103881332,11964.962930418349,12002.588510935859,72602262.0,2022-03-30,0.0,54.63273048287795,-39.20324669373258,-53.9754973800023,14.772250686269722,11559.888330818247,12020.4603515625,12481.032372306754,7.663134476948471,0.786948497230004,0.020108996768448625,0.020312544736352578,12083.48330078125,12020.4603515625,0,12397.658203125
12397.658203125,12454.096574864416,12284.781459646167,12284.781459646167,30890489.0,2022-03-31,0.0,57.25901082262039,-10.575158775260206,-45.29542965905389,34.72027088379368,11567.684096961524,12017.638427734375,12467.592758507226,7.488232126112959,0.9222870515968756,0.00914640064222203,0.009188356782909857,12109.8212890625,12017.638427734375,1,12529.34765625
12529.34765625,12604.598818083135,12341.219751667162,12416.470913500298,39175267.0,2022-04-01,0.0,60.15690117576903,22.479911025826368,-31.740361522077837,54.2202725479042,11545.70706321724,12025.163525390624,12504.619987564009,7.974219413499572,1.0257871888658048,0.010566104813770325,0.010622123224191204,12154.97216796875,12025.163525390624,0,12416.470703125
12416.470703125,12698.663440400815,12416.470703125,12698.663440400815,29373500.0,2022-04-04,0.0,56.613684066776244,39.117147104729156,-17.56885979671644,56.686006901445595,11530.857232748564,12040.213818359374,12549.570403970185,8.460922593154027,0.8693452636078374,-0.009049831268535756,-0.009009004795927589,12185.07275390625,12040.213818359374,-1,12284.78125
12284.78125,12491.72194284631,12284.78125,12397.657991552533,24012365.0,2022-04-05,0.0,52.712835547685714,41.20109766250607,-5.814868304871936,47.01596596737801,11583.222988298841,12071.255029296875,12559.28707029491,8.085854201797291,0.7187625020136585,-0.010662674187456676,-0.010606029384167659,12192.598046875,12071.255029296875,1,12548.1591796875
12548.1591796875,12604.59754536362,12228.340889006755,12284.780139865607,40441713.0,2022-04-06,0.0,58.823643717133606,63.374499497233046,8.02300525554906,55.35149424168399,11647.871212763826,12120.168310546875,12592.465408329923,7.793573252147976,0.9530949598775905,0.02121277636322448,0.02143936667065205,12237.74873046875,12120.168310546875,1,12679.8505859375
12679.8505859375,12943.229646554877,12604.598540578307,12623.412215805205,58076558.0,2022-04-07,0.0,61.502507092429944,90.52990371820488,24.524384948080225,66.00551877012465,11681.894978806318,12170.02236328125,12658.149747756182,8.02179930166249,1.0222286629182469,0.010440189586212723,0.010494878520761697,12299.8310546875,12170.02236328125,-1,12491.7216796875
12491.7216796875,12792.727202669215,12454.096099962633,12698.663253357052,27535142.0,2022-04-08,0.0,55.90685748474758,95.76639138456994,38.77278623537818,56.993605149191765,11721.677665452964,12202.944873046876,12684.212080640787,7.887722391615577,0.8000171236311316,-0.014948006207733748,-0.014836839359814169,12352.50693359375,12202.944873046876,0,12491.7216796875
12491.7216796875,12491.7216796875,12491.7216796875,12491.7216796875,0.0,2022-04-11,0.0,55.90685748474758,98.7776977740632,50.77376854311518,48.00392923094802,11755.297641029612,12232.104736328125,12708.911831626638,7.795994321115374,0.7722452601054917,0.0,0.0,12416.47060546875,12232.104736328125,-1,12134.2783203125
12134.2783203125,12510.535019277095,12115.465529623412,12491.722228588007,36966154.0,2022-04-12,0.0,46.57028170959182,71.49731145928672,54.918477126349494,16.578834332937227,11792.61462881396,12244.333056640626,12696.05148446729,7.378408047822234,0.3781821489355352,-0.02903179280444729,-0.028614419096146704,12425.87705078125,12244.333056640626,1,12265.9677734375
12265.9677734375,12341.218930262079,12115.464574605581,12134.277363811725,32669344.0,2022-04-13,0.0,49.890531698687695,59.81414680144917,55.89761106136943,3.9165357400797376,11808.835389927477,12253.739501953125,12698.643613978773,7.261523912022687,0.5137425921157479,0.010794213408072326,0.010852681111208407,12423.995703125,12253.739501953125,0,12153.0908203125
12153.0908203125,12378.845188364583,12153.0908203125,12303.594027408159,19047521.0,2022-04-14,0.0,47.183949876488704,40.974598209964824,52.91300849108852,-11.938410281123694,11810.760998483338,12254.680126953124,12698.59925542291,7.244891321045974,0.3855767862596863,-0.009245053953755881,-0.00920244983599583,12399.53896484375,12254.680126953124,-1,11814.4599609375
11814.4599609375,12171.903868230404,11776.834379662756,12153.09107759303,36402432.0,2022-04-15,0.0,40.14730872138683,-1.2659667985753913,42.07721343315574,-43.34318023173113,11761.35606285636,12241.511181640624,12721.66630042489,7.844703348462148,0.055298689947946365,-0.02825932426310164,-0.027863764402140223,12328.0501953125,12241.511181640624,-1,11400.5771484375
11400.5771484375,11776.83382876728,11344.13877916545,11776.83382876728,43103972.0,2022-04-18,0.0,33.55973897097793,-67.36229232607911,20.189312281308773,-87.55160460738789,11596.913413087836,12205.766796875,12814.620180662163,9.976487244423616,-0.1612344366299594,-0.03566022050040876,-0.03503188583045125,12226.46083984375,12205.766796875,-1,11024.3212890625
11024.3212890625,11607.519585335293,11024.3212890625,11475.829162044389,30718000.0,2022-04-19,0.0,28.914804302926044,-148.3942137313752,-13.52739292122802,-134.86682081014717,11340.424281871572,12146.5064453125,12952.588608753427,13.272658555283698,-0.19607368029316102,-0.03356012281968267,-0.03300322908885078,12100.41484375,12146.5064453125,0,11099.5712890625
11099.5712890625,11306.512855273035,10967.881764772097,11061.945710693813,31407957.0,2022-04-20,0.0,30.972545764088153,-204.1868106873062,-51.65927647444366,-152.52753421286255,11164.165122621009,12096.652392578126,13029.139662535243,15.417278098017306,-0.0346352361257861,0.006802626610252285,0.006825817030083892,11955.5560546875,12096.652392578126,1,11287.7001953125
11287.7001953125,11494.641763892143,10949.069100934848,11099.571416132574,30365795.0,2022-04-21,0.0,35.96338650049064,-230.56460996118403,-87.44034317179174,-143.1242667893923,11057.71556160599,12058.08603515625,13058.45650870651,16.59252505967539,0.11494973101830329,0.016807169639214144,0.016949204735085655,11816.341015625,12058.08603515625,0,11287.7001953125
11287.7001953125,11588.705710890721,11212.449037713637,11400.576931710795,27592237.0,2022-04-22,0.0,35.96338650049064,-248.6034599910181,-119.67296653563702,-128.93049345538108,10966.379181465503,12024.222900390625,13082.066619315747,17.595211394338943,0.15187546520269177,0.0,0.0,11695.9388671875,12024.222900390625,-1,10572.8125
10572.8125,11475.828167722046,10497.561341886958,11362.951430552483,39023737.0,2022-04-25,0.0,27.273040466932585,-316.9314525465452,-159.12466373781865,-157.80678880872654,10719.670103763074,11960.25927734375,13200.848450924426,20.745188625312114,-0.05918865281534051,-0.0654278068618793,-0.06333333477526049,11504.04794921875,11960.25927734375,1,11043.1337890625
11043.1337890625,11080.759370387068,10158.930857569514,10535.187555998014,35608886.0,2022-04-26,0.0,37.90419120761253,-329.33451821273957,-193.16663463280284,-136.16788357993673,10604.905965502845,11910.4052734375,13215.904581372155,21.92199640504543,0.16783916348946465,0.04352301053114057,0.0444840281677652,11394.93349609375,11910.4052734375,1,11174.8232421875
11174.8232421875,11193.636031222357,10855.004943412181,11005.507255691036,17283362.0,2022-04-27,0.0,40.525722577078696,-324.7937783205816,-219.4920633703586,-105.30171495022302,10522.32907924748,11854.907373046875,13187.48566684627,22.48146277092175,0.2448239499232927,0.011854464846713517,0.011925007487949557,11285.81904296875,11854.907373046875,0,11080.7578125
11080.7578125,11250.073789838585,11061.94502448268,11212.448213803946,15095448.0,2022-04-28,0.0,39.251024017103035,-325.03865993774525,-240.60138268383594,-84.43727725390931,10439.372247574875,11789.062353515625,13138.752459456375,22.897327462828425,0.2376047516767088,-0.008453249510327896,-0.00841762125886536,11178.5857421875,11789.062353515625,1,11212.44921875
11212.44921875,11250.074798156935,11024.320436532544,11043.133226236012,20445261.0,2022-04-29,0.0,42.0014861394136,-311.02107711714416,-254.6853215704976,-56.33575554664657,10397.309570440899,11723.217431640625,13049.125292840352,22.620204204711573,0.30738925085319846,0.011814624778855691,0.011884693130052915,11118.38466796875,11723.217431640625,0,11212.44921875
11212.44921875,11212.44921875,11212.44921875,11212.44921875,0.0,2022-05-02,0.0,42.0014861394136,-296.4942406951104,-263.0471053954202,-33.44713529969022,10360.51261058478,11663.016357421875,12965.52010425897,22.335624111651605,0.3270380642796617,0.0,0.0,11099.571875,11663.016357421875,0,11212.44921875
11212.44921875,11212.44921875,11212.44921875,11212.44921875,0.0,2022-05-03,0.0,42.00148613941361,-281.73396440211945,-266.78447719676006,-14.94948720535939,10326.526712500656,11609.399755859375,12892.272799218093,22.10059211220185,0.3452884565762994,0.0,0.0,11118.38466796875,11609.399755859375,-1,10873.818359375
10873.818359375,11231.262256828393,10873.818359375,11212.449466708887,18970912.0,2022-05-04,0.0,36.669437499022536,-293.9722898275286,-272.2220397229138,-21.750250104614793,10282.849339769919,11525.68271484375,12768.51608991758,21.56632983611817,0.23775070393888267,-0.030666783927155983,-0.030201328252949855,11095.809375,11525.68271484375,0,10911.443359375
10911.443359375,11024.32009408957,10629.25063740582,11024.32009408957,16633155.0,2022-05-05,0.0,37.61704834747588,-297.20918536222234,-277.2194688507755,-19.98971651144683,10292.403033577713,11437.262353515625,12582.121673453537,20.01981391265369,0.27035650364049024,0.0034541735504838578,0.003460146082683302,11058.18369140625,11437.262353515625,-1,10535.1875
10535.1875,10836.193034179423,10535.1875,10723.315405622874,21324811.0,2022-05-06,0.0,32.39660252833828,-326.372927792685,-287.0501606391574,-39.32276715352759,10240.508716486742,11339.43564453125,12438.362572575757,19.382391901919654,0.13407569511360784,-0.03509124309790489,-0.034482684552610054,10982.932421875,11339.43564453125,-1,9857.9248046875
9857.9248046875,10459.935844667427,9839.112015012051,10384.68468596563,37934116.0,2022-05-09,0.0,25.528874203141598,-399.52931789512513,-309.545992090351,-89.98332580477415,10060.06540969195,11207.74580078125,12355.426191870549,20.48012885890576,-0.08806485088265373,-0.06644516450715315,-0.06428577519977696,10911.44365234375,11207.74580078125,1,10177.7431640625
10177.7431640625,10177.7431640625,9444.042592770931,9707.422534696383,26118370.0,2022-05-10,0.0,32.776046842655134,-426.77996161048213,-332.9927859943772,-93.78717561610495,9961.22639831404,11109.91904296875,12258.61168762346,20.67868614005238,0.09424486469726791,0.03192761301977115,0.03244276718594197,10824.90458984375,11109.91904296875,1,10347.05859375
10347.05859375,10347.05859375,10046.053948111774,10177.743480578498,13886579.0,2022-05-11,0.0,36.30976084094628,-429.7599477758158,-352.3462183506649,-77.4137294251509,9954.778553266035,11013.973583984374,12073.168614702714,19.233658454720377,0.18517838032997733,0.016498992052883788,0.016635852070363777,10742.128125,11013.973583984374,-1,9650.9833984375
9650.9833984375,10271.806296605922,9650.9833984375,10158.929566972158,24532964.0,2022-05-12,0.0,29.454764747866875,-482.7245115168771,-378.42187698390734,-104.30263453296976,9805.391923835748,10888.868212890626,11972.344501945503,19.900622688632044,-0.07125607037184908,-0.06964246874746952,-0.06727276056336962,10599.15068359375,10888.868212890626,-1,9067.7861328125
9067.7861328125,9857.925092625946,9067.7861328125,9782.673931726153,38863534.0,2022-05-13,0.0,25.167604574335655,-565.2426893522752,-415.78603945758096,-149.45664989469424,9481.761800013623,10751.534521484375,12021.307242955127,23.620306830311794,-0.16301171863324604,-0.06233166918983285,-0.060428791714574936,10384.684375,10751.534521484375,1,9255.9150390625
9255.9150390625,9538.106896059207,9218.288572946787,9481.668524659866,17784688.0,2022-05-16,0.0,28.76929300605049,-608.4447371366768,-454.31777899340017,-154.12695814327668,9249.259393910457,10644.301416015625,12039.343438120794,26.211997717504705,0.0023854640385668003,0.020534663294212007,0.020746950081811155,10189.03095703125,10644.301416015625,1,9895.55078125
9895.55078125,9895.55078125,9237.102230996106,9274.72781185731,19514398.0,2022-05-17,0.0,39.441484107702465,-584.3335787632132,-480.3209389473628,-104.01263981585038,9166.471287669603,10587.862890625,12009.254493580396,26.84945238975402,0.256466793550938,0.06682242925055139,0.06910561943233717,10057.34111328125,10587.862890625,1,10027.2412109375
10027.2412109375,10347.058648624223,9933.17637349388,10083.67958229398,20899370.0,2022-05-18,0.0,41.38852539436503,-548.2787784811462,-493.91250685411944,-54.36627162702678,9113.228329468091,10534.24638671875,11955.26444396941,26.979016914626847,0.32160494963653447,0.013220270307073017,0.013308044453374634,9972.6833984375,10534.24638671875,0,10064.8671875
10064.8671875,10177.743934650238,9782.67443444155,9857.925599208374,15050639.0,2022-05-19,0.0,41.96267565842898,-510.78102197048247,-497.2862098773921,-13.494812093090388,9083.709057160262,10473.104736328125,11862.500415495988,26.53264173609297,0.35308808896230814,0.0037453531306996203,0.003752375730371238,9888.02578125,10473.104736328125,0,10158.9296875
10158.9296875,10252.993629977467,10008.427379536053,10083.678533518027,12153256.0,2022-05-20,0.0,43.45395357396144,-468.0780102089029,-491.4445699436943,23.366559734791394,9075.737174417092,10416.6662109375,11757.595247457906,25.745838627572255,0.403896285180645,0.009302227357272234,0.009345627542588941,9850.4,10416.6662109375,-1,9895.55078125
9895.55078125,10196.556313322453,9820.299619527592,10158.93073246125,15104843.0,2022-05-23,0.0,40.329171995707014,-450.29729539331856,-483.2151150336192,32.91781964030065,9024.38483500178,10382.803125,11741.221414998221,26.166696481557732,0.32065452617299545,-0.026267850795044765,-0.025925851871390848,9854.16259765625,10382.803125,1,10102.4921875
10102.4921875,10102.4921875,9839.11224081645,9970.801771566823,16117856.0,2022-05-24,0.0,43.75172860040501,-414.72679644500386,-469.5174513158962,54.790654870892354,9008.845552625024,10335.771044921876,11662.696537218728,25.6763716326474,0.4120979818474661,0.020696904559220627,0.020912570793139684,9846.6375,10335.771044921876,1,10553.9990234375
10553.9990234375,10629.250176651913,10158.929583879115,10158.929583879115,26298087.0,2022-05-25,0.0,50.43196586687462,-346.11430128028223,-444.83682130877344,98.7225200284912,9032.531800711517,10304.729833984375,11576.927867257233,24.691535901838513,0.5979679196688644,0.043722697806630635,0.04469261916343359,9867.33154296875,10304.729833984375,-1,10403.498046875
10403.498046875,10648.064326084446,10403.498046875,10648.064326084446,17491746.0,2022-05-26,0.0,48.36983153125994,-300.41952626128113,-415.953362299275,115.53383603799386,9050.649529658443,10270.866845703125,11491.084161747807,23.76074647594456,0.554347368877618,-0.014362742198206543,-0.014260090059538433,9942.5830078125,10270.866845703125,1,10535.1875
10535.1875,10591.625871686863,10365.872384939414,10422.310756626277,20173277.0,2022-05-27,0.0,50.28537318094984,-250.6900506978327,-382.9006999789866,132.2106492811539,9091.507058623669,10237.003759765625,11382.50046090758,22.37953073035077,0.6301547791177021,0.012578744659392481,0.012658189825349941,10089.32314453125,10237.003759765625,0,10572.8125
10572.8125,10629.25086858478,10497.561341886958,10629.25086858478,19122925.0,2022-05-30,0.0,50.84648936666797,-205.86991969287556,-347.49454392176443,141.62462422888888,9141.404491762627,10205.021923828124,11268.639355893622,20.844980834034534,0.672896083255068,0.003565002828195055,0.0035713650089284066,10221.012890625,10205.021923828124,-1,10441.123046875
10441.123046875,10535.186995179118,10347.0582133881,10535.186995179118,12734081.0,2022-05-31,0.0,48.77160073426444,-178.91347804719408,-313.7783307468504,134.8648526996563,9205.679998612819,10166.455615234376,11127.231231855932,18.90089630021775,0.6429404675185538,-0.012533699533928857,-0.012455479856944396,10275.5701171875,10166.455615234376,0,10384.685546875
10384.685546875,10535.187876755508,10365.872755639937,10384.685546875,9464497.0,2022-06-01,0.0,47.87003169279552,-160.25699552653532,-283.0740637027874,122.81706817625206,9233.561775557413,10141.998974609374,11050.436173661335,17.914361879275386,0.6335736650364449,-0.00541997088903116,-0.005405309347148446,10311.31455078125,10141.998974609374,0,10384.685546875
10384.685546875,10384.685546875,10384.685546875,10384.685546875,0.0,2022-06-02,0.0,47.87003169279552,-143.8138027194491,-255.22201150611974,111.40820878667066,9272.989316904313,10115.661083984374,10958.332851064435,16.660735469167136,0.6596258907681347,0.0,0.0,10343.29638671875,10115.661083984374,0,10309.43359375
10309.43359375,10309.43359375,10027.241722568995,10252.9952195138,12453425.0,2022-06-03,0.0,46.53965533475862,-135.29506042507091,-231.23662128991,95.94156086483909,9279.50316105935,10104.373388671875,10929.243616284399,16.326994181297678,0.6242984643000418,-0.007272818360684573,-0.007246435415432018,10358.34677734375,10104.373388671875,0,10252.994140625
10252.994140625,10365.871762402525,10121.304614597786,10309.432508922377,16723495.0,2022-06-06,0.0,45.51790963902363,-131.58130063830686,-211.30555715958937,79.72425652128251,9305.206002887924,10124.12685546875,10943.047708049577,16.17760947233627,0.578681159937572,-0.005489584750413119,-0.005474544514183166,10394.09111328125,10124.12685546875,-1,10140.1171875
10140.1171875,10271.80671071514,9933.175622979174,10271.80671071514,13310571.0,2022-06-07,0.0,43.462756966925255,-136.1765870872714,-196.2797631451258,60.1031760578544,9303.670521372984,10122.245556640624,10940.820591908265,16.173783390003226,0.5109163058298818,-0.011070219159792841,-0.011009169768053662,10397.85361328125,10122.245556640624,1,10516.3740234375
10516.3740234375,10572.812391442794,10140.117351552764,10234.181298228255,28477810.0,2022-06-08,0.0,51.34817498907299,-108.21022246865687,-178.665855009832,70.45563254117513,9298.950718501617,10130.711328125,10962.471937748383,16.420576654163256,0.7318351523565931,0.03643391826852539,0.037105768008413254,10394.09111328125,10130.711328125,0,10459.9365234375
10459.9365234375,10591.626059711287,10347.058892877127,10591.626059711287,10924873.0,2022-06-09,0.0,50.21679845370556,-89.56822486183773,-160.84632898023315,71.27810411839542,9359.182550252484,10171.158984375,10983.135418497517,15.966251935888126,0.6778238424952409,-0.005381083204100007,-0.005366631110135467,10399.7349609375,10171.158984375,-1,10347.05859375
10347.05859375,10535.187382456705,10328.24580339761,10347.05859375,11302855.0,2022-06-10,0.0,47.94159326826916,-82.94645788157504,-145.26635476050154,62.3198968789265,9608.790874735605,10235.122607421876,10861.454340108146,12.238871124652553,0.5893583866875487,-0.010850104633268097,-0.010791454559458846,10380.9220703125,10235.122607421876,-1,9650.9833984375
9650.9833984375,10083.67841388298,9632.170610165207,10083.67841388298,38819930.0,2022-06-13,0.0,36.853004962562736,-132.34057103727537,-142.6811980158563,10.340626978580929,9744.365127498153,10254.876025390626,10765.386923283098,9.956451869890381,-0.09145909465023969,-0.06964246874746952,-0.06727276056336962,10288.73916015625,10254.876025390626,0,9594.5458984375
9594.5458984375,9745.049117249642,9406.41798140092,9406.41798140092,21047768.0,2022-06-14,0.0,36.12346433398575,-174.0336446374713,-148.95168734017932,-25.08195729729198,9670.367573619456,10239.82578125,10809.283988880543,11.122419849628109,-0.06657352037952226,-0.005865015288414725,-0.005847849661531623,10204.0814453125,10239.82578125,-1,9368.791015625
9368.791015625,9594.544482758887,9105.411085452717,9500.480538119768,37558302.0,2022-06-15,0.0,33.2850255029735,-222.72480526497384,-163.70631092513824,-59.0184943398356,9521.387849716646,10206.903271484374,10892.418693252102,13.432387934602904,-0.1113008031957523,-0.023810740666391696,-0.023529501573312017,10102.4919921875,10206.903271484374,0,9368.791015625
9368.791015625,9556.91890490324,9368.791015625,9406.416593480648,17155681.0,2022-06-16,0.0,33.2850255029735,-258.3349760669771,-182.632043953506,-75.70293211347109,9392.058179036867,10172.099462890625,10952.140746744382,15.336878816402999,-0.014914058969364156,0.0,0.0,10000.9025390625,10172.099462890625,-1,8766.7802734375
8766.7802734375,9067.785790868642,8729.154694406454,8898.470685228936,50444637.0,2022-06-17,0.0,26.777732044242512,-331.31434315396837,-212.3685037935985,-118.94583936036986,9100.593740902299,10102.4919921875,11104.390243472702,19.83467548521679,-0.16659050309579554,-0.06641445139891398,-0.06425703606617794,9846.63720703125,10102.4919921875,-1,8465.7744140625
8465.7744140625,8898.470325807915,8221.208160239057,8766.77991933563,23304822.0,2022-06-20,0.0,24.227309821908648,-408.72811135569464,-251.64042530601773,-157.0876860496769,8791.151124427808,10031.003173828125,11270.855223228442,24.720399902478608,-0.13121594246776624,-0.03493811374165273,-0.034334824187052915,9667.915234375,10031.003173828125,0,8446.9619140625
8446.9619140625,8616.277903834076,8296.45959887245,8465.774703461257,15057626.0,2022-06-21,0.0,24.07298898983555,-466.2227660851895,-294.5568934618521,-171.6658726233374,8521.497293633978,9948.22666015625,11374.956026678521,28.683089263264993,-0.0261210644851175,-0.0022246557143387516,-0.0022221830017996602,9498.59970703125,9948.22666015625,1,8823.2177734375
8823.2177734375,8992.533747592728,8522.213170819652,8522.213170819652,25212080.0,2022-06-22,0.0,33.2331237571059,-475.9406433608856,-330.8336434416588,-145.10699991922678,8380.734923656793,9861.68759765625,11342.640271655706,30.03446741410512,0.14939128628119452,0.0435797904829974,0.044543335604320555,9329.28408203125,9861.68759765625,1,9048.97265625
9048.97265625,9048.97265625,8747.967150298387,8747.967150298387,13585445.0,2022-06-23,0.0,38.061538189730605,-460.12160335696535,-356.6912354247201,-103.43036793224525,8293.574783622897,9793.961328125,11294.347872627104,30.63901304558948,0.2517344198383819,0.02526460221580457,0.025586457073760505,9188.1876953125,9793.961328125,-1,8917.283203125
8917.283203125,9105.411092549874,8917.283203125,9105.411092549874,9281649.0,2022-06-24,0.0,36.40754614856999,-452.98935912048,-375.9508601638721,-77.0384989566079,8206.499675444764,9713.06611328125,11219.632551117735,31.021438962028025,0.2358951818616647,-0.014659906062445181,-0.01455297282106871,9045.21015625,9713.06611328125,1,9067.7861328125
9067.7861328125,9105.411713262396,8879.658230563016,8954.90939146281,13458247.0,2022-06-27,0.0,39.63606457146749,-430.23321486758687,-386.80733110461506,-43.42588376297181,8162.028208182874,9637.814794921875,11113.601381660876,30.624921066476336,0.3068729356834212,0.016736820983522138,0.0168776662419734,8986.8904296875,9637.814794921875,1,9293.5400390625
9293.5400390625,9481.667931967224,8898.470578779814,8917.283368070286,29857000.0,2022-06-28,0.0,44.211353390203584,-389.49252568235715,-387.3443700201635,-2.1481556621936306,8147.542556554187,9580.43564453125,11013.328732508313,29.912900438822813,0.39988938886090064,0.02459139180092202,0.024896253941531832,8956.78984375,9580.43564453125,0,9293.5400390625
9293.5400390625,9444.04235338628,9161.849628846428,9237.101671191082,20657500.0,2022-06-29,0.0,44.211353390203584,-353.1345210422787,-380.5024002245866,27.367879182307888,8139.586183448653,9525.878369140624,10912.170554832595,29.10581327981065,0.4162015293470936,0.0,0.0,8949.26474609375,9525.878369140624,-1,9105.412109375
9105.412109375,9368.7920691649,9105.412109375,9312.353696034816,17302152.0,2022-06-30,0.0,41.193766134432586,-335.63193605954257,-371.5283073915778,35.896371332035244,8125.305184930778,9461.914697265625,10798.524209600473,28.252410956972824,0.36663921489385815,-0.020450565313068995,-0.020242870735668328,8922.92685546875,9461.914697265625,0,9105.412109375
9105.412109375,9180.663273548444,8823.219358541739,8936.096989984751,18204107.0,2022-07-01,0.0,41.193766134432586,-318.09421920914065,-360.84148975509044,42.74727054594979,8118.435245425362,9401.713623046875,10684.992000668388,27.29881868504802,0.3845529080677515,0.0,0.0,8956.7900390625,9401.713623046875,1,9255.9150390625
9255.9150390625,9274.727829528947,9067.786249215209,9161.850201547444,15226019.0,2022-07-04,0.0,44.69598841507551,-288.7229056993201,-346.41777294393637,57.69486724461626,8131.921231689288,9351.85966796875,10571.798104248213,26.089750693285087,0.4606764464283705,0.016393836806359027,0.016528953097305843,9035.8041015625,9351.85966796875,1,9575.732421875
9575.732421875,9707.42283956495,9218.2885198871,9274.727776144402,39745975.0,2022-07-05,0.0,51.329290979714024,-236.9084055376461,-324.51589946267836,87.60749392503226,8155.4633451356385,9323.6404296875,10491.817514239363,25.05838987166981,0.6078997334912657,0.03396921445048656,0.034552756962740405,9148.68115234375,9323.6404296875,-1,9368.791015625
9368.791015625,9613.358156869459,9349.978226697176,9406.416593480648,18012345.0,2022-07-06,0.0,47.37009127602545,-210.12133490627457,-301.6369865513976,91.51565164512306,8240.733749742387,9266.261279296876,10291.788808851365,22.134656009447337,0.5499887781523843,-0.021847964509672115,-0.021611026408513534,9203.2384765625,9266.261279296876,0,9444.0419921875
9444.0419921875,9538.105935042273,9218.287644153314,9368.790837903682,15833827.0,2022-07-07,0.0,48.91321291342487,-180.73684172393223,-277.45695758590455,96.72011586197232,8350.870486491494,9215.466552734375,10080.062618977256,18.76402157818784,0.6321862592125848,0.008000004876442837,0.008032090419884286,9242.74541015625,9215.466552734375,0,9425.2294921875
9425.2294921875,9519.293437922215,9387.603913893614,9519.293437922215,13363811.0,2022-07-08,0.0,48.530125385097364,-157.15583604860512,-253.39673327844469,96.24089722983956,8477.807587806896,9169.37509765625,9860.942607505604,15.084288787054264,0.6849815028087307,-0.0019939833128945405,-0.001991996648846195,9293.5400390625,9169.37509765625,-1,9180.6630859375
9180.6630859375,9425.2302496862,9143.037504619673,9368.79187770946,19919844.0,2022-07-11,0.0,43.73464219690112,-156.39931032236927,-233.99724868722961,77.59793836486034,8492.304831602041,9145.85908203125,9799.413332460457,14.29180669781448,0.5266267137604828,-0.02629064873391892,-0.02594805850114512,9304.827734375,9145.85908203125,0,9180.6630859375
9180.6630859375,9180.6630859375,9180.6630859375,9180.6630859375,0.0,2022-07-12,0.0,43.73464219690112,-154.0242624135244,-218.0026514324886,63.97838901896418,8506.131907332543,9125.16494140625,9744.197975479958,13.567602077301414,0.54482648055632,0.0,0.0,9293.5400390625,9125.16494140625,1,9519.29296875
9519.29296875,9688.608947910263,9444.041815871089,9519.29296875,23257845.0,2022-07-13,0.0,51.440071545939475,-123.39499761769366,-199.08112066952964,75.68612305183598,8497.732981574143,9132.6900390625,9767.647096550856,13.905148532853017,0.8044323432018784,0.036221144449395455,0.03688512252793563,9316.11533203125,9132.6900390625,0,9594.5458984375
9594.5458984375,9613.359575324037,9462.856356511895,9462.856356511895,17527641.0,2022-07-14,0.0,52.981101305369506,-91.98841687531785,-177.6625799106873,85.67416303536945,8483.821723757632,9143.977783203125,9804.133842648618,14.439143993944423,0.8412587893329614,0.007874223387367022,0.007905306616210028,9365.0287109375,9143.977783203125,0,9575.732421875
9575.732421875,9669.797258848626,9556.919631516837,9594.545212233163,19501871.0,2022-07-15,0.0,52.53226350089195,-67.83461052801249,-155.69698603415233,87.86237550613984,8522.451860207198,9184.425390625,9846.3989210428,14.415132188748803,0.7955609350445092,-0.001962776156719639,-0.0019608511712434495,9412.0607421875,9184.425390625,0,9556.919921875
9556.919921875,9669.797552636235,9556.919921875,9594.545503734464,14786847.0,2022-07-18,0.0,52.05735202882955,-49.6383564322241,-134.48526011376669,84.84690368154259,8650.629825252523,9238.982666015625,9827.335506778727,12.736312254968936,0.7701926750680814,-0.0019665340408357122,-0.00196460167966106,9442.16123046875,9238.982666015625,0,9481.66796875
9481.66796875,9556.919126203817,9406.416811296185,9538.106336840363,11432222.0,2022-07-19,0.0,50.106014690512986,-40.81935753031394,-115.75207959707615,74.93272206676221,8826.793289400544,9290.71796875,9754.642648099454,9.986842371276344,0.7057984932680916,-0.00790524438572558,-0.007874080115786497,9432.75478515625,9290.71796875,1,9613.359375
9613.359375,9650.984957623272,9556.920115882234,9594.545698505506,16578710.0,2022-07-20,0.0,53.39815074070264,-22.939410227902044,-97.18954572324134,74.2501354953393,8900.62330659803,9330.225048828124,9759.826791058218,9.208818436465299,0.8295311661238906,0.013793485795292895,0.01388905482495617,9457.21162109375,9330.225048828124,0,9632.171875
9632.171875,9688.610247228005,9594.545408331831,9594.545408331831,16094729.0,2022-07-21,0.0,53.86644652533007,-7.168774475552709,-79.18539147370362,72.01661699815091,8930.99468566469,9359.385009765625,9787.77533386656,9.154240874885502,0.8183858853568574,0.0019549999163384632,0.0019569121746267903,9476.024609375,9359.385009765625,0,9613.359375
9613.359375,9745.048914181449,9613.359375,9632.172166311635,17068473.0,2022-07-22,0.0,53.28975245762266,3.768119911337635,-62.59468919669537,66.362809108033,9005.79546094981,9394.188818359375,9782.58217576894,8.268800317287948,0.7821502382306553,-0.0019549999163384485,-0.0019530901487365693,9494.83759765625,9394.188818359375,-1,9500.48046875
9500.48046875,9613.358086675491,9481.667679959543,9575.731623911834,8758882.0,2022-07-25,0.0,49.84172151544285,3.289385158488585,-49.41787432565858,52.707259484147166,9056.897466600465,9415.82353515625,9774.749603712036,7.623891149099141,0.6179308791005126,-0.011811359670719543,-0.011741879383345144,9526.8193359375,9415.82353515625,0,9462.85546875
9462.85546875,9575.732208382367,9444.042678811273,9500.481048627456,8644451.0,2022-07-26,0.0,48.71037072180679,-0.12460229925454769,-39.55921992037778,39.43461762112323,9069.544625616301,9424.289306640625,9779.033987664949,7.528306262295245,0.554357632647254,-0.003968188877305488,-0.003960326019695537,9555.03857421875,9424.289306640625,0,9368.791015625
9368.791015625,9444.042171336296,9312.352648841528,9406.416593480648,13830688.0,2022-07-27,0.0,45.90495316909081,-10.301675886668818,-33.70771111363599,23.40603522696717,9077.575622996947,9428.05185546875,9778.528087940553,7.434754026485526,0.41545669241848326,-0.00999012333037881,-0.009940387807426343,9539.98837890625,9428.05185546875,1,9613.359375
9613.359375,9688.610540246542,9444.043368012422,9500.48174194733,22487426.0,2022-07-28,0.0,53.41706942883112,1.351958100533011,-26.69577727080219,28.0477353713352,9128.746439659293,9453.44921875,9778.151997840707,6.86950914057253,0.7462408186000289,0.025769671878403858,0.026104580512802178,9541.8697265625,9453.44921875,0,9650.9833984375
9650.9833984375,9688.60897498209,9594.544148437903,9669.796186709795,17869728.0,2022-07-29,0.0,54.46468700251393,13.468237788079932,-18.662974259025766,32.1312120471057,9189.158879681403,9480.727783203125,9772.296686724847,6.150770493343149,0.7919646319925384,0.003906084076402603,0.003913722765357397,9549.39482421875,9480.727783203125,1,9970.80078125
9970.80078125,9970.80078125,9650.983381192471,9669.796169431149,28910719.0,2022-08-01,0.0,62.23868745765026,48.32006309199096,-5.26636678882242,53.586429880813384,9170.704666474068,9516.4720703125,9862.239474150932,7.26671399408789,1.1569860343888798,0.032601083097982396,0.033138320688053335,9590.78291015625,9516.4720703125,0,10046.0537109375
10046.0537109375,10102.49208066223,9895.550506488758,9951.988876213489,26286523.0,2022-08-02,0.0,63.80455902459753,81.07805094799551,12.002516758541164,69.07553418945434,9121.024116094746,9539.988134765625,9958.952153436503,8.783323684525136,1.1039487326111177,0.00751899198282231,0.007547330584421363,9647.221484375,9539.988134765625,0,10121.3046875
10121.3046875,10121.3046875,9857.924748365716,10008.427950092211,23828794.0,2022-08-03,0.0,65.35181769173936,111.8221016612697,31.966433739086874,79.85566792218282,9093.317655810697,9577.613818359376,10061.909980908054,10.113086030266306,1.061320645490326,0.0074626854259447805,0.007490600660493341,9698.016015625,9577.613818359376,0,10140.1171875
10140.1171875,10234.181132653672,10083.678820407798,10140.1171875,26958893.0,2022-08-04,0.0,65.74603793397736,136.13570718692608,52.80028842865472,83.33541875827137,9071.77064679312,9612.417578125,10153.064509456879,11.248927274283856,0.9880260839315379,0.001856977809562908,0.0018587030606078692,9748.810546875,9612.417578125,0,10140.1171875
10140.1171875,10140.1171875,9989.614875254127,10121.304398469267,18048722.0,2022-08-05,0.0,65.74603793397736,153.63342425475457,72.96691559387469,80.66650866087988,9066.640361160282,9648.161962890625,10229.683564620967,12.054557209280446,0.9229896388591079,0.0,0.0,9801.486328125,9648.161962890625,0,10196.5556640625
10196.5556640625,10234.181242527917,10083.67892866625,10158.930085597083,21811201.0,2022-08-08,0.0,67.05042480994688,170.0938682444521,92.39230612399018,77.70156212046192,9111.925957234751,9698.956591796876,10285.987226359,12.105026535712511,0.9238271761036723,0.005550428220706796,0.005565860385920773,9871.09384765625,9698.956591796876,0,10290.6201171875
10290.6201171875,10384.684953167853,10234.181746708971,10309.432907347009,25544049.0,2022-08-09,0.0,69.15840885561671,188.55555289313816,111.62495547781978,76.93059741531837,9163.877396985228,9754.454443359375,10345.031489733521,12.108868820976426,0.9539337222128085,0.009182828821508733,0.009225120346915583,9953.8703125,9754.454443359375,0,10234.1806640625
10234.1806640625,10328.244604909276,10196.55508772379,10309.431816739921,15337800.0,2022-08-10,0.0,66.41296652874249,196.3687619510183,128.5737167724595,67.79504517855881,9173.587710646952,9790.198828125,10406.809945603047,12.59649836133388,0.8600177026919298,-0.005499648545457226,-0.005484553164170736,10040.40927734375,9790.198828125,-1,10083.6787109375
10083.6787109375,10347.057754508485,10064.865922111001,10328.244965681986,27055497.0,2022-08-11,0.0,59.61657518737025,188.24654757954522,140.50828293387664,47.73826464566858,9191.947991468583,9814.65546875,10437.362946031415,12.689339514038473,0.716010929692051,-0.014815015999153445,-0.0147058135932161,10087.4412109375,9814.65546875,0,10177.7431640625
10177.7431640625,10196.555953829833,10046.053635691167,10083.679215225833,10722270.0,2022-08-12,0.0,62.21893742649478,187.24144656822682,149.85491566074668,37.386530907480136,9212.548600481541,9844.756005859375,10476.96341123721,12.843536294887524,0.7633527821491725,0.009285145880668954,0.009328386576118453,10140.1171875,9844.756005859375,1,10290.6201171875
10290.6201171875,10384.684953167853,10252.99453686848,10271.80732702799,19528852.0,2022-08-15,0.0,65.1233838461119,193.3245979161311,158.54885211182358,34.77574580430752,9234.57995319536,9881.441015625,10528.30207805464,13.092443934175039,0.8162805162716125,0.011029518663941772,0.01109056804690911,10172.09912109375,9881.441015625,0,10252.994140625
10252.994140625,10309.432508922377,10215.368561760082,10271.806930057459,16954765.0,2022-08-16,0.0,63.37446094216488,192.8859679596044,165.41627528137974,27.469692678224646,9281.584119516698,9920.00732421875,10558.430528920802,12.871426075329664,0.7607884659844504,-0.003663037882422584,-0.0036563371433424585,10192.7931640625,9920.00732421875,1,10441.123046875
10441.123046875,10478.748626196648,10271.807054744806,10271.807054744806,37110698.0,2022-08-17,0.0,68.00161723589315,205.35161543856884,173.40334331281758,31.94827212575126,9299.771685411508,9961.3955078125,10623.019330213492,13.283757720132595,0.8625379882193467,0.018182374000128836,0.01834867977780119,10224.775,9961.3955078125,0,10403.498046875
10403.498046875,10478.749209708676,10365.872465458162,10422.310837583418,21807347.0,2022-08-18,0.0,66.20027755738086,209.77653451253354,180.6779815527608,29.098552959772746,9329.280600622798,9999.96181640625,10670.643032189702,13.413675533902767,0.8008405640206886,-0.0036100479536585284,-0.0036035395647655566,10251.1130859375,9999.96181640625,0,10384.685546875
10384.685546875,10422.311129345127,10347.059079222017,10422.311129345127,21982968.0,2022-08-19,0.0,65.26929829863877,209.35202342219054,186.41278992664675,22.93923349554379,9372.76116076983,10038.528125,10704.29508923017,13.264234675442916,0.7599689083966964,-0.0018099229353725663,-0.0018082860125735456,10275.569921875,10038.528125,0,10429.8359375
10429.8359375,10587.86409003138,10384.685416140825,10520.137865401195,21350949.0,2022-08-22,0.0,66.48741204555756,210.23539178107058,191.17731029753153,19.05808148353904,9448.251169779742,10084.9958984375,10721.74062709526,12.627565446137895,0.7707835837050532,0.00433836170338441,0.004347786018286115,10298.89794921875,10084.9958984375,0,10474.986328125
10474.986328125,10497.562031114252,10294.383359759488,10294.383359759488,11302333.0,2022-08-23,0.0,67.70714677203068,212.133385140236,195.36852526607245,16.764859874163534,9548.07028557046,10135.60244140625,10723.13459724204,11.593433330328487,0.7888215422319833,0.004319621593225354,0.004328964606496344,10317.3345703125,10135.60244140625,0,10520.13671875
10520.13671875,10565.287235187956,10452.41050150169,10497.561017939648,14566216.0,2022-08-24,0.0,68.92515730514249,214.80468306248622,199.25575682535523,15.548926237130985,9704.722420023789,10193.1697265625,10681.617033101213,9.583815822586793,0.8347003738279244,0.004301042687593906,0.00431030544677391,10345.93017578125,10193.1697265625,1,10678.1650390625
10678.1650390625,10678.1650390625,10497.562070027514,10565.288294063488,23090295.0,2022-08-25,0.0,72.79311364433275,227.05591145313883,204.81578775091197,22.240123702226867,9793.208876825769,10246.410009765625,10699.61114270548,8.846047201076663,0.9763393093218212,0.01490980264465903,0.015021508231052527,10405.37880859375,10246.410009765625,0,10655.587890625
10655.587890625,10791.040320323666,10655.587890625,10723.314105474332,20142000.0,2022-08-26,0.0,71.42524865761276,232.26589437441362,210.3058090756123,21.960085298801317,9902.46135508125,10296.640234375,10690.81911366875,7.656456287125506,0.9553106154407955,-0.0021165668263281086,-0.002114328478245886,10453.16328125,10296.640234375,0,10565.2880859375
10565.2880859375,10610.438606011116,10339.533715203783,10407.259937905616,24013369.0,2022-08-29,0.0,66.07706756874398,226.4974818234241,213.54414362517466,12.95333819824944,9946.234356458373,10326.364599609375,10706.494842760376,7.362324649381076,0.8142652954256214,-0.008510520471757179,-0.008474408508886477,10480.630078125,10326.364599609375,1,10678.1650390625
10678.1650390625,10791.041784061512,10587.863997136426,10633.014518099462,18558440.0,2022-08-30,0.0,69.18336285854731,228.40133170571426,216.51558124128258,11.88575046443168,9970.92158299552,10357.970166015624,10745.01874903573,7.473444638603166,0.9136365395636177,0.010627087298085239,0.010683755351190038,10523.14716796875,10357.970166015624,0,10723.314453125
10723.314453125,10813.61637091261,10633.013420520134,10678.163936822568,13903121.0,2022-08-31,0.0,70.35276807154231,230.89175046513628,219.39081508605332,11.50093537908296,9985.205523882783,10388.070654296875,10790.935784710966,7.756303240918985,0.9160744794213633,0.004219285966610301,0.004228199685745171,10551.36630859375,10388.070654296875,0,10723.314453125
10723.314453125,10723.314453125,10723.314453125,10723.314453125,0.0,2022-09-01,0.0,70.35276807154231,230.2116882343107,221.5549897157048,8.656698518605907,10005.60267886522,10417.230517578126,10828.858356291032,7.9028267257467615,0.8717969325203435,0.0,0.0,10583.34794921875,10417.230517578126,0,10723.314453125
10723.314453125,10723.314453125,10723.314453125,10723.314453125,0.0,2022-09-02,0.0,70.35276807154231,227.0553809225894,222.6550679570817,4.4003129655076805,10034.79076856922,10446.390380859375,10857.98999314953,7.8802265143052015,0.8363998215702999,0.0,0.0,10617.21083984375,10446.390380859375,0,10655.587890625
10655.587890625,10791.040320323666,10633.013075797035,10700.739290646366,12806996.0,2022-09-05,0.0,65.68301591387247,216.59227612369068,221.44250959040352,-4.850233466712837,10065.276253111426,10469.3419921875,10873.407731263573,7.719028366397773,0.7304648481994117,-0.006335852792938517,-0.006315823600627768,10639.78603515625,10469.3419921875,0,10678.1650390625
10678.1650390625,10791.041784061512,10633.014518099462,10655.589335989564,13830648.0,2022-09-06,0.0,66.48172574540037,207.7274249329712,218.69949265891705,-10.972067725945863,10083.572265577897,10488.71923828125,10893.866210984603,7.725385025555184,0.7337988600990505,0.0021165668263282227,0.0021188083350487386,10660.10390625,10488.71923828125,-1,10384.685546875
10384.685546875,10745.891492661362,10384.685546875,10700.740970733781,34948721.0,2022-09-07,0.0,50.14398171888709,175.00329513687757,209.96025315450916,-34.95695801763159,10105.675432720893,10496.244482421875,10886.813532122856,7.442072264133524,0.3571841065846312,-0.027868828628862485,-0.027484075317613432,10646.5587890625,10496.244482421875,0,10294.3837890625
10294.3837890625,10497.56246889035,10271.808085131783,10429.836242281068,15981141.0,2022-09-08,0.0,46.36814943655652,140.1668333328198,196.00156919017132,-55.83473585735152,10153.478832966635,10506.779736328124,10860.080639689613,6.725198628461196,0.19941210842545473,-0.008733693992072038,-0.008695666075288488,10608.1806640625,10506.779736328124,0,10249.232421875
10249.232421875,10362.109161862112,10046.05375878852,10362.109161862112,17364346.0,2022-09-09,0.0,44.561343378510024,107.67414783225831,178.33608491858874,-70.66193708633043,10169.8554080946,10510.35419921875,10850.852990342899,6.4793019277972475,0.11655990542336263,-0.004395666218123604,-0.004386019417254694,10567.5451171875,10510.35419921875,0,10204.0810546875
10204.0810546875,10384.684901540286,10204.0810546875,10384.684901540286,6048963.0,2022-09-12,0.0,42.766683988828646,77.38804132162295,158.1464761991956,-80.75843487757265,10151.846798809183,10506.02724609375,10860.207693378317,6.742423924633452,0.07373960968030076,-0.004415073438675141,-0.004405341329867141,10531.4244140625,10506.02724609375,0,10181.5068359375
10181.5068359375,10271.807879486774,10158.931132458756,10226.657357712138,10368419.0,2022-09-13,0.0,41.858990913092974,50.97690291503932,136.71256154236437,-85.73565862732505,10136.280582820653,10502.452880859375,10868.625178898097,6.9730814733016855,0.061755426829236196,-0.0022147242550310605,-0.002212273562804512,10481.75859375,10502.452880859375,0,10113.7802734375
10113.7802734375,10136.355090980629,9933.176421995528,9955.75212472148,13703771.0,2022-09-14,0.0,39.172729544147,24.300793446460375,114.23020792318358,-89.92941447672321,10081.15882117854,10486.0857421875,10891.012663196461,7.723128171265341,0.04028066617264743,-0.006674141985455777,-0.006651919366291281,10420.80517578125,10486.0857421875,-1,10000.90234375
10000.90234375,10181.506189751943,9955.751824840912,10136.354785660058,7203107.0,2022-09-15,0.0,35.12667912088635,-5.880731650104281,90.20802000852602,-96.0887516586303,10007.281518735499,10465.95595703125,10924.630395327002,8.765074880476716,-0.006953924671714302,-0.011223554132282208,-0.011160805024008513,10348.56396484375,10465.95595703125,-1,9842.875
9842.875,10091.204179630267,9820.29929814896,10046.053661110978,14084403.0,2022-09-16,0.0,30.393659181235137,-42.066378658526446,63.753140275115534,-105.81951893364197,9902.549986833812,10438.8654296875,10975.180872541187,10.275358878148554,-0.055634223877916555,-0.015927480112003137,-0.015801308553798465,10260.52001953125,10438.8654296875,-1,9481.66796875
9481.66796875,9842.874763784192,9481.66796875,9797.723361165688,16686797.0,2022-09-19,0.0,22.823668690768386,-98.75180397955774,31.25215142418088,-130.00395540373862,9705.130880409813,10391.45703125,11077.783182090187,13.209430569288081,-0.16279644261424012,-0.03738759632525522,-0.03669730960212336,10143.12802734375,10391.45703125,1,9639.6962890625
9639.6962890625,9639.6962890625,9459.093330736076,9639.6962890625,10371229.0,2022-09-20,0.0,30.929012169447844,-129.4318375368639,-0.8846463680280756,-128.5471911688358,9587.322453685194,10349.692529296875,11112.062604908557,14.732226555593614,0.03434935148476565,0.016529355981268378,0.01666672159722693,10039.28115234375,10349.692529296875,0,9571.9697265625
9571.9697265625,9571.9697265625,9459.092992295,9571.9697265625,8079605.0,2022-09-21,0.0,29.49911416197554,-157.39658291610067,-32.187033677642596,-125.20954923845807,9469.838305763176,10302.2841796875,11134.730053611824,16.160413737481942,0.0613441810443812,-0.007050595508690656,-0.007025798372594427,9958.0095703125,10302.2841796875,0,9594.5458984375
9594.5458984375,9594.5458984375,9413.94292104581,9481.669148215553,10697658.0,2022-09-22,0.0,30.650076077382877,-175.7116422754334,-60.89195539720076,-114.81968687823264,9378.440896896174,10248.10322265625,11117.765548416324,16.972161713544168,0.12424650070500201,0.002355794110703305,0.0023585711739508852,9888.02578125,10248.10322265625,-1,9481.66796875
9481.66796875,9639.696107549227,9481.66796875,9571.96988880424,7465695.0,2022-09-23,0.0,28.173505636320925,-197.06314309015033,-88.12619293579068,-108.93695015435965,9278.07973806044,10189.4072265625,11100.73471506456,17.887742991100488,0.11169872151239289,-0.011834554583280829,-0.011764801678199488,9811.2693359375,10189.4072265625,-1,9075.3115234375
9075.3115234375,9436.518352985457,8985.01047993765,9301.06590255283,20450561.0,2022-09-26,0.0,21.45314125646391,-243.9616918663196,-119.29329272189648,-124.66839914442312,9095.736307591247,10114.9083984375,11134.080489283751,20.151879793665533,-0.010020282314043645,-0.043802539647661676,-0.042857063404011075,9698.3923828125,10114.9083984375,0,9120.462890625
9120.462890625,9188.189115546174,9030.160962335816,9188.189115546174,7985451.0,2022-09-27,0.0,23.632891402082436,-274.3235604268084,-150.29934626287886,-124.02421416392954,8962.512597796802,10037.023291015625,11111.533984234447,21.410943505145447,0.07349870681837493,0.004962851135958213,0.004975186479372562,9592.28798828125,10037.023291015625,-1,9007.5849609375
9007.5849609375,9143.037406298192,9007.5849609375,9030.160663558556,7031059.0,2022-09-28,0.0,21.98993987883894,-303.98966197574737,-181.03740940545256,-122.9522525702948,8834.306420094525,9951.23681640625,11068.167212717975,22.44807187123277,0.07756908640644376,-0.012453562509616219,-0.01237633780666203,9481.66845703125,9951.23681640625,0,8939.8583984375
8939.8583984375,9143.03705875536,8939.8583984375,9120.462242175232,8664607.0,2022-09-29,0.0,21.04460985747521,-329.17075322376877,-210.66407816911584,-118.50667505465293,8720.1790691741,9862.064013671876,11003.94895816965,23.15711889346426,0.09619153414796044,-0.0075472458805592125,-0.00751883693506139,9375.5640625,9862.064013671876,1,9030.1611328125
9030.1611328125,9030.1611328125,8714.10570560795,8894.708680412998,15117290.0,2022-09-30,0.0,25.63504921194925,-337.94465783291525,-236.12019410187574,-101.82446373103951,8653.456311198324,9777.40634765625,10901.356384114175,22.990760463327746,0.1675807684482768,0.01005046147593922,0.010101136992369364,9294.29267578125,9777.40634765625,-1,8443.2001953125
8443.2001953125,8985.009966055113,8398.048790962082,8985.009966055113,18203504.0,2022-10-03,0.0,18.220002580092256,-387.7906731781659,-266.4542899171338,-121.3363832610321,8473.412907623455,9666.786962890625,10860.161018157794,24.690190439664335,-0.012658525706003778,-0.06720880463318424,-0.06500005136865006,9190.4458984375,9666.786962890625,0,8488.349609375
8488.349609375,8668.952547715427,8352.897184324009,8668.952547715427,16854628.0,2022-10-04,0.0,20.13368978842165,-418.8228895128723,-296.9280098362815,-121.89487967659079,8352.853785156283,9557.29619140625,10761.738597656218,25.20466839424691,0.05624836169650615,0.005333182325072421,0.005347429057475761,9075.31123046875,9557.29619140625,1,8668.953125
8668.953125,8781.830743514385,8601.226907964467,8623.802608703894,10096194.0,2022-10-05,0.0,27.447367235543283,-423.9558510413408,-322.3335780772934,-101.6222729640474,8270.7965765776,9471.5095703125,10672.2225640474,25.3542053633861,0.16580004984534483,0.021053447546962863,0.02127663490975107,8985.0095703125,9471.5095703125,-1,8172.294921875
8172.294921875,8646.378448762653,8149.719220771811,8646.378448762653,15105646.0,2022-10-06,0.0,21.59171350101741,-462.76545418568094,-350.41995329897094,-112.34550088671,8097.684071124595,9365.405126953125,10633.126182781654,27.0724232138148,0.029427156079553506,-0.058998271055528954,-0.0572916009538349,8842.78447265625,9365.405126953125,-1,7653.060546875
7653.060546875,8036.842137929395,7607.909146621973,7923.965407662272,82647626.0,2022-10-07,0.0,17.40992470949527,-529.3185640089032,-386.19967544095744,-143.11888856794576,7825.275773752378,9235.596533203125,10645.91729265387,30.540978146467673,-0.06105533997260585,-0.06564412630017974,-0.06353593206850028,8659.92373046875,9235.596533203125,1,7788.51318359375
7788.51318359375,7856.2394005847,7472.456914180821,7653.060749611851,22823892.0,2022-10-10,0.0,21.671810281399914,-564.6238549411682,-421.8845113409996,-142.73934360016864,7641.396657310345,9114.818139648438,10588.23962198653,32.33024421911116,0.04992343604558878,0.017544340164951676,0.017699146098361984,8531.243896484375,9114.818139648438,-1,7246.70361328125
7246.70361328125,7811.088177649031,7246.70361328125,7811.088177649031,38939942.0,2022-10-11,0.0,17.730513575205904,-629.0715117940417,-463.32191143160804,-165.74960036243368,7363.250706749488,8968.077978515625,10572.905250281761,35.78977068689057,-0.03631141354545159,-0.07210328804223307,-0.06956521193978382,8343.86796875,8968.077978515625,1,7743.3623046875
7743.3623046875,7743.3623046875,7291.854456006454,7291.854456006454,24663214.0,2022-10-12,0.0,30.252387763408024,-632.7762873723586,-497.21278661975816,-135.56350075260048,7250.884217075946,8849.557080078124,10448.229943080303,36.130008508585505,0.1540271618443312,0.06628930812408229,0.0685358085427985,8217.445703125,8849.557080078124,1,7856.23974609375
7856.23974609375,7923.965966063227,7675.635902719956,7743.362122689433,13672051.0,2022-10-13,0.0,32.757394415569735,-619.4632952788324,-521.662888351573,-97.80040692725947,7181.558927879728,8742.323950195312,10303.088972510897,35.70595258668527,0.21613785821937856,0.014472088599723579,0.0145773162826075,8109.083837890625,8742.323950195312,1,8036.84228515625
8036.84228515625,8262.59663500881,7946.540368178678,8081.992801053667,24379145.0,2022-10-14,0.0,36.67615044065949,-587.5664374424086,-534.8435981697402,-52.722839272668466,7151.542077727234,8652.022314453125,10152.502551179015,34.68507551626057,0.2950056207873745,0.022728167277062415,0.022988420020188194,8009.751953125,8652.022314453125,-1,7901.3896484375
7901.3896484375,8036.842077818023,7720.786704324375,7991.691563085421,19580286.0,2022-10-17,0.0,35.02738199938288,-566.6854464832595,-541.2119678324441,-25.473478650815423,7090.150703739984,8573.0083984375,10055.866093135015,34.59363681406817,0.27353904140578994,-0.016997606572664997,-0.016853962279305357,7955.5708984375,8573.0083984375,0,7923.96630859375
7923.96630859375,8217.446017692588,7878.814903207143,8104.569274591713,19188612.0,2022-10-18,0.0,35.5474652149164,-542.0667547907415,-541.3829252241036,-0.6838295666378826,7067.002191575944,8487.221899414062,9907.44160725218,33.46724581187553,0.3017012481548685,0.0028532281401773803,0.002857302469662981,7899.132568359375,8487.221899414062,0,7901.3896484375
7901.3896484375,8036.842077818023,7788.512919014636,7991.691563085421,11222031.0,2022-10-19,0.0,35.24365102972898,-518.4021942487743,-536.7867790290377,18.384584780263367,7057.521421646078,8403.692895507813,9749.864369369547,32.03761704765126,0.313432665591492,-0.0028532281401774376,-0.0028491615533202674,7822.376220703125,8403.692895507813,-1,7743.3623046875
7743.3623046875,7901.390450058128,7743.3623046875,7878.814747810095,13616844.0,2022-10-20,0.0,33.11049644083883,-506.5600366959643,-530.741430562423,24.181393866458734,7058.3973126121755,8311.133715820313,9563.870119028452,30.145981187224645,0.27338751804497524,-0.020202649304120943,-0.019999943146867816,7779.482958984375,8311.133715820313,-1,7269.27880859375
7269.27880859375,7788.513293730618,7269.27880859375,7788.513293730618,27585010.0,2022-10-21,0.0,27.69487679698058,-529.327855547298,-530.4587155593981,1.130860012100129,6993.0825967832625,8200.5142578125,9407.945918841737,29.447705913783057,0.11437343442487367,-0.06317891395897433,-0.06122450137800739,7741.10478515625,8200.5142578125,-1,7043.525390625
7043.525390625,7427.30702420778,6975.799167923166,7359.580801505947,34967793.0,2022-10-24,0.0,25.551661552291847,-559.1424836528622,-536.1954691780909,-22.947014474771322,6859.916135550416,8098.924951171875,9337.933766793336,30.596871142562733,0.07409521738652436,-0.03154827506351806,-0.03105582051714184,7666.606005859375,8098.924951171875,1,7404.7314453125
7404.7314453125,7517.608625818703,6998.374126599837,7111.25130710604,32193352.0,2022-10-25,0.0,34.310876605755496,-547.3153704425158,-538.4194494309759,-8.89592101153994,6835.888536724546,8013.13837890625,9190.388221087955,29.382990446806502,0.24159820974524937,0.05001036985020843,0.05128199795634569,7682.4087890625,8013.13837890625,0,7404.7314453125
7404.7314453125,7585.334845604148,7337.005225527057,7404.7314453125,14584686.0,2022-10-26,0.0,34.31087660575548,-531.8119014550084,-537.0979398357824,5.286038380774016,6824.570107534686,7932.995703125,9041.421298715313,27.944691692034517,0.2617051338790304,0.0,0.0,7648.545703125,7932.995703125,1,7901.3896484375
7901.3896484375,7901.3896484375,7449.881845563329,7449.881845563329,26295156.0,2022-10-27,0.0,44.688493321411734,-473.9853166547673,-524.4754151995794,50.4900985448121,6879.054273581113,7881.072265625,8883.090257668888,25.428468570562547,0.5101382325336578,0.06491946847640492,0.06707308790238509,7653.060693359375,7881.072265625,0,7969.1162109375
7969.1162109375,8194.870564818926,7856.239476588164,8036.842428583652,28006797.0,2022-10-28,0.0,45.94263086652458,-417.8753570060908,-503.1554035608817,85.28004655479094,6981.945994761425,7828.02001953125,8674.094044301075,21.616552401726963,0.5833828880662276,0.008534948316078012,0.008571474830809445,7646.2880859375,7828.02001953125,0,7991.6923828125
7991.6923828125,8081.9934215401,7675.636091717484,7991.6923828125,24483940.0,2022-10-31,0.0,46.37908623942132,-367.35150189523574,-475.9946232277526,108.64312133251684,7005.655842091566,7805.44462890625,8605.233415720933,20.49310000490658,0.6164355871054523,0.0028289527812787717,0.0028329580442074676,7655.318359375,7805.44462890625,1,8127.14501953125
8127.14501953125,8307.747986468017,8059.418796282109,8127.14501953125,41864748.0,2022-11-01,0.0,49.03770322561497,-312.77560448443455,-443.350819479089,130.57521499465446,7037.787527701366,7787.3843994140625,8536.981271126759,19.251569802284248,0.7266288941020356,0.016807145810752742,0.01694918050275107,7675.63623046875,7787.3843994140625,0,8081.9931640625
8081.9931640625,8217.445603021437,8036.842646137113,8127.144567170663,20502757.0,2022-11-02,0.0,48.18014718811931,-270.05417356482485,-408.6914902962362,138.63731673141137,7115.441613867858,7758.036401367188,8400.631188866517,16.565913183549537,0.7520692425439652,-0.005571174943727521,-0.005555684728184462,7693.69658203125,7758.036401367188,-1,7969.1162109375
7969.1162109375,8127.144347172773,7946.540509994531,7969.1162109375,17876675.0,2022-11-03,0.0,46.01376766174919,-242.50985587350806,-375.45516341169065,132.9453075381826,7126.793731463526,7747.877465820313,8368.9612001771,16.03235820640407,0.6781070191335058,-0.014064923648304127,-0.013966474709100285,7716.27197265625,7747.877465820313,1,8081.9931640625
8081.9931640625,8081.993164062499,7449.882372375979,7833.663987698707,50149727.0,2022-11-04,0.0,48.50720013046036,-209.1614755997025,-342.19642584929306,133.03495024959057,7132.600134952003,7769.3240966796875,8406.048058407372,16.390716973688768,0.7455295278462721,0.014064923648304117,0.01416430004748559,7797.543408203125,7769.3240966796875,-1,7653.060546875
7653.060546875,8014.266437802882,7653.060546875,7946.540222606063,23256922.0,2022-11-07,0.0,40.7963184086887,-214.867067632621,-316.7305542059587,101.8634865733377,7123.8085732448935,7762.55146484375,8401.294356442608,16.45703463588474,0.4142918696952693,-0.05453288151530377,-0.05307262806095869,7858.496923828125,7762.55146484375,1,7765.93798828125
7765.93798828125,7878.814728884673,7495.0331026867925,7562.759324085407,17504675.0,2022-11-08,0.0,43.348502492329786,-207.88416500910807,-294.9612763665886,87.07711135748053,7197.635774771458,7788.51318359375,8379.390592416043,15.173047663755804,0.4808968874292417,0.01464160693260141,0.014749320316346015,7894.617578125,7788.51318359375,-1,7653.060546875
7653.060546875,7923.965407662272,7630.484846748486,7811.087792212427,16938745.0,2022-11-09,0.0,41.42534818282561,-209.04864785204973,-277.77875066368085,68.73010281163113,7190.2947092295435,7783.998095703125,8377.701482176706,15.254458677252602,0.3897281438751307,-0.014641606932601414,-0.014534939832970717,7919.45048828125,7783.998095703125,-1,7133.82666015625
7133.82666015625,7630.485464262337,7133.82666015625,7607.9097623088355,40223572.0,2022-11-10,0.0,33.96143441616907,-248.99903821821954,-272.0228081745886,23.02376995636905,7088.41871056602,7747.87744140625,8407.33617224648,17.022952049188252,0.034428196539588236,-0.07025785038388993,-0.0678465672051648,7842.694189453125,7747.87744140625,1,7224.1279296875
7224.1279296875,7540.183321912813,7201.55267098323,7337.005108391617,24036656.0,2022-11-11,0.0,36.11719215413075,-270.2580856568211,-271.6698636710351,1.4117780142140077,7023.060265260133,7707.241723632813,8391.423182005494,17.754249390537893,0.14694030506585548,0.012578736005870533,0.012658181062290108,7768.195361328125,7707.241723632813,-1,6862.921875
6862.921875,7201.552983202108,6817.771355633987,7201.552983202108,24148678.0,2022-11-14,0.0,31.664516760236864,-312.6483284894084,-279.8655566347098,-32.78277185469864,6881.43447352931,7655.318334960937,8429.202196392565,20.2182019759359,-0.011960837699253001,-0.05129324458414469,-0.04999995268676327,7655.318310546875,7655.318334960937,-1,6388.83837890625
6388.83837890625,6862.921459065501,6388.83837890625,6772.619983214889,47139599.0,2022-11-15,0.0,26.96556414931213,-380.11573975900683,-299.9155932595692,-80.20014649943761,6631.686083277896,7578.561938476562,8525.437793675228,24.98827252150179,-0.12823629572891226,-0.07158081583044215,-0.06907895860227176,7481.487646484375,7578.561938476562,1,6817.771484375
6817.771484375,6817.771484375,5959.9058465333155,6072.78303226263,52377109.0,2022-11-16,0.0,36.19179174472567,-394.42613345410155,-318.8177012984757,-75.60843215562585,6532.349735885837,7524.381030273437,8516.412324661038,26.368449189276372,0.14385723016195748,0.06498019210973906,0.06713788642469654,7355.065478515625,7524.381030273437,1,7088.67578125
7088.67578125,7178.977704931018,6817.771337981152,6930.648078695322,29759393.0,2022-11-17,0.0,41.24055685828555,-379.5324964735728,-330.9606603334951,-48.571836140077664,6486.915321697118,7491.646704101562,8496.378086506005,26.82271126999004,0.2994633541319255,0.038965893721288426,0.03973502155298991,7267.021435546875,7491.646704101562,0,7088.67578125
7088.67578125,7314.430147861143,6772.620376140643,6998.374300160384,25896857.0,2022-11-18,0.0,41.240556858285544,-363.5385359164793,-337.47623545009196,-26.06230046638734,6466.290695615329,7482.616552734375,8498.94240985342,27.16498566928835,0.3061936687308787,0.0,0.0,7167.689697265625,7482.616552734375,0,7088.67578125
7088.67578125,7269.279186020634,7043.525262000893,7178.977704931018,21537250.0,2022-11-21,0.0,41.240556858285544,-346.8647658399368,-339.35394152806094,-7.510824311875865,6472.461837505383,7484.874072265625,8497.286307025866,27.052218246707007,0.30432956190545635,0.0,0.0,7111.251220703125,7484.874072265625,0,7133.82666015625
7133.82666015625,7427.306802229202,7043.525180116433,7088.675698840643,26889593.0,2022-11-22,0.0,42.19268581560857,-326.2466164274465,-336.7324765079381,10.485860080491591,6447.220490985266,7471.328833007812,8495.437175030358,27.414355997773953,0.33522145118698193,0.006349238577688925,0.0063694377200431695,7048.040087890625,7471.328833007812,0,7088.67578125
7088.67578125,7269.279186020634,7088.67578125,7133.826743090509,14798892.0,2022-11-23,0.0,41.469038833780836,-309.97666501784806,-331.3813142099201,21.404649192072043,6417.432291359534,7455.526049804687,8493.61980824984,27.84763278970362,0.32330581145957765,-0.0063492385776889,-0.006329124754099524,6991.601611328125,7455.526049804687,0,7088.67578125
7088.67578125,7156.402002715063,6953.223780911277,7066.100521625446,12750383.0,2022-11-24,0.0,41.469038833780836,-293.6970544830583,-323.84446226454776,30.14740778148945,6386.7040971323295,7414.890356445312,8443.076615758295,27.733013163687392,0.34136406597512625,0.0,0.0,6987.0865234375,7414.890356445312,1,7314.4296875
7314.4296875,7314.4296875,7111.251035892625,7133.8262940963195,19785056.0,2022-11-25,0.0,46.76367456744778,-259.58654026653676,-310.99287786494557,51.40633759840881,6387.111625100966,7382.156030273438,8377.20043544591,26.958097365915872,0.4659681807056144,0.031350516277780405,0.03184711971834475,6996.11669921875,7382.156030273438,1,7765.93798828125
7765.93798828125,7765.93798828125,7404.7316216857735,7427.3068812881775,31026361.0,2022-11-28,0.0,55.44459833303054,-193.88577105717832,-287.57145650339214,93.68568544621382,6400.112308556446,7370.868310546875,8341.624312537306,26.340343120806768,0.7034855704854395,0.05989817961639978,0.061728435444919905,7086.418310546875,7370.868310546875,0,7765.93798828125
7765.93798828125,7878.814728884673,7585.335026279212,7765.93798828125,30372901.0,2022-11-29,0.0,55.44459833303054,-140.2012849694229,-258.0974221965983,117.89613722717542,6428.989073010018,7352.807958984375,8276.626844958731,25.128328962965647,0.723599038496136,0.0,0.0,7224.128271484375,7352.807958984375,1,7856.23974609375
7856.23974609375,7923.965966063227,7653.061086185319,7811.08834265891,26479248.0,2022-11-30,0.0,57.06840646534148,-89.33949570229834,-224.3458368977383,135.00634119543997,6450.27271688383,7341.520288085938,8232.767859288046,24.279646074082336,0.7887634562154052,0.011560841913922974,0.011627926716484938,7327.97509765625,7341.520288085938,1,8036.84228515625
8036.84228515625,8307.747150906227,7878.814151741184,7991.691769258833,55571330.0,2022-12-01,0.0,60.19308404661837,-34.06536144298752,-186.28974180678816,152.22438036380063,6443.165900426379,7344.906591796875,8246.64728316737,24.55417724107206,0.8836666682456956,0.022728167277062415,0.022988420020188194,7422.791748046875,7344.906591796875,1,8488.349609375
8488.349609375,8488.349609375,7923.965095117658,8036.841820932589,32781566.0,2022-12-02,0.0,66.7153415207641,45.64647173424237,-139.90249909858207,185.54897083282444,6379.184343866792,7365.2244140625,8351.264484258207,26.77556079114306,1.0695129585806715,0.05465833368515914,0.05617969199827,7562.759130859375,7365.2244140625,1,8578.65234375
8578.65234375,8714.104781789629,8465.774721928461,8578.65234375,40015389.0,2022-12-05,0.0,67.84993945129301,114.78221190319073,-88.9655568982275,203.74776880141823,6290.88124117953,7411.50400390625,8532.12676663297,30.240090597970216,1.0207588042401636,0.010582242543299751,0.010638432502269257,7711.756787109375,7411.50400390625,-1,7991.6923828125
7991.6923828125,8601.227492363618,7991.6923828125,8578.65267527312,44315371.0,2022-12-06,0.0,54.77906224281909,120.81731387640502,-47.008982743301004,167.82629661970603,6282.757108181765,7422.791723632812,8562.82633908386,30.717138723463993,0.7495102567366366,-0.07087428170376715,-0.06842099870909579,7797.543359375,7422.791723632812,-1,7811.08837890625
7811.08837890625,8081.993260041291,7788.513562266856,7969.116521295954,24401831.0,2022-12-07,0.0,51.49206628226939,109.76167763068861,-15.65485066850308,125.4165282991917,6281.782710337557,7430.693115234375,8579.603520131193,30.923371133207674,0.6655460956966603,-0.02285823872982527,-0.022598968435605715,7869.784619140625,7430.693115234375,1,8172.294921875
8172.294921875,8352.897875152234,7923.9657504709585,7991.691968597766,27735376.0,2022-12-08,0.0,57.04374026356024,128.66320619202816,13.208760703603168,115.454445488425,6296.921125550237,7482.616528320313,8668.31193109039,31.691999671035916,0.790832869868361,0.0452054543817264,0.046242792994659165,7978.146533203125,7482.616528320313,0,8217.4453125
8217.4453125,8262.596714011872,8014.266661244819,8217.4453125,18928633.0,2022-12-09,0.0,57.695501189180696,145.6075892891804,39.68852642071862,105.91906286846178,6309.53978918026,7532.282397460937,8755.025005741614,32.466722402570895,0.7801746297213296,0.005509605911235989,0.00552481170303154,8068.448095703125,7532.282397460937,-1,7991.6923828125
7991.6923828125,8307.747788724711,7969.116680539198,8217.445864814305,25033809.0,2022-12-12,0.0,53.33783637786727,139.21497664903745,59.59381646638239,79.62116018265506,6392.144187973436,7588.720922851562,8785.297657729689,31.535663178097128,0.6683851307714006,-0.02785682156313723,-0.027472398184883007,8091.02353515625,7588.720922851562,1,8127.14501953125
8127.14501953125,8127.14501953125,7901.390646973171,8014.267390660797,15995997.0,2022-12-13,0.0,55.50914413193988,143.42536253362323,76.36012567983056,67.06523685379267,6599.5686252899395,7675.636254882813,8751.703884475686,28.03852589831466,0.709795719261281,0.016807145810752742,0.01694918050275107,8127.14423828125,7675.636254882813,0,8194.87109375
8194.87109375,8307.747835384871,8127.144871732516,8285.172132984773,20951044.0,2022-12-14,0.0,56.59665311504874,150.4922706426023,91.18655467238491,59.30571597021739,6724.792619595371,7744.491235351563,8764.189851107754,26.333521073702965,0.7208396929441956,0.008298786429160678,0.008333316811252933,8161.007373046875,7744.491235351563,1,8556.076171875
8556.076171875,8668.952902306999,8127.144065123773,8127.144065123773,48508752.0,2022-12-15,0.0,61.940001468384104,183.12809068504976,109.57486187491789,73.55322881013187,6785.756300798588,7817.861254882812,8849.966208967036,26.40376748665374,0.8576258955404386,0.04313321171791308,0.04407696887391932,8212.93076171875,7817.861254882812,0,8488.349609375
8488.349609375,8623.802034425993,8443.199096085566,8443.199096085566,23435795.0,2022-12-16,0.0,60.43759544784495,201.20784680736415,127.90145886140715,73.306387945957,6874.275759342019,7887.844946289062,8901.414133236105,25.69952106941173,0.7962326947283733,-0.007947104797359222,-0.007915610045949206,8212.93076171875,7887.844946289062,-1,8285.1708984375
8285.1708984375,8691.528169992387,8285.1708984375,8488.349534214944,28859205.0,2022-12-19,0.0,56.045603786660735,196.8719426482694,141.69555561877962,55.176387029489774,6993.1901372502525,7947.669702148438,8902.149267046623,24.019104987218267,0.6767985448305871,-0.024227311009356167,-0.023936185511621466,8183.5826171875,7947.669702148438,-1,7946.54052734375
7946.54052734375,8330.323018298339,7856.239493740233,8262.596800504323,36545531.0,2022-12-20,0.0,49.57889160115677,164.21806286203173,146.20005706743007,18.018005794601663,7113.869159003666,7988.305395507812,8862.741632011957,21.892909527366868,0.4761189744771838,-0.04173059795138933,-0.04087186314498503,8179.067431640625,7988.305395507812,0,7991.6923828125
7991.6923828125,8081.9934215401,7720.78749626409,8059.418604449603,17355312.0,2022-12-21,0.0,50.40066524865387,140.36496531348803,145.03303871664167,-4.668073403153642,7268.164391972496,8033.456225585937,8798.748059199379,19.052617257713965,0.4727137799339613,0.005665869800278103,0.005681951197931134,8197.12783203125,8033.456225585937,1,8127.14501953125
8127.14501953125,8262.59746602953,7991.692573032968,8081.993613909938,15471222.0,2022-12-22,0.0,52.8816627289265,130.88237882067278,142.2029067374479,-11.32052791677512,7462.282729682501,8085.3796875,8708.4766453175,15.412930051530113,0.5335143122649321,0.016807145810752742,0.01694918050275107,8192.612841796876,8085.3796875,-1,8014.26708984375
8014.26708984375,8104.569012514046,7946.540869136726,8104.569012514046,9050057.0,2022-12-23,0.0,50.60975363402176,112.9569576467211,136.35371691930254,-23.39675927258145,7611.421943927391,8120.371557617187,8629.321171306983,12.535131184049916,0.39576132399020975,-0.013986356211922252,-0.013889001539437285,8172.29501953125,8120.371557617187,-1,7585.3349609375
7585.3349609375,8014.267102645275,7585.3349609375,7991.692285828737,18930842.0,2022-12-26,0.0,43.042362601743086,63.408757467808755,121.76472502900378,-58.35596756119503,7570.503605660406,8111.34140625,8652.179206839593,13.335347965328257,0.013711463271359548,-0.05500656677242405,-0.05352106737867812,8131.65927734375,8111.34140625,1,7788.51318359375
7788.51318359375,7811.0879991355705,7562.758831896336,7607.909348162721,11295307.0,2022-12-27,0.0,47.078944018746874,40.07428497579349,105.42663701836173,-65.35235204256824,7574.58144551021,8112.470166015625,8650.35888652104,13.26078763922518,0.19886245047351414,0.026433206690266747,0.026785662558419077,8097.79609375,8112.470166015625,1,7878.814453125
7878.814453125,7946.540672153187,7698.211497444093,7811.088234096814,9251616.0,2022-12-28,0.0,48.815162834879246,28.539123926413595,90.04913439997212,-61.51001047355852,7577.883778224843,8113.598901367188,8649.314024509533,13.205363727114335,0.2808681908539259,0.011527462956928683,0.011594160194973613,8066.1904296875,8113.598901367188,0,7856.23974609375
7856.23974609375,7946.540782597864,7811.08834265891,7811.08834265891,8397000.0,2022-12-29,0.0,48.387772655408426,17.375541074105058,75.5144157347987,-58.138874660693645,7557.439022586381,8104.568774414062,8651.698526241744,13.501760971045309,0.2730620319122003,-0.002869354275355968,-0.0028652416128794878,7996.206787109375,8104.568774414062,-1,7720.787109375
7720.787109375,7923.965764105014,7720.787109375,7923.965764105014,8288993.0,2022-12-30,0.0,45.796844471206086,-2.3742061532639127,59.93669135718618,-62.31089751045009,7524.757830447305,8066.190649414062,8607.62346838082,13.424746388955919,0.18102825693295327,-0.017391772152304932,-0.01724140824318643,7919.450537109375,8066.190649414062,0,7720.787109375
7720.787109375,7720.787109375,7720.787109375,7720.787109375,0.0,2023-01-02,0.0,45.796844471206086,-17.82059835529617,44.385233414689715,-62.205831769985885,7518.0928762764715,8023.297387695313,8528.501899114155,12.593438508053643,0.2006061194201055,0.0,0.0,7863.012158203125,8023.297387695313,1,8127.14501953125
8127.14501953125,8127.14501953125,7765.9382004748895,7765.9382004748895,15132949.0,2023-01-03,0.0,54.30902442411117,2.696626779284088,36.04751208760859,-33.3508853083245,7523.021142895217,8030.07001953125,8537.118896167283,12.628753557634154,0.595725485720464,0.051293379764812026,0.05263166881817383,7881.072607421875,8030.07001953125,0,8104.56884765625
8104.56884765625,8240.021286315015,8104.56884765625,8172.295066985633,15558952.0,2023-01-04,0.0,53.80348745462336,16.939696843081038,32.22594903870308,-15.28625219562204,7547.486563789382,8044.74404296875,8542.001522148119,12.36229459939078,0.56015475602924,-0.0027817378519254276,-0.002777872404238435,7892.36025390625,8044.74404296875,1,8217.4453125
8217.4453125,8240.021013255935,8036.842362000754,8127.14427984175,15552327.0,2023-01-05,0.0,56.00838592401636,36.91014270005144,33.16278777097275,3.747354929078689,7546.904029539327,8047.0015625,8547.099095460671,12.429413094467066,0.6704105087171112,0.01383141360430982,0.013927510144650324,7901.390283203125,8047.0015625,0,8240.0205078125
8240.0205078125,8465.773960793138,8127.143781322181,8149.71859551063,21916678.0,2023-01-06,0.0,56.45601713051465,53.936745288702696,37.31757927451874,16.619166014183953,7546.3140241283945,8048.130322265625,8549.946620402856,12.47038201528438,0.6911956489448247,0.002743461200950473,0.0027472279344724626,7923.965625,8048.130322265625,0,8240.0205078125
8240.0205078125,8352.897234302818,8217.44480844136,8352.897234302818,11946759.0,2023-01-09,0.0,56.45601713051465,66.6620123278035,43.18646588517569,23.475546442627802,7552.361858398059,8060.546728515625,8568.73159863319,12.609191094191441,0.6765831588564956,0.0,0.0,7989.4341796875,8060.546728515625,0,8217.4453125
8217.4453125,8285.17152958506,8172.294796170875,8217.4453125,12849556.0,2023-01-10,0.0,55.79754871877695,74.07139955769344,49.363452619679244,24.707946938014196,7552.797323023854,8065.061743164062,8577.32616330427,12.703298163201355,0.6487352657580929,-0.002743461200950504,-0.0027397013503905887,8032.327392578125,8065.061743164062,0,8240.0205078125
8240.0205078125,8330.32242011437,8217.44480844136,8240.0205078125,12981653.0,2023-01-11,0.0,56.345869536648294,80.8332267905671,55.65740745385682,25.175819336710276,7552.255875908022,8067.3192138671875,8582.382551826353,12.76913245415666,0.6676505404457698,0.002743461200950473,0.0027472279344724626,8068.447998046875,8067.3192138671875,0,8240.0205078125
8240.0205078125,8307.74672074323,8194.869994252911,8262.59620718364,14722806.0,2023-01-12,0.0,56.345869536648294,85.20977830588981,61.56788162426342,23.641896681626392,7582.233334910368,8051.516430664063,8520.799526417757,11.657011441135182,0.7008426031686582,0.0,0.0,8106.82607421875,8051.516430664063,0,8240.0205078125
8240.0205078125,8375.472933673958,8240.0205078125,8307.74672074323,16059436.0,2023-01-13,0.0,56.345869536648294,87.66764882865482,66.7878350651417,20.879813763513113,7606.79802025828,8039.0999755859375,8471.401930913595,10.754983932045166,0.7323844823628863,0.0,0.0,8158.7494140625,8039.0999755859375,1,8352.8974609375
8352.8974609375,8375.473160921176,8217.445031400883,8262.596431368233,12540794.0,2023-01-16,0.0,59.48448128473598,97.59869864616394,72.95000778134616,24.64869086481778,7601.102766915415,8042.486303710937,8483.86984050646,10.976295641109424,0.8516342719533336,0.013605647251133907,0.013698625266524544,8221.96044921875,8042.486303710937,1,8759.255859375
8759.255859375,8759.255859375,8398.049039783644,8443.20044547183,37937971.0,2023-01-17,0.0,68.31608762899577,136.6832543768769,85.69665710045231,50.98659727642459,7540.822877399814,8083.1220703125,8625.421263225186,13.418062679133087,1.1233955332212369,0.047502473798506514,0.04864879526390009,8285.171533203125,8083.1220703125,0,8826.9814453125
8826.9814453125,8826.9814453125,8668.953307180993,8804.405744098638,19897479.0,2023-01-18,0.0,69.50902548042428,171.1500242192942,102.78733052422069,68.36269369507352,7491.2666871197625,8124.8865234375,8758.506359755236,15.597013804191892,1.0540348341642876,0.007702150217984485,0.0077318880764298825,8357.41279296875,8124.8865234375,0,8849.556640625
8849.556640625,8917.282855212128,8759.254726114592,8804.40524077844,22211990.0,2023-01-19,0.0,69.9156403125636,198.0043463803704,121.83073369545065,76.17361268491976,7449.293130148986,8161.007104492188,8872.72107883539,17.441817296089404,0.9837263008417345,0.0025542566623119084,0.0025575215550599495,8420.62392578125,8161.007104492188,0,8849.556640625
8849.556640625,8849.556640625,8849.556640625,8849.556640625,0.0,2023-01-20,0.0,69.9156403125636,216.7875976874202,140.82210649384456,75.96549119357564,7431.752828598925,8202.77158203125,8973.790335463575,18.79898143503827,0.9194353611468421,0.0,0.0,8481.5775390625,8202.77158203125,0,8849.556640625
8849.556640625,8849.556640625,8849.556640625,8849.556640625,0.0,2023-01-23,0.0,69.9156403125636,229.03330628767435,158.46434645261053,70.56895983506382,7500.830844910344,8265.982666015625,9031.134487120906,18.513269432588825,0.8813452170618818,0.0,0.0,8542.53115234375,8265.982666015625,0,8849.556640625
8849.556640625,8849.556640625,8849.556640625,8849.556640625,0.0,2023-01-24,0.0,69.9156403125636,236.01745625895273,173.97496841387897,62.042487845073765,7546.177796774915,8319.034838867188,9091.891880959462,18.580449705088963,0.8432211734278741,0.0,0.0,8605.74228515625,8319.034838867188,0,8849.556640625
8849.556640625,8849.556640625,8849.556640625,8849.556640625,0.0,2023-01-25,0.0,69.9156403125636,238.79971100842886,186.93991693278895,51.85979407563991,7589.212619766691,8367.571948242188,9145.931276717685,18.604186095800713,0.8096158000231283,0.0,0.0,8666.6958984375,8367.571948242188,0,8849.556640625
8849.556640625,8849.556640625,8849.556640625,8849.556640625,0.0,2023-01-26,0.0,69.9156403125636,238.2581760000885,197.20356874624886,41.054607253839634,7649.565972989014,8417.23779296875,9184.909612948486,18.240468877355525,0.7815779063426229,0.0,0.0,8727.64951171875,8417.23779296875,0,8894.70703125
8894.70703125,9075.30997256955,8872.131331641544,8985.008944501125,18476933.0,2023-01-27,0.0,71.11731674772629,238.72044410893795,205.50694381878668,33.21350029015127,7754.34212295425,8475.9337890625,9197.525455170748,17.026835840539572,0.7901732807184884,0.005089023574328002,0.005101994648831543,8793.1181640625,8475.9337890625,-1,8691.529296875
8691.529296875,8939.85847773871,8691.529296875,8939.85847773871,25424278.0,2023-01-30,0.0,59.58352179457053,220.15424864169472,208.43640478336832,11.717843858326404,7891.6132316839685,8524.4708984375,9157.32856519103,14.848022224336082,0.6319873387127365,-0.02310747691080929,-0.022842543735411502,8826.98134765625,8524.4708984375,1,8826.9814453125
8826.9814453125,8826.9814453125,8465.774651804524,8668.953307180993,30047276.0,2023-01-31,0.0,63.798696160577734,213.90450336588583,209.53002449987184,4.3744788660139875,7941.899912176054,8559.462719726562,9177.02552727707,14.429943274996502,0.7165923225258821,0.015464196674169511,0.015584386108691062,8833.75390625,8559.462719726562,-1,8533.5009765625
8533.5009765625,9007.584511679768,8533.5009765625,8894.707774569915,31600320.0,2023-02-01,0.0,51.31185049933385,183.1587737667087,204.25577435323922,-21.097000586530527,8001.2325396903225,8580.909326171875,9160.586112653427,13.51084749756139,0.4591079453973584,-0.033813395682753745,-0.03324811211717804,8804.405859375,8580.909326171875,0,8556.076171875
8556.076171875,8623.802387170743,8375.473226147258,8623.802387170743,24509837.0,2023-02-02,0.0,52.08866303669886,158.78382998867346,195.1613854803261,-36.37755549165263,8043.642226603339,8597.840869140626,9152.039511677913,12.89157710574563,0.46231974055871516,0.0026419856088677144,0.0026454787284262427,8775.0578125,8597.840869140626,-1,8398.0478515625
8398.0478515625,8623.80219251347,8398.0478515625,8556.07597874645,20120920.0,2023-02-03,0.0,46.49625302307558,125.27090170472911,181.18328872520672,-55.91238702047761,8068.785931151651,8605.742236328126,9142.6985415046,12.47902366654155,0.30660029246014203,-0.018642413707207386,-0.01846971872830694,8729.90693359375,8605.742236328126,0,8443.2001953125
8443.2001953125,8533.501233647734,8352.898271794465,8398.048790962082,13323138.0,2023-02-06,0.0,48.20727128371522,101.18864170500456,165.1843593211663,-63.995717616161755,8100.836935896675,8615.901220703125,9130.965505509574,11.956132541742772,0.33235002844788425,0.005362126584775657,0.0053765285156834874,8689.2712890625,8615.901220703125,-1,8285.1708984375
8285.1708984375,8510.925233251108,8285.1708984375,8510.925233251108,15408386.0,2023-02-07,0.0,43.02166378642259,68.56130159319764,145.85974777557257,-77.29844618237493,8114.464575218288,8619.2875,9124.110424781713,11.713797104034702,0.1690754468936076,-0.018894128684283733,-0.018716753508075668,8632.83271484375,8619.2875,0,8307.7470703125
8307.7470703125,8443.19950187346,8240.02085453202,8352.89758577191,11222232.0,2023-02-08,0.0,43.94927440093677,44.01819354584768,125.4914369296276,-81.47324338377992,8127.751394184608,8622.673828125,9117.596262065392,11.47955828564636,0.18184230879860497,0.002721183320328802,0.002724889100266692,8578.6517578125,8622.673828125,0,8330.3232421875
8330.3232421875,8443.199979816995,8285.17183898948,8307.74754058849,12713444.0,2023-02-09,0.0,44.91504423143733,26.08857908799837,105.61086536130175,-79.52228627330338,8145.494238073213,8627.18896484375,9108.883691614286,11.166898713670657,0.19185284148058943,0.002713798572374388,0.0027174842570345525,8526.72841796875,8627.18896484375,0,8262.5966796875
8262.5966796875,8398.048228112184,8262.5966796875,8375.473412632775,12028667.0,2023-02-10,0.0,42.54666454021619,6.341165862186244,85.75692546147866,-79.41575959929241,8150.351856872038,8628.3177734375,9106.283690002963,11.07900587613713,0.11741927502072062,-0.00816335387967832,-0.008130124189780541,8463.5173828125,8628.3177734375,-1,8127.14501953125
8127.14501953125,8217.44606040822,8014.267390660797,8217.44606040822,19813965.0,2023-02-13,0.0,38.20739249220735,-20.007978824201928,64.60394460434254,-84.61192342854447,8102.419658884699,8617.030151367188,9131.640643849676,11.944033697058375,0.024023373996200068,-0.016529210353383395,-0.01639335252672325,8407.078955078125,8617.030151367188,0,8059.4189453125
8059.4189453125,8194.871394315494,8036.8432420843865,8127.145169813997,13242435.0,2023-02-14,0.0,36.218383806533716,-45.82653424182354,42.51784883510933,-88.34438307693287,8015.58538572561,8582.038305664062,9148.491225602515,13.200894700379024,0.038691264572926,-0.008368233009595336,-0.008333316811252933,8330.322705078124,8582.038305664062,0,8127.14501953125
8127.14501953125,8240.021763218876,8014.267390660797,8014.267390660797,13085845.0,2023-02-15,0.0,39.604327890870834,-60.129857674168306,21.988307533253806,-82.11816520742211,7958.279792333577,8547.046484375,9135.813176416423,13.777079441834264,0.1434058936080175,0.00836823300959531,0.008403344543608915,8289.687109375,8547.046484375,1,8240.0205078125
8240.0205078125,8285.171021372089,8149.71859551063,8172.29429488177,9520227.0,2023-02-16,0.0,44.8583560368983,-61.64661220785456,5.261323585032134,-66.90793579288669,7930.638951693864,8516.569677734375,9102.500403774884,13.759782358673366,0.2640086467297209,0.013793136953335025,0.013888701137974913,8258.08154296875,8516.569677734375,0,8172.294921875
8172.294921875,8307.747358128614,8172.294921875,8240.021140001807,9622612.0,2023-02-17,0.0,42.47100164733102,-67.53503800324506,-9.297948732623306,-58.23708927062176,7899.529090074872,8482.706591796876,9065.884093518878,13.74979778944516,0.23386175820801247,-0.008253067112186478,-0.008219104051171766,8235.50625,8482.706591796876,1,8533.5009765625
8533.5009765625,8533.5009765625,8172.29506373786,8172.29506373786,17268988.0,2023-02-20,0.0,55.939279498295335,-42.56468874532402,-15.95129673516345,-26.61339201016057,7909.001243057036,8466.90380859375,9024.806374130465,13.178431647480245,0.5596853035661179,0.043249942697057536,0.04419885211443475,8244.536328125,8466.90380859375,-1,8398.0478515625
8398.0478515625,8623.80219251347,8398.0478515625,8578.651678396358,13956120.0,2023-02-21,0.0,51.10728169848154,-33.32133461167723,-19.425304310466206,-13.896030301211024,7915.8573892808545,8444.328369140625,8972.799349000396,12.516589994085054,0.4562128107863127,-0.01600042809833965,-0.015873101247896426,8255.8240234375,8444.328369140625,-1,8240.0205078125
8240.0205078125,8352.897234302818,8240.0205078125,8307.74672074323,19825810.0,2023-02-22,0.0,46.103777539114446,-38.30583005270455,-23.201409458913876,-15.104420593790675,7914.263832685379,8413.8515625,8913.43929231462,11.87536352652693,0.32602549631072547,-0.018996447486531506,-0.018817152098103196,8249.0513671875,8413.8515625,0,8194.87109375
8194.87109375,8217.445910967288,7991.692427697547,8127.144871732516,32783373.0,2023-02-23,0.0,44.755611026796586,-45.376190508035506,-27.636365668738204,-17.739824839297302,7917.214982309262,8381.11728515625,8845.019588003237,11.070178045798313,0.29926140669786594,-0.005494350524174241,-0.0054792841862095765,8235.50615234375,8381.11728515625,-1,7991.6923828125
7991.6923828125,8240.021567087608,7991.6923828125,8194.871047723807,20220696.0,2023-02-24,0.0,39.20031342736476,-66.60652745799052,-35.43039802658867,-31.176129431401854,7908.16164127044,8335.966552734375,8763.77146419831,10.264074567900124,0.09762714183927985,-0.02510593223991341,-0.024793399263163374,8208.41572265625,8335.966552734375,-1,7788.51318359375
7788.51318359375,7901.389916851085,7788.513183593751,7878.8142161265205,16152787.0,2023-02-27,0.0,34.57813101173936,-98.68896087545727,-48.0821105963624,-50.60685027909487,7831.562492292174,8290.815747070312,8750.06900184845,11.078602366490216,-0.046868811761847116,-0.025752570483326905,-0.025423801303428695,8174.5525390625,8290.815747070312,0,7788.51318359375
7788.51318359375,7969.116133842035,7743.3617821446205,7833.663699860135,12372762.0,2023-02-28,0.0,34.57813101173936,-122.70011001021794,-63.00571047913351,-59.69439953108443,7800.5334891793655,8238.892333984375,8677.251178789384,10.641208236132302,-0.013710577222369423,0.0,0.0,8147.461962890625,8238.892333984375,1,7969.1162109375
7969.1162109375,7969.1162109375,7675.635639409922,7743.361857056074,12688149.0,2023-03-01,0.0,41.66860186250426,-125.70689293441683,-75.54594697019017,-50.160945964226656,7779.564082504495,8210.673095703125,8641.782108901754,10.501185668303886,0.21984245588675586,0.02292361770204821,0.023188383082432873,8131.65908203125,8210.673095703125,-1,7856.23974609375
7856.23974609375,7991.692186032704,7833.66404437633,7969.116484315284,7701181.0,2023-03-02,0.0,38.83561006143003,-135.63446771516283,-87.5636511191847,-48.07081659597813,7749.031578556228,8175.6812744140625,8602.330970271898,10.43704326373492,0.12563956868874127,-0.014265509020475364,-0.014164238775791538,8093.281005859375,8175.6812744140625,-1,7743.3623046875
7743.3623046875,7901.390450058128,7743.3623046875,7901.390450058128,9518420.0,2023-03-03,0.0,36.18609411203186,-150.8712584650757,-100.2251725883629,-50.6460858767128,7688.5730581349235,8142.946997070312,8597.3209360057,11.159938511176955,0.06029092104286319,-0.014472088599723505,-0.014367871278670452,8050.387744140625,8142.946997070312,0,7811.08837890625
7811.08837890625,7991.692223118136,7811.08837890625,7856.239782550616,13715214.0,2023-03-06,0.0,38.88042043083351,-155.686934659494,-111.31752500258912,-44.36940965690488,7656.9674923408165,8111.34140625,8565.715320159183,11.203422249224431,0.1695969793242114,0.008708311671652457,0.008746339323132402,7978.146484375,8111.34140625,0,7856.23974609375
7856.23974609375,7946.540782597864,7833.66404437633,7856.23974609375,12393640.0,2023-03-07,0.0,40.678651782668055,-154.08387179219244,-119.87079436050979,-34.21307743168265,7629.6145169393585,8089.894848632813,8550.175180326267,11.379142505696258,0.2461817435481074,0.005763776928070952,0.00578041944953922,7923.965673828125,8089.894848632813,1,7946.54052734375
7946.54052734375,7946.54052734375,7765.937574953962,7811.08809175572,14874376.0,2023-03-08,0.0,44.21372073632118,-143.868488172031,-124.67033312281404,-19.19815504921695,7619.264600072859,8071.834521484375,8524.404442895891,11.213557963977946,0.3615749874076397,0.011428592001476001,0.011494147858063908,7894.61767578125,8071.834521484375,1,8036.84228515625
8036.84228515625,8104.568501593744,7946.540368178678,7969.116068718756,16178082.0,2023-03-09,0.0,47.577984014218686,-127.02189652820653,-125.14064580389254,-1.8812507243139862,7621.151234315927,8057.160473632813,8493.169712949699,10.822900716542344,0.47669981889787927,0.011299575275586374,0.01136365661280836,7878.814794921875,8057.160473632813,0,8014.26708984375
8014.26708984375,8036.842791807022,7946.540869136726,8036.842791807022,10628196.0,2023-03-10,0.0,46.81784332915548,-114.1763272421249,-122.94778209153901,8.771454849414113,7619.353350635979,8044.743994140625,8470.134637645271,10.575616671319276,0.464177744900797,-0.002812915876477817,-0.0028089633355373733,7881.072265625,8044.743994140625,-1,7901.3896484375
7901.3896484375,7946.540163170103,7833.663433747239,7833.663433747239,17123641.0,2023-03-13,0.0,43.10917514426157,-111.81544831544124,-120.72131533631946,8.905867020878219,7605.300090002613,8033.456225585937,8461.612361169262,10.659325788561102,0.34577287796132083,-0.014184690696187281,-0.014084561961916209,7892.359912109375,8033.456225585937,-1,7765.93798828125
7765.93798828125,7923.966133272284,7765.93798828125,7901.390431078479,17006199.0,2023-03-14,0.0,39.10593947665889,-119.49676736465881,-120.47640574198734,0.9796383773285271,7574.557399651827,8018.782177734375,8463.006955816923,11.079607058438876,0.21540962826915938,-0.017291402618320233,-0.01714276427097039,7890.102392578125,8018.782177734375,1,8036.84228515625
8036.84228515625,8059.417985696327,7901.3898522812615,7946.540368178678,12610456.0,2023-03-15,0.0,49.255488878276104,-102.54250912128646,-116.88962641784717,14.347117296560711,7572.852976719422,8014.267041015625,8455.681105311829,11.015706415499332,0.5255715052675299,0.034289009190985265,0.03488365439999552,7896.875,8014.267041015625,-1,7878.814453125
7878.814453125,7991.692074960492,7856.239636904119,7991.692074960492,11549263.0,2023-03-16,0.0,44.58694041995754,-100.69689158129313,-113.65107945053637,12.954187869243242,7564.2273109321295,7996.20673828125,8428.186165630372,10.804608772333298,0.36412282886173714,-0.01985881300170649,-0.01966292561484273,7899.132470703125,7996.20673828125,0,7878.814453125
7878.814453125,7991.692074960492,7878.814453125,7991.692074960492,8567240.0,2023-03-17,0.0,44.58694041995754,-98.10335200914687,-110.54153396225847,12.438181953111595,7554.83254085562,7981.53271484375,8408.232888831879,10.692186306386207,0.37963648952999124,0.0,0.0,7912.677685546875,7981.53271484375,0,7811.08837890625
7811.08837890625,7946.540819473771,7811.08837890625,7946.540819473771,12020637.0,2023-03-20,0.0,42.58092610987744,-100.35603943862861,-108.5044350575325,8.14839561890389,7601.094225561147,7945.412084960937,8289.729944360728,8.667086256017223,0.30494229040451376,-0.008633131203426967,-0.008595972734436907,7912.677685546875,7945.412084960937,0,7833.66357421875
7833.66357421875,7901.389790123463,7765.937358314038,7878.814089760982,16145560.0,2023-03-21,0.0,43.493535199290626,-99.17643663692706,-106.63883537341142,7.46239873648436,7643.882807630705,7917.19287109375,8190.502934556795,6.9042163785328405,0.3471894963972039,0.0028859787677000272,0.002890147213474581,7910.420068359375,7917.19287109375,0,7856.23974609375
7856.23974609375,7923.965966063227,7833.66404437633,7901.390264345807,10614545.0,2023-03-22,0.0,44.4444885786472,-95.3210824217831,-104.37528478308576,9.054202361302657,7669.991565093214,7898.003833007812,8126.01610092241,5.773921429657336,0.40841701787356227,0.002877798160371012,0.0028819429965438736,7901.389990234375,7898.003833007812,0,7856.23974609375
7856.23974609375,7878.814562628387,7811.08834265891,7811.08834265891,7591569.0,2023-03-23,0.0,44.44448857864721,-91.21422561593772,-101.74307294965617,10.528847333718446,7700.528594283297,7881.072265625,8061.615936966703,4.58170323165753,0.43122849627819093,0.0,0.0,7883.329736328125,7881.072265625,1,8014.26708984375
8014.26708984375,8104.569012514046,7946.540869136726,7991.6922730632705,32737199.0,2023-03-24,0.0,51.122151242893516,-74.35095453596296,-96.26464926691753,21.913694730954575,7698.490902125408,7882.201000976563,8065.911099827717,4.66139086857577,0.8594415595361191,0.019915251400584744,0.020114883055672328,7883.329736328125,7882.201000976563,1,8104.56884765625
8104.56884765625,8127.144549160303,7991.692110501539,8036.842628326868,16137730.0,2023-03-27,0.0,54.48855785457271,-53.08812666164067,-87.62934474586216,34.541218084221484,7694.878132133453,7898.0037841796875,8101.129436225922,5.143721314824163,1.0084662163436275,0.011204618359996739,0.01126762519893254,7903.64765625,7898.0037841796875,0,8127.14501953125
8127.14501953125,8262.59746602953,8127.14501953125,8149.719837159078,24864773.0,2023-03-28,0.0,55.31713749370185,-34.023274853706425,-76.908130767431,42.88485591372458,7694.519939000459,7914.935375976563,8135.350812952666,5.569608000719986,0.9813856199593092,0.002781737851925399,0.002785610474705047,7939.768359375,7914.935375976563,1,8262.5966796875
8262.5966796875,8307.74719582906,8172.294762221635,8194.870462883788,20958874.0,2023-03-29,0.0,60.0201248010157,-7.893434879428241,-63.105191589830454,55.21175671040221,7660.3431985071375,7929.609399414063,8198.87560032099,6.7914114641465835,1.1183235756138152,0.016529210353383433,0.016666573542213348,7962.343798828125,7929.609399414063,0,8240.0205078125
8240.0205078125,8352.897234302818,8240.0205078125,8307.74672074323,18024832.0,2023-03-30,0.0,58.9072351285777,10.867667456595882,-48.31061978054519,59.17828723714107,7648.622022860711,7948.7984375,8248.974852139288,7.55274943752878,0.9850848636167026,-0.0027360734000483906,-0.002732333762641481,7998.464404296875,7948.7984375,0,8240.0205078125
8240.0205078125,8307.74672074323,8194.869994252911,8262.59620718364,21159428.0,2023-03-31,0.0,58.9072351285777,25.442688745997657,-33.55995807523662,59.00264682123428,7663.0204892065285,7973.63134765625,8284.242206105971,7.790951071271227,0.9288149511028289,0.0,0.0,8034.585009765625,7973.63134765625,1,8443.2001953125
8443.2001953125,8443.2001953125,8307.747752626847,8352.898271794465,40999894.0,2023-04-03,0.0,65.57047697142826,52.77998603830929,-16.291969252527437,69.07195529083673,7640.365751642003,8005.2369384765625,8370.108125311122,9.115812302340093,1.100161471553136,0.0243585740713071,0.02465766769722988,8097.79619140625,8005.2369384765625,0,8465.7744140625
8465.7744140625,8488.350114642375,8398.048197505614,8465.7744140625,22711469.0,2023-04-04,0.0,66.22575112322266,75.39740750905821,2.0459060997896916,73.35150140926852,7624.376917359443,8035.713671875,8447.050426390557,10.23771556110158,1.022759925373062,0.002670088835446531,0.0026736566974372433,8161.007275390625,8035.713671875,0,8488.349609375
8488.349609375,8510.925308611062,8398.047697613443,8465.77391013894,19855321.0,2023-04-05,0.0,66.90412538785944,94.05925008219037,20.44857489626983,73.61067518592054,7607.209723068508,8062.804125976562,8518.398528884618,11.301140292872333,0.9670222907504834,0.0026630934896261327,0.002666642672996433,8224.21826171875,8062.804125976562,-1,8352.8974609375
8352.8974609375,8533.500405258752,8352.8974609375,8510.925590457793,24164538.0,2023-04-06,0.0,59.21848559489589,96.80315193698425,35.719490304412716,61.083661632571534,7605.225917252249,8078.606884765625,8551.987852279,11.719371279373977,0.7897144107976046,-0.016086109145245827,-0.01595741865861644,8273.884033203125,8078.606884765625,0,8398.0478515625
8398.0478515625,8398.0478515625,8285.171123678367,8352.897337445387,17151947.0,2023-04-07,0.0,60.83359210843766,101.45150333248421,48.865892910027014,52.585610422457194,7604.693210091723,8097.795922851563,8590.898635611404,12.178689546085742,0.8044517105071887,0.0053908002353977354,0.005405356744309087,8312.262109375,8097.795922851563,0,8398.0478515625
8398.0478515625,8578.651678396358,8398.0478515625,8443.199250862315,26311216.0,2023-04-10,0.0,60.833592108437664,103.93723159582532,59.880160647186685,44.05707094863864,7621.218992688769,8122.628833007812,8624.038673326855,12.345999075606438,0.7746446084698309,0.0,0.0,8341.610009765625,8122.628833007812,0,8465.7744140625
8465.7744140625,8488.350114642375,8330.322866131468,8398.048197505614,13323941.0,2023-04-11,0.0,63.35813241218027,110.10295836515616,69.92472019078059,40.178238174375565,7663.3933120225665,8157.620654296875,8651.847996571183,12.11694839018981,0.8117530470365926,0.00803221542022199,0.00806456020459545,8375.47294921875,8157.620654296875,0,8443.2001953125
8443.2001953125,8488.350714480117,8375.473973969674,8488.350714480117,15990376.0,2023-04-12,0.0,61.92536556346283,111.87812902927362,78.3154019584792,33.56272707079442,7671.3607467645015,8177.938549804688,8684.516352844874,12.388887491757556,0.7618172805005132,-0.0026700888354464695,-0.0026665273188123395,8393.53330078125,8177.938549804688,0,8375.4736328125
8375.4736328125,8465.774667469514,8352.897931556865,8443.199851396643,11957800.0,2023-04-13,0.0,57.7089146293796,106.59127907632683,83.97057738204873,22.620701694278097,7709.413210080278,8202.771508789063,8696.129807497848,12.029063547123403,0.6750270791789987,-0.008053777518085376,-0.008021432742717716,8407.07861328125,8202.771508789063,-1,8262.5966796875
8262.5966796875,8443.199629436487,8262.5966796875,8398.048228112184,15755291.0,2023-04-14,0.0,51.424311133103544,92.2300154271361,85.62246499106621,6.607550436069886,7752.374488992935,8221.960620117188,8691.546751241442,11.422728782604175,0.5432679511562911,-0.013568723153173293,-0.013477082977466859,8409.33623046875,8221.960620117188,0,8240.0205078125
8240.0205078125,8285.171021372089,8194.869994252911,8217.44480844136,11113824.0,2023-04-17,0.0,50.24571843852199,78.12631064726156,84.12323412230528,-5.996923475043715,7815.501946470446,8243.4072265625,8671.312506654554,10.381757647814057,0.4960426770741513,-0.0027360734000483906,-0.002732333762641481,8389.01826171875,8243.4072265625,0,8194.87109375
8194.87109375,8307.747835384871,8149.719688949804,8285.172132984773,11974664.0,2023-04-18,0.0,47.88221626975482,62.584408508217166,79.81546899948765,-17.231060491270483,7878.217989385898,8261.467602539062,8644.717215692226,9.278003173077305,0.41311601303241596,-0.005494350524174241,-0.0054792841862095765,8361.9279296875,8261.467602539062,0,8172.294921875
8172.294921875,8262.596841104996,8172.294921875,8240.021140001807,8345807.0,2023-04-19,0.0,46.69931015288348,47.89354373679271,73.43108394694866,-25.537540210155953,7941.216208096401,8277.270361328125,8613.324514559848,8.11992694600838,0.3438117213496547,-0.002758716588012189,-0.0027549148262037138,8330.3224609375,8277.270361328125,0,8194.87109375
8194.87109375,8217.445910967288,8149.719688949804,8172.295391349902,6269995.0,2023-04-20,0.0,48.08061723291187,37.638759763605776,66.27261911028009,-28.633859346674313,8018.819640591357,8294.201928710938,8569.584216830519,6.640356492077356,0.31964919450846313,0.002758716588012119,0.0027625253482432832,8314.51982421875,8294.201928710938,0,8149.71923828125
8149.71923828125,8240.021157705258,8149.71923828125,8194.870640584635,7745950.0,2023-04-21,0.0,45.53877420732126,25.57359570432891,58.132814429089855,-32.559218724760946,8048.904144337701,8300.974536132813,8553.044927927926,6.073272257320879,0.19997408903441055,-0.005525004837568852,-0.005509770068645281,8289.686962890624,8300.974536132813,1,8240.0205078125
8240.0205078125,8262.59620718364,8127.143781322181,8149.71859551063,10649276.0,2023-04-24,0.0,51.105981155454806,23.032914928706305,51.11283452901315,-28.079919600306845,8071.088189350655,8307.747119140626,8544.406048930598,5.697307017078583,0.3569109321413906,0.011019355361743036,0.011080292080134724,8273.884228515624,8307.747119140626,0,8240.0205078125
8240.0205078125,8307.74672074323,8194.869994252911,8307.74672074323,9164287.0,2023-04-25,0.0,51.105981155454806,20.77986970645361,45.046241564501244,-24.266371858047634,8089.846189587813,8313.390893554688,8536.935597521562,5.377942811282634,0.3358932588421787,0.0,0.0,8251.308837890625,8313.390893554688,0,8285.1708984375
8285.1708984375,8285.1708984375,8172.2941736220355,8240.02038554785,10032956.0,2023-04-26,0.0,53.84208846701163,22.379596266437147,40.512912504888426,-18.13331623845128,8091.8284325050845,8314.519604492187,8537.210776479289,5.356681626363264,0.43410446899891797,0.005464445387023421,0.005479402700781177,8235.505908203126,8314.519604492187,0,8307.7470703125
8307.7470703125,8330.32277063357,8262.59655485309,8307.7470703125,7275981.0,2023-04-27,0.0,55.192305142350605,25.178853336039538,37.44610067111865,-12.267247335079112,8097.9416492320415,8317.905932617188,8537.870216002335,5.288934142007927,0.4769079276227301,0.002721183320328802,0.002724889100266692,8228.733251953125,8317.905932617188,0,8330.3232421875
8330.3232421875,8375.473760202742,8285.17183898948,8352.898058603732,8841874.0,2023-04-28,0.0,56.56074088658161,28.88601314600055,35.73408316609503,-6.848070020094482,8105.502127733757,8322.421069335938,8539.34001093812,5.212880718122323,0.5182145754381687,0.002713798572374388,0.0027174842570345525,8235.505908203126,8322.421069335938,0,8330.3232421875
8330.3232421875,8330.3232421875,8330.3232421875,8330.3232421875,0.0,2023-05-01,0.0,56.56074088658161,31.46129774758083,34.879526082392196,-3.418228334811367,8107.34517463748,8316.777221679688,8526.209268721894,5.036375063558791,0.5323398942500023,0.0,0.0,8244.536181640626,8316.777221679688,0,8330.3232421875
8330.3232421875,8330.3232421875,8330.3232421875,8330.3232421875,0.0,2023-05-02,0.0,56.56074088658161,33.120437560814025,34.52770837807657,-1.4072708172625426,8112.435516552166,8310.004663085938,8507.573809619711,4.754970774237929,0.5514214376536987,0.0,0.0,8258.081396484375,8310.004663085938,0,8330.3232421875
8330.3232421875,8330.3232421875,8330.3232421875,8330.3232421875,0.0,2023-05-03,0.0,56.56074088658161,34.0428925419983,34.43074521086092,-0.38785266886262093,8122.767285858872,8302.103344726562,8481.439403594251,4.320255998297171,0.5786788157359872,0.0,0.0,8273.884228515624,8302.103344726562,-1,8217.4453125
8217.4453125,8330.322931096931,8194.870496926811,8285.17152958506,11709666.0,2023-05-04,0.0,46.92337191278916,25.373153278202153,32.61922682432917,-7.246073546127015,8113.853564315655,8295.330737304688,8476.80791029372,4.375405363234462,0.28541261272183666,-0.013642888480677315,-0.013550246059582549,8276.141650390626,8295.330737304688,0,8172.294921875
8172.294921875,8240.021140001807,8172.294921875,8217.445438898618,8041663.0,2023-05-05,0.0,43.714818753354024,14.689729209379948,29.033327301339327,-14.343598091959379,8101.387177575704,8284.043090820312,8466.699004064922,4.409825280774136,0.194101967573143,-0.005509605911235911,-0.005494455868944925,8278.39921875,8284.043090820312,0,8240.0205078125
8240.0205078125,8262.59620718364,8194.869994252911,8217.44480844136,8471681.0,2023-05-08,0.0,49.31352936797761,11.554731689397158,25.537608178950894,-13.982876489553735,8100.721993703969,8276.141723632812,8451.561453561657,4.2391668916912515,0.39704346302732046,0.008253067112186391,0.0082872175545472,8278.39921875,8276.141723632812,0,8262.5966796875
8262.5966796875,8285.17149516691,8217.445278363197,8262.5966796875,9074550.0,2023-05-09,0.0,51.061083030206824,10.767807380985687,22.583648019357852,-11.815840638372165,8114.967857400489,8265.982836914063,8416.997816427636,3.6538904687576603,0.488788671039556,0.0027360734000485072,0.0027398198649621897,8280.6568359375,8265.982836914063,1,8352.8974609375
8352.8974609375,8352.8974609375,8240.020731384557,8262.596431368233,13748740.0,2023-05-10,0.0,57.3893211218547,17.23204231164891,21.513326877816063,-4.281284566167152,8128.432944358479,8261.467700195313,8394.502456032147,3.22060826634204,0.8436311066497715,0.010869573851085354,0.0109288622875654,8287.4294921875,8261.467700195313,0,8352.8974609375
8352.8974609375,8420.623675705809,8330.322646136541,8398.047975722135,14855304.0,2023-05-11,0.0,57.38932112185469,22.100237287962955,21.630708959845443,0.4695283281175122,8131.046701876672,8260.338891601563,8389.631081326454,3.1304330590199982,0.8579433898245681,0.0,0.0,8291.94453125,8260.338891601563,0,8420.6240234375
8420.6240234375,8420.6240234375,8307.747289223285,8375.473506788365,14616807.0,2023-05-12,0.0,61.69748879061388,31.065184351593416,23.51760403819504,7.547580313398377,8120.384833065638,8268.240258789063,8416.095684512487,3.576466602219393,1.0153134012595628,0.008075457573668522,0.008108152029487226,8300.974609375,8268.240258789063,1,8510.92578125
8510.92578125,8623.802513333338,8443.19956496345,8465.774380270475,35677062.0,2023-05-15,0.0,66.55317775894952,44.93854310897768,27.80179185235157,17.136751256626113,8099.247132578895,8281.785522460938,8464.32391234298,4.408189257907779,1.1276495013929264,0.010666786569008544,0.010723879555857074,8319.03486328125,8281.785522460938,0,8488.349609375
8488.349609375,8556.075821900497,8443.199096085566,8510.925308611062,13552000.0,2023-05-16,0.0,64.35655645289198,53.49491539771043,32.94041656142335,20.55449883628708,8096.944576042916,8296.459448242187,8495.974320441457,4.809638941622085,0.9808918729155143,-0.0026561349974313546,-0.002652610591991844,8334.8375,8296.459448242187,-1,8330.3232421875
8330.3232421875,8488.350497832236,8330.3232421875,8465.774796233227,18244860.0,2023-05-17,0.0,51.53471953632861,46.98290524546064,35.74891429823081,11.233990947229834,8113.20886933857,8304.360864257813,8495.512859177055,4.603653382693561,0.567910298139069,-0.01879232911665285,-0.018616854213093115,8334.8375,8304.360864257813,0,8398.0478515625
8398.0478515625,8420.623551212408,8330.322522978182,8375.473037095295,13369312.0,2023-05-18,0.0,55.615906068877216,46.74801820742505,37.94873508006966,8.799283127355388,8126.294832984341,8314.519702148438,8502.744571312534,4.5276185734567465,0.7218839353827401,0.008097020206804693,0.008129889730091211,8352.89775390625,8314.519702148438,0,8420.6240234375
8420.6240234375,8443.199724353444,8375.473506788365,8398.048322521556,7616061.0,2023-05-19,0.0,56.9182844568191,47.83219713679864,39.92542749141546,7.906769645383179,8151.122892914842,8328.06494140625,8505.006989897658,4.24929559834893,0.7615519680607306,0.0026846573382708883,0.0026882642578416327,8377.7306640625,8328.06494140625,1,8510.92578125
8510.92578125,8533.500596557025,8420.623864473688,8443.19956496345,16576582.0,2023-05-22,0.0,61.75267244809626,55.34008783702848,43.00835956053807,12.33172827649041,8152.0222298913195,8341.610205078125,8531.19818026493,4.545596606069883,0.9465356413165051,0.010666786569008544,0.010723879555857074,8404.82119140625,8341.610205078125,0,8465.7744140625
8465.7744140625,8578.652031779135,8443.199598665364,8533.500630619385,14922357.0,2023-05-23,0.0,58.233956605229075,56.98986364889606,45.80466037820967,11.185203270686394,8161.900438579909,8352.897900390624,8543.89536220134,4.573202356556598,0.795492182466121,-0.005319228487057461,-0.00530510644176585,8425.13896484375,8352.897900390624,0,8465.7744140625
8465.7744140625,8465.7744140625,8465.7744140625,8465.7744140625,0.0,2023-05-24,0.0,58.23395660522908,57.632965910057464,48.17032148457923,9.462644425478231,8167.368696228643,8361.928076171875,8556.487456115106,4.653457388557253,0.7668756909096993,0.0,0.0,8436.42666015625,8361.928076171875,-1,8330.3232421875
8330.3232421875,8398.048576618974,8330.3232421875,8398.048576618974,9503966.0,2023-05-25,0.0,48.599236291268504,46.674813333644124,47.871219854392216,-1.1964065207480914,8169.5620332106055,8363.056884765625,8556.551736320644,4.627371407875859,0.4154146936854882,-0.016129235627026714,-0.015999856037978266,8434.16923828125,8363.056884765625,0,8330.3232421875
8330.3232421875,8352.898058603732,8307.74754058849,8352.898058603732,7838699.0,2023-05-26,0.0,48.599236291268504,37.55745945373383,45.80846777426054,-8.251008320526715,8169.5620332106055,8363.056884765625,8556.551736320644,4.627371407875859,0.4154146936854882,0.0,0.0,8425.13916015625,8363.056884765625,1,8465.7744140625
8465.7744140625,8465.7744140625,8352.897681528602,8398.048197505614,11980485.0,2023-05-29,0.0,56.87425190786328,40.79144993154114,44.80506420571666,-4.013614274175524,8171.731502687686,8369.829443359375,8567.927384031063,4.733619532208263,0.742165492427144,0.01612923562702684,0.016260013919871863,8420.6240234375,8369.829443359375,0,8465.7744140625
8465.7744140625,8510.92581522225,8420.623898085489,8488.350114642375,13222158.0,2023-05-30,0.0,56.87425190786328,42.860343326614384,44.416120029896206,-1.555776703281822,8174.961039927572,8376.602001953124,8578.242963978677,4.814385641780215,0.7211168088408433,0.0,0.0,8418.36650390625,8376.602001953124,0,8398.0478515625
8398.0478515625,8510.925464629338,8398.0478515625,8488.34976497943,13819205.0,2023-05-31,0.0,52.018027335557555,38.59014549282074,43.25092512248112,-4.660779629660382,8179.3474231366035,8379.988232421874,8580.629041707145,4.7885701917575165,0.5450048502220418,-0.00803221542022204,-0.008000043373173171,8425.13896484375,8379.988232421874,1,8488.349609375
8488.349609375,8488.349609375,8375.472883560069,8398.047697613443,16936135.0,2023-06-01,0.0,57.25833037562633,42.00833418936054,43.002406935857,-0.9940727464964638,8202.761045829688,8393.533447265625,8584.305848701562,4.54569943956286,0.748505972026606,0.010695308909848076,0.010752708177972359,8434.169140625,8393.533447265625,1,8894.70703125
8894.70703125,8962.433244892669,8601.226477070866,8623.802176679323,66229640.0,2023-06-02,0.0,72.05088183048264,76.62365147509081,49.72665584370377,26.896995631387043,8158.591219917872,8429.654052734375,8700.716885550879,6.431173358260824,1.3578324325829707,0.046761795107884925,0.04787237102324293,8481.57744140625,8429.654052734375,0,8939.8583984375
8939.8583984375,9075.310838649406,8917.283581857373,8985.009801963326,39066016.0,2023-06-05,0.0,73.16231670895829,106.47252876547464,61.07583042805794,45.396698337416694,8124.7185645573045,8464.645947265624,8804.573329973944,8.031697600255287,1.1989911306728112,0.005063365724287521,0.005076206223416646,8524.470703125,8464.645947265624,1,9233.33984375
9233.33984375,9233.33984375,8939.859234128922,8985.01064187547,45761814.0,2023-06-06,0.0,79.00619852991869,152.0566644023529,79.27199722291694,72.78466717943597,8042.614634779881,8513.18310546875,8983.75157615762,11.055053435572942,1.2651986726044415,0.032301079665180435,0.03282842213292714,8601.22724609375,8513.18310546875,0,9188.1884765625
9188.1884765625,9278.489513388937,9143.037072966494,9233.338994975718,26978929.0,2023-06-07,0.0,76.25513612858657,182.43607283905294,99.90481234614414,82.5312604929088,8003.03805919931,8554.94765625,9106.857253300692,12.90269956584671,1.0736816533871019,-0.0049020316683463195,-0.004890036319638247,8673.46865234375,8554.94765625,-1,9030.1611328125
9030.1611328125,9233.339811411754,9030.1611328125,9188.189289006206,27471382.0,2023-06-08,0.0,67.4081075775716,191.5523902286168,118.23432792263867,73.31806230597812,8006.810798503033,8588.81083984375,9170.810881184469,13.552517390202665,0.8791668914249883,-0.017348586520895,-0.017198966276442906,8743.45244140625,8588.81083984375,1,9143.0380859375
9143.0380859375,9143.0380859375,9030.161334807275,9075.311858222787,20790841.0,2023-06-09,0.0,70.07846795795881,205.51630022495556,135.69072238310207,69.82557784185349,7998.87855046013,8624.93154296875,9250.984535477372,14.517286065162896,0.9137880891621286,0.012422513322969049,0.012499993240967067,8824.72392578125,8624.93154296875,0,9188.1884765625
9188.1884765625,9210.763293177715,9030.160334342054,9165.612774764497,18065585.0,2023-06-12,0.0,71.09851765941649,217.71636001297156,152.09584990907598,65.62051010389558,7987.103492206381,8658.794677734375,9330.48586326237,15.514657883162696,0.8940752910223068,0.004926073197925951,0.004938226243905053,8896.96533203125,8658.794677734375,0,9165.61328125
9165.61328125,9210.763802158204,9097.887057296273,9210.763802158204,21274461.0,2023-06-13,0.0,69.81691659645587,222.99284301269472,166.27524852979974,56.71759448289498,7989.5920557862855,8692.657861328125,9395.723666869964,16.17608369632576,0.8363521708735198,-0.002460003327386011,-0.0024569799988415353,8966.94921875,8692.657861328125,0,9142.466796875
9142.466796875,9350.77621517912,9142.466796875,9304.484628309883,21953216.0,2023-06-14,0.0,68.45443050162487,222.73916748669035,177.56803232117787,45.17113516551248,8024.523367249637,8733.2650390625,9442.006710875365,16.230852233220347,0.7886818809213075,-0.002528555327337236,-0.002525361224038347,9041.39111328125,8733.2650390625,0,9119.3212890625
9119.3212890625,9188.757764005328,9096.175494902942,9142.467083222056,19071170.0,2023-06-15,0.0,67.04544332456184,218.155715468607,185.6855689506637,32.470146517943306,8059.005997878452,8769.3287109375,9479.651423996547,16.200161642318214,0.746361668922099,-0.0025348580431493605,-0.002531648003404441,9104.48828125,8769.3287109375,0,9119.3212890625
9119.3212890625,9350.776508050541,9119.3212890625,9188.757764005328,27986922.0,2023-06-16,0.0,67.04544332456186,212.07858678812954,190.9641725181569,21.114414269972656,8097.433266812293,8804.26357421875,9511.093881625207,16.05654581891996,0.7228665858993637,0.0,0.0,9126.94970703125,8804.26357421875,0,9049.884765625
9049.884765625,9165.611920730964,9049.884765625,9119.321240195746,14124755.0,2023-06-19,0.0,62.56493683350373,199.36135775526964,192.64360956557945,6.717748189690184,8130.399661002361,8831.2115234375,9532.023385872637,15.871250746859037,0.6560142271476888,-0.007643356707335771,-0.007614220536431904,9137.95234375,8831.2115234375,0,9096.1748046875
9096.1748046875,9096.1748046875,9003.593450146007,9073.029919820014,11015253.0,2023-06-20,0.0,64.27876987885851,190.81844515895136,192.27857668425386,-1.4601315253025007,8174.531290151533,8862.73154296875,9550.931795785966,15.530206448895553,0.6696041673648967,0.005101949466601204,0.005114986572903879,9124.23583984375,8862.73154296875,1,9188.7587890625
9188.7587890625,9188.7587890625,9096.176509632047,9119.322306373646,12139484.0,2023-06-21,0.0,67.48508073222126,189.33632783096618,191.69012691359632,-2.3537990826301325,8222.625355969327,8898.88076171875,9575.136167468174,15.198662030814985,0.7143258485471979,0.010126892190960414,0.010178342694919351,9124.29287109375,8898.88076171875,0,9188.7587890625
9188.7587890625,9188.7587890625,9188.7587890625,9188.7587890625,0.0,2023-06-22,0.0,67.48508073222126,186.01744584657717,190.5555907001925,-4.538144853615336,8309.979351955371,8941.8025390625,9573.62572616963,14.131897553026764,0.695431455381303,0.0,0.0,9140.15263671875,8941.8025390625,1,9350.77734375
9350.77734375,9397.06802867037,9281.34086260148,9327.631547521853,24710994.0,2023-06-23,0.0,72.49556985765442,194.22188231996006,191.28884902414603,2.9330332958140275,8405.68414291015,8992.825244140626,9579.966345371102,13.05798979276361,0.8048263005768216,0.01747861200555739,0.017632256804950952,9160.9265625,8992.825244140626,0,9350.77734375
9350.77734375,9512.79519473926,9235.049270145186,9350.77734375,21236519.0,2023-06-26,0.0,72.49556985765442,198.43650482964767,192.71838018524636,5.718124644401314,8484.821575135456,9037.075390625,9589.329206114542,12.221958800132334,0.7840197245599119,0.0,0.0,9177.18544921875,9037.075390625,0,9304.486328125
9304.486328125,9397.0686112413,9258.19564033484,9373.92281357823,21561943.0,2023-06-27,0.0,68.97363066522563,195.78444424088775,193.33159299637464,2.4528512445131128,8585.126867303612,9079.010986328125,9572.895105352638,10.879689864198685,0.7282674549671884,-0.00496279349880576,-0.004950499185604085,9191.07275390625,9079.010986328125,1,9582.2314453125
9582.2314453125,9628.52303665489,9304.485527401768,9350.77711874416,41860332.0,2023-06-28,0.0,76.3862247355749,213.63176288014074,197.39162697312787,16.24013590701287,8708.27947619845,9138.220166015624,9568.160855832799,9.409724913743986,1.0163634075733614,0.029413807630050224,0.02985066637670797,9235.04921875,9138.220166015624,-1,9397.068359375
9397.068359375,9582.232013108745,9397.068359375,9582.232013108745,28112595.0,2023-06-29,0.0,65.20228679729368,210.40931036738766,199.99516365197985,10.41414671540781,8865.300164651042,9183.656103515625,9502.012042380207,6.933098000973965,0.8351786943578166,-0.019512728374937595,-0.019323587307847778,9262.82392578125,9183.656103515625,0,9350.77734375
9350.77734375,9443.35871359074,9327.631547521853,9397.06802867037,13420304.0,2023-06-30,0.0,62.729544713606394,201.79403937030293,200.3549387956445,1.4391005746584256,8910.716904081073,9206.459619140625,9502.202334200178,6.424678482153778,0.7439920195165486,-0.0049382857563068355,-0.0049261124698339875,9285.96953125,9206.459619140625,0,9350.77734375
9350.77734375,9420.213824898517,9304.485751293703,9397.06802867037,19661190.0,2023-07-03,0.0,62.72954471360639,192.74453600369634,198.8328582372549,-6.088322233558557,8952.947752700926,9227.00556640625,9501.063380111573,5.940341354146685,0.7258132612063279,0.0,0.0,9316.0587890625,9227.00556640625,0,9420.2138671875
9420.2138671875,9420.2138671875,9304.485793063162,9350.77738572727,13807561.0,2023-07-04,0.0,65.0362625243502,188.99704622141326,196.86569583408658,-7.868649612673323,8948.963689673496,9236.349267578125,9523.734845482755,6.222925737843727,0.8198918347781372,0.00739831363986283,0.007425748778406183,9348.4626953125,9236.349267578125,0,9443.359375
9443.359375,9559.087456710364,9397.068686837447,9489.650970698542,26094601.0,2023-07-05,0.0,65.79618236192576,185.7535315312016,194.6432629735096,-8.889731442308005,8948.377876736999,9249.1078125,9549.837748263002,6.502896103266756,0.8229667874718744,0.00245399099424718,0.0024570044946772285,9373.92275390625,9249.1078125,0,9350.77734375
9350.77734375,9512.79519473926,9327.631547521853,9466.50450981889,30490143.0,2023-07-06,0.0,60.16335249122286,173.710005773557,190.4566115335191,-16.746605759962108,8979.760884433384,9265.138623046874,9550.516361660364,6.160247573708558,0.6500445008766315,-0.009852304634109996,-0.009803929679420897,9390.124609375,9265.138623046874,1,9466.5048828125
9466.5048828125,9466.5048828125,9304.486117903549,9350.777712183797,23923832.0,2023-07-07,0.0,64.27990143823823,171.52642026730064,186.67057328027542,-15.144153012974783,8988.50326082254,9281.311962890624,9574.12066495871,6.309640344787873,0.8162353417331394,0.012300288295490727,0.012376247964010378,9401.69736328125,9281.311962890624,1,9605.376953125
9605.376953125,9651.667635544225,9512.794680750674,9535.940475728225,33702431.0,2023-07-10,0.0,68.48802941208311,178.93903073299953,185.12426477082025,-6.18523403782072,8979.389312941033,9302.17138671875,9624.953460496467,6.939929621992801,0.969675349156862,0.014563274451318525,0.01466983559736379,9427.15732421875,9302.17138671875,1,9813.6865234375
9813.6865234375,9813.6865234375,9605.377088315334,9605.377088315334,34836700.0,2023-07-11,0.0,73.52618734915005,199.32472795204558,187.96435740706534,11.360370544980242,8946.084327802479,9334.575048828125,9723.06576985377,8.32369377274261,1.116631812137602,0.021454954423744118,0.021686766831647164,9478.07734375,9334.575048828125,0,9721.1044921875
9721.1044921875,9859.97745239886,9674.813807962351,9813.686768173711,26323663.0,2023-07-12,0.0,68.29961869349245,205.63945999885254,191.49937792542278,14.140082073429767,8949.88307890964,9363.50693359375,9777.13078827786,8.834806395030032,0.9322738576899197,-0.009478752483994726,-0.009433970713135342,9491.9646484375,9363.50693359375,0,9767.3955078125
9767.3955078125,9836.831990274104,9674.81413622099,9744.250618682594,36019551.0,2023-07-13,0.0,69.46825902421564,211.9361605982158,195.5867344599814,16.349426138234406,8961.79893582589,9395.91064453125,9830.02235323661,9.240439274675927,0.9278678227651576,0.004750607043535186,0.004761909067246606,9528.99736328125,9395.91064453125,1,9928.2568359375
9928.2568359375,9981.491077482468,9795.170324539169,9928.2568359375,32340314.0,2023-07-14,0.0,73.16978020267777,227.2864888316417,201.92668533431345,25.359803497328244,8961.888501199552,9436.357421875,9910.826342550448,10.05618798574867,1.0183684248087712,0.016335067480534676,0.01646921413147795,9586.7453125,9436.357421875,0,9901.640625
9901.640625,10034.727148627291,9848.405471027487,9981.491994654778,19213697.0,2023-07-17,0.0,71.62254031525839,234.59970935191268,208.4612901378333,26.13841921407939,8997.680097592138,9478.94521484375,9960.210332095363,10.15440233788809,0.939150267705002,-0.0026844543168837083,-0.002680854391392984,9641.831640625,9478.94521484375,0,9901.640625
9901.640625,9928.257748218259,9821.788347809228,9901.640625,13132551.0,2023-07-18,0.0,71.62254031525839,237.65593956748853,214.30022002376435,23.355719543724177,9038.014751961291,9519.218505859375,10000.422259757459,10.110152500478648,0.8973598668368032,0.0,0.0,9689.97431640625,9519.218505859375,-1,9795.1708984375
9795.1708984375,9954.874539965336,9795.1708984375,9901.64029530138,20397980.0,2023-07-19,0.0,65.22397723374934,228.84878061382187,217.20993214177588,11.638848472045993,9079.722726845192,9549.539111328126,10019.35549581106,9.839561449109418,0.7614125381979912,-0.010810964345357632,-0.010752735894461907,9725.15546875,9549.539111328126,0,9821.787109375
9821.787109375,9848.404229237092,9741.934842252842,9795.169989512908,11260812.0,2023-07-20,0.0,66.04073962611535,221.46385204270155,218.06071612196104,3.4031359207405103,9128.74091266675,9581.19052734375,10033.64014202075,9.444538512948975,0.7658821824867841,0.0027135937447052795,0.002717278872770512,9772.2564453125,9581.19052734375,1,9928.2568359375
9928.2568359375,9928.2568359375,9795.170324539169,9875.022594392532,14638916.0,2023-07-21,0.0,69.16093387214448,221.6474462835031,218.77806215426946,2.869384129233623,9145.971438499204,9610.064501953126,10074.157565407048,9.658479677417372,0.8428109134149626,0.010781824917536022,0.010840158249904697,9818.431640625,9610.064501953126,0,9981.490234375
9981.490234375,9981.490234375,9875.021760278149,9928.255997326574,15626284.0,2023-07-24,0.0,70.61470551530753,223.5119300081078,219.72483572503714,3.7870942830706724,9166.116221996632,9641.600146484376,10117.08407097212,9.863174520074242,0.8574149097225529,0.00534748383319808,0.005361807144715458,9856.04296875,9641.600146484376,0,10008.109375
10008.109375,10167.813011466696,9954.874224487143,9981.491345975603,16658342.0,2023-07-25,0.0,71.34220431088654,224.5490275629054,220.6896740926108,3.859353470294593,9202.199468476756,9676.781298828126,10151.363129179495,9.808671203695434,0.8490737055046612,0.0026633006042823494,0.0026668503399749355,9875.48525390625,9676.781298828126,0,9981.490234375
9981.490234375,10034.725378959261,9928.255997326574,10008.108260435049,10355492.0,2023-07-26,0.0,69.48950004389297,220.67914089571786,220.68756745323222,-0.008426557514354727,9205.608053577922,9696.74423828125,10187.880422984577,10.129919334458629,0.7898849697520781,-0.0026633006042824005,-0.0026597571656734598,9901.523828125,9696.74423828125,0,9901.640625
9901.640625,10008.110025409032,9848.405471027487,9981.491994654778,16518162.0,2023-07-27,0.0,64.11106397227576,208.76254699383935,218.30256336135366,-9.540016367514312,9243.99084133645,9721.9728515625,10199.954861788548,9.833024994494377,0.6879440748748384,-0.008031938150081741,-0.007999768321167888,9914.94833984375,9721.9728515625,0,9954.873046875
9954.873046875,9954.873046875,9875.021691855638,9875.021691855638,12260574.0,2023-07-28,0.0,66.00035688379506,201.29358488987236,214.9007676670574,-13.607182777185045,9297.16413200223,9752.17763671875,10207.19114143527,9.331526181461472,0.7227355980154168,0.0053617216276730115,0.005376121381399868,9917.6099609375,9752.17763671875,0,10034.7255859375
10034.7255859375,10061.342705010722,9954.873321181976,10034.7255859375,17414754.0,2023-07-31,0.0,68.66515012428468,199.51789308246407,211.82419275013874,-12.306299667674665,9356.259026900087,9786.375048828126,10216.491070756165,8.790098883029087,0.7887017972454473,0.007989451442893373,0.008021452276336882,9930.91845703125,9786.375048828126,0,10034.7255859375
10034.7255859375,10300.898591741437,10034.7255859375,10061.342705010722,25003137.0,2023-08-01,0.0,68.66515012428466,195.85297336916665,208.62994887394433,-12.776975504777681,9409.93540017427,9817.100634765626,10224.265869356981,8.295020082598471,0.7672440236582206,0.0,0.0,9944.226953125,9817.100634765626,0,10061.3427734375
10061.3427734375,10087.959892691744,9981.490508138904,10034.725654183256,10748798.0,2023-08-02,0.0,69.58665193442145,192.87296321351823,205.47855174185912,-12.605588528340888,9467.322215381604,9847.9998046875,10228.677393993397,7.731064111611777,0.7802147732665263,0.002648996071152418,0.0026525077613781534,9970.844140625,9847.9998046875,0,10034.7255859375
10034.7255859375,10167.812088839468,10008.108466864278,10087.959824083946,19343228.0,2023-08-03,0.0,67.45047000022836,186.21690653073165,201.62622269963362,-15.409316168901967,9573.517392870284,9882.197216796874,10190.877040723464,6.247190116827939,0.747065660463931,-0.0026489960711524965,-0.0026454905770898485,9992.13798828125,9882.197216796874,0,10114.578125
10114.578125,10194.4303990859,10008.109636266747,10034.72675845006,25990679.0,2023-08-04,0.0,70.38743993266885,185.24992043346901,198.3509622464007,-13.101041812931697,9657.984768457454,9914.60087890625,10171.216989355047,5.176529314352099,0.889642812651179,0.00792612571220922,0.007957620602441207,10010.7701171875,9914.60087890625,1,10300.8994140625
10300.8994140625,10327.516535260569,10141.195779338164,10194.4300217343,26558556.0,2023-08-07,0.0,75.86061575614978,197.2444367732678,198.12965715177415,-0.8852203785063466,9680.964228322367,9949.377001953126,10217.789775583884,5.395569462853143,1.1548168467439366,0.01825345128661111,0.018421063811052463,10042.71103515625,9949.377001953126,0,10221.046875
10221.046875,10380.750505537899,10194.429754499666,10380.750505537899,16122237.0,2023-08-08,0.0,69.89797084943355,198.02404689463947,198.10853510034724,-0.08448820570777116,9683.458000453507,9969.74501953125,10256.032038608993,5.743116168305043,0.9388984458294755,-0.007782199694315963,-0.007751996777435544,10064.00478515625,9969.74501953125,0,10194.4306640625
10194.4306640625,10247.664909812807,10114.578387901056,10221.047786937654,18686321.0,2023-08-09,0.0,67.97998314463128,194.25493774805545,197.3378156298889,-3.08287788183344,9715.53560205476,9993.411328125,10271.287054195238,5.561178599507817,0.8617072616963474,-0.0026074556391330926,-0.0026040591793587975,10085.298828125,9993.411328125,-1,10061.3427734375
10061.3427734375,10221.046396498828,10061.3427734375,10221.046396498828,16071787.0,2023-08-10,0.0,59.22837149578282,178.47150269448503,193.56455304280814,-15.093050348323118,9750.189019540505,10008.10869140625,10266.028363271997,5.154214044202297,0.6031989565707866,-0.013140925594218788,-0.013054960596687648,10101.26904296875,10008.10869140625,0,10061.3427734375
10061.3427734375,10141.195038736094,9928.256269630416,10114.577011945988,15142027.0,2023-08-11,0.0,59.22837149578282,164.0717002713809,187.6659824885227,-23.594282217141796,9758.656882917116,10014.76298828125,10270.869093645386,5.114571471413094,0.5909384512525023,0.0,0.0,10111.916015625,10014.76298828125,0,10087.9609375
10087.9609375,10167.81321106888,9981.491541920144,10087.9609375,14124458.0,2023-08-14,0.0,60.410582557874754,153.04342712696598,180.74147141621137,-27.698044289245388,9771.77191888329,10024.07900390625,10276.38608892921,5.0340202810580195,0.626595599937149,0.002642094231019613,0.0026455876379416488,10117.23955078125,10024.07900390625,0,10087.9609375
10087.9609375,10114.578059510975,10008.109571467074,10087.9609375,9797741.0,2023-08-15,0.0,60.410582557874754,142.65895754513804,173.1249686419967,-30.466011096858665,9786.420232263314,10033.39501953125,10280.369806799186,4.923055192926606,0.6104685999983328,0.0,0.0,10122.5630859375,10033.39501953125,0,10114.578125
10114.578125,10221.047521269214,10008.109636266747,10061.343880633374,17024764.0,2023-08-16,0.0,61.6985520779776,135.02054240216603,165.50408339403057,-30.483540991864544,9827.18834984826,10049.365380859375,10271.54241187049,4.421712667235422,0.6467585191949076,0.002635035410037006,0.0026385101672088407,10127.88662109375,10049.365380859375,0,10034.7255859375
10034.7255859375,10114.576943157168,10034.7255859375,10114.576943157168,13813724.0,2023-08-17,0.0,55.83031315605465,121.12733035750534,156.62873278672555,-35.50140242922021,9865.007407868638,10060.0123046875,10255.017201506362,3.876832173018294,0.4351638877728076,-0.007926125712209168,-0.007894796804735704,10127.88662109375,10060.0123046875,-1,9635.466796875
9635.466796875,10008.1092143392,9528.997405094382,10008.1092143392,38416921.0,2023-08-18,0.0,36.92154836611297,77.0122627578985,140.70543878096015,-63.69317602306165,9778.137087432864,10045.372802734375,10312.608518035886,5.320573373419625,-0.26693716892761715,-0.04060088744433055,-0.039787713738980046,10079.97548828125,10045.372802734375,0,9662.0830078125
9662.0830078125,9768.552389564193,9502.379388952879,9582.230744614772,16090640.0,2023-08-21,0.0,38.41887699421203,43.69477348532382,121.3033057218329,-77.60853223650908,9712.526260602912,10029.40244140625,10346.278622209587,6.318944376887677,-0.07959457959656228,0.002758508524097471,0.002762316709568502,10016.09384765625,10029.40244140625,0,9688.701171875
9688.701171875,9741.935414727439,9449.145263967153,9741.935414727439,14062835.0,2023-08-22,0.0,39.95397779255096,19.21676764444237,100.88599810635479,-81.66923046191242,9661.752505579712,10013.43203125,10365.111556920288,7.024155645592116,0.03831423828828895,0.0027511216707293887,0.0027549094787300277,9962.85927734375,10013.43203125,-1,9582.2314453125
9582.2314453125,9741.935075850399,9582.2314453125,9741.935075850399,10118775.0,2023-08-23,0.0,36.07974689945532,-8.673463183391505,78.97410584840553,-87.64756903179703,9592.308641005075,9993.469091796875,10394.629542588675,8.02845232435035,-0.012560056297529454,-0.011049886583563179,-0.01098906083217499,9901.63935546875,9993.469091796875,1,9715.3173828125
9715.3173828125,9768.552528211845,9582.230880617912,9635.466026017257,11686937.0,2023-08-24,0.0,43.4600110806253,-19.809398724477433,59.217404933828945,-79.02680365830638,9565.730781248558,9984.1529296875,10402.575078126441,8.38172554818906,0.17875081675530685,0.01379325930870191,0.013888825192706511,9867.03681640625,9984.1529296875,0,9635.466796875
9635.466796875,9688.701038997347,9635.466796875,9688.701038997347,8326639.0,2023-08-25,0.0,40.44280280485155,-34.6782337249042,40.43827720208232,-75.11651092698652,9521.619157208139,9968.1826171875,10414.746077166861,8.959776864628871,0.1274708410671608,-0.008253002919965514,-0.008219040386551302,9824.44921875,9968.1826171875,0,9688.701171875
9688.701171875,9741.935414727439,9608.848900060406,9715.31829330122,12242070.0,2023-08-28,0.0,43.27043951960229,-41.685795520395914,24.013462657586672,-65.69925817798259,9488.636267888816,9950.881396484376,10413.126525079935,9.290536389246276,0.21640563805836247,0.0055096301948270214,0.005524836120785137,9784.5232421875,9950.881396484376,0,9715.3173828125
9715.3173828125,9768.552528211845,9662.083144949005,9715.3173828125,16505942.0,2023-08-29,0.0,44.684522133803824,-44.57776818543607,10.295216488982124,-54.87298467441819,9462.89523475219,9934.910986328125,10406.92673790406,9.502163677671529,0.2673874200358143,0.0027433727251386314,0.002747139215601324,9747.25888671875,9934.910986328125,0,9795.1708984375
9795.1708984375,9848.405143101458,9715.318623905598,9741.935746237577,12147278.0,2023-08-30,0.0,48.80744020630628,-39.96546896220207,0.2430793987452855,-40.208548360947354,9449.586658392342,9921.602392578125,10393.618126763908,9.514909296080548,0.36607279696013073,0.0081857471084409,0.008219341940003844,9715.3181640625,9921.602392578125,0,9848.404296875
9848.404296875,9875.022324455784,9795.170056785208,9795.170056785208,11403959.0,2023-08-31,0.0,51.407606718662066,-31.649858368216883,-6.135508154647149,-25.514350213569735,9442.321071522068,9912.286328125,10382.25158472793,9.482479441084287,0.4320353681974702,0.005419942981105722,0.005434657443903479,9696.68603515625,9912.286328125,0,9848.404296875
9848.404296875,9848.404296875,9848.404296875,9848.404296875,0.0,2023-09-01,0.0,51.407606718662066,-24.77409669636836,-9.863225862991392,-14.910870833376968,9438.146261242551,9898.97763671875,10359.809012194948,9.310686262525024,0.44512815040914927,0.0,0.0,9717.97978515625,9898.97763671875,0,9848.404296875
9848.404296875,9848.404296875,9848.404296875,9848.404296875,0.0,2023-09-04,0.0,51.407606718662066,-19.10477804524635,-11.711536299442384,-7.393241745803964,9455.948226168715,9876.352880859375,10296.757535550034,8.513358316821877,0.4667599018320341,0.0,0.0,9736.6119140625,9876.352880859375,1,10194.4306640625
10194.4306640625,10247.664909812807,9875.02337448869,9901.640497363844,37483495.0,2023-09-05,0.0,65.59482235748737,13.15795706156132,-6.737637627241643,19.895594688802962,9459.066744917032,9875.0220703125,10290.977395707967,8.424392825327715,0.8839457920707282,0.03453211610018953,0.0351352723503946,9787.18486328125,9875.0220703125,0,10247.6630859375
10247.6630859375,10247.6630859375,10061.342351436737,10221.045967799651,24120511.0,2023-09-06,0.0,67.18223416956161,42.53154150208866,3.116198198624417,39.41534330346424,9452.542910346418,9877.68369140625,10302.824472466082,8.608106806046273,0.9351257407122059,0.0052081301310645135,0.005221716016241551,9853.72802734375,9877.68369140625,0,10274.28125
10274.28125,10433.984868514033,10194.428986975066,10247.663223967798,38860853.0,2023-09-07,0.0,67.97784898174818,67.18372996045582,15.9297045509907,51.25402540946512,9434.150249253797,9888.330615234376,10342.510981214955,9.186188926184363,0.9248869652614261,0.0025941186228657476,0.002597486259967585,9909.6244140625,9888.330615234376,-1,10167.8125
10167.8125,10300.89900828365,10167.8125,10274.281888134097,19493533.0,2023-09-08,0.0,61.55020125925152,77.23926245678012,28.191616132148585,49.04764632463154,9428.57024949799,9893.6541015625,10358.737953627011,9.401659837512607,0.7947408270793626,-0.010416713084822926,-0.010362647022145732,9962.858984375,9893.6541015625,-1,9981.490234375
9981.490234375,10300.898379273061,9981.490234375,10300.898379273061,26254455.0,2023-09-11,0.0,52.24079996260361,69.373994505675,36.42809180685387,32.94590269882113,9430.226363344787,9888.33056640625,10346.434769467713,9.26555195510526,0.6016795603993301,-0.01849469225496339,-0.01832471493991461,9992.137890625,9888.33056640625,1,10247.6630859375
10247.6630859375,10247.6630859375,9981.490089487368,10034.725233298888,19062520.0,2023-09-12,0.0,61.25608498945041,83.65432265146774,45.87333797577665,37.78098467569109,9418.420117122289,9896.315673828125,10374.211230533961,9.658049974490666,0.8675985340094333,0.026317286716920532,0.02666664449020195,10045.3724609375,9896.315673828125,-1,10141.1953125
10141.1953125,10300.898939872566,10061.343045045774,10274.281819899785,23507421.0,2023-09-13,0.0,56.649710810223326,85.3961326037097,53.77789690136326,31.61823570234644,9417.05109311106,9897.646533203126,10378.241973295191,9.711307399791187,0.7533823242790431,-0.010443815841736545,-0.010389468559285686,10079.97490234375,9897.646533203126,0,10194.4306640625
10194.4306640625,10300.900063099098,10114.578387901056,10167.813541187346,26068712.0,2023-09-14,0.0,58.336767128496334,90.03431793192067,61.02918110747475,29.00513682444592,9410.363277487508,9905.631787109374,10400.90029673124,9.999735913187905,0.7915578835949224,0.0052356857106718915,0.005249415864901241,10114.5775390625,9905.631787109374,1,10327.5166015625
10327.5166015625,10487.220237312124,10167.812965812878,10221.047208550774,45967423.0,2023-09-15,0.0,62.2880102598124,103.25873372545175,69.47509163107014,33.783642094381605,9428.028975768408,9940.23427734375,10452.439578919093,10.305698785043429,0.8780538028673474,0.01297028995431901,0.013054769009235079,10162.48876953125,9940.23427734375,-1,10194.4306640625
10194.4306640625,10327.517185974251,10114.578387901056,10327.517185974251,20573598.0,2023-09-18,0.0,56.51588190318448,101.82646352123447,75.94536600910301,25.88109751213146,9460.209305247148,9966.85166015625,10473.494015065351,10.166547515389807,0.7245953202502001,-0.012970289954319147,-0.01288653822932273,10197.09140625,9966.85166015625,0,10114.578125
10114.578125,10221.047521269214,10061.343880633374,10194.4303990859,20150789.0,2023-09-19,0.0,53.3229688752235,93.17389584603552,79.39107197648951,13.782823869546007,9495.110307763229,9988.1455078125,10481.180707861771,9.872407238433407,0.6282186517056643,-0.007863795953162087,-0.007832957199267354,10189.10615234375,9988.1455078125,1,10221.046875
10221.046875,10221.046875,10087.960364962433,10141.195513499002,15559598.0,2023-09-20,0.0,56.82535082479479,93.82624144699184,82.27810587058998,11.548135576401862,9555.844922296938,10020.086279296875,10484.327636296812,9.266214762224855,0.7164397814552663,0.010471251592295087,0.010526267006316647,10186.44453125,10020.086279296875,-1,10087.9609375
10087.9609375,10300.89972865971,10034.72669347805,10221.04745509083,21981679.0,2023-09-21,0.0,51.61212304063959,82.65155148823214,82.35279499411843,0.29875649411371796,9596.594419570503,10038.71845703125,10480.842494491995,8.808376076152959,0.5556885356783193,-0.013106287002332144,-0.013020773618162229,10167.8125,10038.71845703125,-1,9954.873046875
9954.873046875,10008.108191090403,9741.934285085046,9981.490165214786,33103709.0,2023-09-22,0.0,46.97136609196305,62.33785666740005,78.34980732877476,-16.011950661374712,9652.636916332829,10054.68876953125,10456.740622729672,7.99730080988206,0.37586710288462544,-0.01328054174506554,-0.013192744445537308,10146.5185546875,10054.68876953125,-1,9635.466796875
9635.466796875,9981.491185742103,9635.466796875,9954.87406468093,23439513.0,2023-09-25,0.0,38.113891014218396,20.232464922677536,66.72633884755531,-46.493873924877775,9639.212453446045,10052.02705078125,10464.841648116453,8.213559220438423,-0.004536729799799137,-0.03261143600143721,-0.03208541670958498,10111.9162109375,10052.02705078125,0,9715.3173828125
9715.3173828125,9821.78676607534,9635.466026017257,9662.083144949005,19363478.0,2023-09-26,0.0,41.10396665253602,-6.616811952650096,52.05770868751423,-58.674520640164324,9639.212453446045,10052.02705078125,10464.841648116453,8.213559220438423,0.09217809866429903,0.00825300291996543,0.008287152830353417,10058.681640625,10052.02705078125,1,9848.404296875
9848.404296875,9848.404296875,9662.083549024837,9662.083549024837,15138012.0,2023-09-27,0.0,45.803972341321014,-16.960544998673868,38.25405795027661,-55.21460294895048,9648.209372073055,10054.688720703125,10461.168069333195,8.085369123225219,0.2462547303776296,0.013605690089546792,0.013698668691765725,10029.4025390625,10054.688720703125,0,9848.404296875
9848.404296875,9875.022324455784,9688.700669069734,9768.55293674031,11706315.0,2023-09-28,0.0,45.803972341321014,-24.87132678688431,25.62898100284443,-50.50030778972874,9648.209372073055,10054.688720703125,10461.168069333195,8.085369123225219,0.2462547303776296,0.0,0.0,9994.79990234375,10054.688720703125,0,9848.404296875
9848.404296875,9928.256564545576,9848.404296875,9848.404296875,7248495.0,2023-09-29,0.0,45.803972341321014,-30.785798822811557,14.346025037713233,-45.13182386052479,9648.209372073055,10054.688720703125,10461.168069333195,8.085369123225219,0.2462547303776296,0.0,0.0,9946.888671875,10054.688720703125,0,9901.640625
9901.640625,9954.87487143652,9795.17122459097,9875.023501781741,7895626.0,2023-10-02,0.0,47.881887470291396,-30.822036506826407,5.312412728805304,-36.13444923563171,9655.892748845132,10057.350537109374,10458.808325373617,7.983370705494513,0.3060693843023854,0.005391021364251894,0.005405579068468169,9917.60966796875,10057.350537109374,-1,9608.8486328125
9608.8486328125,9848.404534057652,9582.231512126575,9795.170292685802,19653614.0,2023-10-03,0.0,39.02071221289183,-53.85580573282823,-6.521230963521402,-47.334574769306826,9585.407877659569,10028.071435546875,10470.734993434182,8.82848832365076,0.0264769425168027,-0.030016056583723104,-0.029570048366353463,9867.03671875,10028.071435546875,0,9662.0830078125
9662.0830078125,9715.317244920427,9555.613626060807,9608.847863168736,12939652.0,2023-10-04,0.0,41.15307685750363,-67.04184793858076,-18.625354358533272,-48.41649358004749,9540.11029059183,9998.792431640624,10457.474572689418,9.17475073484513,0.1329599588745425,0.005524850734056252,0.005540140867472232,9811.14033203125,9998.792431640624,0,9608.8486328125
9608.8486328125,9741.935143778039,9582.231512126575,9688.700902406188,12947158.0,2023-10-05,0.0,39.659554791514424,-80.85539983267518,-31.071363453361656,-49.78403637931352,9494.60428012932,9965.52080078125,10436.43732143318,9.450916416029404,0.12130000506779963,-0.005524850734056387,-0.005509616814195928,9763.2291015625,9965.52080078125,0,9662.0830078125
9662.0830078125,9688.700126366464,9555.613626060807,9608.847863168736,8486895.0,2023-10-06,0.0,41.92916907443912,-86.50993735844531,-42.159078234378384,-44.35085912406693,9460.81895821136,9940.234326171874,10419.64969413239,9.645957071620561,0.20990571334554825,0.005524850734056252,0.005540140867472232,9733.95009765625,9940.234326171874,0,9741.9345703125
9741.9345703125,9741.9345703125,9582.230948062095,9662.083212955225,19477124.0,2023-10-09,0.0,45.25546049079231,-83.58433713096201,-50.444130013695116,-33.1402071172669,9441.27073342138,9928.25654296875,10415.24235251612,9.810097219783394,0.3086987659564181,0.008230461855994672,0.00826442522129378,9744.596875,9928.25654296875,0,9821.787109375
9821.787109375,9875.022256635068,9768.552869650815,9795.169989512908,12865285.0,2023-10-10,0.0,48.436262508221446,-73.96966902602799,-55.149237816161694,-18.820431209866292,9442.03857781595,9906.962744140625,10371.886910465299,9.385806292642995,0.40839835726441537,0.00816337339301961,0.008196784579711958,9755.24384765625,9906.962744140625,0,9848.404296875
9848.404296875,9848.404296875,9741.934909159527,9795.170056785208,8387390.0,2023-10-11,0.0,49.48975970220152,-63.470541803915694,-56.8134986137125,-6.657043190203197,9440.191016881909,9892.323193359374,10344.45536983684,9.141071670221569,0.45143135263393136,0.0027063492364005222,0.002710014705429087,9755.24384765625,9892.323193359374,0,9768.552734375
9768.552734375,9875.022119884854,9768.552734375,9848.404092855488,9503590.0,2023-10-12,0.0,46.4253282203267,-60.89134407372694,-57.629067705715386,-3.2622763680115554,9439.144017055532,9871.029296875,10302.914576694468,8.750562212518103,0.3813613622779222,-0.008141120297580219,-0.00810807112430767,9747.25869140625,9871.029296875,0,9821.787109375
9821.787109375,9848.404229237092,9715.31772239075,9741.934842252842,10155958.0,2023-10-13,0.0,48.70565698824458,-53.930069851228836,-56.88926813481808,2.959198283589245,9470.944836364719,9845.742822265625,10220.540808166532,7.613401907133318,0.4680418334785835,0.00543477106117983,0.0054495662200473305,9744.59697265625,9845.742822265625,-1,9688.701171875
9688.701171875,9821.787686542033,9688.701171875,9821.787686542033,9534140.0,2023-10-16,0.0,43.69810731454894,-58.478034407946325,-57.20702138944373,-1.2710130185025932,9477.85330235222,9820.45634765625,10163.059392960282,6.97733451838614,0.3077145291216995,-0.013642713578284834,-0.013550073527145434,9723.30302734375,9820.45634765625,0,9635.466796875
9635.466796875,9821.78755183914,9635.466796875,9741.935281119695,9501495.0,2023-10-17,0.0,41.84486296423788,-65.62145496482844,-58.88990810452068,-6.731546860307766,9474.083545081316,9796.50078125,10118.918017418686,6.582293889789202,0.2502708194379076,-0.005509630194826969,-0.00549448001911057,9725.96484375,9796.50078125,-1,9449.14453125
9449.14453125,9688.70042058191,9369.293173163273,9635.466181857426,19116986.0,2023-10-18,0.0,36.07765468915813,-85.3336437704802,-64.17865523771258,-21.154988532767618,9466.122951241736,9757.9056640625,10049.688376883265,5.980437255001847,-0.029094287025436708,-0.019526537119464022,-0.01933712912439578,9704.67099609375,9757.9056640625,0,9395.91015625
9395.91015625,9528.996658666829,9369.293037273805,9449.14439420239,9857967.0,2023-10-19,0.0,34.60995693033645,-104.05181997125692,-72.15328818442146,-31.898531786835463,9432.185850894994,9723.303125,10014.420399105007,5.988032469264539,-0.062304263387525434,-0.005649706777987155,-0.005633777197919243,9683.3771484375,9723.303125,1,9555.6142578125
9555.6142578125,9582.231378126206,9316.058359917357,9395.910628394371,9045344.0,2023-10-20,0.0,42.2060349739535,-104.79135367945673,-78.68090128342851,-26.110452396028222,9424.589752733305,9703.340185546875,9982.090618360444,5.745453163205965,0.23502116885828286,0.016854357321559783,0.01699719334334704,9672.7302734375,9703.340185546875,0,9475.76171875
9475.76171875,9582.231104500426,9422.52747964272,9555.613984946787,6489988.0,2023-10-23,0.0,39.72141566312083,-110.54656008625716,-85.05403304399425,-25.492527042262907,9399.77576989339,9695.354931640624,9990.93409338786,6.097335555661145,0.12853739148497598,-0.008391721940467408,-0.008356609727858566,9646.11298828125,9695.354931640624,0,9528.9970703125
9528.9970703125,9582.231310564572,9449.144802398503,9475.761922524538,7655243.0,2023-10-24,0.0,42.165781758738156,-109.54914036481932,-89.95305450815927,-19.596085856660054,9381.499878778042,9686.038916015625,9990.577953253207,6.288205940078035,0.2421646710260491,0.005602332698977496,0.005618055111829223,9616.833984375,9686.038916015625,0,9475.76171875
9475.76171875,9608.848224054067,9475.76171875,9555.613984946787,7844302.0,2023-10-25,0.0,40.401432129831086,-111.76595762662873,-94.31563513185316,-17.450322494775577,9359.11950552243,9667.406787109376,9975.69406869632,6.377869233722917,0.18917778999370294,-0.005602332698977634,-0.00558666889806847,9579.5697265625,9667.406787109376,-1,9156.3544921875
9156.3544921875,9395.910383847739,9076.502225788796,9395.910383847739,21562537.0,2023-10-26,0.0,31.802959320406202,-137.70887289797065,-102.99428268507666,-34.714590212893995,9261.203866038628,9632.804296875,10004.404727711371,7.715311541352989,-0.14107811125937125,-0.034289021949134815,-0.0337078153759901,9518.34990234375,9632.804296875,1,9289.44140625
9289.44140625,9316.0585270412,9129.737773966894,9182.972015549292,15831578.0,2023-10-27,0.0,37.747979268852596,-145.84856695574308,-111.56513953920995,-34.28342741653313,9217.773835532449,9604.85615234375,9991.93846915505,8.0601377193316,0.09257406965517406,0.01443030425130713,0.01453492371620757,9465.11533203125,9604.85615234375,-1,9049.884765625
9049.884765625,9289.440648270865,9049.884765625,9182.971266257611,5827844.0,2023-10-30,0.0,32.29127387016953,-169.67365964965575,-123.18684356129913,-46.48681608835662,9128.110194014,9562.268359375,9996.426524736002,9.080652185113491,-0.09008862970935436,-0.02612639796891326,-0.025788056584739816,9401.23369140625,9562.268359375,0,9103.119140625
9103.119140625,9209.5885242495,9023.267783558513,9156.354286205176,11504337.0,2023-10-31,0.0,34.55529231377815,-182.15982304631507,-134.98143945830233,-47.178383588012736,9057.683405768496,9536.981884765624,10016.280363762753,10.051366035679699,0.04739816298976476,0.005865092948473908,0.005882326281347217,9347.99892578125,9536.981884765624,0,9156.3544921875
9156.3544921875,9209.588731429387,9103.11934540974,9156.3544921875,9288520.0,2023-11-01,0.0,36.83006698562275,-185.61983956524818,-145.10911947969151,-40.51072008555667,9007.472814704875,9511.695458984375,10015.918103263875,10.602161233058213,0.14763485850121472,0.005831000769132233,0.005848034145233161,9318.719921875,9511.695458984375,1,9422.52734375
9422.52734375,9449.144462919763,9209.588575320171,9236.205694489934,12092813.0,2023-11-02,0.0,46.78901497971521,-164.98219096324283,-149.0837337764018,-15.898457186841028,8998.83016237558,9502.37939453125,10005.92862668692,10.598381968319845,0.4207107809107293,0.028655229850064263,0.029069740778342235,9321.381640625,9502.37939453125,-1,9262.82421875
9262.82421875,9502.380119217385,9262.82421875,9475.762091081971,20714476.0,2023-11-03,0.0,42.46336119720938,-159.67280455468244,-151.20154793205793,-8.471256622624509,8973.893361810031,9482.416455078124,9990.939548346218,10.72560134175005,0.28408823587844884,-0.01709435473490764,-0.016949075250594192,9292.10263671875,9482.416455078124,1,9555.6142578125
9555.6142578125,9582.231378126206,9342.675480231062,9369.293508080666,15134171.0,2023-11-06,0.0,51.34447756865317,-130.33692542555764,-147.02862343075788,16.691698005200237,8977.944482929091,9473.100439453125,9968.256395977158,10.453936590006602,0.5833210398382539,0.031119868774445572,0.03160915420048971,9300.087890625,9473.100439453125,0,9475.76171875
9475.76171875,9582.231104500426,9422.52747964272,9555.613984946787,7920066.0,2023-11-07,0.0,49.1176932639192,-112.23765656954129,-140.07043005851455,27.83277348897326,8988.547347551677,9455.799169921875,9923.050992292072,9.882862653354296,0.5213616596794237,-0.008391721940467408,-0.008356609727858566,9294.76435546875,9455.799169921875,1,9768.552734375
9768.552734375,9795.169853868496,9422.527458351942,9475.761697338936,18709539.0,2023-11-08,0.0,56.55737228203537,-73.42170785392227,-126.7406856175961,53.31897776367383,8997.494514051363,9451.806591796874,9906.118669542386,9.613232630887818,0.8485997380368512,0.030431181228290825,0.030898942408571273,9324.04345703125,9451.806591796874,0,9768.552734375
9768.552734375,9848.404092855488,9715.31758785214,9795.169853868496,16979900.0,2023-11-09,0.0,56.55737228203537,-42.17363740317887,-109.82727597471266,67.65363857153379,8997.494514051363,9451.806591796874,9906.118669542386,9.613232630887818,0.8485997380368512,0.0,0.0,9385.26328125,9451.806591796874,-1,9582.2314453125
9582.2314453125,9795.170224386968,9555.614324812166,9688.700834849733,22353688.0,2023-11-10,0.0,51.04870849442644,-32.07415640655017,-94.27665206108017,62.20249565453,9014.906978717925,9439.82880859375,9864.750638469573,9.002744403351628,0.6675633336611175,-0.01925782910066824,-0.019073581740194245,9414.54228515625,9439.82880859375,0,9635.466796875
9635.466796875,9662.083917936174,9502.380284033208,9582.23164721673,11614491.0,2023-11-13,0.0,52.47306651905871,-19.549245456550125,-79.33117074017416,59.781925283624034,9018.183798764197,9437.16708984375,9856.150380923302,8.87942932642277,0.7366439321724638,0.005540256388736213,0.005555631990974419,9473.10048828125,9437.16708984375,1,9821.787109375
9821.787109375,9928.256496359252,9662.083482666565,9662.083482666565,24150712.0,2023-11-14,0.0,57.17032590359299,5.349661218879191,-62.39500434836349,67.74466556724269,9001.458620242593,9446.48310546875,9891.507590694906,9.42201410318563,0.921666690671554,0.0191523437731117,0.019336926422747647,9544.96728515625,9446.48310546875,0,9875.0224609375
9875.0224609375,9981.490942588576,9821.787312576062,9954.873822175807,23721793.0,2023-11-15,0.0,58.43437423026968,29.043081545425594,-44.10738716960568,73.15046871503128,8983.216960680751,9467.777001953125,9952.3370432255,10.235983402913133,0.9202218758226696,0.0054054928030460294,0.005420128839046745,9616.83408203125,9467.777001953125,0,9848.404296875
9848.404296875,9875.022324455784,9768.55293674031,9821.787176830105,8853841.0,2023-11-16,0.0,57.52025599408161,45.15194100374174,-26.2555215349362,71.40746253867795,8978.487385076829,9490.401708984375,10002.31603289192,10.788043322189967,0.8496704147267449,-0.002699143566645423,-0.002695504153817696,9659.42177734375,9490.401708984375,-1,9688.701171875
9688.701171875,9901.639958356627,9528.997535781748,9901.639958356627,23199480.0,2023-11-17,0.0,52.23997608731656,44.51843982716491,-12.10072926251598,56.619169089680895,8978.160121408007,9497.0560546875,10015.951987966993,10.927511226458002,0.6846662354590798,-0.01634906281468525,-0.01621614224861534,9702.00947265625,9497.0560546875,-1,9582.2314453125
9582.2314453125,9715.317955350067,9449.144935274933,9449.144935274933,15678480.0,2023-11-20,0.0,49.00986785854873,35.02146282825379,-2.6762908443620272,37.69775367261582,8982.220393554031,9502.379541015625,10022.53868847722,10.947976666610796,0.5767571854561785,-0.011049886583563179,-0.01098906083217499,9704.67119140625,9502.379541015625,0,9635.466796875
9635.466796875,9715.318160058521,9555.614526155556,9688.701038997347,10222993.0,2023-11-21,0.0,50.65285735317121,31.42840105542564,4.144647535595507,27.28375351983013,8984.228151167763,9507.70302734375,10031.177903519738,11.011595012391446,0.6220342898445967,0.005540256388736213,0.005555631990974419,9720.64169921875,9507.70302734375,0,9608.8486328125
9608.8486328125,9662.083781720261,9555.614391440648,9662.083781720261,13285300.0,2023-11-22,0.0,49.78899477403858,26.131779444314816,8.54207391733937,17.589705526975447,8989.211213258617,9514.357373046874,10039.503532835131,11.039025321372483,0.5899666292939525,-0.002766342209958841,-0.002762519411216524,9704.6712890625,9514.357373046874,0,9528.9970703125
9528.9970703125,9662.083578478569,9528.9970703125,9635.466458352532,12267557.0,2023-11-23,0.0,47.18900558312939,15.314281407754606,9.896515415422417,5.417765992332189,9035.616834958688,9532.989501953125,10030.362168947562,10.434767957995446,0.4959864786451266,-0.008344933607422281,-0.008310211301208459,9680.71572265625,9532.989501953125,0,9502.3798828125
9502.3798828125,9582.231242624443,9369.293375590045,9528.997002749815,13998244.0,2023-11-24,0.0,46.320691887996276,4.54120352830796,8.825453037999527,-4.284249509691566,9059.268777024368,9543.63642578125,10028.00407453813,10.150588877179073,0.45741195445790683,-0.0027971917030057826,-0.002793283207413899,9672.73056640625,9543.63642578125,-1,9369.2939453125
9369.2939453125,9555.614703739266,9342.675916220729,9502.3804606276,12411403.0,2023-11-27,0.0,42.14492891825354,-14.56753573368951,4.1468552836617185,-18.71439101735123,9125.311186711071,9559.606884765624,9993.902582820177,9.086057686046804,0.2808947448643407,-0.014104540490296653,-0.014005537469694351,9646.11328125,9559.606884765624,1,9502.3798828125
9502.3798828125,9528.997002749815,9289.441108242218,9369.293375590045,11605413.0,2023-11-28,0.0,47.264660910846786,-18.756216372192284,-0.4337590475090818,-18.322457324683203,9200.420183201846,9579.569921875,9958.719660548153,7.915798762684805,0.39820639289818766,0.014104540490296672,0.01420447883018805,9614.17255859375,9579.569921875,0,9502.3798828125
9502.3798828125,9528.997002749815,9422.527615464673,9475.761855339302,9506733.0,2023-11-29,0.0,47.264660910846786,-21.82420016164906,-4.711847270337077,-17.112352891311982,9271.231961177895,9596.87119140625,9922.510421634604,6.786362424452593,0.3549141199488042,0.0,0.0,9576.90830078125,9596.87119140625,0,9475.76171875
9475.76171875,9555.613984946787,9449.144599196361,9502.37974583951,9892183.0,2023-11-30,0.0,46.31398338515076,-26.102568638014418,-8.989991543872545,-17.112577094141873,9279.064717639818,9599.53291015625,9920.00110267268,6.676745535762015,0.30689005290298327,-0.0028051409959717944,-0.002801210264246068,9539.64404296875,9599.53291015625,0,9475.76171875
9475.76171875,9502.37974583951,9422.52747964272,9502.37974583951,7699060.0,2023-12-01,0.0,46.31398338515076,-29.157101562366734,-13.023413547571383,-16.13368801479535,9324.558102182222,9610.17978515625,9895.801468130277,5.944148587421749,0.2646921182477723,0.0,0.0,9518.35009765625,9610.17978515625,1,9608.8486328125
9608.8486328125,9635.466661034336,9475.762121846961,9475.762121846961,30261534.0,2023-12-04,0.0,51.92154215388375,-20.601359551534188,-14.539002748363945,-6.062356803170243,9328.370999381557,9612.84150390625,9897.312008430941,5.918551853977728,0.49298192425885984,0.013947266306399928,0.014044983191077609,9521.01181640625,9612.84150390625,0,9608.8486328125
9608.8486328125,9635.466661034336,9555.614391440648,9608.8486328125,10677748.0,2023-12-05,0.0,51.92154215388375,-13.663369548157789,-14.363876108322714,0.700506560164925,9342.395851727979,9619.495849609375,9896.595847490771,5.761216641985421,0.4807881326627938,0.0,0.0,9518.35,9619.495849609375,0,9635.466796875
9635.466796875,9662.083917936174,9582.23164721673,9608.848768277903,12245387.0,2023-12-06,0.0,53.05885115407778,-5.948528172457372,-12.680806521149647,6.732278348692274,9344.561469378665,9612.841552734375,9881.121636090085,5.581701974051533,0.5421672079746345,0.0027663422099589493,0.0027701720653194872,9521.01181640625,9612.841552734375,0,9715.3173828125
9715.3173828125,9768.552528211845,9608.84799954966,9662.083144949005,24293161.0,2023-12-07,0.0,56.391458890529044,6.533500024857858,-8.837945211948146,15.371445236806004,9347.40468084204,9610.17978515625,9872.954889470459,5.468682380325239,0.7000524325366339,0.00825300291996543,0.008287152830353417,9539.64384765625,9610.17978515625,0,9688.701171875
9688.701171875,9768.553443689594,9662.08405044878,9715.31829330122,13039331.0,2023-12-08,0.0,54.99004202062065,14.115180503240481,-4.247320068910421,18.3625005721509,9350.805311850389,9615.503271484375,9880.20123111836,5.505649619380222,0.6382668391018966,-0.0027433727251386453,-0.0027396131169721283,9558.2759765625,9615.503271484375,0,9662.0830078125
9662.0830078125,9715.317244920427,9608.847863168736,9688.700126366464,8510462.0,2023-12-11,0.0,53.556588977312316,17.77100049125329,0.15634404312232153,17.61465644813097,9351.44677615567,9616.83408203125,9882.22138790683,5.519223969381932,0.5852507350190747,-0.0027511216707294967,-0.002747340803509246,9587.5548828125,9616.83408203125,0,9715.3173828125
9715.3173828125,9715.3173828125,9635.466026017257,9662.083144949005,8512382.0,2023-12-12,0.0,56.02546574693853,24.679345205606296,5.060944275619117,19.618400929987178,9359.499346141685,9611.510595703125,9863.521845264564,5.243946766788196,0.7059566533042162,0.005494494395868145,0.005509616814195928,9608.8486328125,9611.510595703125,-1,9608.8486328125
9608.8486328125,9768.553171999874,9608.8486328125,9715.318023092113,12526270.0,2023-12-13,0.0,50.26978125969263,21.317386275763056,8.312232675647905,13.00515360011515,9378.778214341664,9598.201904296875,9817.625594252086,4.572183251468802,0.5242606632807019,-0.011019345129924408,-0.010958854539158458,9619.4955078125,9598.201904296875,0,9608.8486328125
9608.8486328125,9688.700902406188,9582.231512126575,9662.083781720261,9254479.0,2023-12-14,0.0,50.269781259692614,18.440439692258224,10.33787407896997,8.102565613288254,9400.785886572352,9586.22412109375,9771.662355615148,3.8688483010397277,0.5610028233312891,0.0,0.0,9632.80419921875,9586.22412109375,0,9608.8486328125
9608.8486328125,9688.700902406188,9582.231512126575,9608.8486328125,9672749.0,2023-12-15,0.0,50.269781259692614,15.97627425284918,11.465554113745814,4.510720139103366,9402.740189205104,9582.231494140626,9761.722799076148,3.7463362275327574,0.5741460392230027,0.0,0.0,9646.112890625,9582.231494140626,0,9582.2314453125
9582.2314453125,9662.0837143494,9555.614324812166,9608.848565812832,9209265.0,2023-12-18,0.0,48.70735298188243,11.740286096583077,11.520500510313267,0.21978558626980949,9402.740189205104,9582.231494140626,9761.722799076148,3.7463362275327574,0.4999998639819189,-0.0027739141787773646,-0.002770070433736116,9643.451171875,9582.231494140626,0,9662.0830078125
9662.0830078125,9688.700126366464,9555.613626060807,9582.230744614772,10293520.0,2023-12-19,0.0,53.38791067859195,14.657624736586513,12.147925355567917,2.5096993810185957,9402.02604979339,9583.5623046875,9765.098559581611,3.7884921936661784,0.7162672772190884,0.008298764912833743,0.008333295115623862,9648.774609375,9583.5623046875,0,9662.0830078125
9662.0830078125,9688.700126366464,9608.847863168736,9662.0830078125,5387230.0,2023-12-20,0.0,53.38791067859195,16.776250454691763,13.073590375392687,3.7026600792990756,9401.592034568735,9586.2240234375,9770.856012306265,3.8520274180397918,0.7054329394374873,0.0,0.0,9651.43623046875,9586.2240234375,0,9662.0830078125
9662.0830078125,9662.0830078125,9582.230744614772,9635.465889258536,6950155.0,2023-12-21,0.0,53.38791067859195,18.244960057712888,14.107864311856728,4.1370957458561595,9407.339740554635,9592.8783203125,9778.416900070366,3.868256712169397,0.6864967587612081,0.0,0.0,9646.11279296875,9592.8783203125,0,9741.9345703125
9741.9345703125,9821.78683520563,9635.466093836134,9662.083212955225,14920148.0,2023-12-22,0.0,58.156841285435654,25.557663905572554,16.397824230599895,9.159839674972659,9413.091309666203,9604.8560546875,9796.620799708797,3.993078999402794,0.857413234663589,0.008230461855994672,0.00826442522129378,9651.4361328125,9604.8560546875,0,9795.1708984375
9795.1708984375,9875.0231729694,9741.935746237577,9768.55377610552,11498402.0,2023-12-25,0.0,61.020173212853884,35.24250746693906,20.16676087786773,15.07574658907133,9450.62852489307,9626.14990234375,9801.67127979443,3.646761773529908,0.9814826505712793,0.005449779648314462,0.0054646567107146105,9664.744921875,9626.14990234375,0,9821.787109375
9821.787109375,9848.404229237092,9741.934842252842,9795.169989512908,7436856.0,2023-12-26,0.0,62.40532199197423,44.551954349441075,25.0437995721824,19.508154777258675,9456.199691243997,9642.120263671875,9828.040836099754,3.8564250879209956,0.9831817247465193,0.0027135937447052795,0.002717278872770512,9675.39189453125,9642.120263671875,0,9795.1708984375
9795.1708984375,9848.405143101458,9768.55377610552,9848.405143101458,10098001.0,2023-12-27,0.0,60.10518786856664,49.21473545781555,29.877986749309034,19.336748708506516,9471.05973069356,9656.759814453126,9842.459898212692,3.8460122717690783,0.8726737252406981,-0.002713593744705238,-0.0027099152772406265,9694.02412109375,9656.759814453126,0,9875.0224609375
9875.0224609375,9901.63958135027,9768.553071750524,9795.170192163294,17247690.0,2023-12-28,0.0,64.35047572741703,58.67698506742272,35.637786412931774,23.039198654490946,9487.14754201421,9676.7228515625,9866.298161110788,3.9181717293407448,1.0230101162632936,0.00811908654775114,0.008152135713399122,9720.64150390625,9676.7228515625,0,9928.2568359375
9928.2568359375,10034.726226563345,9875.022594392532,9901.639715165016,24116147.0,2023-12-29,0.0,66.88073396471626,69.66836171235991,42.4439014728174,27.22446023954251,9502.87574400471,9699.347607421874,9895.819470839038,4.0512387300528365,1.0825496448557324,0.0053763321144902464,0.005390810523275169,9752.58232421875,9699.347607421874,0,9928.2568359375
9928.2568359375,9928.2568359375,9928.2568359375,9928.2568359375,0.0,2024-01-01,0.0,66.88073396471626,77.48589769671344,49.452300717596614,28.033596979116822,9498.905177324037,9715.318017578125,9931.730857832214,4.455085049455469,0.9919736234443511,0.0,0.0,9787.18486328125,9715.318017578125,1,10034.7255859375
10034.7255859375,10114.576943157168,9928.256202108754,9954.873321181976,24065172.0,2024-01-02,0.0,71.56242760156776,91.22095127195462,57.806030828468224,33.414920443486395,9483.596008169327,9736.611865234376,9989.627722299425,5.197205363982304,1.0891206269860008,0.010666718753682651,0.010723811013290119,9824.44912109375,9736.611865234376,1,10194.4306640625
10194.4306640625,10221.047786937654,9954.874743114151,9981.491865989305,24186149.0,2024-01-03,0.0,76.84899119518036,113.68248436484464,68.98132153574352,44.70116282910112,9444.091138640453,9764.56005859375,10085.028978547047,6.563919276040571,1.1706900087712042,0.015789921665371298,0.015915241204882413,9877.68388671875,9764.56005859375,1,10700.158203125
10700.158203125,10886.47894596133,10194.429305737425,10194.429305737425,86263590.0,2024-01-04,0.0,85.83136994373393,170.3279623045455,89.25064968950392,81.07731261504159,9288.19467436729,9813.802099609375,10339.409524851459,10.711596176633826,1.343173118328178,0.04841696885388409,0.049608218028819984,9981.49140625,9813.802099609375,1,10913.0966796875
10913.0966796875,10913.0966796875,10700.15791570645,10700.15791570645,39308276.0,2024-01-05,0.0,87.95114361516347,229.75380825311913,117.35128140222697,112.40252685089216,9159.76098778954,9875.021875,10590.282762210461,14.48626436000601,1.2256616594373155,0.019705071524533185,0.019900497966498287,10098.6076171875,9875.021875,0,11019.56640625
11019.56640625,11099.418678700136,10859.862768885667,10966.33216297387,35171141.0,2024-01-08,0.0,88.84943107837799,282.187553969914,150.3185359157644,131.86901805414962,9072.011157528817,9942.896044921876,10813.780932314934,17.51773091981273,1.1181473446801176,0.009708858653496976,0.009756142521917921,10221.04716796875,9942.896044921876,0,11099.41796875
11099.41796875,11126.03508868556,10913.097221665203,11046.183728878883,34554385.0,2024-01-09,0.0,89.48273790694442,326.42223660877244,185.53927605436598,140.88296055440645,9007.631430976879,10012.10107421875,11016.570717460621,20.06511192397747,1.0412393006830916,0.0072202148203913815,0.007246343418259249,10348.81025390625,10012.10107421875,0,11126.03515625
11126.03515625,11259.121664271866,10992.948648228134,11099.418036152805,43092080.0,2024-01-10,0.0,89.69288230071976,359.48243612230726,220.32790806795424,139.15452805435302,8987.175956154864,10087.960400390624,11188.744844626384,21.823726512509616,0.9715159090843069,0.0023951997806741132,0.002398070563243815,10481.8966796875,10087.960400390624,-1,10992.9482421875
10992.9482421875,11232.50412928569,10913.096884845341,11126.03474529362,43090684.0,2024-01-11,0.0,80.98020085295573,370.67101597411056,250.39652964918554,120.27448632492502,9010.14464624901,10157.165380859375,11304.18611546974,22.585449613173836,0.8643277039852444,-0.012033873142638507,-0.011961755665291007,10593.6892578125,10157.165380859375,1,11365.5908203125
11365.5908203125,11472.060206064953,10859.861918640257,10913.097065284419,80133565.0,2024-01-12,0.0,85.28916579305891,404.9392996859315,281.30508365653475,123.63421602939673,9009.160368007328,10245.002490234376,11480.844612461424,24.125755428660238,0.9533703415363319,0.03333644356866919,0.03389832917569047,10737.42265625,10245.002490234376,0,11418.826171875
11418.826171875,11658.382067233037,11392.208144307308,11445.443291906808,43786345.0,2024-01-15,0.0,85.78463578800809,431.41967195304824,311.32800131583747,120.09167063721077,9037.063430466564,10336.8322265625,11636.601022658435,25.14830012923934,0.9162255427897805,0.004672969991217325,0.004683905342374173,10886.47958984375,10336.8322265625,0,11445.443359375
11445.443359375,11445.443359375,11259.121702982255,11418.826239186292,30534736.0,2024-01-16,0.0,86.03784484679728,449.3732472682732,338.9370505063246,110.43619676194857,9077.366759217693,10426.000244140625,11774.633729063557,25.870582262471338,0.8779541019228926,0.002328279019600959,0.0023309915659772695,11027.5513671875,10426.000244140625,0,11445.443359375
11445.443359375,11605.146988043143,11338.973971084273,11498.677599752416,35759093.0,2024-01-17,0.0,86.03784484679728,458.31837610762705,362.8133156265851,95.50506048104194,9143.574158173822,10515.16826171875,11886.76236526368,26.087915464716215,0.8391218638414687,0.0,0.0,11152.65263671875,10515.16826171875,0,11551.9130859375
11551.9130859375,11578.53020690563,11338.974303120613,11392.208545056876,41239543.0,2024-01-18,0.0,87.10352212620465,468.59697801686525,383.9700481046412,84.62692991222406,9225.193551019147,10609.659765625,11994.125980230852,26.09822077596653,0.8402948047312058,0.009259367484631988,0.009302368044597387,11237.828125,10609.659765625,1,11738.2333984375
11738.2333984375,11791.468545905975,11551.91265113755,11605.14689107014,37725100.0,2024-01-19,0.0,88.72531834545386,486.1730360310339,404.41064568991976,81.76239034111416,9300.778572181363,10709.47470703125,12118.170841881136,26.307473959017138,0.8651457067126394,0.016000267544414644,0.01612895726568553,11320.341796875,10709.47470703125,0,11764.8505859375
11764.8505859375,12004.406482081045,11711.616345699329,11871.31997394973,50851368.0,2024-01-22,0.0,88.93930864336565,496.5263267996161,422.83378191185903,73.69254488775704,9393.008241135967,10807.95869140625,12222.909141676531,26.18349108597823,0.8381361850333581,0.002264996278531324,0.002267563320349719,11394.87021484375,10807.95869140625,0,11684.9990234375
11684.9990234375,11897.936888242386,11658.381903778873,11764.85038241338,27764834.0,2024-01-23,0.0,83.80072411936459,492.6095345037811,436.78893243024345,55.82060207353766,9514.492170504895,10901.119287109375,12287.746403713856,25.440087023800828,0.7826570052400458,-0.006810437804074829,-0.00678729933004385,11453.4283203125,10901.119287109375,0,11658.3818359375
11658.3818359375,11791.468340992062,11605.146689394154,11631.763808897893,22152409.0,2024-01-24,0.0,82.09799434045317,481.8037303175406,445.7918920077029,36.011838309837685,9671.62404537219,10994.279833984376,12316.935622596562,24.060799044312663,0.7510486884308509,-0.0022804922042690347,-0.00227789385746735,11506.66298828125,10994.279833984376,0,11658.3818359375
11658.3818359375,11658.3818359375,11658.3818359375,11658.3818359375,0.0,2024-01-25,0.0,82.09799434045317,467.8470036152994,450.20291432922227,17.644089286077133,9840.445244341141,11083.447802734376,12326.45036112761,22.429889697077403,0.7312682420969076,0.0,0.0,11573.20634765625,11083.447802734376,0,11711.6162109375
11711.6162109375,11791.46847791181,11658.38197131188,11658.38197131188,16571930.0,2024-01-26,0.0,82.90374081809782,455.8272732518308,451.32778611374397,4.499487138086806,10026.443762064562,11172.615771484376,12318.78778090419,20.517523073605798,0.7351306937455067,0.004555795594650352,0.004566189008829991,11607.80888671875,11172.615771484376,0,11791.46875
11791.46875,11951.172380097903,11711.616481183099,11711.616481183099,27349881.0,2024-01-29,0.0,84.0625124080989,447.58549590365146,450.5793280717255,-2.99383216807405,10249.996063153627,11265.7763671875,12281.556671221373,18.033028012031497,0.7587628351942183,0.006795094894962091,0.006818233933240103,11645.07314453125,11265.7763671875,0,11764.8505859375
11764.8505859375,11844.702853830646,11631.764077806185,11791.468613592475,25055508.0,2024-01-30,0.0,82.06572150793245,433.90418721956667,447.2442999012938,-13.340112681727135,10495.726704756384,11352.2826171875,12208.838529618617,15.090461386757234,0.7408295610143126,-0.002259960481268531,-0.002257408693255414,11677.0138671875,11352.2826171875,-1,11578.5302734375
11578.5302734375,11844.703299720117,11525.295123659424,11844.703299720117,48609191.0,2024-01-31,0.0,69.60270595751902,403.3772772850898,438.470895378053,-35.0936180929632,10756.609545047637,11421.48759765625,12086.365650264865,11.642582403102208,0.618098856749069,-0.01596377752323575,-0.015837031770102428,11690.32255859375,11421.48759765625,0,11658.3818359375
11658.3818359375,11684.998955441239,11498.67730384333,11551.912450386677,19895219.0,2024-02-01,0.0,71.59375977212046,381.2332157719211,427.02335945682665,-45.79014368490556,10890.890429507714,11469.398779296875,12047.907129086036,10.087858324943971,0.6633364986948769,0.006872847514891952,0.006896519732145112,11700.96943359375,11469.398779296875,0,11658.3818359375
11658.3818359375,11658.3818359375,11658.3818359375,11658.3818359375,0.0,2024-02-02,0.0,71.59375977212046,359.5393417570813,413.5265559168776,-53.98721415979634,10985.902126690573,11506.663037109374,12027.423947528176,9.051467114998154,0.6456703026213237,0.0,0.0,11692.98427734375,11506.663037109374,1,12217.3447265625
12217.3447265625,12323.814109942541,11578.529333818104,11578.529333818104,64753773.0,2024-02-05,0.0,81.45518229007735,383.0350346812702,407.42825166975615,-24.39321698848596,11007.561634341517,11566.551953125,12125.542271908482,9.665634513187086,1.0821145300457133,0.046831248768214095,0.04794515212239592,11738.23369140625,11566.551953125,0,12270.580078125
12270.580078125,12323.815228414405,12217.345835371527,12243.962956748264,20109242.0,2024-02-06,0.0,82.09279285196665,401.32496419459676,406.2075941747243,-4.882629980127547,11028.083435638744,11625.11005859375,12222.136681548754,10.271328528432454,1.040570549715583,0.004347892755409618,0.004357358554904156,11796.791796875,11625.11005859375,1,12510.134765625
12510.134765625,12616.604148285203,12297.196907840436,12297.196907840436,36977068.0,2024-02-07,0.0,84.65032624731144,430.19095282532544,411.0042659048446,19.186686920480838,11024.436788863064,11694.3150390625,12364.193289261935,11.456476894317323,1.1089313441058992,0.019334563316544102,0.019522686456124427,11881.96708984375,11694.3150390625,0,12510.134765625
12510.134765625,12510.134765625,12510.134765625,12510.134765625,0.0,2024-02-08,0.0,84.65032624731144,447.90429488273185,418.38427170042206,29.520023182309785,11091.157455426568,11770.174365234376,12449.191275042183,11.537924396658445,1.0448762686926798,0.0,0.0,11967.1423828125,11770.174365234376,0,12510.134765625
12510.134765625,12510.134765625,12510.134765625,12510.134765625,0.0,2024-02-09,0.0,84.65032624731144,456.67794698032776,426.0430067564032,30.63494022392456,11100.706326986501,11827.4015625,12554.096798013497,12.2883328459492,0.9697520843401203,0.0,0.0,12046.99423828125,11827.4015625,0,12510.134765625
12510.134765625,12510.134765625,12510.134765625,12510.134765625,0.0,2024-02-12,0.0,84.65032624731144,458.3475838433387,432.50392217379033,25.843661669548396,11121.350706085668,11881.9669921875,12642.58327828933,12.80286818843956,0.9129334231435335,0.0,0.0,12118.86083984375,11881.9669921875,0,12510.134765625
12510.134765625,12510.134765625,12510.134765625,12510.134765625,0.0,2024-02-13,0.0,84.65032624731144,454.4323696038937,436.88961165981107,17.54275794408261,11154.457670291345,11935.2015625,12715.945454708655,13.083044942646394,0.868195773839847,0.0,0.0,12193.3892578125,11935.2015625,0,12510.134765625
12510.134765625,12510.134765625,12510.134765625,12510.134765625,0.0,2024-02-14,0.0,84.65032624731144,446.1861775974485,438.74892484733857,7.437252750109906,11203.120698929499,11988.4361328125,12773.7515666955,13.101215624506398,0.8321586526276172,0.0,0.0,12286.54970703125,11988.4361328125,1,12856.16015625
12856.16015625,12882.777275287533,12536.752005192035,12616.604269840489,42056182.0,2024-02-15,0.0,88.38741723968812,462.2439081539651,443.4479215086639,18.795986645301184,11206.764270022997,12053.648486328126,12900.532702633254,14.051914941201558,0.9738024717376081,0.027283989009498848,0.02765960536059131,12406.3275390625,12053.648486328126,0,12776.3076171875
12776.3076171875,12829.542761655017,12616.603998856614,12829.542761655017,28219589.0,2024-02-16,0.0,83.34455394236645,463.1870112214183,447.3957394512148,15.79127177020348,11213.997576600334,12105.552197265624,12997.106817930915,14.72968116013201,0.8761718039335316,-0.0062305977008082335,-0.006211227776567463,12518.1201171875,12105.552197265624,0,12749.6904296875
12749.6904296875,12829.542692188494,12563.36969389962,12776.307548009221,36576953.0,2024-02-19,0.0,81.67185686207488,456.5241167731692,449.22141491560575,7.302701857563477,11234.156904873083,12154.794189453125,13075.431474033167,15.148545836817059,0.8230893698302384,-0.0020854970762196165,-0.002083323938145698,12571.3546875,12154.794189453125,0,12696.4580078125
12696.4580078125,12829.54452597966,12589.98861177158,12696.4580078125,35461451.0,2024-02-20,0.0,78.28783544746517,441.8548852835338,447.7481089891914,-5.89322370565759,11282.270345365529,12205.367138671874,13128.46393197822,15.126079909248718,0.7660018281407076,-0.0041839337422603495,-0.0041751932855600415,12613.94248046875,12205.367138671874,0,12776.3076171875
12776.3076171875,12882.7769985867,12616.603998856614,12696.456261789974,43614917.0,2024-02-21,0.0,79.64993169990898,431.69628374996137,444.5377439413454,-12.841460191384044,11342.247508670578,12261.263427734375,13180.279346798172,14.990558264738496,0.7802150532810147,0.006269430818479968,0.006289124835120674,12640.559765625,12261.263427734375,0,12749.6904296875
12749.6904296875,12829.542692188494,12696.456193044058,12776.307548009221,26087566.0,2024-02-22,0.0,77.8956792315666,416.6943412806413,438.9690634092046,-22.27472212856327,11418.188590387195,12315.828857421875,13213.469124456555,14.577017550771432,0.7416678418955458,-0.0020854970762196165,-0.002083323938145698,12664.51533203125,12315.828857421875,0,12723.07421875
12723.07421875,13148.950864877703,12643.221950554102,12776.308459190002,85629727.0,2024-02-23,0.0,76.09096464858213,398.06879868680517,430.7890104647247,-32.72021177791953,11498.618832029411,12366.4017578125,13234.18468359559,14.034525851222087,0.7055078812570769,-0.0020897787100312383,-0.0020875966427800208,12685.80927734375,12366.4017578125,0,12776.3076171875
12776.3076171875,12802.924735653341,12589.986880390772,12723.073380255815,37329175.0,2024-02-26,0.0,77.22736433015332,383.18627945090157,421.2684642619601,-38.08218481105854,11573.846913568175,12415.643701171875,13257.440488775575,13.5602600697094,0.714222673052904,0.004175275786250891,0.004184004394083507,12712.4265625,12415.643701171875,1,12909.3955078125
12909.3955078125,13015.864900681903,12696.457629609626,12802.926114943097,39988226.0,2024-02-27,0.0,79.81095579285048,377.7760886526776,412.5699891401036,-34.793900487426015,11662.32029441036,12472.870947265625,13283.42160012089,12.997018189031431,0.7692765461412951,0.010362891838752332,0.010416772561578025,12752.35263671875,12472.870947265625,0,12989.248046875
12989.248046875,13069.100320055672,12856.16152993118,12962.630924993426,33649240.0,2024-02-28,0.0,81.18986989649433,375.6021976829561,405.1764308486741,-29.574233165718,11819.672725073655,12543.4068359375,13267.140946801344,11.539673715920776,0.8080145071546696,0.006166561730256401,0.0061856141144776,12800.26396484375,12543.4068359375,-1,12856.16015625
12856.16015625,13069.098923621976,12749.690772564012,13042.48089704859,41957026.0,2024-02-29,0.0,72.3236902382819,359.0019419994642,395.94153307883215,-36.93959107936797,11999.654294438667,12603.295751953125,13206.937209467582,9.579104853124013,0.7094491698251352,-0.010298855868200672,-0.010246004244796825,12800.26396484375,12603.295751953125,0,12776.3076171875
12776.3076171875,12856.159880120858,12669.838235788298,12829.542761655017,35742509.0,2024-03-01,0.0,67.55676441038662,335.5348503336281,383.8601965297914,-48.32534619616325,12247.41739951834,12659.192041015625,13070.966682512912,6.505543800317453,0.6422083396709684,-0.0062305977008082335,-0.006211227776567463,12800.26396484375,12659.192041015625,0,12882.7783203125
12882.7783203125,13015.86483383173,12643.222414470698,12829.544077919178,55774765.0,2024-03-04,0.0,70.36178431156867,321.8185827497564,371.45187377378437,-49.63329102402798,12325.965678869668,12692.463720703125,13058.96176253658,5.775049665663387,0.7596393130196559,0.008298917151976816,0.008333448623432327,12813.57275390625,12692.463720703125,1,13095.716796875
13095.716796875,13122.333917445481,12829.543776098377,12882.77801723934,39747668.0,2024-03-05,0.0,75.01451824555511,324.3913161605451,362.03976225113655,-37.64844609059145,12381.70124646232,12733.720556640625,13085.739866818929,5.5289309768106465,1.0141709982486722,0.016393809159386097,0.016528924993357785,12853.4986328125,12733.720556640625,0,13095.716796875
13095.716796875,13388.506938222105,12962.630286486688,13095.716796875,52144233.0,2024-03-06,0.0,75.01451824555511,322.7102233495025,354.1738544708098,-31.463631121307287,12392.363240745965,12762.999658203125,13133.636075660286,5.80798287836579,0.9488457191478371,0.0,0.0,12885.43955078125,12762.999658203125,0,12989.248046875
12989.248046875,13202.186836999492,12962.630924993426,13148.951685700393,34493286.0,2024-03-07,0.0,68.75556907979801,309.2222848411402,345.1835405448759,-35.961255703735674,12423.265421415847,12786.955322265625,13150.645223115403,5.688451889974056,0.7781115507149203,-0.008163272742353978,-0.008130043712109458,12909.3953125,12786.955322265625,-1,12563.3701171875
12563.3701171875,13042.480985728285,12563.3701171875,13042.480985728285,86206506.0,2024-03-08,0.0,50.577088289993114,261.1577427886805,328.3783809936368,-67.22063820495634,12433.762844955474,12789.61708984375,13145.471334732027,5.564736495056769,0.18210724488156285,-0.033336495449968306,-0.03278695796327946,12893.42490234375,12789.61708984375,-1,12217.3447265625
12217.3447265625,12563.36999566367,12137.492462143506,12536.751969166771,60944656.0,2024-03-11,0.0,41.074720456781534,192.92101636964435,301.2869080688384,-108.36589169919404,12352.802232704787,12774.977587890626,13197.152943076464,6.609410502387377,-0.1604280122920251,-0.027928805499684718,-0.027542402030456326,12837.52861328125,12774.977587890626,0,12297.197265625
12297.197265625,12377.048624291529,12110.87561366469,12190.72787986709,33378482.0,2024-03-12,0.0,43.70333049953958,143.63066669168438,269.7556597934076,-126.12499310172319,12304.933546826185,12764.330712890625,13223.727878955066,7.198139509194909,-0.008420035834635532,0.006514730849223548,0.0065359978661228,12776.3087890625,12764.330712890625,1,12696.4580078125
12696.4580078125,12696.4580078125,12297.198453311019,12297.198453311019,26648459.0,2024-03-13,0.0,54.6068639881249,135.22591442115663,242.8497107189574,-107.62379629780077,12328.622298776792,12773.646875,13218.671451223208,6.967854686733039,0.41327572530647694,0.03195168571294051,0.03246762116304125,12747.02978515625,12773.646875,-1,12483.5185546875
12483.5185546875,12749.691576927087,12456.901433970723,12749.691576927087,32048957.0,2024-03-14,0.0,49.14038909413794,110.11333544799527,216.30243566476497,-106.1891002167697,12293.633445321275,12755.014794921875,13216.396144522476,7.234509046344489,0.20577891751649816,-0.016913798866200667,-0.01677156361199106,12709.765625,12755.014794921875,1,12669.8388671875
12669.8388671875,12696.45689451568,12323.814494815824,12483.518121105511,32969464.0,2024-03-15,0.0,53.52442079153784,104.04654396819205,193.8512573254504,-89.80471335725835,12286.889743448983,12749.691357421874,13212.492971394766,7.25980890044816,0.41372924399627137,0.014815017910718363,0.01492530424685734,12699.11875,12749.691357421874,-1,12350.431640625
12350.431640625,12669.838893877224,11924.555000443408,12643.221774028852,55482884.0,2024-03-18,0.0,46.176114420134546,72.62786540246634,169.6065789408536,-96.97871353838727,12233.677003309835,12729.72841796875,13225.779832627666,7.7935899081509135,0.11768400801300577,-0.025533263466297352,-0.02521004646631342,12645.88408203125,12729.72841796875,0,12350.431640625
12350.431640625,12430.283907705996,12217.34513384726,12350.431640625,23750772.0,2024-03-19,0.0,46.176114420134546,47.18442361561574,145.12214787580604,-97.9377242601903,12188.155034601494,12712.427099609375,13236.699164617256,8.248182048949419,0.15476373514299957,0.0,0.0,12571.35556640625,12712.427099609375,1,12856.16015625
12856.16015625,12989.246658973521,12297.197026318378,12350.431264393445,68705864.0,2024-03-20,0.0,57.013199273330656,67.05540438955722,129.50879917855627,-62.45339478899905,12188.893156346825,12716.4197265625,13243.946296778176,8.296778205798914,0.6324487121382031,0.04013207294106773,0.04094824621039783,12547.39990234375,12716.4197265625,1,13175.5673828125
13175.5673828125,13175.5673828125,12829.543020698256,12936.012404247198,54072708.0,2024-03-21,0.0,62.19099229475491,107.33945122439036,125.0749295877231,-17.735478363332746,12171.564735235484,12737.71357421875,13303.862413202014,8.88933222880997,0.8866949629183056,0.024541072547070365,0.024844683224269026,12566.0318359375,12737.71357421875,1,13335.2724609375
13335.2724609375,13681.296837298098,13228.80307300505,13308.65443330247,72506951.0,2024-03-22,0.0,64.49387346776001,150.41779100268468,130.14350187071543,20.274289131969255,12142.457452164079,12768.323486328125,13394.189520492171,9.803417572153487,0.9529315729416717,0.01204843083229815,0.012121305556323403,12643.2220703125,12768.323486328125,-1,13148.951171875
13148.951171875,13494.97646542158,13095.716930192102,13335.272832836972,37035374.0,2024-03-25,0.0,59.909300036569995,167.59122741655847,137.63304697988403,29.95818043667444,12138.315804836771,12786.9556640625,13435.595523288228,10.145336798949236,0.7790419850582486,-0.014070592791461056,-0.013972064658467565,12736.38271484375,12786.9556640625,1,13441.7421875
13441.7421875,13441.7421875,13095.716894886296,13148.951136425676,27244267.0,2024-03-26,0.0,64.21427156231405,202.49287568336513,150.60501272058025,51.88786296278488,12103.04033726093,12813.572998046875,13524.10565883282,11.090312762790646,0.9420410377464463,0.02202295709017861,0.02226725248256045,12850.83720703125,12813.572998046875,0,13468.359375
13468.359375,13521.593616803133,13308.654834518766,13441.742254098433,19909533.0,2024-03-27,0.0,64.58656365841182,229.6531691894579,166.4146440143558,63.238525175102126,12071.88810490891,12837.528564453125,13603.16902399734,11.928159780913884,0.9119628232045158,0.0019782308229852694,0.001980188812485295,12928.02734375,12837.528564453125,0,13574.828125
13574.828125,13681.296603577737,13415.123592061647,13654.679483933303,27911822.0,2024-03-28,0.0,66.10552774254882,256.80870490859525,184.4934561932037,72.31524871539153,12039.711456041641,12873.461962890626,13707.21246973961,12.953011540366925,0.9206091368748105,0.007874020034781189,0.007905101656080493,13037.15830078125,12873.461962890626,0,13521.59375
13521.59375,13601.446021027215,13388.507236645257,13601.446021027215,20341070.0,2024-03-29,0.0,64.61322969066144,270.91119779500514,201.777004513564,69.13419328144113,12029.963700770053,12910.72626953125,13791.488838292446,13.643888815763331,0.8467832887857301,-0.003929260013472942,-0.003921550572118182,13122.3337890625,12910.72626953125,-1,13255.4208984375
13255.4208984375,13441.742564117607,13148.951504839715,13415.124535066208,33580634.0,2024-04-01,0.0,57.61037983390404,257.6396904127596,212.94954169340312,44.69014871935647,12035.41762425411,12929.3583984375,13823.29917262089,13.828076330398902,0.682373659092716,-0.01988135141053172,-0.019685020603617875,13212.83271484375,12929.3583984375,0,13202.1865234375
13202.1865234375,13202.1865234375,12882.77834583695,13095.717130903984,50580610.0,2024-04-02,0.0,56.29622740159153,240.05910411142395,218.3714541770073,21.68764993441664,12035.318216067444,12934.681884765625,13834.045553463806,13.906235603017727,0.6487188375415949,-0.004024131584486136,-0.004016045616950237,13298.008203125,12934.681884765625,-1,12882.7783203125
12882.7783203125,13202.186497280212,12882.7783203125,13202.186497280212,39382642.0,2024-04-03,0.0,49.06437048381155,198.06956753930717,214.3110768494673,-16.241509310160126,12027.661461708227,12924.0349609375,13820.408460166775,13.87141866976583,0.47698691412649175,-0.02449105607619339,-0.024193583582383327,13300.67001953125,12924.0349609375,-1,12669.8388671875
12669.8388671875,12909.39476038997,12669.8388671875,12882.77764059767,48519112.0,2024-04-04,0.0,44.92134123293774,145.9279563854925,200.63445275667235,-54.70649637117984,12005.22480826503,12908.064501953126,13810.904195641222,13.988769478979396,0.36806869678465565,-0.01666712892593905,-0.016529000797076088,13250.09716796875,12908.064501953126,-1,12430.2841796875
12430.2841796875,12643.222050669554,12403.66615172083,12536.752661410577,44300105.0,2024-04-05,0.0,40.75229194327226,84.30349444007516,177.3682610933529,-93.06476665327776,11985.999235135156,12901.410205078126,13816.821175021096,14.190866818305722,0.24266966375770174,-0.019088508921674206,-0.018907477041432696,13159.59833984375,12901.410205078126,0,12510.134765625
12510.134765625,12669.838385847384,12323.814026621527,12456.90052806282,43144626.0,2024-04-08,0.0,42.66250218378897,41.431344564007304,150.1808777874838,-108.7495332234765,12038.102759975629,12916.04970703125,13793.996654086872,13.594666588774182,0.2688271809774093,0.006403329386945952,0.006423874529593254,13095.71669921875,12916.04970703125,1,12776.3076171875
12776.3076171875,12776.3076171875,12456.900380525729,12510.134617457412,27468240.0,2024-04-09,0.0,48.610297948848746,28.603063223765275,125.86531487474011,-97.26225165097483,12108.224804476746,12940.005224609375,13771.785644742004,12.855951843833019,0.40159806394831177,0.021053391308690435,0.021276577474919067,13029.1732421875,12940.005224609375,0,12669.8388671875
12669.8388671875,12962.629907510453,12669.8388671875,12936.012787718151,36796039.0,2024-04-10,0.0,46.53106391778436,9.733220997381068,102.63889609926831,-92.90567510188724,12105.169573726942,12938.674267578124,13772.178961429307,12.883927311467879,0.3387319217433085,-0.008368211773962159,-0.008333295752582792,12949.32119140625,12938.674267578124,0,12643.2216796875
12643.2216796875,12696.456826522894,12456.900934603305,12510.135173902825,15731550.0,2024-04-11,0.0,46.00131505762496,-7.285071726966635,80.65410253402132,-87.93917426098795,12128.597772696323,12946.659423828125,13764.721074959927,12.637416716565083,0.31453858415144276,-0.002103040622912658,-0.0021008307823814354,12856.160546875,12946.659423828125,1,13122.333984375
13122.333984375,13148.95110508124,12643.222181519042,12696.457330467432,41741781.0,2024-04-12,0.0,55.76387970540075,17.68431379714275,68.06014478664561,-50.37583098950286,12158.461017957476,12969.2841796875,13780.107341417524,12.503745781127012,0.594379275229967,0.03719442688050497,0.03789479586972977,12816.2345703125,12969.2841796875,-1,12456.900390625
12456.900390625,13335.271653460748,12243.96162765396,13015.863509004188,83086766.0,2024-04-15,0.0,43.89417938375851,-16.037329681654228,51.240649892985644,-67.27797957463987,12179.64924680529,12974.6076171875,13769.56598756971,12.254064151105833,0.174380919900504,-0.052040945230149724,-0.05071000285028138,12736.38251953125,12974.6076171875,1,12723.07421875
12723.07421875,12723.07421875,12270.579544866403,12456.901201478198,57114939.0,2024-04-16,0.0,48.60655415355754,-21.041419284058065,36.784236057576905,-57.82565534163497,12243.708717024492,12993.23974609375,13742.770775163008,11.537246194423444,0.319776955945885,0.021142494960268765,0.021367581001556557,12688.4712890625,12993.23974609375,-1,12297.197265625
12297.197265625,12802.925259787298,12297.197265625,12776.30814023179,41861711.0,2024-04-17,0.0,42.46143829760872,-58.69530432971078,17.688327980119368,-76.38363230983015,12155.015888667027,12965.2916015625,13775.567314457972,12.499151392751138,0.08773641779900834,-0.03404584074516962,-0.0334728027049771,12629.91318359375,12965.2916015625,0,12297.197265625
12297.197265625,12297.197265625,12297.197265625,12297.197265625,0.0,2024-04-18,0.0,42.46143829760871,-87.52731905972723,-3.354801427849951,-84.17251763187728,12065.169184155813,12921.373095703126,13777.577007250438,13.252522084236308,0.13549814380657926,0.0,0.0,12592.6490234375,12921.373095703126,-1,12084.2587890625
12084.2587890625,12403.66604659647,12031.023641116242,12031.023641116242,49198539.0,2024-04-19,0.0,39.56113537999792,-126.10558720293375,-27.904958582866712,-98.20062862006704,11948.83683400648,12858.822412109375,13768.80799021227,14.153482316482503,0.07440884686235472,-0.017467692690552015,-0.01731601697223628,12558.046484375,12858.822412109375,0,12031.0234375
12031.0234375,12270.579330364119,12004.406317745294,12137.492824054705,30692024.0,2024-04-22,0.0,38.846747644472444,-159.1403200642435,-54.152030879142075,-104.98828918510142,11832.637012793215,12802.926025390625,13773.215037988035,15.157300927508965,0.10223058394514614,-0.004415078997490074,-0.004405346864193582,12510.1353515625,12802.926025390625,-1,11711.6162109375
11711.6162109375,12084.258610924486,11578.529704337569,12031.023463762984,55858908.0,2024-04-23,0.0,34.787732601441675,-208.6884471307785,-85.05931412946936,-123.62913300130916,11679.710065612833,12716.4197265625,13753.129387512168,16.30505571916838,0.015388177870089245,-0.02690741233474533,-0.026548633058674498,12403.6662109375,12716.4197265625,1,12004.40625
12004.40625,12057.641396744866,11684.998999674295,11818.085505232651,32558701.0,2024-04-24,0.0,40.88531425738128,-221.77351852970605,-112.40215500951669,-109.37136352018936,11623.466176554251,12643.2220703125,13662.97796407075,16.131266034672183,0.18678003028833542,0.02469258208399542,0.024999968730964994,12337.12294921875,12643.2220703125,-1,11844.703125
11844.703125,12031.023877635062,11791.468883543099,12031.023877635062,22699686.0,2024-04-25,0.0,38.75660731306241,-242.2378719786684,-138.36929840334705,-103.86857357532136,11576.961723057142,12556.7158203125,13536.469917567858,15.6052603447543,0.13663704121926995,-0.013392995912364907,-0.013303708794426994,12257.27109375,12556.7158203125,0,11844.703125
11844.703125,11951.17251544971,11711.616613821838,11711.616613821838,23274021.0,2024-04-26,0.0,38.75660731306241,-255.51065178080717,-161.79756907883908,-93.71308270196809,11555.78373847541,12472.8712890625,13389.95883964959,14.705315710125014,0.15752006792570336,0.0,0.0,12129.5080078125,12472.8712890625,0,11844.703125
11844.703125,11844.703125,11844.703125,11844.703125,0.0,2024-04-29,0.0,38.75660731306241,-262.997751035693,-182.03760547020988,-80.96014556548312,11522.420260613493,12402.335400390624,13282.250540167755,14.189507239893178,0.18313292374315557,0.0,0.0,12068.28828125,12402.335400390624,0,11844.703125
11844.703125,11844.703125,11844.703125,11844.703125,0.0,2024-04-30,0.0,38.75660731306241,-265.86658662244736,-198.8034017006574,-67.06318492178997,11506.43320152425,12334.46123046875,13162.48925941325,13.426253704524916,0.20426236289787625,0.0,0.0,11980.451171875,12334.46123046875,0,11844.703125
11844.703125,11844.703125,11844.703125,11844.703125,0.0,2024-05-01,0.0,38.7566073130624,-265.084431180474,-212.0596075966207,-53.024823583853276,11469.23732984958,12282.557470703125,13095.877611556669,13.243498233873682,0.23082288037056634,0.0,0.0,11935.2017578125,12282.557470703125,0,11924.5546875
11924.5546875,12004.406044949526,11818.085303364773,11871.319541664458,19339388.0,2024-05-02,0.0,40.98209772138827,-255.08080092046112,-220.6638462613888,-34.4169546590723,11438.417215410413,12245.29326171875,13052.169308027089,13.178549979375257,0.30124668734050863,0.0067189193310478795,0.006741541907577364,11897.9375,12245.29326171875,0,11924.5546875
11924.5546875,12137.492548234597,11871.319541664458,12031.02316409937,20700161.0,2024-05-03,0.0,40.98209772138827,-244.33629515070243,-225.39833603925155,-18.93795911145088,11405.875540829747,12220.006787109374,13034.138033389001,13.324562914947585,0.3185476230279114,0.0,0.0,11881.96708984375,12220.006787109374,1,12190.7275390625
12190.7275390625,12217.3446578739,12004.405892311008,12004.405892311008,28279118.0,2024-05-06,0.0,48.251723880992444,-211.9006139226767,-222.6987916159366,10.798177693259902,11401.418604827906,12204.03642578125,13006.654246734595,13.15331736076762,0.49170907599401265,0.022075931672452337,0.022321408097655704,11897.9375,12204.03642578125,0,12110.8759765625
12110.8759765625,12270.579606216888,12057.641735856338,12243.962485863807,16766924.0,2024-05-07,0.0,46.405018544622855,-190.4431465625712,-216.24766260526354,25.80451604269234,11414.183532810435,12170.76484375,12927.346154689563,12.432765247750028,0.46042139402496873,-0.00657173505709115,-0.006550188431669324,11937.8634765625,12170.76484375,0,12004.40625
12004.40625,12084.258516349362,11871.319744441646,11924.55489118651,37423792.0,2024-05-08,0.0,43.98764964216313,-179.95475976334274,-208.9890820368794,29.034322273536674,11415.590339595194,12137.493212890626,12859.396086186058,11.895419599967068,0.40782211304749777,-0.008830120034044,-0.008791249020181913,11937.8634765625,12137.493212890626,0,12057.642578125
12057.642578125,12137.493944762144,11897.93802977879,12031.024548376658,27308334.0,2024-05-09,0.0,45.515968095120314,-165.43982359143047,-200.27923034778962,34.83940675635915,11426.281624887612,12108.2142578125,12790.14689073739,11.26396706244094,0.46292032581679476,0.004424927849587668,0.004434732298817412,11959.157421875,12108.2142578125,0,12031.0234375
12031.0234375,12190.727971099997,11977.789197990587,12110.875704299999,19933100.0,2024-05-10,0.0,44.856900524472884,-154.3058326964383,-191.08455081751939,36.778718121081084,11566.579251424366,12053.64873046875,12540.718209513136,8.081693600597292,0.47677406002410494,-0.0022100975988377427,-0.0022076571313610627,11977.789453125,12053.64873046875,0,12057.642578125
12057.642578125,12243.963341147628,12031.024548376658,12031.024548376658,24445909.0,2024-05-13,0.0,45.70358576902449,-141.7006852194918,-181.20777769791385,39.50709247842207,11584.989968846612,12033.68583984375,12482.38171084089,7.45733064613501,0.5266959647166021,0.002210097598837675,0.002212541664745604,11999.0833984375,12033.68583984375,0,12164.111328125
12164.111328125,12350.433002683718,12084.259959773533,12190.729358444803,29097851.0,2024-05-14,0.0,49.071816341727676,-121.7168011823469,-169.30958239480046,47.59278121245356,11687.042849531654,12005.7376953125,12324.432541093347,5.309042290758648,0.7484722217964683,0.008791224295305789,0.008829980596137155,12031.02421875,12005.7376953125,0,12190.7275390625
12190.7275390625,12270.578895496701,12137.492393903854,12217.3446578739,26710082.0,2024-05-15,0.0,49.908390430071144,-102.54959542395773,-155.95758500063192,53.4079895766742,11699.13755924032,12000.414208984375,12301.69085872843,5.021104180195677,0.8158448061603882,0.0021857029462418655,0.002188093336169983,12065.62666015625,12000.414208984375,1,12456.900390625
12456.900390625,12536.751746087264,12243.96162765396,12323.813890652058,54868572.0,2024-05-16,0.0,57.43797057018424,-65.13073556924792,-137.79221511435512,72.6614795451072,11668.068136360316,12008.399365234374,12348.730594108432,5.66821969394779,1.158918411446451,0.021599092632557743,0.02183404154588864,12118.86123046875,12008.399365234374,0,12377.0498046875
12377.0498046875,12483.519200599369,12323.815560499545,12483.519200599369,26998821.0,2024-05-17,0.0,54.777800537331956,-41.441581734286956,-118.52208843834148,77.08050670405453,11645.7821820499,12023.038916015625,12400.29564998135,6.275563717309272,0.9691909471707908,-0.00643078209419837,-0.006410148867979637,12164.1107421875,12023.038916015625,0,12483.5185546875
12483.5185546875,12563.37082437374,12456.901433970723,12563.37082437374,31292545.0,2024-05-20,0.0,57.59766852985364,-13.916201017615094,-97.60091095419621,83.68470993658111,11615.786649245965,12045.663671875,12475.540694504034,7.137456836566661,1.009279235413276,0.008565323156037289,0.00860211049321924,12193.38984375,12045.663671875,0,12563.3701171875
12563.3701171875,12563.3701171875,12377.0484675862,12483.517851996106,28633495.0,2024-05-21,0.0,59.630834425614346,14.1777826039106,-75.24517224257485,89.42295484648545,11629.894868196503,12088.2513671875,12546.607866178498,7.5835037685461435,1.0182851678179559,0.00637618780372122,0.006396558962938892,12238.6392578125,12088.2513671875,-1,12350.431640625
12350.431640625,12589.98753433211,12350.431640625,12563.370414483737,34988192.0,2024-05-22,0.0,52.41342960915219,19.040623121729368,-56.388013169714014,75.42863629144338,11634.573244086467,12105.55263671875,12576.532029351034,7.7812125851025025,0.759967853941158,-0.017094433359300068,-0.016949152542372836,12273.241796875,12105.55263671875,0,12404.837890625
12404.837890625,12432.041289255903,12241.616571313969,12350.431093363193,22834803.0,2024-05-23,0.0,53.94714942703407,26.973653463361188,-39.715679843098975,66.68933330646016,11661.276187871765,12133.559375,12605.842562128237,7.78474267165707,0.7871989973584861,0.004395535869943832,0.0044052104074676635,12307.961328125,12133.559375,-1,12214.4140625
12214.4140625,12676.874655492325,12051.192731298335,12268.820863725328,63471557.0,2024-05-24,0.0,48.10336407956882,17.691093755654947,-28.234325123348192,45.92541887900314,11698.808738419011,12152.044921875,12605.281105330989,7.459422448975883,0.568804238167203,-0.015469814117937008,-0.015350771191368295,12326.300390625,12152.044921875,0,12214.4140625
12214.4140625,12296.024264337992,12160.006333748992,12296.024264337992,13954776.0,2024-05-27,0.0,48.10336407956881,10.21682510995197,-20.544095076688162,30.76092018664013,11740.510628032485,12170.53046875,12600.550309467513,7.066575147593876,0.5510250802344123,0.0,0.0,12341.9775390625,12170.53046875,0,12296.0234375
12296.0234375,12377.634561375784,12160.005516057436,12350.431162592395,22881413.0,2024-05-28,0.0,50.75478059656806,10.754635144117856,-14.284349032526961,25.038984176644817,11788.450680258638,12193.096484375,12597.742288491363,6.637293564188569,0.627181540099945,0.006659177469027567,0.006681399089830453,12355.16875,12193.096484375,-1,12132.802734375
12132.802734375,12323.228390595426,12132.802734375,12296.024062902748,29865784.0,2024-05-29,0.0,45.72329591118372,-1.9670186128096248,-11.820882948583494,9.853864335773869,11835.914849189374,12207.50146484375,12579.088080498126,6.087840607261107,0.39948678541986354,-0.01336315800716346,-0.01327426740479487,12349.37626953125,12207.50146484375,-1,11887.9697265625
11887.9697265625,12051.191975047119,11806.359529845811,12023.987648615936,50300599.0,2024-05-30,0.0,39.41189304257129,-31.44254832065417,-15.745216022997628,-15.69733229765654,11827.911880235386,12205.672216796875,12583.432553358363,6.189914489783407,0.07949199600172728,-0.020385812917129487,-0.020179427060066812,12292.483203125,12205.672216796875,0,11833.5634765625
11833.5634765625,11969.581404912613,11833.5634765625,11887.97027689228,26069410.0,2024-05-31,0.0,38.1516193830422,-58.517692127988994,-24.2997112439959,-34.21798088399309,11807.258527745358,12201.12265625,12594.986784754641,6.4561948863432725,0.033393430517539326,-0.004587085070134466,-0.004576580463393598,12238.1345703125,12201.12265625,0,11833.5634765625
11833.5634765625,11833.5634765625,11833.5634765625,11833.5634765625,0.0,2024-06-03,0.0,38.1516193830422,-79.06354334880234,-35.25247766495719,-43.81106568384515,11756.409145600908,12183.264453125,12610.119760649093,7.007240287140027,0.090375274245872,0.0,0.0,12173.1390625,12183.264453125,1,12241.6171875
12241.6171875,12404.838515026833,12241.6171875,12377.635115026636,15778684.0,2024-06-04,0.0,51.610928277483325,-61.70841800999551,-40.54366573396486,-21.164752276030654,11763.61000957636,12189.801513671875,12615.99301776739,6.992591366110536,0.5607891913965891,0.03390153517072061,0.03448274154659248,12140.96376953125,12189.801513671875,-1,12078.396484375
12078.396484375,12350.432353491375,12078.396484375,12268.82122174618,23841199.0,2024-06-05,0.0,47.18745341463409,-60.42832270312283,-44.52059712779645,-15.907725575326381,11772.83685372203,12193.501025390626,12614.165197059221,6.899809509879779,0.3631871350499674,-0.013422949182379072,-0.013333263132232709,12113.76025390625,12193.501025390626,0,12160.0068359375
12160.0068359375,12296.024772143819,12132.80343420138,12187.211165199336,17477075.0,2024-06-06,0.0,49.517258108399915,-52.22652970040872,-46.06178364231891,-6.164746058089811,11782.448078839789,12198.61923828125,12614.79039772271,6.823250259922012,0.453609949334823,0.0067339963677063575,0.006756720701135643,12089.2771484375,12198.61923828125,0,12214.4140625
12214.4140625,12323.228592476335,12132.802933136329,12268.820863725328,14793934.0,2024-06-07,0.0,51.06707228821796,-40.865271756540096,-45.022481265163144,4.157209508623048,11799.152506299706,12207.78876953125,12616.425032762792,6.69468109165578,0.5081065896065576,0.004464296169352032,0.0044742759849201175,12089.2771484375,12207.78876953125,0,12323.228515625
12323.228515625,12459.24644536575,12241.61738677028,12268.820787213295,23299857.0,2024-06-10,0.0,54.10197892432309,-22.817944950014862,-40.581574002133486,17.763629052118624,11815.72799062667,12221.06806640625,12626.408142185828,6.633464007843857,0.626018194749518,0.008869243741565539,0.008908692023064546,12100.15859375,12221.06806640625,0,12268.8212890625
12268.8212890625,12350.432421255477,12214.414485950989,12323.229019699722,18431449.0,2024-06-11,0.0,52.35356178310721,-12.75844549746762,-35.016948301200316,22.258502803732696,11821.356308017721,12226.303564453125,12631.250820888528,6.624197645685019,0.5524978548856494,-0.004424788967442961,-0.004415014011426854,12097.43837890625,12226.303564453125,1,12568.0615234375
12568.0615234375,12568.0615234375,12187.211118028745,12268.821322921234,43996877.0,2024-06-12,0.0,60.008588623202876,19.139339955354444,-24.185690649889366,43.32503060524381,11812.959390551257,12245.170263671875,12677.381136792492,7.059287275128718,0.8735344016617509,0.024097606538956075,0.024390300202821402,12140.9642578125,12245.170263671875,1,12812.892578125
12812.892578125,12894.503707437994,12595.264445833147,12622.467846428919,68000601.0,2024-06-13,0.0,64.96782270228468,63.44305269311553,-6.6599419812883855,70.10299467440392,11769.1188210723,12262.969873046875,12756.820925021451,8.054346656433122,1.056769802230203,0.01929310048692031,0.019480415037030685,12233.45654296875,12262.969873046875,-1,12568.0615234375
12568.0615234375,13057.725535369575,12568.0615234375,13057.725535369575,44557595.0,2024-06-14,0.0,57.313768633559604,77.90025856451575,10.252098127872442,67.64816043664331,11762.264691787728,12272.520458984374,12782.77622618102,8.315419296336994,0.7896009055192393,-0.01929310048692037,-0.019108179764613875,12306.90634765625,12272.520458984374,0,12649.6708984375
12649.6708984375,12731.282025501534,12486.449571835084,12731.282025501534,29777277.0,2024-06-17,0.0,59.04577757575505,94.84952659977898,27.17158382225375,67.67794277752523,11751.07015125254,12280.828076171874,12810.58600109121,8.627397462671244,0.8481239306819134,0.006472402715108111,0.006493393977091033,12388.51708984375,12280.828076171874,0,12649.6708984375
12649.6708984375,12812.892225039917,12649.6708984375,12785.688825193789,20878921.0,2024-06-18,0.0,59.04577757575505,107.04796136701043,43.14685933120509,63.90110203580534,11744.403064509765,12285.143115234376,12825.883165958987,8.803154275900267,0.8370637912936576,0.0,0.0,12429.3224609375,12285.143115234376,0,12676.875
12676.875,12758.486131581541,12540.857065714566,12731.282730229595,23178880.0,2024-06-19,0.0,59.67828412022807,117.55534757575879,58.02855698011584,59.52679059564295,11733.410045651037,12301.465283203124,12869.520520755212,9.235570307672713,0.8304341655352248,0.0021482686296004526,0.00215057781193817,12489.1703125,12301.465283203124,0,12649.6708984375
12649.6708984375,12758.485425347662,12595.264098745245,12731.282025501534,23905266.0,2024-06-20,0.0,58.70193875898055,122.27784037733363,70.8784136595594,51.39942671777423,11726.057526700575,12313.70693359375,12901.356340486926,9.544638508327239,0.7858540831513358,-0.002148268629600466,-0.0021459627520583613,12538.13671875,12313.70693359375,0,12622.4677734375
12622.4677734375,12704.078902278565,12568.060972560572,12649.671173875964,17689876.0,2024-06-21,0.0,57.685634130270664,122.41426960503668,81.18558484865486,41.228684756381824,11732.799652453945,12334.109619140625,12935.419585827305,9.750358724776378,0.7397749665499288,-0.0021528162582151456,-0.0021505006113131664,12578.94208984375,12334.109619140625,-1,12323.228515625
12323.228515625,12622.467775549518,12268.820787213295,12568.060974663485,44398388.0,2024-06-24,0.0,47.86810593544543,97.2551862444925,84.3995051278224,12.855681116670112,11740.836931039536,12339.550341796876,12938.263752554216,9.70397452376139,0.4863692495619653,-0.023992404028406113,-0.023706874375406528,12578.94208984375,12339.550341796876,0,12296.0234375
12296.0234375,12432.041358942564,12241.616639933221,12350.431162592395,15506354.0,2024-06-25,0.0,47.08355734589736,74.26512682390057,82.37262946703802,-8.107502643137451,11740.836931039536,12339.550341796876,12938.263752554216,9.70397452376139,0.463649633100905,-0.002210066272537851,-0.0022076258742184107,12581.6623046875,12339.550341796876,0,12241.6171875
12241.6171875,12323.228315026245,12160.006059973755,12296.023987500392,19349338.0,2024-06-26,0.0,45.47824052813827,51.06654606048505,76.11141278572744,-25.044866725242386,11752.240366111964,12344.991064453125,12937.741762794285,9.603096433953052,0.41280155616651226,-0.004434520823706932,-0.004424702854263773,12549.01787109375,12344.991064453125,0,12241.6171875
12241.6171875,12296.023987500392,12187.210387499608,12214.413787499803,10767477.0,2024-06-27,0.0,45.47824052813828,32.30906488047913,67.35094320467778,-35.04187832419865,11807.41286649396,12362.6734375,12917.93400850604,8.982855914025105,0.3909914945152094,0.0,0.0,12491.89033203125,12362.6734375,-1,12078.396484375
12078.396484375,12268.82122174618,12078.396484375,12268.82122174618,16708443.0,2024-06-28,0.0,40.655373768379505,4.224383195229166,54.72563120278806,-50.50124800755889,11859.39760472795,12374.915087890626,12890.432571053301,8.331652855818477,0.21240684050471184,-0.013422949182379072,-0.013333263132232709,12442.923828125,12374.915087890626,1,12214.4140625
12214.4140625,12214.4140625,12051.192731298335,12105.599532523664,7212010.0,2024-07-01,0.0,45.81247223561089,-6.977020818230812,42.38510079858429,-49.3621216168151,11937.933965447757,12393.9576171875,12849.981268927242,7.358806054126651,0.3031422778154859,0.01119829253705842,0.011261228119225697,12399.39814453125,12393.9576171875,1,12350.431640625
12350.431640625,12432.041840133952,12214.41371391776,12241.617113754079,17340561.0,2024-07-02,0.0,50.44966650026616,-4.823134302358085,32.94345377839581,-37.7665880807539,11948.459357659935,12399.39833984375,12850.337322027566,7.273562310435431,0.44570584807104774,0.01107427824799319,0.01113582505300803,12369.47421875,12399.39833984375,0,12459.24609375
12459.24609375,12486.4494934253,12296.0238406469,12404.838366873752,12258305.0,2024-07-03,0.0,53.85205971859848,5.599703351701464,27.474703693056945,-21.87500034135548,11993.140783054141,12418.4408203125,12843.74085757086,6.849491710146216,0.547972337012413,0.008771992288034351,0.008810578957181514,12347.711328125,12418.4408203125,0,12404.837890625
12404.837890625,12513.652412674224,12296.023368575776,12459.245615412417,9974406.0,2024-07-04,0.0,51.9319116720326,9.361674445603057,23.85209784356617,-14.490423397963113,12022.9723674415,12430.682373046875,12838.39237865225,6.559736519201907,0.4683053125180229,-0.004376456418090502,-0.004366893688077411,12323.22802734375,12430.682373046875,0,12404.837890625
12404.837890625,12432.041289255903,12296.023368575776,12404.837890625,10877107.0,2024-07-05,0.0,51.9319116720326,12.20240194714279,21.522158664281495,-9.319756717138706,12045.058481278815,12440.203564453124,12835.348647627434,6.352710888162709,0.455249760994086,0.0,0.0,12301.4650390625,12440.203564453124,0,12350.431640625
12350.431640625,12486.449567332238,12296.023913426714,12404.838440297633,12294266.0,2024-07-08,0.0,49.86974702327995,9.948884725305106,19.207503876486218,-9.258619151181112,12047.929610511834,12441.563720703125,12835.197830894416,6.327727270106291,0.38424265362338866,-0.00439553586994385,-0.0043858896407761305,12304.1853515625,12441.563720703125,1,12595.2646484375
12595.2646484375,12595.2646484375,12323.228783052522,12404.8389861526,23442307.0,2024-07-09,0.0,57.9599295726154,27.60076918069899,20.88615693732877,6.714612243370219,12067.351066582121,12457.885888671875,12848.42071076163,6.26968051529309,0.6758854166070392,0.019629908645113454,0.019823842189220064,12334.10947265625,12457.885888671875,0,12676.875
12676.875,12840.097263163081,12595.264795944162,12595.264795944162,33503823.0,2024-07-10,0.0,60.262029004077526,47.62628197916092,26.234181945695205,21.392100033465717,12063.409882689028,12463.3265625,12863.243242310973,6.41749500513375,0.7669911612600615,0.006458545764680666,0.006479447144655648,12377.63525390625,12463.3265625,0,12568.0615234375
12568.0615234375,12785.689664009851,12568.0615234375,12758.486262379021,13438922.0,2024-07-11,0.0,55.86909761548993,54.0927593236338,31.805897421282925,22.286861902350875,12082.45759360126,12451.085009765626,12819.71242592999,5.921209531141157,0.6586649670404823,-0.008620671344708659,-0.008583619903367312,12410.2796875,12451.085009765626,0,12513.6533203125
12513.6533203125,12622.467850254241,12459.246519104467,12486.449919708482,12865110.0,2024-07-12,0.0,53.75887991284826,54.20239050578675,36.28519603818369,17.91719446760306,12082.579908019083,12448.364599609375,12814.149291199667,5.876831268289974,0.5892447417895962,-0.004338482341030389,-0.004329084721898968,12453.80537109375,12448.364599609375,0,12540.8564453125
12540.8564453125,12622.4675728567,12486.449645300137,12540.8564453125,7697489.0,2024-07-15,0.0,54.680557987852566,55.84064267977192,40.19628536650134,15.644357313270575,12086.632724819361,12442.923876953126,12799.21502908689,5.726807551940259,0.6374333431701481,0.0021715161018218466,0.0021738755504632223,12486.449609375,12442.923876953126,1,12812.892578125
12812.892578125,13030.521637942531,12540.856717115925,12568.061045237375,43239941.0,2024-07-16,0.0,62.68948952017346,78.1887010725859,47.79476850771825,30.393932564867647,12068.357485464288,12451.0849609375,12833.812436410712,6.147696793876737,0.9726700333444236,0.021460066726129115,0.021691990016693197,12532.695703125,12451.0849609375,1,13329.76171875
13329.76171875,13683.408730806032,12812.893365562619,12948.911304426365,126319026.0,2024-07-17,0.0,72.5980437407706,136.03855062025832,65.44352493022626,70.59502569003206,11941.69411217629,12483.729296875,13025.764481573711,8.683866364106372,1.2804220517024787,0.03954736179508016,0.040339770077166826,12619.747265625,12483.729296875,1,13547.3896484375
13547.3896484375,13601.796448380348,13112.132466317744,13384.168321083298,52498261.0,2024-07-18,0.0,75.5431340255792,197.1728425130732,91.78938844679564,105.38345406627755,11809.097566614038,12528.615234375,13248.132902135962,11.485988743381746,1.2079564962127918,0.016194624427132272,0.01632646811543359,12734.00244140625,12528.615234375,1,13819.42578125
13819.42578125,13955.443711369458,13492.983119973567,13547.389921011081,79574766.0,2024-07-19,0.0,78.63435279961178,264.52398387838,126.33630753311252,138.1876763452675,11665.669881104965,12588.463134765625,13511.256388426285,14.660935870911477,1.1669764010525796,0.019881384743773756,0.020080335760024104,12875.46123046875,12588.463134765625,0,13710.611328125
13710.611328125,14009.851518077465,13411.372065698213,13765.019056991667,59016181.0,2024-07-22,0.0,74.57402410555781,305.59709855771325,162.18846573803268,143.40863281968058,11617.84485552686,12657.832275390625,13697.81969525439,16.43231474769514,1.0061498978864025,-0.007905185115520024,-0.007874021312277546,13011.47919921875,12657.832275390625,-1,13003.318359375
13003.318359375,13792.222549209839,12948.910630147195,13792.222549209839,83612396.0,2024-07-23,0.0,54.77550502818768,277.8720701177863,185.32518661398342,92.54688350380286,11656.916486135267,12693.197021484375,13729.477556833483,16.328124956937323,0.6496319419847781,-0.052965499221480625,-0.05158726710450234,13052.2845703125,12693.197021484375,0,13030.521484375
13030.521484375,13193.742813551711,12867.30015519829,12948.910356023813,45106618.0,2024-07-24,0.0,55.267401149042705,255.1535983187805,199.29086895494282,55.86272936383767,11708.752609252917,12732.642236328125,13756.531863403334,16.08290892135332,0.6454645306339227,0.0020898288584249337,0.002092014072729853,13087.64921875,12732.642236328125,0,13030.521484375
13030.521484375,13112.13261272619,12785.689026847102,12976.114683824653,35588887.0,2024-07-25,0.0,55.267401149042705,234.44649251250667,206.3219936664556,28.12449884605107,11767.23917266235,12772.087451171876,13776.935729681401,15.735067307534415,0.6285935592119714,0.0,0.0,13133.89521484375,12772.087451171876,1,13220.947265625
13220.947265625,13248.150666155878,12976.114805795758,13003.318206326636,21228410.0,2024-07-26,0.0,58.89692996398608,230.741882279528,211.2059713890701,19.5359108904579,11861.182024327638,12829.214990234375,13797.247956141113,15.091070913436342,0.7023341607089262,0.01450807367669011,0.014613826582331457,13204.624609375,12829.214990234375,0,13112.1328125
13112.1328125,13302.557544853158,13112.1328125,13302.557544853158,16589387.0,2024-07-29,0.0,56.09599211161061,216.52951751973706,212.2706806152035,4.258836904533553,11943.573683262295,12874.100927734375,13804.628172206454,14.455801608133525,0.6279016203876272,-0.008264515366765743,-0.008230458146363029,13261.75224609375,12874.100927734375,1,13329.76171875
13329.76171875,13329.76171875,12976.115634219701,13112.133573083447,34166316.0,2024-07-30,0.0,60.17522776598485,220.287611525373,213.87406679723742,6.413544728135577,12005.590641231865,12923.067431640626,13840.544222049386,14.19905599443713,0.7216373707547311,0.016461287997745256,0.01659752149875504,13313.43916015625,12923.067431640626,0,13275.353515625
13275.353515625,13547.389364692874,13166.538990492723,13329.76031442832,35605820.0,2024-07-31,0.0,58.706658365041086,216.38133151952934,214.37551974169583,2.0058117778335145,12060.772752935902,12963.872802734375,13866.972852532848,13.932565731561159,0.6724508336369441,-0.004090061515873512,-0.0040817086061236685,13307.99833984375,12963.872802734375,-1,12731.2822265625
12731.2822265625,13356.965070532895,12649.671098209608,13275.353942180003,56458032.0,2024-08-01,0.0,46.488664312209,167.45327333880232,204.99107046111715,-37.53779712231483,12108.378872485378,12980.19501953125,13852.01116657712,13.433020778717921,0.3572446760637638,-0.04184706466653455,-0.04098356314369567,13226.38759765625,12980.19501953125,1,12948.91015625
12948.91015625,12948.91015625,12513.652975985297,12513.652975985297,41490051.0,2024-08-02,0.0,50.89131620829612,144.57165777810224,192.90718792451418,-48.33553014641194,12178.265501725615,13007.3986328125,13836.531763899384,12.748638747724868,0.4647291403698773,0.016949494499747256,0.017093952189155104,13139.33603515625,13007.3986328125,-1,12486.4501953125
12486.4501953125,12812.892864817371,12404.839064173431,12540.856997721412,54503896.0,2024-08-05,0.0,42.827580455145196,88.10553294461533,171.9468569285344,-83.84132398391907,12205.7833179157,13014.199560546875,13822.615803178049,12.423602986416835,0.173590572898007,-0.0363675547882672,-0.035714199523910195,13016.919921875,13014.199560546875,1,12731.2822265625
12731.2822265625,12785.689027113984,12513.653169305233,12622.467697933866,29613705.0,2024-08-06,0.0,47.56450790725141,62.39240022100239,150.035965587028,-87.6435653660256,12225.233927860441,13021.000439453124,13816.766951045807,12.2228167534891,0.3179628014813232,0.019418060288519924,0.019607817067328837,12989.71630859375,13021.000439453124,0,12704.0791015625
12704.0791015625,12785.689304158079,12622.467971441234,12731.282502427694,17819407.0,2024-08-07,0.0,47.09758620955878,39.365709053261526,127.9019142802747,-88.53620522701317,12228.981405182141,13022.36064453125,13815.73988388036,12.184875860926022,0.2994139957393706,-0.0021390012920202194,-0.0021367152589896188,12957.0720703125,13022.36064453125,-1,12540.8564453125
12540.8564453125,12785.688900419444,12513.653045306319,12676.874372869062,17813821.0,2024-08-08,0.0,44.28829757698884,7.855631325792274,103.89265768937821,-96.03702636358594,12224.25542985706,13021.000390625,13817.745351392941,12.237845585836705,0.19868404009125162,-0.012931301046780828,-0.012848051003549354,12908.10556640625,13021.000390625,1,12758.4853515625
12758.4853515625,12785.688751251304,12622.467425592833,12622.467425592833,14786777.0,2024-08-09,0.0,48.68346905348384,0.43943609685265983,83.2020133708731,-82.76257727402044,12262.21014913953,13033.2419921875,13804.273835235472,11.831773606446495,0.32182536097416,0.017204738068301195,0.017353592013354513,12861.859375,13033.2419921875,1,12894.50390625
12894.50390625,12894.50390625,12704.079171617883,12785.689374663494,17861478.0,2024-08-12,0.0,51.270986422378066,5.474501905697252,67.65651107783793,-62.18200917214068,12311.880973216075,13050.924365234376,13789.967757252676,11.32553329305925,0.39417369759764903,0.010604598786558922,0.010661026833474585,12840.096484375,13050.924365234376,0,12840.0966796875
12840.0966796875,12921.706880034833,12731.282151698728,12867.300079803277,11733198.0,2024-08-13,0.0,50.18103113979028,5.016788931508927,55.12856664857213,-50.111777717063205,12314.987719323834,13052.2845703125,13789.581421301167,11.297590808978422,0.3561041659540046,-0.004228338997712074,-0.004219412158704916,12791.12998046875,13052.2845703125,0,12731.2822265625
12731.2822265625,12921.706956018359,12731.2822265625,12921.706956018359,11477279.0,2024-08-14,0.0,47.98394232590626,-4.079344718429638,43.286984375171784,-47.36632909360142,12283.902511879794,13022.360595703125,13760.818679526456,11.34138589384467,0.3029147655655816,-0.008510695518346859,-0.008474582072044656,12736.7228515625,13022.360595703125,0,12649.6708984375
12649.6708984375,12812.892225039917,12649.6708984375,12731.282025501534,13762749.0,2024-08-15,0.0,46.3450153362879,-17.669762275008907,31.095635045135644,-48.76539732014455,12264.70116071058,12977.474658203126,13690.248155695672,10.98477964727904,0.27005054135794815,-0.00643093338448428,-0.006410299188460922,12728.56171875,12977.474658203126,1,13084.9287109375
13084.9287109375,13112.133039624045,12704.079239634237,12731.282640795085,36669999.0,2024-08-16,0.0,55.14455008860483,6.605260434507727,26.197560123010064,-19.592299688502337,12344.461431941716,12940.7498046875,13537.038177433285,9.215669597905253,0.6208969626441693,0.033829888914444016,0.03440862738601069,12742.16357421875,12940.7498046875,0,13084.9287109375
13084.9287109375,13193.743243106588,13030.521908615805,13112.133039624045,15607256.0,2024-08-19,0.0,55.14455008860483,25.548879247553486,26.06782394791875,-0.5189447003652639,12428.800341878525,12909.465673828125,13390.131005777725,7.446711492080915,0.6825210031246579,0.0,0.0,12802.01142578125,12909.465673828125,0,13193.7431640625
13193.7431640625,13329.76109657755,13084.928632545323,13112.132961068884,28591249.0,2024-08-20,0.0,57.18064998448303,48.77994575495359,30.61024830932572,18.169697445627868,12423.188079450141,12918.9869140625,13414.785748674858,7.675506414093111,0.7770844048219872,0.008281626679226134,0.008316014212140344,12848.25751953125,12918.9869140625,1,13465.7783203125
13465.7783203125,13492.982647404146,13084.927943811535,13193.74246960119,37576716.0,2024-08-21,0.0,61.84373041248676,88.12583715528126,42.11336607851683,46.01247107676443,12389.254800626131,12940.749755859375,13492.244711092619,8.523384898676913,0.9760048659294397,0.020408813314708847,0.020618497182132378,12924.42744140625,12940.749755859375,-1,13275.353515625
13275.353515625,13547.389364692874,13275.353515625,13520.185965291214,22816822.0,2024-08-22,0.0,57.1518563571644,102.75752449208994,54.24219776123146,48.51532673085848,12382.562094597732,12952.991357421875,13523.42062024602,8.807683832774211,0.7825610283448107,-0.01424233085736017,-0.014141388648902131,12997.8771484375,12952.991357421875,0,13356.96484375
13356.96484375,13411.37164337773,13220.94691715502,13275.353716782753,16712808.0,2024-08-23,0.0,58.60145364999831,119.56037664922223,67.30583353882962,52.25454311039262,12372.90580361354,12959.792236328125,13546.67866904271,9.057034588401198,0.8383726265274118,0.006128762992304315,0.006147582286900599,13057.72509765625,12959.792236328125,0,13302.5576171875
13302.5576171875,13492.983278101801,13220.947414674816,13438.575548900993,17837562.0,2024-08-26,0.0,57.21184616056054,127.02231537533225,79.24912990613015,47.773185469202105,12366.070158602444,12969.3134765625,13572.556794522556,9.302625293932591,0.7762103870059495,-0.00408164116042466,-0.004073322584805528,13098.53046875,12969.3134765625,0,13275.353515625
13275.353515625,13329.76031442832,13220.94671682168,13248.15011622334,17628078.0,2024-08-27,0.0,56.49053618777242,129.2508881514841,89.24948155520094,40.00140659628316,12369.737016453204,12966.59306640625,13563.449116359297,9.206058166495204,0.7586557087282928,-0.002047121831879672,-0.002045027907065844,13142.05615234375,12966.59306640625,1,13411.3720703125
13411.3720703125,13438.575470992353,13248.150738707702,13302.557540067408,21112495.0,2024-08-28,0.0,59.256477730226,140.37445935400865,99.4744771149625,40.89998223904615,12358.885764451485,12973.393994140624,13587.902223829764,9.473361095279763,0.8563646953869398,0.010193812058201038,0.010245945957477298,13210.06513671875,12973.393994140624,0,13520.1865234375
13520.1865234375,13710.611254635953,13411.371993813094,13411.371993813094,39484068.0,2024-08-29,0.0,61.37207850443439,156.17015431348773,110.81361255466756,45.35654175882017,12363.476413087197,13012.839208984375,13662.202004881552,9.980339962225028,0.8906501247520351,0.00808085762135928,0.00811359587628413,13297.11669921875,13012.839208984375,0,13520.1865234375
13520.1865234375,13601.796725011547,13492.983122912818,13520.1865234375,15483137.0,2024-08-30,0.0,61.37207850443439,166.76598193913742,122.00408643156155,44.76189550757587,12354.69635854548,13041.40302734375,13728.109696142019,10.531177778318181,0.848608450920986,0.0,0.0,13340.64248046875,13041.40302734375,0,13520.1865234375
13520.1865234375,13520.1865234375,13520.1865234375,13520.1865234375,0.0,2024-09-02,0.0,61.37207850443439,173.1670892590737,132.236686997064,40.93040226200969,12426.951058911342,13093.08984375,13759.228628588658,10.175425247794209,0.8205763494096389,0.0,0.0,13384.16826171875,13093.08984375,0,13520.1865234375
13520.1865234375,13520.1865234375,13520.1865234375,13520.1865234375,0.0,2024-09-03,0.0,61.37207850443439,176.20878770906165,141.03110713946353,35.177680569598124,12463.182267399336,13132.53505859375,13801.887849788165,10.193809317210228,0.7895718595212039,0.0,0.0,13416.81259765625,13132.53505859375,-1,13275.353515625
13275.353515625,13384.168040757277,13248.15011622334,13302.55691502666,26445958.0,2024-09-04,0.0,53.037555273782914,157.05296920239743,144.23547955205032,12.817489650347113,12520.595295206935,13161.098779296875,13801.602263386816,9.733282833458974,0.5891913464689919,-0.01827466967956039,-0.01810870045232571,13397.7701171875,13161.098779296875,-1,13030.521484375
13030.521484375,13438.57527107961,13003.318084099827,13275.3539419029,28730905.0,2024-09-05,0.0,46.2705360325464,120.72431153532489,139.53324594870523,-18.808934413380342,12610.846637317756,13185.58203125,13760.317425182244,8.717634042549104,0.3651026641894268,-0.018614784791795954,-0.018442599736559484,13373.2869140625,13185.58203125,0,13057.724609375
13057.724609375,13084.928009076688,12921.706683340912,13003.317809971624,25628796.0,2024-09-06,0.0,47.07848041328146,93.05596223450812,130.2377892058658,-37.18182697135768,12657.941607626724,13200.543994140626,13743.146380654527,8.220909483044764,0.3683940687367704,0.0020854705802402073,0.00208764668648298,13343.362890625,13200.543994140626,0,13030.521484375
13030.521484375,13030.521484375,12921.706955748637,13003.318084099827,13559201.0,2024-09-09,0.0,46.328241721340376,68.14796392493008,117.81982414967865,-49.67186022474857,12677.637010930364,13207.344873046875,13737.052735163386,8.02141334550174,0.33309348291966406,-0.0020854705802401375,-0.002083297497365577,13316.15927734375,13207.344873046875,0,12921.70703125
12921.70703125,13166.539490208452,12867.300230381754,13084.928361380411,21614035.0,2024-09-10,0.0,43.352189624306114,39.17618022597344,102.09109536493762,-62.914915138964176,12692.481276442983,13211.425390625,13730.369504807017,7.855989779123555,0.22085784243678466,-0.008385799371813113,-0.008350736634407219,13280.79462890625,13211.425390625,0,13003.318359375
13003.318359375,13084.928561928178,12785.689297515153,12921.707229296137,16914087.0,2024-09-11,0.0,46.14639324738408,22.54134247492766,86.18114478693563,-63.63980231200797,12746.375557015595,13225.027197265625,13703.678837515654,7.238573246170627,0.26840271791943254,0.0062959705133881156,0.006315831795878912,13239.9892578125,13225.027197265625,0,13057.724609375
13057.724609375,13139.33573600571,13030.521209673312,13057.724609375,9826545.0,2024-09-12,0.0,47.988264623674596,13.591568254307276,71.66322948040997,-58.07166122610269,12841.009567545037,13245.4298828125,13649.850198079961,6.1065638313822435,0.2679329322101918,0.004175299438665225,0.004184028145459928,13193.74306640625,13245.4298828125,0,13003.318359375
13003.318359375,13084.928561928178,12976.11495852394,13084.928561928178,7676541.0,2024-09-13,0.0,46.28353423914362,2.0846475030612055,57.747513084940216,-55.66286558187901,12828.550354554007,13241.349365234375,13654.148375914743,6.234999157475391,0.21168655968063438,-0.004175299438665139,-0.004166594994731154,13142.05625,13241.349365234375,0,13003.318359375
13003.318359375,13193.743092858102,12976.11495852394,13003.318359375,14695826.0,2024-09-16,0.0,46.28353423914362,-6.954502914615659,44.80710988502904,-51.7616127996447,12816.42441172086,13237.26884765625,13658.113283591641,6.35847833535396,0.222046356914212,0.0,0.0,13090.36943359375,13237.26884765625,1,13193.7431640625
13193.7431640625,13193.7431640625,12948.910700030274,13057.72523154745,14454221.0,2024-09-17,0.0,53.05324792715972,1.2333779345190123,36.09236349492704,-34.85898556040803,12816.42441172086,13237.26884765625,13658.113283591641,6.35847833535396,0.44828768081843795,0.014538131192872318,0.014644323812175841,13057.72509765625,13237.26884765625,0,13275.353515625
13275.353515625,13384.168040757277,13139.335591091063,13220.94671682168,23662090.0,2024-09-18,0.0,55.63384991743167,14.144556183879104,31.702802032717454,-17.55824584883835,12820.266650423346,13227.747607421876,13635.228564420406,6.1610029022612895,0.5584148871075907,0.006166482457348635,0.006185534351221378,13057.72509765625,13227.747607421876,0,13275.353515625
13275.353515625,13356.964641355617,13248.15011622334,13302.55691502666,11731453.0,2024-09-19,0.0,55.63384991743167,24.098960154926317,30.18203365715923,-6.083073502232914,12820.266650423346,13227.747607421876,13635.228564420406,6.1610029022612895,0.5584148871075907,0.0,0.0,13082.20830078125,13227.747607421876,1,13465.7783203125
13465.7783203125,13601.796245668156,13356.96472204849,13356.96472204849,45953108.0,2024-09-20,0.0,61.3788301369449,46.81394529073259,33.5084159838739,13.305529306858688,12815.660979530905,13233.18828125,13650.715582969096,6.310305466003031,0.7785327307996991,0.014242330857360272,0.014344236065982896,13123.013671875,13233.18828125,0,13492.9833984375
13492.9833984375,13819.426066450953,13492.9833984375,13492.9833984375,32891431.0,2024-09-23,0.0,62.133237828612586,66.24729947501692,40.056192682102505,26.19110679291441,12810.108800008356,13242.7095703125,13675.310340616643,6.533417772356005,0.7892665077191651,0.002018274254852866,0.002020312341245223,13169.25986328125,13242.7095703125,1,13737.8154296875
13737.8154296875,13765.018829909217,13492.982972640719,13547.389773084153,30689231.0,2024-09-24,0.0,68.16084753103041,100.24866721797662,52.09468758927733,48.15397962869929,12779.752337058466,13265.832666015625,13751.912994972785,7.328304844405263,0.9854987288669653,0.01798247861632928,0.01814513692193165,13250.870703125,13265.832666015625,1,14009.8515625
14009.8515625,14091.461764770249,13792.222501394634,13819.425902151384,55942876.0,2024-09-25,0.0,73.25500644615238,147.4463685831961,71.16502378806109,76.281344795135,12708.743608502113,13295.756640625,13882.769672747889,8.83008087451417,1.1082445216697567,0.01960848450127593,0.019801993570580878,13351.5240234375,13295.756640625,0,13982.646484375
13982.646484375,14118.664408390247,13873.83288718331,14009.850811198556,46218105.0,2024-09-26,0.0,72.01410686650804,180.5741184794988,93.04684272634864,87.52727575315015,12662.328706857643,13318.879638671875,13975.430570486107,9.858951347648064,1.0054953192046756,-0.0019437412584474337,-0.0019418534167642276,13444.0162109375,13318.879638671875,0,13982.646484375
13982.646484375,14227.47893310757,13928.239685779154,13982.646484375,31660713.0,2024-09-27,0.0,72.01410686650804,204.47108357227808,115.33169089553454,89.13939267674354,12625.740504220603,13342.00263671875,14058.264769216896,10.736950846148229,0.9472132607526258,0.0,0.0,13541.9490234375,13342.00263671875,0,13982.646484375
13982.646484375,14037.054210496479,13846.628560359753,13846.628560359753,25140873.0,2024-09-30,0.0,72.01410686650804,220.86362222249227,136.43807716092607,84.4255450615662,12596.684843919596,13365.125634765625,14133.566425611654,11.499192927107933,0.9018011907784748,0.0,0.0,13639.8818359375,13365.125634765625,0,13955.4443359375
13955.4443359375,14227.480208351231,13955.4443359375,14009.852066935677,32763821.0,2024-10-01,0.0,70.5222311354581,229.01984297368472,154.95443032347782,74.0654126502069,12576.451248423919,13386.888525390625,14197.32580235733,12.107925981897392,0.8507710138129743,-0.001947316816201222,-0.0019454220249290888,13716.051953125,13386.888525390625,0,13982.646484375
13982.646484375,14064.2576097944,13873.83288718331,13901.036286481232,22374811.0,2024-10-02,0.0,71.1655284670214,234.9701036316128,170.95756498510482,64.01253864650798,12571.579747143573,13422.253173828125,14272.926600512677,12.67556818766121,0.8293821653339835,0.0019473168162010845,0.0019492140689099102,13786.78125,13422.253173828125,0,13873.8330078125
13873.8330078125,14200.275657277167,13819.42528121796,13955.443206415846,36652018.0,2024-10-03,0.0,65.0500693402816,228.27398945113964,182.4208498783118,45.85313957282784,12611.902105522167,13464.41875,14316.935394477834,12.663252091410678,0.7401209762087787,-0.00781247537348914,-0.007782037304890355,13846.62919921875,13464.41875,-1,13656.2041015625
13656.2041015625,13873.833155201359,13656.2041015625,13873.833155201359,32472289.0,2024-10-04,0.0,54.8905028854502,203.06562269206734,186.54980444106292,16.51581825100442,12660.114483695392,13494.342724609374,14328.570965523357,12.36411817809572,0.5970126453497846,-0.01581061724398145,-0.015686285551184787,13865.67177734375,13494.342724609374,0,13710.611328125
13710.611328125,13819.425858332652,13601.796797917346,13765.019056991667,17782049.0,2024-10-07,0.0,56.71075729600603,185.34151726254277,186.3081470053589,-0.9666297428161386,12718.64090793473,13528.347216796876,14338.053525659021,11.970513409898427,0.6125495190868985,0.003976151217359216,0.003984066594045377,13887.4345703125,13528.347216796876,0,13710.611328125
13710.611328125,13873.833587199319,13656.204526784013,13710.611328125,20893235.0,2024-10-08,0.0,56.71075729600603,169.3429558318603,182.91510877065917,-13.572152938798865,12807.141069703546,13567.792431640624,14328.443793577702,11.21260316694128,0.5938793405435261,0.0,0.0,13884.71416015625,13567.792431640624,1,13928.240234375
13928.240234375,13955.44363474439,13737.81550426359,13765.018904632982,25027926.0,2024-10-09,0.0,63.536525202271044,172.2393465960613,180.7799563357396,-8.540609739678303,12886.125507889989,13614.038525390624,14341.95154289126,10.693564824912965,0.7158236639751406,0.015748368097321188,0.01587302717885164,13876.55302734375,13614.038525390624,0,13873.8330078125
13873.8330078125,14118.664531148179,13873.8330078125,13982.646605950295,21519767.0,2024-10-10,0.0,60.949124496429846,168.2055794451262,178.26508095761693,-10.059501512490726,12967.893580290724,13654.8439453125,14341.794310334275,10.061636262896952,0.6593922018609445,-0.003913902070698981,-0.003906252738822169,13865.6716796875,13654.8439453125,0,13901.037109375
13901.037109375,13928.24051028327,13792.22257821623,13873.83370846673,11320864.0,2024-10-11,0.0,61.787064863316026,165.29847562593022,175.67175989127958,-10.373284265349355,13077.787364532425,13699.7298828125,14321.672401092575,9.079631840922001,0.661837485495602,0.001958900988332054,0.0019608208882997413,13857.5107421875,13699.7298828125,1,14064.2587890625
14064.2587890625,14200.276724482655,13873.834050484564,13955.444255221231,27185436.0,2024-10-14,0.0,66.44005109216621,174.15761972412656,175.36893185784896,-1.2113121337224015,13204.291537230221,13752.776904296876,14301.26227136353,7.976358096746079,0.7839473060434187,0.011673292050005153,0.011741690810782801,13865.67197265625,13752.776904296876,0,13955.4443359375
13955.4443359375,14200.276806615,13955.4443359375,14118.665673880596,26907172.0,2024-10-15,0.0,61.098749326934794,170.43348713326486,174.38184291293214,-3.9483557796672812,13303.437394621158,13790.861962890625,14278.286531160093,7.068804975077874,0.6688285570331439,-0.007767034481049224,-0.00773694901075217,13865.67197265625,13790.861962890625,0,13873.8330078125
13873.8330078125,13955.443206415846,13819.42528121796,13955.443206415846,18904883.0,2024-10-16,0.0,57.37332519607783,159.06315209474633,171.318104749295,-12.254952654548674,13397.330422831517,13820.7859375,14244.241452168484,6.1278065745815455,0.5626359422359029,-0.005865158557287938,-0.005847992092579801,13854.790625,13820.7859375,1,14091.4609375
14091.4609375,14091.4609375,13792.221691691882,13901.03621585637,20391521.0,2024-10-17,0.0,63.72514235418977,165.70271701576712,170.19502720258944,-4.492310186822323,13507.900666519861,13861.59130859375,14215.281950667639,5.10317515788554,0.8249585959617055,0.015564458110250257,0.015686215162381778,13876.55341796875,13861.59130859375,0,14009.8515625
14009.8515625,14254.683096836432,13982.647234217568,14145.869493809432,32257044.0,2024-10-18,0.0,60.10805252707694,162.50615572009156,168.65725290608987,-6.15109718599831,13582.811317739866,13888.794970703126,14194.778623666385,4.40619439783938,0.6978154561927039,-0.005808241478313589,-0.005791406253898179,13911.9181640625,13888.794970703126,0,13901.037109375
13901.037109375,14091.461843258585,13901.037109375,14009.851640533772,16427909.0,2024-10-21,0.0,55.57819894901816,149.46945011698335,164.81969234826857,-15.350242231285222,13666.458394748504,13909.19765625,14151.936917751496,3.4903416789454105,0.48319071495784777,-0.007797315643604613,-0.007766995434574264,13930.9607421875,13909.19765625,-1,13737.8154296875
13737.8154296875,13955.4435589869,13683.4077017184,13873.83335832175,35485193.0,2024-10-22,0.0,49.54649042579329,124.53161857119267,156.76207759285342,-32.23045902166075,13666.458394748504,13909.19765625,14151.936917751496,3.4903416789454105,0.14698288710612203,-0.011811168857671507,-0.011741690810782912,13933.68115234375,13909.19765625,0,13737.8154296875
13737.8154296875,13792.222230130934,13683.4077017184,13737.8154296875,20310346.0,2024-10-23,0.0,49.54649042579329,103.57426771826613,146.12451561793597,-42.55024789966984,13646.20854399261,13895.595849609375,14144.98315522614,3.589443854237824,0.18366389072678474,0.0,0.0,13914.638671875,13895.595849609375,-1,13438.576171875
13438.576171875,13819.426583833054,13438.576171875,13737.816377537154,28361864.0,2024-10-24,0.0,40.25707844274601,62.103419358785686,129.32029636610594,-67.21687700732025,13549.872672015246,13868.392333984375,14186.911995953504,4.59346194278913,-0.17470899512481786,-0.022022890790501168,-0.021782157384779066,13871.11298828125,13868.392333984375,0,13411.3720703125
13411.3720703125,13492.983199877739,13356.965268952794,13492.983199877739,18515417.0,2024-10-25,0.0,39.53144298454241,26.7341549142202,108.80306807572879,-82.06891316150859,13466.675344571539,13839.82861328125,14212.981881990961,5.3924550532601065,-0.0741026260472889,-0.002026380879840237,-0.002024329156196991,13822.146484375,13839.82861328125,0,13492.9833984375
13492.9833984375,13520.186799517673,13411.37226767129,13465.779069831635,6760921.0,2024-10-28,0.0,42.85899503918493,5.2288353859785275,88.08822153777874,-82.85938615180021,13418.16536431001,13815.345458984375,14212.52555365874,5.7498394933884285,0.0941865354415989,0.006066793054012142,0.006085233315214378,13765.0189453125,13815.345458984375,0,13601.796875
13601.796875,13656.204604175,13520.186672526028,13547.390073350685,9325878.0,2024-10-29,0.0,47.043387167225255,-2.999372215332187,69.87070278715655,-72.87007500248873,13395.290096576911,13797.6630859375,14200.036075298089,5.832480280964172,0.256611134300104,0.008032105111728376,0.008064449006518482,13729.65419921875,13797.6630859375,0,13601.796875
13601.796875,13683.408004999657,13438.575542526369,13601.796875,11032824.0,2024-10-30,0.0,47.04338716722525,-9.411792732424146,54.01420368324041,-63.42599641566456,13377.061407280744,13778.62060546875,14180.179803656756,5.828728574304845,0.2798285641735408,0.0,0.0,13702.4505859375,13778.62060546875,0,13629.0009765625
13629.0009765625,13710.611177678471,13492.983047176878,13601.79664866484,11630202.0,2024-10-31,0.0,48.14442197784783,-12.158384263821063,40.77968609382812,-52.93807035764918,13362.122702597471,13766.37900390625,14170.635305215028,5.873095622226723,0.3300854842596284,0.0019980399223746732,0.002000037334221716,13656.20458984375,13766.37900390625,-1,13384.1689453125
13384.1689453125,13629.001411525462,13384.1689453125,13574.593681519415,16265210.0,2024-11-01,0.0,40.0698873145099,-33.70247545777784,25.88325378350693,-59.58572924128477,13315.921046719826,13752.77724609375,14189.633445467674,6.3529888044686516,0.07811254446026225,-0.01812736056249658,-0.017964048257904763,13593.636328125,13752.77724609375,0,13302.5576171875
13302.5576171875,13465.778949738555,13275.354216349939,13438.575548900993,20776448.0,2024-11-04,0.0,37.79444222405127,-56.70798076833853,9.365006873137839,-66.07298764147637,13251.344915331063,13732.374560546876,14213.404205762688,7.005775193429566,0.053232375972857696,-0.006116267751939827,-0.00609760146173155,13533.78837890625,13732.374560546876,0,13302.5576171875
13302.5576171875,13384.168747225869,13275.354216349939,13356.965346388308,11340765.0,2024-11-05,0.0,37.79444222405127,-74.0859922707059,-7.32519295563091,-66.76079931507499,13193.86930581103,13711.971875,14230.07444418897,7.556937454540541,0.10489072805275772,0.0,0.0,13490.26259765625,13711.971875,1,13520.1865234375
13520.1865234375,13547.389923962182,13329.760864713371,13411.371993813094,11454235.0,2024-11-06,0.0,47.08719756412902,-69.49624816548749,-19.759403997602227,-49.73684416788526,13177.201305703367,13691.569189453125,14205.937073202882,7.513644004311567,0.3334045812053429,0.016227547847680553,0.01635992960998811,13468.49970703125,13691.569189453125,0,13492.9833984375
13492.9833984375,13601.797002758189,13492.9833984375,13601.797002758189,8242671.0,2024-11-07,0.0,46.15896190381322,-67.27836462817322,-29.263196123716426,-38.015168504456796,13158.370903217077,13672.526708984375,14186.682514751672,7.521006419822017,0.3253998996676365,-0.0020140645673472303,-0.00201203770028191,13473.9404296875,13672.526708984375,-1,13356.96484375
13356.96484375,13547.389569972709,13275.353716782753,13520.186170158844,13409245.0,2024-11-08,0.0,41.729392512981896,-75.62448457112623,-38.53545381319839,-37.089030757927844,13124.54362503845,13645.323095703125,14166.1025663678,7.63308376081863,0.22314744705173292,-0.010131842119908715,-0.010080687915413167,13468.49970703125,13645.323095703125,-1,13220.947265625
13220.947265625,13384.168596335936,13030.521606857512,13356.96519580506,29917806.0,2024-11-11,0.0,37.82082156045626,-92.15205503701691,-49.25877405796209,-42.893280979054815,13088.676179320631,13603.15751953125,14117.63885974187,7.564145889980808,0.12854799189628446,-0.010235474107410237,-0.010183269905711057,13441.29609375,13603.15751953125,0,13112.1328125
13112.1328125,13248.15074347388,13112.1328125,13220.947342784239,15381013.0,2024-11-12,0.0,34.9967248184342,-112.7311956224039,-61.95325837085046,-50.77793725155344,13030.109256270327,13560.991943359375,14091.874630448423,7.829555379228932,0.07725205419621708,-0.008264515366765743,-0.008230458146363029,13392.3296875,13560.991943359375,0,13139.3359375
13139.3359375,13193.742737737715,12976.114609261194,13112.132537381143,18607241.0,2024-11-13,0.0,36.277746944265665,-125.39971806825088,-74.64255031033055,-50.75716775792033,12982.987321974662,13524.26708984375,14065.546857712838,8.004570809985996,0.1444249580405079,0.0020725038279672723,0.0020746529484561016,13346.08359375,13524.26708984375,-1,12948.91015625
12948.91015625,13112.13241043421,12948.91015625,13112.13241043421,14715901.0,2024-11-14,0.0,31.58531261078805,-149.08680261336667,-89.53140077093778,-59.55540184242889,12936.850927368532,13467.13955078125,13997.428174193969,7.875297072747052,0.011370438992128081,-0.014598847512882832,-0.014492801017935819,13278.07451171875,13467.13955078125,-1,12785.689453125
12785.689453125,12948.910787743549,12785.689453125,12894.503985379266,20573423.0,2024-11-15,0.0,28.216372722806824,-178.96651978417322,-107.41842457358487,-71.54809521058834,12857.126450896645,13405.9314453125,13954.736439728356,8.187495164429622,-0.06508413598502523,-0.012685092775622879,-0.012604976106519561,13218.2265625,13405.9314453125,0,12731.2822265625
12731.2822265625,12867.300155466875,12568.060897382382,12785.689027113984,26233681.0,2024-11-18,0.0,27.175836899112582,-204.6772277231612,-126.87018520350014,-77.80704251966105,12772.11889506391,13347.443701171875,13922.76850727984,8.620748946218857,-0.03549009886925199,-0.004264401724124363,-0.004255322074102286,13161.0990234375,13347.443701171875,-1,12595.2646484375
12595.2646484375,12840.097112789117,12595.2646484375,12785.689383196706,13235722.0,2024-11-19,0.0,24.721399092074307,-233.33884584233238,-148.1639173312666,-85.17492851106579,12654.481752840913,13290.316162109375,13926.150571377837,9.568386508083574,-0.04656645153220262,-0.01074121051956433,-0.01068372970644016,13090.3697265625,13290.316162109375,1,12812.892578125
12812.892578125,12894.503707437994,12595.264445833147,12595.264445833147,16956856.0,2024-11-20,0.0,34.85885076994349,-235.77476483991813,-165.68608683299692,-70.08867800692121,12610.739773751746,13244.07001953125,13877.400265310753,9.563982142128829,0.15959509728170673,0.017130974906892405,0.01727855156378144,13019.64033203125,13244.07001953125,1,13057.724609375
13057.724609375,13057.724609375,12731.28195790345,12840.096484235848,11487055.0,2024-11-21,0.0,43.996070102445216,-215.46559615039223,-175.641988696476,-39.823607453916225,12593.421505966211,13225.02744140625,13856.633376846288,9.551676746810264,0.3675575840538214,0.01892798606765078,0.019108255981790778,12976.114453125,13225.02744140625,0,13057.724609375
13057.724609375,13166.5391357074,13003.317809971624,13030.521209673312,12823039.0,2024-11-22,0.0,43.99607010244521,-197.09840591044667,-179.93327213927014,-17.165133771176528,12577.907330199063,13207.345068359375,13836.782806519686,9.531631601997674,0.3811475306345012,0.0,0.0,12946.1904296875,13207.345068359375,0,13030.521484375
13030.521484375,13084.928284925349,13003.318084099827,13057.724884650175,8394722.0,2024-11-25,0.0,43.214959253544215,-182.63207132461503,-180.47303197633912,-2.159039348275911,12565.07227768961,13184.22197265625,13803.371667622892,9.392282627685466,0.3758777646740731,-0.0020854705802401375,-0.002083297497365577,12927.1478515625,13184.22197265625,0,13112.1328125
13112.1328125,13166.53961387928,13057.72508359504,13084.928484284681,7744448.0,2024-11-26,0.0,46.295492192450055,-162.70646595737344,-176.919718772546,14.213252815172552,12572.195330432747,13159.73876953125,13747.282208629753,8.929408849039504,0.45948728735334515,0.006243558309924375,0.00626308994792435,12927.1478515625,13159.73876953125,0,13112.1328125
13112.1328125,13193.74301456892,13003.318282215761,13057.72508359504,7111283.0,2024-11-27,0.0,46.295492192450055,-145.24103194078816,-170.58398140619443,25.342949465406264,12585.691709715162,13135.25556640625,13684.819423097337,8.367768010492481,0.4789626322539924,0.0,0.0,12924.4275390625,13135.25556640625,0,13057.724609375
13057.724609375,13193.742535409088,13057.724609375,13166.5391357074,11499275.0,2024-11-28,0.0,44.43182083455221,-134.24237440567777,-163.3156600060911,29.073285600413328,12608.166398509684,13106.691748046875,13605.217097584065,7.607188131383036,0.45088801530620903,-0.004158087729684069,-0.0041494548524654284,12935.308984375,13106.691748046875,0,13139.3359375
13139.3359375,13139.3359375,13030.52140949891,13084.928209736625,7573021.0,2024-11-29,0.0,47.8246848358631,-117.58505957012676,-154.16953991889824,36.58448034877148,12612.877973170089,13094.45009765625,13576.022222142412,7.355362323651257,0.5466034448024197,0.006230591557651385,0.0062500420683100355,12970.6736328125,13094.45009765625,0,13139.3359375
13139.3359375,13220.947065382235,13084.928209736625,13166.539337618859,7175350.0,2024-12-02,0.0,47.824684835863096,-103.19445609987815,-143.97452315509423,40.78006705521608,12614.126115658448,13086.289013671874,13558.4519116853,7.2161465717306905,0.5561743881733558,0.0,0.0,13011.47900390625,13086.289013671874,0,13030.521484375
13030.521484375,13166.539413276538,13030.521484375,13139.336013001363,11480770.0,2024-12-03,0.0,43.69881562386612,-99.42411680865916,-135.06444188580724,35.64032507714808,12611.203949350886,13072.68720703125,13534.170464711613,7.060266192740408,0.4543150028148427,-0.008316062137891512,-0.00828157934636875,13055.0046875,13072.68720703125,0,12976.115234375
12976.115234375,13057.725438663078,12948.910905419934,13003.318635804359,10711091.0,2024-12-04,0.0,41.75900055573557,-99.67720862541319,-127.98699523372844,28.30978660831525,12633.59144522134,13045.483642578125,13457.37583993491,6.314709498579914,0.41579300524715035,-0.004184034249307535,-0.004175293372965849,13071.326953125,13045.483642578125,1,13356.96484375
13356.96484375,13384.168243563865,12948.910136439414,12976.11446377893,18434242.0,2024-12-05,0.0,56.362071462050906,-68.35841190919018,-116.0612785688208,47.702866659630615,12654.330472209753,13038.68271484375,13423.034957477747,5.895568609801895,0.914050047848085,0.028927582033407874,0.029350048338511403,13101.2509765625,13038.68271484375,0,13248.150390625
13248.150390625,13384.1683179762,13248.150390625,13384.1683179762,10681938.0,2024-12-06,0.0,52.325207738565304,-51.7222351083401,-103.19346987672466,51.47123476838456,12665.122236261273,13033.2419921875,13401.361748113728,5.648936099657918,0.7919001153534501,-0.008180010416815873,-0.008146645169611055,13120.2935546875,13033.2419921875,0,13275.353515625
13275.353515625,13356.964641355617,13193.742389894383,13275.353515625,10209901.0,2024-12-09,0.0,53.227127864805524,-35.92871641698002,-89.74051918477575,53.811802767795726,12661.256959974547,13035.9623046875,13410.667649400453,5.748794541669018,0.8194392798438569,0.0020512474245114073,0.002053352671724573,13144.7767578125,13035.9623046875,0,13193.7431640625
13193.7431640625,13329.76109657755,13193.7431640625,13275.354294581806,8745433.0,2024-12-10,0.0,50.161224024508144,-29.65566039976875,-77.72354742777436,48.067887028005615,12660.103964637816,13040.042822265625,13419.981679893433,5.8272639562052735,0.7022698372529211,-0.006166482457348621,-0.006147508724829498,13152.93779296875,13040.042822265625,0,13220.947265625
13220.947265625,13275.354066686754,13112.132735975818,13193.742937568448,9816071.0,2024-12-11,0.0,51.170890926069966,-22.23278891805421,-66.62539572583034,44.39260680777613,12657.991813539078,13044.123388671875,13430.254963804671,5.92039133067587,0.7289684246779261,0.002059771342242768,0.0020618941284684666,13163.81923828125,13044.123388671875,0,13220.947265625
13220.947265625,13356.96519580506,13220.947265625,13275.354066686754,10035156.0,2024-12-12,0.0,51.170890926069966,-16.163783752403106,-56.5330733311449,40.36928957874179,12666.58265804252,13057.725244140625,13448.86783023873,5.990975897943972,0.7086477250056271,0.0,0.0,13180.14150390625,13057.725244140625,0,13193.7431640625
13193.7431640625,13248.150893583934,13166.539763064628,13193.7431640625,7674620.0,2024-12-13,0.0,49.99621717394373,-13.394790271451711,-47.905416719206265,34.510626447754554,12704.557251803872,13078.1279296875,13451.698607571128,5.712907533739881,0.6547434544782654,-0.002059771342242704,-0.002057651468986066,13185.5822265625,13078.1279296875,0,13112.1328125
13112.1328125,13248.15074347388,13057.72508359504,13193.74301456892,9935826.0,2024-12-16,0.0,46.54432984040754,-17.582931227012523,-41.84091962076752,24.257988393755,12761.097620429862,13097.170458984376,13433.24329753889,5.131991518427171,0.5222605813370385,-0.006204744024523088,-0.006185534351221267,13182.8619140625,13097.170458984376,0,13139.3359375
13139.3359375,13166.539337618859,13084.928209736625,13084.928209736625,6752193.0,2024-12-17,0.0,47.83715259774479,-18.49381310128956,-37.171498316871926,18.677685215582365,12885.27204897757,13124.3740234375,13363.47599789743,3.643632435847112,0.5312877258673733,0.0020725038279672723,0.0020746529484561016,13193.743359375,13124.3740234375,0,13166.5390625
13166.5390625,13166.5390625,13084.927936323056,13139.335662949567,6596476.0,2024-12-18,0.0,49.16126433254907,-16.82666142898597,-33.10253093929474,16.275869510308766,12952.841771409485,13142.05634765625,13331.270923903014,2.8795276970564636,0.564695636375872,0.0020682174378789608,0.0020703576748015706,13212.7857421875,13142.05634765625,-1,12976.115234375
12976.115234375,13084.928840092436,12948.910905419934,12948.910905419934,18253562.0,2024-12-19,0.0,41.26483680080585,-30.519236448646552,-32.5858720411651,2.0666355925185513,12937.895975474887,13137.97587890625,13338.055782337615,3.0458254037839034,0.09550998937088197,-0.014568313825078043,-0.014462709389390871,13174.70078125,13137.97587890625,0,13057.724609375
13057.724609375,13057.724609375,12948.910083042601,12976.114410269936,7198219.0,2024-12-20,0.0,45.31853311905193,-34.38909025095927,-32.94651568312394,-1.4425745678353294,12937.895975474887,13137.97587890625,13338.055782337615,3.0458254037839034,0.29945194855919066,0.006269504829547751,0.006289199311656057,13155.658203125,13137.97587890625,0,13084.9287109375
13084.9287109375,13139.336440784893,13057.725309776652,13057.725309776652,5744400.0,2024-12-23,0.0,46.6405689917785,-34.85900076629332,-33.32901269975782,-1.529988066535502,12945.344253105844,13140.696240234374,13336.048227362904,2.9732364793639814,0.3572639825255972,0.0020812050749811854,0.0020833722854722847,13136.61572265625,13140.696240234374,0,13003.318359375
13003.318359375,13084.928561928178,12976.11495852394,13084.928561928178,6074686.0,2024-12-24,0.0,43.26147732182289,-41.340138180541544,-34.93123779591456,-6.408900384626982,12930.709201555983,13135.255517578125,13339.801833600268,3.1144626878161663,0.17748830492541617,-0.00625650451364621,-0.006236973342795715,13117.5732421875,13135.255517578125,1,13302.5576171875
13302.5576171875,13492.983278101801,13030.521753760513,13030.521753760513,25871099.0,2024-12-25,0.0,55.882736917714844,-22.075901763008005,-32.36017058933325,10.284268826325246,12927.434713112569,13144.7767578125,13362.118802512432,3.3068959436036978,0.8629782253885487,0.02275173548210078,0.023012530305140055,13125.73427734375,13144.7767578125,1,13547.3896484375
13547.3896484375,13547.3896484375,13302.55719364337,13329.760593614794,34747460.0,2024-12-26,0.0,63.11269741120549,12.79949851298079,-23.328236768870443,36.12773528185123,12891.33199882945,13169.260009765625,13447.1880207018,4.220859953104101,1.1802654352797683,0.018237564111126186,0.018404884105419406,13158.378515625,13169.260009765625,0,13629.0009765625
13629.0009765625,13765.018905948122,13601.79664866484,13629.0009765625,29156506.0,2024-12-27,0.0,65.16218442575968,46.48797221482164,-9.364994972132028,55.85296718695366,12848.737810831131,13193.74326171875,13538.748712606368,5.22983423345278,1.1307983159743333,0.006006064203310205,0.006024136770467203,13201.904296875,13193.74326171875,0,13492.9833984375
13492.9833984375,13683.4081335244,13492.9833984375,13683.4081335244,19315995.0,2024-12-30,0.0,59.253243146978946,61.50189298874284,4.808382620042947,56.69351036869989,12842.72441737831,13211.425634765625,13580.12685215294,5.581550811853112,0.881823751040267,-0.010030145034103021,-0.009980010886997959,13239.98935546875,13211.425634765625,1,13656.2041015625
13656.2041015625,13656.2041015625,13492.982775096181,13492.982775096181,19623937.0,2024-12-31,0.0,63.527357692087186,85.58451500689989,20.963609097414334,64.62090590948556,12834.570102322354,13242.709765625,13650.849428927648,6.163990157997463,1.006559853300611,0.012024129241687298,0.012096709697567709,13291.676171875,13242.709765625,0,13656.2041015625
13656.2041015625,13656.2041015625,13656.2041015625,13656.2041015625,0.0,2025-01-01,0.0,63.527357692087186,103.4773440523877,37.466356088409015,66.01098796397869,12849.230923743857,13276.714208984375,13704.197494224893,6.439594594138952,0.9438651821960832,0.0,0.0,13340.64267578125,13276.714208984375,0,13710.611328125
13710.611328125,13846.629259003146,13629.00112611352,13683.407927454506,21709176.0,2025-01-02,0.0,64.94872914409294,120.65689093287074,54.10446305730136,66.55242787556938,12825.669801046224,13294.396533203126,13763.123265360027,7.051493175884192,0.943984486447586,0.003976151217359216,0.003984066594045377,13414.09228515625,13294.396533203126,-1,13438.576171875
13438.576171875,13710.612047912791,13438.576171875,13710.612047912791,19264846.0,2025-01-03,0.0,53.68362258631613,111.04083239555257,65.49173692495161,45.54909547060096,12831.425321978995,13303.917822265625,13776.410322552254,7.103058010413433,0.6424978698367564,-0.0200406926332184,-0.019841212746798953,13452.17744140625,13303.917822265625,-1,13275.353515625
13275.353515625,13547.389364692874,13275.353515625,13438.574839560597,25410060.0,2025-01-06,0.0,48.27342808625464,89.22085005269219,70.23755955049972,18.98329050219246,12831.425321978995,13303.917822265625,13776.410322552254,7.103058010413433,0.4697727407066815,-0.012220192938041266,-0.012145829599984115,13471.219921875,13303.917822265625,1,13546.0302734375
13546.0302734375,13577.313859642727,13264.472432436374,13577.313859642727,17914373.0,2025-01-07,0.0,56.16321028092448,92.70110838389519,74.73026931717882,17.970839066716366,12840.150788996669,13321.532177734374,13802.91356647208,7.227117456388192,0.7331811126846971,0.020184338699648655,0.02038941994982779,13525.49111328125,13321.532177734374,0,13514.74609375
13514.74609375,13577.314195232626,13420.893477763206,13420.893477763206,9921799.0,2025-01-08,0.0,55.116819381114894,91.87577954143126,78.1593713620293,13.716408179401952,12849.859334469476,13336.222119140624,13822.584903811772,7.293861489800813,0.6835296410786076,-0.002312143095979286,-0.002309472152062564,13546.7099609375,13336.222119140624,0,13452.1767578125
13452.1767578125,13577.312949294484,13420.892246179194,13514.744853553491,6629865.0,2025-01-09,0.0,52.99034462529315,85.19085089159307,79.56566726794206,5.6251836236510115,12861.965686675929,13347.78359375,13833.601500824072,7.279379436471419,0.6074406300616076,-0.004640458873398666,-0.004629708579315106,13537.188671875,13347.78359375,-1,13233.1884765625
13233.1884765625,13452.177283984365,13233.1884765625,13420.89277112739,13178820.0,2025-01-10,0.0,46.26286189460665,61.51338463155844,75.95521074066534,-14.441826109106898,12866.256286690992,13349.755859375,13833.255432059008,7.243571759321209,0.3794545130976953,-0.0164129810729593,-0.016279021989717757,13497.607421875,13349.755859375,1,13452.1767578125
13452.1767578125,13452.1767578125,13108.050839948612,13233.187958956216,11949088.0,2025-01-13,0.0,52.72625458890376,59.73080661151289,72.71032991483486,-12.979523303321969,12894.66081899275,13366.758056640625,13838.8552942885,7.0637507710904694,0.5904672749171926,0.01641298107295924,0.01654841398487239,13493.5267578125,13366.758056640625,0,13327.0400390625
13327.0400390625,13452.17716182841,13233.188356395127,13389.609064208278,8707248.0,2025-01-14,0.0,49.09254567791207,47.671090637273664,67.70248205932262,-20.031391422048955,12915.764672046973,13376.14326171875,13836.521851390526,6.883577435797,0.4466708229293883,-0.009345876732770165,-0.009302339762769285,13460.6103515625,13376.14326171875,0,13358.3251953125
13358.3251953125,13452.177810027853,13327.040681232153,13420.893295947504,7174371.0,2025-01-15,0.0,50.01992700354305,40.17501690375502,62.1969890282091,-22.02197212445408,12935.867188540695,13385.732568359375,13835.597948178056,6.7215653311654115,0.46953825046737097,0.0023447436681925567,0.0023474947293848913,13430.8224609375,13385.732568359375,0,13358.3251953125
13358.3251953125,13452.177810027853,13327.040681232153,13420.893295947504,7174371.0,2025-01-16,0.0,50.01992700354305,33.84418971192463,56.52642916495221,-22.682239453027584,12997.810113933943,13404.84306640625,13811.876018878558,6.072923800090861,0.4428573647278403,0.0,0.0,13395.59384765625,13404.84306640625,0,13452.1767578125
13452.1767578125,13452.1767578125,13358.3241504382,13452.1767578125,6806256.0,2025-01-17,0.0,52.99884173734703,35.98518547659296,52.41818042728036,-16.4329949506874,13051.546753424103,13424.565673828125,13797.584594232147,5.5572586773699655,0.5370102995773902,0.007001133064577696,0.007025698291349691,13396.95390625,13424.565673828125,1,13671.1669921875
13671.1669921875,13733.735094498354,13452.17817033665,13452.17817033665,12506498.0,2025-01-20,0.0,59.12130433705498,54.72182267282551,52.878908876389396,1.8429137964361146,13101.679983760305,13453.877587890625,13806.075192020946,5.235629681175657,0.8084765508746519,0.016148082260126453,0.016279167179974685,13436.53525390625,13453.877587890625,0,13671.1669921875
13671.1669921875,13796.303196809207,13608.598889876645,13733.735094498354,10277163.0,2025-01-21,0.0,59.12130433705498,68.77791366505517,56.05870983412255,12.719203830932614,13193.075329004005,13487.27001953125,13781.464710058495,4.362553579801022,0.8125429835709754,0.0,0.0,13449.04892578125,13487.27001953125,0,13639.8818359375
13639.8818359375,13733.734448753796,13608.59825001585,13733.734448753796,9050012.0,2025-01-22,0.0,57.87227938333882,76.51104469982056,60.14917680726216,16.3618678925584,13215.91217135832,13504.13623046875,13792.36028957918,4.268678191502877,0.7354862496345957,-0.002291026619374413,-0.0022884042209329047,13461.5625,13504.13623046875,1,13890.1552734375
13890.1552734375,13921.4397871382,13639.881946408932,13702.450973810335,20849881.0,2025-01-23,0.0,64.35916312923285,101.66267747976781,68.45187694176329,33.21080053800452,13185.397750525044,13521.27451171875,13857.151272912455,4.968122803846702,1.0491311164364998,0.018182346173610534,0.018348651440703412,13505.3603515625,13521.27451171875,0,14015.291015625
14015.291015625,14046.575528304342,13796.302209446567,13796.302209446567,14873819.0,2025-01-24,0.0,67.0879776706773,130.19216205474186,80.79993396435901,49.392228090382844,13140.365652597104,13540.589013671875,13940.812374746647,5.9114616161921445,1.0930463437695714,0.008968613486793939,0.00900895200407148,13583.57060546875,13540.589013671875,0,14015.291015625
14015.291015625,14015.291015625,14015.291015625,14015.291015625,0.0,2025-01-27,0.0,67.0879776706773,151.06065097183273,94.85207736585376,56.20857360597897,13114.74155423985,13566.70439453125,14018.667234822651,6.66282432561274,0.9962649371843553,0.0,0.0,13639.88203125,13566.70439453125,0,14015.291015625
14015.291015625,14015.291015625,14015.291015625,14015.291015625,0.0,2025-01-28,0.0,67.0879776706773,165.68911777614267,109.01948544791155,56.66963232823112,13091.109397264529,13584.658740234376,14078.208083204223,7.266275177131641,0.9362606105393328,0.0,0.0,13708.70712890625,13584.658740234376,0,14015.291015625
14015.291015625,14015.291015625,14015.291015625,14015.291015625,0.0,2025-01-29,0.0,67.0879776706773,175.26197219232745,122.26798279679474,52.99398939553271,13073.276802707796,13602.6130859375,14131.949369167205,7.782861717605375,0.8898069552020663,0.0,0.0,13774.4037109375,13602.6130859375,0,14015.291015625
14015.291015625,14015.291015625,14015.291015625,14015.291015625,0.0,2025-01-30,0.0,67.0879776706773,180.76478437375408,133.96734311218663,46.79744126156746,13058.724967789149,13617.8470703125,14176.969172835852,8.211607894206159,0.8554178447952703,0.0,0.0,13840.10029296875,13617.8470703125,0,14015.291015625
14015.291015625,14015.291015625,14015.291015625,14015.291015625,0.0,2025-01-31,0.0,67.0879776706773,183.0161069161968,143.77709587298867,39.23901104320814,13067.36799392332,13646.6828125,14225.997631076678,8.490192474409115,0.8181415279783762,0.0,0.0,13896.41171875,13646.6828125,-1,13796.302734375
13796.302734375,13921.43986232799,13733.734634161347,13796.302734375,13795432.0,2025-02-03,0.0,55.48986336664445,165.22515932789793,148.0667085639705,17.15845076392742,13117.362562108874,13672.7302734375,14228.097984766127,8.123728037077704,0.6112528316076139,-0.0157483105158999,-0.015624954273575908,13908.92529296875,13672.7302734375,1,14046.576171875
14046.576171875,14140.42878668741,13827.587355663176,13890.155456362883,16784981.0,2025-02-04,0.0,63.298942581298725,169.36830754985385,152.3270283611472,17.041279188706653,13121.702251901552,13697.757568359375,14273.812884817198,8.410943376432076,0.8027648504839069,0.017978038780425618,0.018140616534632503,13946.4662109375,13697.757568359375,0,14077.8603515625
14077.8603515625,14109.143937406352,13952.723225610072,14077.8603515625,10974381.0,2025-02-05,0.0,64.14573397164895,173.17984476378115,156.49759164167398,16.68225312210717,13132.7294100876,13725.91328125,14319.097152412398,8.643269981498502,0.7966593390535281,0.002224698266525748,0.0022271747438453726,13990.2640625,13725.91328125,0,14140.4287109375
14140.4287109375,14359.417525976207,14109.144196992389,14109.144196992389,16327911.0,2025-02-06,0.0,65.84315763039135,179.18374053949265,161.03482142123772,18.148919118254923,13154.290346089972,13760.32587890625,14366.361411722526,8.808447389248139,0.8135978102347351,0.004434603513627377,0.004444450918853926,14015.29140625,13760.32587890625,0,14234.2802734375
14234.2802734375,14390.700976553324,14015.29054705485,14202.995761804088,21544822.0,2025-02-07,0.0,68.26973704608788,189.33240186759213,166.6943375105086,22.638064357083522,13222.570034524138,13810.38046875,14398.19090297586,8.512588564173928,0.860575263729174,0.006615180074731191,0.0066371087057217615,14037.19033203125,13810.38046875,0,14328.1328125
14328.1328125,14547.121624489106,14046.575901017673,14202.99661351356,29352351.0,2025-02-10,0.0,70.52481970986096,202.6128102764451,173.8780320636959,28.734778212749177,13248.482864844025,13854.178271484376,14459.873678124726,8.743866215249078,0.8912482543367286,0.006571775049743939,0.006593416545101816,14068.47451171875,13854.178271484376,0,14390.701171875
14390.701171875,14390.701171875,14296.848563226542,14390.701171875,11748257.0,2025-02-11,0.0,71.95577373878547,215.69991891983045,182.24240943492285,33.457509484907604,13309.817010806251,13907.361328125,14504.905645443749,8.593209067061897,0.9044384907874302,0.004357311888320592,0.004366818774907966,14106.01552734375,13907.361328125,-1,14202.9970703125
14202.9970703125,14421.985889344758,14202.9970703125,14390.702302354839,10907892.0,2025-02-12,0.0,62.19996979575641,208.52168632012035,187.49826481196237,21.02342150815798,13397.790696272843,13949.594921875,14501.399147477156,7.911401423375339,0.729612366742005,-0.013129242414708062,-0.013043429873267454,14124.7861328125,13949.594921875,0,14328.1328125
14328.1328125,14328.1328125,14140.428514020341,14296.849226516228,11321395.0,2025-02-13,0.0,65.55302568404522,210.50373780459086,192.09935941048806,18.404378394102793,13496.932474802272,13998.085302734375,14499.238130666477,7.160305385968865,0.8292882843019105,0.00877193052638755,0.008810516651380773,14156.0703125,13998.085302734375,0,14296.849609375
14296.849609375,14390.702224890969,14265.565095027778,14390.702224890969,12387031.0,2025-02-14,0.0,64.02403028385163,207.1621979741376,195.11192712321798,12.050270850919617,13593.446160947055,14040.3189453125,14487.191729677945,6.365564573084546,0.7870287395402378,-0.002185728194926531,-0.0021833412304573807,14184.226171875,14040.3189453125,0,14171.7119140625
14171.7119140625,14328.13262450605,14140.428328489188,14328.13262450605,13174722.0,2025-02-17,0.0,58.178332887559336,192.2008654555575,194.5297147896859,-2.3288493341283925,13650.613229132889,14065.34619140625,14480.079153679611,5.897230777394701,0.6282339870855762,-0.008791346986488655,-0.008752816091066817,14221.76708984375,14065.34619140625,0,14202.9970703125
14202.9970703125,14359.417787839215,14140.428968806957,14171.712555796876,15305235.0,2025-02-18,0.0,59.18175238682418,180.78438246572478,191.7806483248937,-10.996265859168915,13717.365755978471,14091.9376953125,14466.509634646527,5.316116880911619,0.6482483914804982,0.0022051446550276537,0.002207577774633984,14237.4091796875,14091.9376953125,0,14296.849609375
14296.849609375,14359.417710543747,14202.996993859031,14265.565095027778,13914747.0,2025-02-19,0.0,62.11808659020052,177.26643586083264,188.8778058320815,-11.611369971248848,13806.071985404058,14124.786083984374,14443.50018256469,4.512834342202117,0.7699339724177052,0.006586202331460906,0.0066079390566566865,14259.30810546875,14124.786083984374,0,14296.849609375
14296.849609375,14390.702224890969,14296.849609375,14390.702224890969,16442672.0,2025-02-20,0.0,62.11808659020052,172.49007956513924,185.60026057869305,-13.110181013553813,13837.743802916166,14145.12080078125,14452.497798646333,4.34604981030783,0.7468122365167169,0.0,0.0,14274.9501953125,14145.12080078125,0,14328.1328125
14328.1328125,14484.553524995887,14265.564713006781,14328.1328125,31140100.0,2025-02-21,0.0,63.14304245627998,169.27774733700244,182.33575793035493,-13.058010593352492,13849.390017789523,14160.762890625,14472.135763460476,4.397685001019512,0.768761244919746,0.002185728194926462,0.0021881186401013775,14284.33544921875,14160.762890625,0,14390.701171875
14390.701171875,14421.984756407397,14265.56405116851,14265.56405116851,20432583.0,2025-02-24,0.0,65.17269352644854,169.82307984530235,179.83322231334444,-10.01014246804209,13859.931682250148,14179.5333984375,14499.13511462485,4.507929946729695,0.8303608252743448,0.004357311888320592,0.004366818774907966,14290.59228515625,14179.5333984375,1,14640.9736328125
14640.9736328125,14734.82624193901,14421.984829867737,14421.984829867737,57222831.0,2025-02-25,0.0,71.85027302075568,188.27978362493923,181.5225345756634,6.757249049275828,13840.449983993252,14210.817529296875,14581.185074600498,5.212473449047912,1.080715169255702,0.017241765254103796,0.017391262451243783,14315.61953125,14210.817529296875,0,14515.837890625
14515.837890625,14734.826700383155,14515.837890625,14703.542187192419,12715982.0,2025-02-26,0.0,65.12654396302347,190.6121871111227,183.3404650827553,7.271722028367407,13853.649825572826,14235.844873046875,14618.039920520925,5.369474743261221,0.8662959782297226,-0.008583689640863867,-0.008546954958449815,14346.90361328125,14235.844873046875,0,14515.837890625
14515.837890625,14547.12147629007,14359.417179722652,14515.837890625,19379698.0,2025-02-27,0.0,65.12654396302347,190.26735010330594,184.72584208686544,5.541508016440503,13873.962262590137,14260.872216796875,14647.782171003613,5.4261751781356535,0.8294896797768722,0.0,0.0,14365.67412109375,14260.872216796875,0,14390.701171875
14390.701171875,14484.552852997826,14359.416659816969,14453.269268465428,16778150.0,2025-02-28,0.0,58.7503039586602,177.84647345782287,183.34996836105694,-5.5034949032340705,13906.725201036388,14279.642724609375,14652.560248182363,5.223065181179993,0.6489048385304537,-0.008658075613239918,-0.008620702414348314,14375.05927734375,14279.642724609375,0,14453.2705078125
14453.2705078125,14453.2705078125,14359.417891116316,14390.702405856948,13958920.0,2025-03-03,0.0,60.81604717125923,171.0795630159755,180.89588729204067,-9.81632427606516,14009.69041271001,14312.49111328125,14615.291813852491,4.231278792414512,0.7324621347732452,0.004338475628407907,0.004347900438637753,14403.21513671875,14312.49111328125,1,14640.9736328125
14640.9736328125,14766.110754156392,14296.848636049483,14421.984829867737,32435106.0,2025-03-04,0.0,66.27275920881266,178.80169656705402,180.47704914704335,-1.6753525799893225,14032.697327838041,14342.210986328126,14651.72464481821,4.316121953374303,0.9826324110248356,0.012903289625695955,0.012986896280571258,14447.01279296875,14342.210986328126,0,14734.8271484375
14734.8271484375,15078.952166371366,14578.406432778735,14640.9745335371,46079952.0,2025-03-05,0.0,68.62544581393388,190.30106516471278,182.44185235057725,7.859212814135532,14044.914295266308,14375.059326171875,14705.204357077442,4.593303212383832,1.0448633003483414,0.006389874146009229,0.006410332944979835,14490.810546875,14375.059326171875,1,15078.9521484375
15078.9521484375,15078.9521484375,14703.542616808088,14828.679745701687,39345193.0,2025-03-06,0.0,75.40107655789501,224.59343583051668,190.87216904656515,33.721266783951535,13983.302771479637,14421.985498046875,14860.668224614114,6.083527495248801,1.2487947559862826,0.023085988546300656,0.02335453253257147,14569.02080078125,14421.985498046875,1,15329.224609375
15329.224609375,15579.497925443446,15078.951293306554,15172.803902772926,71977639.0,2025-03-07,0.0,78.95986528124287,268.8659631696155,206.4709278711752,62.39503529844029,13888.782405784632,14476.73271484375,15064.68302390287,8.122693436983369,1.2249693395820043,0.016461237667419387,0.016597470333071795,14669.12998046875,14476.73271484375,0,15329.224609375
15329.224609375,15579.497925443446,15297.941024569971,15485.645315977074,29478952.0,2025-03-10,0.0,78.95986528124287,300.48841663278836,225.27442562349785,75.21399100929051,13831.455850501157,14526.7873046875,15222.118758873841,9.573093342696257,1.077017837936363,0.0,0.0,14762.98232421875,14526.7873046875,1,15516.9306640625
15516.9306640625,15516.9306640625,15110.236619487103,15141.521133502783,40256297.0,2025-03-11,0.0,81.31162154518103,336.81317608319296,247.5821757154369,89.23100036775605,13762.957265034842,14583.098779296875,15403.240293558909,11.24783595961594,1.069311434994173,0.012170617050814885,0.01224498038685562,14850.57802734375,14583.098779296875,0,15391.7939453125
15391.7939453125,15642.0682090498,15391.7939453125,15579.499179352617,46993636.0,2025-03-12,0.0,75.27124442173343,351.4520023496534,268.3561410422802,83.09586130737318,13767.883665142148,14642.538623046876,15517.193580951604,11.946766615019195,0.9283147974490972,-0.008097222001006628,-0.0080645278025131,14938.1736328125,14642.538623046876,-1,15204.0888671875
15204.0888671875,15454.362190697664,15141.520768191376,15423.077677436768,35011303.0,2025-03-13,0.0,67.20636662167561,343.94239273819585,283.4733913814634,60.46900135673246,13790.501165362964,14686.33642578125,15582.171686199536,12.199574277022338,0.7889774851932596,-0.012270110607617362,-0.012195139747317452,15006.99873046875,14686.33642578125,0,15204.0888671875
15204.0888671875,15297.94147944452,15110.23625493048,15172.804353926604,29941032.0,2025-03-14,0.0,67.20636662167561,334.139224037046,293.6065579125799,40.53266612446612,13827.06850535834,14731.698388671875,15636.32827198541,12.281406521452567,0.761095994742802,0.0,0.0,15088.3375,14731.698388671875,0,15204.0888671875
15204.0888671875,15297.94147944452,15078.951741669583,15266.656966183624,38863684.0,2025-03-17,0.0,67.20636662167561,322.6508243533881,299.4154112007416,23.235413152646515,13895.568442289856,14783.317236328125,15671.066030366394,12.010143323674864,0.7369880047627735,0.0,0.0,15163.4193359375,14783.317236328125,-1,14953.8154296875
14953.8154296875,15266.656849809062,14953.8154296875,15266.656849809062,40400052.0,2025-03-18,0.0,57.03055457475929,290.00817631800237,297.53396422419377,-7.525787906191397,13973.872557617184,14820.858154296875,15667.843750976566,11.429643113265106,0.5784885102602908,-0.016597916133654956,-0.01646092966742152,15194.703515625,14820.858154296875,0,14922.5322265625
14922.5322265625,15016.383912983276,14828.67961261604,14953.815812860865,30945948.0,2025-03-19,0.0,55.89139452754308,258.63298941628636,289.7537692626123,-31.120779846325945,14041.196692897833,14852.14228515625,15663.087877414666,10.920250785220446,0.5433999161461748,-0.002094179309858812,-0.0020919880462677565,15213.4740234375,14852.14228515625,1,15172.8037109375
15172.8037109375,15235.371807282128,14953.814909968482,15016.383006313112,32094466.0,2025-03-20,0.0,62.36764179826728,251.06858259823093,282.01673192973607,-30.948149331505135,14117.29547375969,14895.939990234376,15674.584506709061,10.454452917844149,0.6777856999215928,0.016632295071841965,0.01677138173168169,15222.8591796875,14895.939990234376,0,15204.0888671875
15204.0888671875,15329.225065179748,15141.520768191376,15204.0888671875,23631465.0,2025-03-21,0.0,63.097053589622256,244.77655459151174,274.5686964620912,-29.792141870579485,14197.897920444817,14939.73779296875,15681.577665492683,9.931096285680104,0.6781725976249825,0.002059800371671939,0.0020619232177536695,15210.34560546875,14939.73779296875,0,15266.6572265625
15266.6572265625,15266.6572265625,14985.100312515044,15204.089126499252,23637385.0,2025-03-24,0.0,64.57586150100141,242.0486347689657,268.0646841234661,-26.01604935450041,14275.518269497192,14983.535595703124,15691.552921909057,9.450604254031642,0.6999397616274066,0.004106788007144638,0.004115232416855408,15204.0888671875,14983.535595703124,0,15141.521484375
15141.521484375,15360.51030498229,15110.236969634369,15329.225790241657,19338409.0,2025-03-25,0.0,59.44514081268442,227.17064824040244,259.8858769468534,-32.715228706450944,14316.319652223641,15008.56298828125,15700.806324338859,9.224645112235134,0.5960345077866414,-0.00823044679986775,-0.008196669403815249,15166.54794921875,15008.56298828125,0,15016.3828125
15016.3828125,15266.656122173925,15016.3828125,15110.235419568424,27744941.0,2025-03-26,0.0,54.75956464932377,202.9426946768217,248.49724049284706,-45.55454581602535,14381.31327683537,15033.590234375,15685.86719191463,8.677593939578971,0.4868097273128379,-0.008298944705168546,-0.008264603527732284,15129.0068359375,15033.590234375,0,14953.8154296875
14953.8154296875,15078.95162672586,14953.8154296875,15016.38352820668,18862364.0,2025-03-27,0.0,52.53012260640302,176.6568122624558,234.1291548467688,-57.472342584313026,14448.57020525294,15055.489111328125,15662.40801740331,8.062426953881214,0.41623783620605376,-0.004175312635763255,-0.00416660813684222,15103.9794921875,15055.489111328125,0,14953.8154296875
14953.8154296875,15078.95162672586,14891.247331168319,15016.38352820668,19790317.0,2025-03-28,0.0,52.53012260640302,154.04927689778378,218.11317925697182,-64.06390235918803,14560.053017992796,15083.64482421875,15607.236630444706,6.942510412142039,0.3760204103774467,0.0,0.0,15078.9521484375,15083.64482421875,0,15078.9521484375
15078.9521484375,15078.9521484375,14891.24784638564,14922.532360490462,28385385.0,2025-03-31,0.0,56.62621430281621,144.56368941095752,203.40328128776895,-58.839591876811426,14683.217216516749,15114.92890625,15546.64059598325,5.712387963065293,0.45833242570437593,0.00833339402404482,0.008368213406029446,15066.4384765625,15114.92890625,1,15391.7939453125
15391.7939453125,15391.7939453125,15016.384404757979,15110.237021778037,21129801.0,2025-04-01,0.0,64.80298907468166,160.4405526473638,194.81073555968794,-34.37018291232414,14766.09261485604,15152.469921875,15538.84722889396,5.099859085826831,0.8097024839320556,0.02053463271722743,0.020746918870447884,15110.236328125,15152.469921875,-1,15235.373046875
15235.373046875,15423.078278706744,15235.373046875,15391.793764226219,14858032.0,2025-04-02,0.0,58.831042199262164,158.5732877561186,187.56324599897408,-28.989958242855494,14843.766978064938,15177.497216796875,15511.227455528813,4.397697907170095,0.5867104975234387,-0.01021460839205958,-0.01016261645609784,15141.52041015625,15177.497216796875,-1,14171.7119140625
14171.7119140625,14828.679268935677,14171.7119140625,14766.11117026339,130954975.0,2025-04-03,0.0,35.12593290229998,70.4527672009408,164.14115023936742,-93.68838303842662,14572.102481275877,15132.135205078124,15692.167928880372,7.401899549698824,-0.3574706889402756,-0.07237203934131735,-0.06981523389942013,15041.41123046875,15132.135205078124,0,14046.576171875
14046.576171875,14046.576171875,13201.904493614711,13201.904493614711,110991454.0,2025-04-04,0.0,33.4198404585965,-9.372745627344557,129.438371066025,-138.81111669336957,14335.723152074734,15068.002783203125,15800.282414331516,9.719664134183608,-0.1974293479624571,-0.008869181723213057,-0.008829966552123314,14925.6599609375,15068.002783203125,0,14046.576171875
14046.576171875,14046.576171875,14046.576171875,14046.576171875,0.0,2025-04-07,0.0,33.4198404585965,-71.80728991585966,89.18923886964808,-160.99652878550773,14152.87403436024,15003.870361328125,15854.86668829601,11.343690747439322,-0.062454947875028755,0.0,0.0,14803.65185546875,15003.870361328125,-1,13076.767578125
13076.767578125,13702.450406006456,13076.767578125,13233.188285095364,97940904.0,2025-04-08,0.0,23.26371947811306,-197.26857522833234,31.897676050052,-229.16625127838432,13703.75493607546,14881.86220703125,16059.96947798704,15.832793699691273,-0.2660994348340579,-0.07154148881481986,-0.06904234753603633,14597.17646484375,14881.86220703125,-1,12920.3466796875
12920.3466796875,13389.608793644578,12169.527668366425,12169.527668366425,92938791.0,2025-04-09,0.0,22.09729649739934,-305.79439949120024,-35.64073905819845,-270.1536604330018,13316.448204815106,14758.28984375,16200.131482684896,19.53941349844815,-0.13735958042528532,-0.012033857645853737,-0.011961740353874872,14387.5728515625,14758.28984375,1,13796.302734375
13796.302734375,13796.302734375,13796.302734375,13796.302734375,2561169.0,2025-04-10,0.0,40.18422671173149,-317.46008195009927,-92.00460763657861,-225.45547431352065,13200.946811116486,14687.900537109375,16174.854263102265,20.247328367128585,0.20019315761187345,0.06559730768024788,0.06779663707202377,14271.82158203125,14687.900537109375,1,14672.2587890625
14672.2587890625,14703.542375127425,14015.291423865267,14077.860451046472,119848225.0,2025-04-11,0.0,52.14863770371352,-253.1052466713154,-124.22473544352599,-128.8805112277894,13194.335695018766,14661.309033203124,16128.282371387482,20.011491946075726,0.5037320909570613,0.06155791518557676,0.06349208708685117,14243.66591796875,14661.309033203124,0,14672.2587890625
14672.2587890625,14734.826888718027,14484.55356257024,14703.542375127425,48093427.0,2025-04-14,0.0,52.14863770371352,-199.8004014053604,-139.33986863589286,-60.460532769467534,13190.05993239527,14634.717529296875,16079.37512619848,19.742883236517287,0.5129931340983984,0.0,0.0,14202.99658203125,14634.717529296875,-1,14390.701171875
14390.701171875,14640.973558236712,14328.132147758939,14390.701171875,44799671.0,2025-04-15,0.0,48.5300378553222,-178.22085504493407,-147.11606591770112,-31.104789127232948,13166.146335581769,14606.56181640625,16046.977297230733,19.722854685852102,0.42507000674288303,-0.019376307612202156,-0.01918979355771644,14102.8873046875,14606.56181640625,0,14328.1328125
14328.1328125,14547.121624489106,14234.281127023009,14390.701839518895,33239646.0,2025-04-16,0.0,47.73730356046215,-164.2740043133199,-150.5476535968249,-13.726350716495006,13139.351014640783,14576.841845703126,16014.332676765469,19.722939252250697,0.41349195840806746,-0.00435731188832062,-0.004347832577976329,14012.16328125,14576.841845703126,0,14390.701171875
14390.701171875,14390.701171875,14140.427857987655,14202.995954578084,32748573.0,2025-04-17,0.0,48.64078672154986,-146.48370792885726,-149.73486446323136,3.251156534374104,13126.190492189724,14537.73671875,15949.282945310277,19.419064382143322,0.4479168502921425,0.004357311888320592,0.004366818774907966,14034.06220703125,14537.73671875,1,14547.12109375
14547.12109375,14672.258215696595,14421.984899329047,14453.269411697105,47912482.0,2025-04-18,0.0,50.92486876748199,-118.3981690401306,-143.4675253786112,25.069356338480617,13128.494826892602,14504.888330078125,15881.281833263649,18.978339879133838,0.5153418203348574,0.010810865026297115,0.010869513584279344,14084.11669921875,14504.888330078125,-1,14359.4169921875
14359.4169921875,14703.541995162966,14265.564381366681,14703.541995162966,56384288.0,2025-04-21,0.0,48.15715881648231,-110.0181091346858,-136.77764212982612,26.75953299514032,13129.833324468877,14459.526318359374,15789.219312249872,18.391930200399113,0.46235622559799755,-0.012987147701473424,-0.012903178598213882,14115.40078125,14459.526318359374,0,14453.2705078125
14453.2705078125,14484.55409502742,13483.461681161447,14296.849789160764,68879250.0,2025-04-22,0.0,49.63121355165628,-94.7118773739021,-128.36448917864132,33.65261180473922,13134.692892953053,14425.11376953125,15715.534646109447,17.891309520259398,0.5109099049745356,0.006514758303584106,0.00653602549992538,14253.05107421875,14425.11376953125,1,14640.9736328125
14640.9736328125,14828.678851065519,14453.26934208512,14672.258145029882,51400390.0,2025-04-23,0.0,52.53776895683013,-66.6670091581982,-116.02499317455269,49.35798401635449,13141.466908791397,14406.343310546876,15671.219712302354,17.55999249066157,0.5927483198911724,0.012903289625695955,0.012986896280571258,14425.11376953125,14406.343310546876,0,14547.12109375
14547.12109375,14640.973703328536,14421.984899329047,14640.973703328536,27474433.0,2025-04-24,0.0,50.954485245327064,-51.42160829722707,-103.10431619908756,51.682707901860496,13145.34611116698,14386.00859375,15626.671076333021,17.248182141668202,0.5649300282154773,-0.006430900227806738,-0.006410266244327056,14500.19560546875,14386.00859375,1,14734.8271484375
14734.8271484375,14859.963349954234,14578.406432778735,14703.542634295469,61799601.0,2025-04-25,0.0,53.94393258927774,-23.91750231088372,-87.2669534214468,63.34945111056308,13151.75234833038,14375.0591796875,15598.36601104462,17.0198510637883,0.647047314511797,0.012820774373816051,0.012903312860174543,14506.45244140625,14375.0591796875,0,14828.6796875
14828.6796875,14922.532301920412,14734.82707307959,14891.247787938377,35021019.0,2025-04-28,0.0,55.407477583748175,5.390675037371693,-68.7354277296831,74.12610276705479,13164.700776631133,14362.545556640625,15560.390336650118,16.680118093072448,0.6945720090944006,0.006349236906934997,0.00636943603864748,14522.09453125,14362.545556640625,0,14734.8271484375
14734.8271484375,14859.963349954234,14734.8271484375,14828.679763337897,20005418.0,2025-04-29,0.0,53.57407192943674,20.8046778204789,-50.8274066196507,71.6320844401296,13217.74174389734,14329.697216796874,15441.652689696408,15.519594811760992,0.6821700335644778,-0.006349236906935053,-0.006329123093920086,14556.50712890625,14329.697216796874,0,14734.8271484375
14734.8271484375,14734.8271484375,14734.8271484375,14734.8271484375,0.0,2025-04-30,0.0,53.57407192943674,32.644085381940386,-34.133108219332485,66.77719360127287,13257.923798969943,14304.669921875,15351.416044780057,14.635026583931879,0.7054735227338007,0.0,0.0,14597.1765625,14304.669921875,0,14734.8271484375
14734.8271484375,14734.8271484375,14734.8271484375,14734.8271484375,0.0,2025-05-01,0.0,53.57407192943674,41.54796212801921,-18.996894149862147,60.54485627788135,13270.953420783948,14332.82568359375,15394.697946403552,14.817347064023636,0.6892889940358837,0.0,0.0,14631.58916015625,14332.82568359375,0,14734.8271484375
14734.8271484375,14734.8271484375,14734.8271484375,14734.8271484375,0.0,2025-05-02,0.0,53.57407192943674,48.050452887735446,-5.587424742342627,53.63787763007807,13299.830919898659,14367.238232421874,15434.64554494509,14.858907401068178,0.6721877448762704,0.0,0.0,14650.359765625,14367.238232421874,0,14734.8271484375
14734.8271484375,14859.963349954234,14672.259047679132,14828.679763337897,28625229.0,2025-05-05,0.0,53.57407192943674,52.59741342155576,6.04954289043705,46.547870531118704,13333.394430663531,14401.65078125,15469.90713183647,14.83519308741007,0.6559440142829888,0.0,0.0,14687.90078125,14401.65078125,0,14734.8271484375
14734.8271484375,14859.963349954234,14672.259047679132,14828.679763337897,28625229.0,2025-05-06,0.0,53.57407192943675,55.56044616547115,15.951723545443873,39.60872262002728,13609.303641168695,14484.553759765626,15359.803878362556,12.085289379478859,0.6429724962923027,0.0,0.0,14716.0564453125,14484.553759765626,0,14734.8271484375
14734.8271484375,14828.679763337897,14703.542634295469,14766.11166257953,34600684.0,2025-05-07,0.0,53.57407192943675,57.24874308830658,24.211127454016417,33.03761563429016,14096.227369609369,14575.277783203124,15054.32819679688,6.573465298147852,0.6665266960500705,0.0,0.0,14725.441796875,14575.277783203124,-1,14547.12109375
14547.12109375,14766.110825275131,14515.837508907582,14734.826312907073,33234181.0,2025-05-08,0.0,48.213802604860746,42.9453731457852,27.957976592370173,14.987396553415024,14303.021337465896,14612.818701171875,14922.616064877853,4.240076744141558,0.39396680682501434,-0.012820774373816035,-0.012738938353098028,14725.441796875,14612.818701171875,1,14734.8271484375
14734.8271484375,14766.11166257953,14515.838332020367,14578.406432778735,31902895.0,2025-05-09,0.0,53.25099993098563,46.2233255801857,31.61104638993328,14.612279190252423,14302.381671147436,14615.947119140625,14929.512567133814,4.290730466348674,0.6895617486838944,0.012820774373816051,0.012903312860174543,14725.441796875,14615.947119140625,1,14891.2470703125
14891.2470703125,14953.815167735649,14609.6901681455,14640.973753094253,52669438.0,2025-05-12,0.0,57.00418193063326,60.74270287260515,37.437377686467656,23.305325186137495,14290.583116123587,14626.896533203126,14963.209950282664,4.598561510517358,0.8930121780524373,0.010559709951209252,0.010615660455276288,14731.69853515625,14626.896533203126,0,14891.2470703125
14891.2470703125,14953.815167735649,14609.6901681455,14640.973753094253,52669438.0,2025-05-13,0.0,57.00418193063325,71.42605883820397,44.235113916814925,27.190944921389047,14315.12073342532,14651.923828125,14988.72692282468,4.597390740636699,0.8552865842888097,0.0,0.0,14747.34052734375,14651.923828125,1,15329.224609375
15329.224609375,15329.224609375,15016.383196170853,15047.667708501525,60861325.0,2025-05-14,0.0,65.89553215564372,113.92061652748271,58.17221443894849,55.74840208853422,14280.79986374878,14701.97841796875,15123.15697218872,5.729549346980488,1.2446321579311175,0.02898751626251071,0.02941174348894271,14806.7802734375,14701.97841796875,0,15329.224609375
15329.224609375,15454.361731172045,15235.371999908628,15329.224609375,45037997.0,2025-05-15,0.0,65.89553215564372,145.91583276235906,75.7209381036306,70.19489465872846,14268.74847979061,14748.90458984375,15229.06069989689,6.5110748683502955,1.1043034831599081,0.0,0.0,14866.22001953125,14748.90458984375,1,15673.3505859375
15673.3505859375,15923.622975295117,15391.792756621717,15391.792756621717,104868145.0,2025-05-16,0.0,71.30319945627232,196.77209623042472,99.93116972898943,96.84092650143529,14181.88441250096,14805.216064453125,15428.54771640529,8.420433031690303,1.1963664678069295,0.022200743549783422,0.02244901391503129,14960.07236328125,14805.216064453125,-1,15391.7939453125
15391.7939453125,15579.499179352617,15235.373226120973,15329.225843141032,38392497.0,2025-05-19,0.0,62.56250714001259,211.91397124836294,122.32773003286414,89.5862412154988,14218.148292082064,14856.834912109374,15495.521532136685,8.59788270928064,0.9187961798700671,-0.018127348499975285,-0.017964036412075113,15025.76904296875,14856.834912109374,0,15391.7939453125
15391.7939453125,15579.499179352617,15235.373226120973,15329.225843141032,38392497.0,2025-05-20,0.0,62.56250714001259,221.36228961001507,142.13464194829433,79.22764766172074,14252.139871765863,14903.761083984375,15555.382296202886,8.744386179388579,0.8744758858191304,0.0,0.0,15091.46572265625,14903.761083984375,1,15548.2138671875
15548.2138671875,15704.63457835773,15329.22505705431,15454.362182505894,47640304.0,2025-05-21,0.0,65.30297498668162,238.72011355164977,161.45173626896542,77.26837728268436,14249.949693048446,14949.123095703126,15648.296498357806,9.354039005212899,0.9284278901411984,0.010111261476546618,0.01016255300914004,15172.80439453125,14949.123095703126,0,15673.3505859375
15673.3505859375,15986.192000160165,15548.21346373305,15767.203195709428,46097561.0,2025-05-22,0.0,67.36136347174345,259.58150743980696,181.07769050313374,78.50381693667322,14262.540290416298,15005.4345703125,15748.328850208702,9.901669643956607,0.9495363833722897,0.008016087023428695,0.008048301870485997,15285.42734375,15005.4345703125,-1,15423.0771484375
15423.0771484375,15861.05568143939,15329.22453939955,15861.05568143939,39104894.0,2025-05-23,0.0,59.72937424829871,253.00287792266863,195.46272798704075,57.54014993562788,14286.049789047642,15039.8470703125,15793.644351577359,10.024001942849491,0.7541996950970334,-0.016096951307857117,-0.015968087750461657,15354.25234375,15039.8470703125,0,15516.9306640625
15516.9306640625,15516.9306640625,15016.38400496575,15454.36256355683,27703500.0,2025-05-26,0.0,61.49137217483366,252.4523474628295,206.8606518821985,45.59169558063098,14298.531541115257,15074.259619140625,15849.987697165992,10.292088601690033,0.7853261712845975,0.006066824808888404,0.006085265263326978,15416.820703125,15074.259619140625,0,15516.9306640625
15516.9306640625,15516.9306640625,15016.38400496575,15454.36256355683,27703500.0,2025-05-27,0.0,61.49137217483366,249.14407035084332,215.3173355759275,33.82673477491582,14330.859950637245,15113.364794921876,15895.869639206507,10.355137388697907,0.7578679685424604,0.0,0.0,15479.3890625,15113.364794921876,0,15485.6455078125
15485.6455078125,15642.067143877957,15423.077409901709,15642.067143877957,27243242.0,2025-05-28,0.0,60.46854169870028,241.21718470355336,220.49730540145268,20.71987930210068,14372.837055690326,15150.905712890624,15928.974370090922,10.270919401713456,0.7151094198591422,-0.0020182301429352996,-0.0020161948859163115,15495.03115234375,15150.905712890624,0,15391.7939453125
15391.7939453125,15548.214664504027,15360.510357989622,15548.214664504027,21786032.0,2025-05-29,0.0,57.38482549325924,224.77101364423652,221.35204705000945,3.418966594227072,14424.400869825586,15183.754052734375,15943.107235643165,10.002179701692956,0.6369849348502129,-0.0060789918580713975,-0.006060552170889633,15501.2880859375,15183.754052734375,0,15329.224609375
15329.224609375,15485.645315977074,15297.941024569971,15485.645315977074,19379698.0,2025-05-30,0.0,55.35793848718705,204.3330577976867,217.9482491995449,-13.615191401858198,14482.088381511889,15213.47392578125,15944.859470050613,9.614970884854014,0.5791310988443049,-0.0040733950498082075,-0.004065110029396912,15466.87548828125,15213.47392578125,0,15391.7939453125
15391.7939453125,15454.362975009682,15110.237021778037,15297.942255818156,29121767.0,2025-06-02,0.0,56.99380613998551,190.98311853061568,212.5552230657591,-21.57210453514341,14547.148634372606,15246.322265625,15945.495896877394,9.171702120304511,0.604031154197652,0.0040733950498081746,0.004081702599571413,15466.87548828125,15246.322265625,0,15391.7939453125
15391.7939453125,15454.362975009682,15110.237021778037,15297.942255818156,29121767.0,2025-06-03,0.0,56.9938061399855,178.34731860877218,205.71364217436172,-27.36632356558954,14620.629574079827,15279.17060546875,15937.711636857672,8.620114905362941,0.5855097362773417,0.0,0.0,15466.87548828125,15279.17060546875,0,15454.3623046875
15454.3623046875,15516.93040414512,15423.077791195852,15423.077791195852,29216035.0,2025-06-04,0.0,58.74696943787977,171.40623544511982,198.85216082851335,-27.44592538339353,14704.97772891861,15315.14736328125,15925.316997643891,7.96818495949376,0.6140788836137905,0.004056806603630767,0.0040650465824392246,15457.49033203125,15315.14736328125,0,15360.509765625
15360.509765625,15516.9304787843,15329.225251982869,15485.645965142168,20466738.0,2025-06-05,0.0,55.117392803281554,156.52790522991927,190.38730970879453,-33.85940447887526,14864.294669494699,15355.816796875,15847.338924255302,6.401771183937664,0.5047739140199161,-0.006091398273475353,-0.0060728833200729415,15426.20625,15355.816796875,0,15266.6572265625
15266.6572265625,15423.077940483461,15266.6572265625,15360.509840420213,15175142.0,2025-06-06,0.0,51.67889756908952,135.60048778305645,179.4299453236469,-43.829457540590454,14983.52812301829,15382.40830078125,15781.28847854421,5.186186323538182,0.3549049555835081,-0.006128730930628088,-0.006109988567731706,15410.5642578125,15382.40830078125,0,15172.8037109375
15172.8037109375,15204.08822287263,15078.951102657742,15110.23561459287,19795327.0,2025-06-09,0.0,48.425458312624535,110.17216816334076,165.5783898915857,-55.40622172824493,15054.824048388362,15396.4861328125,15738.14821723664,4.438182601886017,0.1726554802649367,-0.00616658837881648,-0.006147613995138634,15376.1515625,15396.4861328125,0,15172.8037109375
15172.8037109375,15204.08822287263,15078.951102657742,15110.23561459287,19795327.0,2025-06-10,0.0,48.42545831262453,88.99417224289937,150.26154636184842,-61.26737411894905,15140.950103272899,15410.56396484375,15680.177826414601,3.4990784527538876,0.059072644631497695,0.0,0.0,15341.7388671875,15410.56396484375,0,15141.521484375
15141.521484375,15360.51030498229,15078.952454893737,15204.089586330552,19640187.0,2025-06-11,0.0,47.27498295331401,68.89209842283344,133.98765677404543,-65.09555835121199,15107.637309488724,15401.17880859375,15694.720307698775,3.8119354726435817,0.05771615766354157,-0.0020638584210512937,-0.0020617301296760315,15307.32646484375,15401.17880859375,0,15172.8037109375
15172.8037109375,15204.08822287263,15110.23561459287,15141.520126528,9364390.0,2025-06-12,0.0,48.5903085226685,54.85296352123987,118.16071812348433,-63.30775460224446,15083.843438136284,15393.357763671875,15702.872089207465,4.021401052160828,0.1437094594043056,0.002063858421051325,0.0020659896427701607,15285.42744140625,15393.357763671875,1,15454.3623046875
15454.3623046875,15454.3623046875,15204.088979331345,15204.088979331345,34220122.0,2025-06-13,0.0,58.60096513056747,65.68905090863882,107.66638468051522,-41.9773337718764,15100.320797217402,15382.408349609375,15664.495902001348,3.667664334228086,0.6275383377749002,0.018386717582919977,0.018556794058242287,15297.9412109375,15382.408349609375,1,15704.634765625
15704.634765625,15767.20379285972,15516.930466497874,15548.214052589556,32059097.0,2025-06-16,0.0,65.10533917321573,93.39502451020599,104.81211264645339,-11.4170881362474,15081.216748705221,15398.050390625,15714.884032544778,4.1152436039913285,0.9838254756381375,0.016064563482038982,0.016194292330107274,15329.22529296875,15398.050390625,0,15704.634765625
15704.634765625,15767.20379285972,15516.930466497874,15548.214052589556,32059097.0,2025-06-17,0.0,65.1053391732157,114.03765312100586,106.65722074136389,7.380432379641974,15068.535484565913,15413.692431640626,15758.849378715338,4.478575767688058,0.9214638245734004,0.0,0.0,15360.509375,15413.692431640626,0,15642.0673828125
15642.0673828125,15892.339778278609,15548.213843224208,15798.487166215984,33358201.0,2025-06-18,0.0,62.268791918607725,123.91994809745847,110.10976621258281,13.81018188487566,15063.123324440841,15418.385107421875,15773.646890402908,4.60828783956139,0.8148133096581448,-0.003991964807305856,-0.003984007507735865,15379.2798828125,15418.385107421875,0,15673.3505859375
15673.3505859375,15829.770365523189,15579.497976165572,15704.634170844382,39756116.0,2025-06-19,0.0,63.13366288159088,132.7458199311768,114.63697695630162,18.108842974875188,15063.123324440841,15418.385107421875,15773.646890402908,4.60828783956139,0.8588416918591514,0.001997943221611543,0.0019999404400581344,15410.56396484375,15418.385107421875,0,15704.634765625
15704.634765625,15767.20379285972,15610.782152298598,15767.20379285972,23050222.0,2025-06-20,0.0,64.02181647842582,140.6435079818839,119.83828316141808,20.80522482046581,15054.809553278292,15432.46298828125,15810.116423284207,4.894273004765755,0.860345957586244,0.0019940215856944364,0.0019960109688077488,15454.36171875,15432.46298828125,1,16205.1806640625
16205.1806640625,16330.316857655995,15954.908276875509,15986.191861511064,35949276.0,2025-06-23,0.0,74.57567622023356,185.1579676350666,132.9022200561478,52.2557475789188,14955.174821115863,15466.87548828125,15978.576155446637,6.616729636869271,1.2214229169087851,0.03137510840249709,0.031872495343420404,15557.5994140625,15466.87548828125,0,16205.1806640625
16205.1806640625,16330.316857655995,15954.908276875509,15986.191861511064,35949276.0,2025-06-24,0.0,74.57567622023356,217.92390647861248,149.90655734064075,68.01734913797173,14892.124095455754,15501.28798828125,16110.451881106746,7.859526166935485,1.077753117076893,0.0,0.0,15660.837109375,15501.28798828125,0,16205.1806640625
16205.1806640625,16518.022075571873,16205.1806640625,16330.316857655995,39444015.0,2025-06-25,0.0,74.57567622023356,241.11176276368678,168.14759842524995,72.96416433843683,14851.781167373743,15537.26474609375,16222.748324813756,8.823735579228575,0.9871859361065514,0.0,0.0,15767.20302734375,15537.26474609375,-1,16017.4765625
16017.4765625,16299.034408997262,16017.4765625,16267.748967129966,31870410.0,2025-06-26,0.0,65.56735879907097,241.55762767420129,182.82960427504023,58.72802339916106,14854.504141930553,15568.548876953126,16282.593611975699,9.172913168286454,0.8143554342800962,-0.011650573906401954,-0.011582968771138957,15851.6703125,15568.548876953126,1,16205.1806640625
16205.1806640625,16205.1806640625,15954.908276875509,16080.044470469005,29516599.0,2025-06-27,0.0,69.53095986855374,254.1277051199104,197.08922444401426,57.038480675896125,14854.025344662363,15612.3466796875,16370.668014712637,9.714379914606353,0.8908857347099093,0.01165057390640189,0.011718706178846627,15926.7521484375,15612.3466796875,0,16142.611328125
16142.611328125,16205.180351239558,16080.044160061678,16111.32774409334,16278728.0,2025-06-30,0.0,66.77174944875037,256.0887281137602,208.88912517796348,47.19960293579675,14863.711704615875,15649.887548828125,16436.063393040375,10.04704783672544,0.8133674119627687,-0.0038685431132382104,-0.003861069940198636,15970.5498046875,15649.887548828125,0,16142.611328125
16142.611328125,16205.180351239558,16080.044160061678,16111.32774409334,16278728.0,2025-07-01,0.0,66.77174944875037,254.70675207630484,218.05265055763175,36.65410151867309,14881.682963452355,15687.42841796875,16493.173872485146,10.27249888316272,0.7824607371998445,0.0,0.0,16014.3474609375,15687.42841796875,0,16267.7490234375
16267.7490234375,16361.60163926144,16142.612820689385,16205.181849589146,33918343.0,2025-07-02,0.0,69.57246699373243,260.70386048127693,226.5828925423608,34.120967938916124,14890.40737683112,15728.09775390625,16565.78813098138,10.652151203308485,0.8221066424419794,0.007722118223686359,0.007752010673420351,16076.915625,15728.09775390625,0,16299.0341796875
16299.0341796875,16455.453966617722,16267.748738260358,16299.0341796875,21245472.0,2025-07-03,0.0,70.24764462829776,264.9271475024798,234.25174353438462,30.675403968095168,14919.084894555575,15775.023974609376,16630.963054663178,10.851826043896661,0.8061025120182537,0.0019212929738019636,0.0019231398397483446,16139.483984375,15775.023974609376,0,16236.46484375
16236.46484375,16486.73909516059,16236.46484375,16361.601041929625,38811465.0,2025-07-04,0.0,67.04347342723611,260.22559176051436,239.44651317961058,20.779078580903786,14979.03192897725,15823.51435546875,16667.996781960246,10.673765732700675,0.7444991602708083,-0.0038462242750330476,-0.0038388370284833107,16192.6669921875,15823.51435546875,1,16518.0234375
16518.0234375,16580.59061192984,16330.31820410763,16330.31820410763,28213396.0,2025-07-07,0.0,73.00951819434935,276.0370174839263,246.76461404047376,29.27240344345256,15050.236302021927,15890.775341796874,16731.31438157182,10.57895567328437,0.8731225237741904,0.017192485291905524,0.017341126683643848,16223.95126953125,15890.775341796874,0,16518.0234375
16518.0234375,16580.59061192984,16330.31820410763,16330.31820410763,28213396.0,2025-07-08,0.0,73.00951819434935,285.27916564347834,254.46752436107468,30.811641282403656,15144.547542217095,15958.036328125,16771.525114032906,10.195349467580598,0.8441885856791612,0.0,0.0,16255.235546875,15958.036328125,0,16518.0234375
16518.0234375,16705.72867089237,16486.73985028508,16580.59061192984,24454069.0,2025-07-09,0.0,73.00951819434935,289.26912029106643,261.42784354707305,27.841276743993376,15273.548711789277,16026.86142578125,16780.174139773222,9.40062678498203,0.8260014085757116,0.0,0.0,16286.51982421875,16026.86142578125,0,16643.16015625
16643.16015625,16768.296364032063,16518.023948467937,16611.876568067353,38375799.0,2025-07-10,0.0,75.4740835775882,299.08105525380597,268.95848588841966,30.122569365386312,15413.994001744286,16100.379248046875,16786.764494349463,8.52632395458453,0.8953908618570771,0.007547216303838681,0.007575768325035037,16349.08818359375,16100.379248046875,0,16549.306640625
16549.306640625,16705.728283172088,16518.023054136134,16705.728283172088,21877871.0,2025-07-11,0.0,70.28998086330675,295.87324743682075,274.3414381980999,21.531809238720825,15512.419178947708,16155.12646484375,16797.833750739792,7.956697674817713,0.8066560660127702,-0.005655124478829448,-0.005639164362049032,16383.50078125,16155.12646484375,1,16768.294921875
16768.294921875,16830.863947910522,16518.022527835546,16737.0113363829,22844837.0,2025-07-14,0.0,74.66303929436347,307.4573834356288,280.9646272456057,26.4927561900231,15546.802540343184,16208.30947265625,16869.81640496932,8.16256542274249,0.9232649892728015,0.013145690239961766,0.013232474689448992,16446.069140625,16208.30947265625,0,16768.294921875
16768.294921875,16830.863947910522,16518.022527835546,16737.0113363829,22844837.0,2025-07-15,0.0,74.66303929436347,313.02948561776793,287.37759892003817,25.651886697729765,15599.456371014603,16261.49248046875,16923.5285899229,8.142378201131315,0.8827604221045515,0.0,0.0,16508.6375,16261.49248046875,0,16643.16015625
16643.16015625,16956.0016032309,16643.16015625,16768.296364032063,29332314.0,2025-07-16,0.0,68.02726179852556,303.8455446494372,290.671188065918,13.174356583519227,15697.028133158576,16311.547119140625,16926.066105122674,7.534772532532466,0.7698151275012532,-0.00749056576113222,-0.007462581389939382,16546.17861328125,16311.547119140625,0,16705.7265625
16705.7265625,16737.01014576669,16549.304936064174,16580.588519330864,26743668.0,2025-07-17,0.0,69.48746196456094,298.1785743648561,292.1726653257056,6.005909039150481,15803.362919658897,16363.16591796875,16922.9689162786,6.8422333565061555,0.8059653534953402,0.0037522379793477577,0.0037592864373479085,16586.8478515625,16363.16591796875,0,16737.01171875
16737.01171875,16830.864332421745,16611.875518871464,16737.01171875,26323486.0,2025-07-18,0.0,70.21985000554531,292.8362759297597,292.3053874465164,0.5308884832433023,15924.594806561508,16414.784765625,16904.974724688494,5.9725420230915685,0.828675595212734,0.0018709691241848001,0.0018727204789898977,16636.9025390625,16414.784765625,0,16862.1484375
16862.1484375,17300.126078077737,16830.86485033057,17081.13725778887,27247189.0,2025-07-21,0.0,73.01040389568898,295.2959652506397,292.9035030073411,2.39246224329861,15929.34051726711,16447.633154296876,16965.925791326645,6.302337025243848,0.899885367442829,0.007448834838126421,0.0074766464200901606,16671.3150390625,16447.633154296876,0,16862.1484375
16862.1484375,17300.126078077737,16830.86485033057,17081.13725778887,27247189.0,2025-07-22,0.0,73.01040389568898,293.85787608323153,293.09437762251923,0.7634984607122988,15943.935307002015,16480.48154296875,17017.027778935488,6.5112931872509385,0.8556700885652195,0.0,0.0,16705.7275390625,16480.48154296875,0,16987.283203125
16987.283203125,16987.283203125,16674.441792760845,16830.863425468553,23475262.0,2025-07-23,0.0,75.6559698800935,299.36462084713276,294.34842626744194,5.0161945796908185,15954.289918686323,16519.586669921875,17084.883421157425,6.843957570255893,0.9136734663527578,0.007393644714881273,0.007421045194140996,16752.653515625,16519.586669921875,0,17143.70703125
17143.70703125,17268.843240410308,16956.001789983784,17018.57082208969,41276393.0,2025-07-24,0.0,78.49385257652006,312.74571348013706,298.027883709981,14.717829770156072,15996.987438932078,16575.898193359375,17154.808947786674,6.984969956671443,0.9904113747656519,0.009166152066214328,0.009208289886885712,16802.708203125,16575.898193359375,1,17769.388671875
17769.388671875,17800.67225818353,17237.558429373144,17237.558429373144,60727590.0,2025-07-25,0.0,85.68312985717624,369.57734754753255,312.33777647749133,57.23957107004122,15892.316441719266,16654.10859375,17415.900745780735,9.148399000071635,1.2320107427937927,0.035846069996010296,0.036496286333200345,16924.71640625,16654.10859375,1,17988.376953125
17988.376953125,17988.376953125,17738.102704918514,17800.671730732964,37798503.0,2025-07-28,0.0,87.28520907085418,427.36099955135796,335.34242109226466,92.0185784590933,15816.784091013267,16746.396875,17676.009658986728,11.102242362051156,1.1680093580461834,0.012248585182939807,0.012323906314042787,17046.724609375,16746.396875,0,17988.376953125
17988.376953125,17988.376953125,17738.102704918514,17800.671730732964,37798503.0,2025-07-29,0.0,87.28520907085418,467.76288075605044,361.8265130250218,105.93636773102861,15801.231832055304,16838.68515625,17876.138480444697,12.322260492050662,1.0540932637945066,0.0,0.0,17168.7328125,16838.68515625,-1,16799.578125
16799.578125,18050.94377681817,16799.578125,18019.6601920381,74365150.0,2025-07-30,0.0,51.208114973224426,399.25319021692485,369.3118484634025,29.94134175352235,15862.765151157764,16865.276611328125,17867.788071498486,11.888467450299517,0.4672330497264537,-0.06837205001294064,-0.06608705339135545,17184.374609375,16865.276611328125,1,17143.70703125
17143.70703125,17425.263038097823,16799.58013724477,17018.57082208969,48735086.0,2025-07-31,0.0,56.77739778150753,368.47949140174387,369.1453770510708,-0.6658856493269241,15934.710904447444,16907.51025390625,17880.309603365058,11.507304562882702,0.6214005629604663,0.020277394833990575,0.02048437786291135,17228.17265625,16907.51025390625,0,17174.990234375
17174.990234375,17393.979059254365,16862.148790968553,17300.126440727287,37905674.0,2025-08-01,0.0,57.25504938325905,342.6653733040803,363.8493763016727,-21.184002997592415,16028.516175609644,16954.4365234375,17880.356871265354,10.922454975697717,0.6190997214041708,0.0018231001921499973,0.001824763049670386,17271.9705078125,16954.4365234375,1,17393.978515625
17393.978515625,17393.978515625,16924.717292707293,16956.00087955477,32247177.0,2025-08-04,0.0,60.542255444726706,336.0047690446045,358.28045485025905,-22.275685805654575,16076.372745744511,16998.23427734375,17920.095808942988,10.846556372363333,0.714644078701666,0.012669814493788593,0.01275041663847376,17325.153515625,16998.23427734375,0,17393.978515625
17393.978515625,17393.978515625,16924.717292707293,16956.00087955477,32247177.0,2025-08-05,0.0,60.542255444726706,326.95723272684336,352.0158104255759,-25.058577698732563,16133.090201968163,17042.03203125,17950.973860531838,10.667059275737884,0.6936023148219921,0.0,0.0,17378.3365234375,17042.03203125,1,18582.7734375
18582.7734375,18582.7734375,17300.12423926752,18082.228675785722,107935720.0,2025-08-06,0.0,73.41426221256467,410.97534211205493,363.80771676287173,47.1676253491832,16039.259930138083,17145.26953125,18251.279132361917,12.901629794691033,1.149860500670527,0.06611090828776853,0.06834519893232627,17537.885546875,17145.26953125,1,19145.890625
19145.890625,19364.879439718614,18895.61636885632,19083.321597201237,46124581.0,2025-08-07,0.0,77.20729350623773,517.0390457088761,394.4539825520726,122.58506315680347,15875.101158699024,17270.4060546875,18665.710950675977,16.158333412314477,1.172069801985411,0.02985311153187756,0.030303183181668247,17738.10390625,17270.4060546875,0,19239.744140625
19239.744140625,19364.880347034243,18989.46987275505,19333.594904143338,40956702.0,2025-08-08,0.0,77.77639364332688,601.7320962609847,435.90960529385507,165.82249096712962,15799.40815745783,17404.9279296875,19010.447701917168,18.449025226828336,1.071408786946733,0.004890043018479349,0.004902018791565155,17885.139453125,17404.9279296875,1,19896.708984375
19896.708984375,20303.40301315174,19208.457122971755,19271.026148572524,73880604.0,2025-08-11,0.0,81.2967466618791,713.6371564939946,491.45511553388303,222.18204096011152,15638.720619367987,17561.3486328125,19483.97664625701,21.896131711116745,1.1073354635508903,0.03357619353963081,0.034146235986725504,18075.97265625,17561.3486328125,1,20272.119140625
20272.119140625,20272.119140625,19802.857905007208,20209.551965236737,85954321.0,2025-08-12,0.0,82.9580172399159,823.1266929985613,557.7894310268186,265.3372619717427,15504.530075770677,17736.53984375,19968.549611729322,25.1684915732404,1.068003629117292,0.018692160279713006,0.018867952310344993,18304.346875,17736.53984375,1,21571.90625
21571.90625,21571.90625,20652.174082310758,21237.45801829439,91551385.0,2025-08-13,0.0,87.19791082265627,1003.215453195884,646.8746354606317,356.34081773525236,15231.372810792116,17982.9771484375,20734.581486082887,30.602322573539674,1.1521521013143976,0.06214533089000339,0.06411698255907772,18781.5796875,17982.9771484375,0,21571.90625
21571.90625,21571.90625,20652.174082310758,21237.45801829439,91551385.0,2025-08-14,0.0,87.19791082265627,1132.87798094939,744.0753045583833,388.80267639100657,15113.363716878366,18226.2861328125,21339.208548746632,34.158603604164725,1.0373760842965853,0.0,0.0,19224.399609375,18226.2861328125,1,23076.921875
23076.921875,23076.921875,23076.921875,23076.921875,46369035.0,2025-08-15,0.0,90.40393152836332,1341.6133675830533,863.5829171633175,478.03045041973587,14834.689507986917,18543.281640625,22251.87377326308,39.99930761460498,1.1112346777738036,0.06744123355715906,0.06976739132639231,19814.5927734375,18543.281640625,0,23244.146484375
23244.146484375,23913.0429752352,23118.72956609173,23871.238587810658,58686455.0,2025-08-18,0.0,90.68312147308191,1503.2033018178845,991.5069940942309,511.6963077236536,14693.18900196545,18862.38154296875,23031.57408397205,44.20642782043005,1.0254932337991514,0.0072202711112278675,0.0072464001170000625,20399.6095703125,18862.38154296875,0,23244.146484375
23244.146484375,23913.0429752352,23118.72956609173,23871.238587810658,58686455.0,2025-08-19,0.0,90.68312147308191,1612.674580186278,1115.7405113126404,496.93406887363767,14692.249247901123,19181.4814453125,23670.713642723877,46.80798206551912,0.952489964921524,0.0,0.0,20984.6263671875,19181.4814453125,1,23578.59375
23578.59375,24581.938444596453,23327.758045852075,23704.01254107634,62113685.0,2025-08-20,0.0,91.2721172286005,1706.7441718331866,1233.9412434167498,472.80292841643677,14741.062990810608,19511.04697265625,24281.030954501897,48.895212937886285,0.9263690185150156,0.014285919703706533,0.014388451124665691,21484.2083984375,19511.04697265625,-1,23244.146484375
23244.146484375,23662.207260663832,22449.83307523153,23578.5947298051,89002180.0,2025-08-21,0.0,85.45429670288486,1734.3157888647147,1334.0161525063427,400.299636358372,14905.360675489585,19816.0689453125,24726.77721513542,49.56289043377139,0.8490410497533095,-0.014285919703706526,-0.014184360151885622,21894.033984375,19816.0689453125,1,23578.59375
23578.59375,23996.654508916377,23202.341132780486,23453.17683692841,65722845.0,2025-08-22,0.0,86.38864387383622,1762.8327545789907,1419.7794729208724,343.0532816581183,15021.424755620581,20106.52919921875,25191.633642816916,50.581623443948274,0.8413955985852333,0.014285919703706533,0.014388451124665691,22327.9189453125,20106.52919921875,-1,21906.35546875
21906.35546875,22826.087677880023,21571.907221975005,22700.66888108759,64618845.0,2025-08-25,0.0,64.18735357715053,1631.687918904092,1462.1611621175164,169.52675678657556,15259.201461729092,20302.428125,25345.654788270906,49.681019750152736,0.6590179711167032,-0.07356245715234846,-0.0709218835940969,22528.88359375,20302.428125,0,21906.35546875
21906.35546875,22826.087677880023,21571.907221975005,22700.66888108759,64618845.0,2025-08-26,0.0,64.18735357715053,1510.3443819063323,1471.7978060752798,38.54657583105245,15529.744399829071,20498.32705078125,25466.909701733428,48.47793323468134,0.6416931665309942,0.0,0.0,22692.3072265625,20498.32705078125,1,23035.115234375
23035.115234375,23076.921496536,21822.741143724666,21906.35366804667,46498755.0,2025-08-27,0.0,70.1855546446178,1488.1062714661348,1475.0594991534508,13.04677231268397,16040.180174603036,20810.10390625,25580.02763789696,45.84238265349928,0.7332334281744111,0.05024300217905128,0.05152658858454151,22838.628125,20810.10390625,0,22909.69921875
22909.69921875,23620.400069170937,22909.69921875,23578.59380538063,44939240.0,2025-08-28,0.0,68.80659725089293,1443.7200780347375,1468.7916149297084,-25.071536894970905,16570.680256852065,21098.403515625,25626.126774397933,42.920055590175856,0.700022792870062,-0.005459433393039207,-0.005444557769689107,22972.407421875,21098.403515625,0,22742.474609375
22742.474609375,23035.116583638603,22324.413841282087,22909.699667814082,37337050.0,2025-08-29,0.0,66.91868255175888,1379.1520650197199,1450.8637049477106,-71.71163992799075,17193.19392857605,21376.777734375,25560.361540173948,39.14138845230657,0.6632209295182496,-0.007326063285956491,-0.007299293097577597,22938.9626953125,21376.777734375,0,22742.474609375
22742.474609375,22742.474609375,22742.474609375,22742.474609375,0.0,2025-09-01,0.0,66.91868255175888,1312.8477577855083,1423.2605155152703,-110.412757729762,17868.70280218705,21644.2025390625,25419.702275937947,34.88693778448611,0.6454472449813248,0.0,0.0,22888.7955078125,21644.2025390625,0,22742.474609375
22742.474609375,22742.474609375,22742.474609375,22742.474609375,0.0,2025-09-02,0.0,66.91868255175888,1245.9387107184157,1387.7961545558994,-141.85744383748374,18686.07578690935,21911.62734375,25137.178900590647,29.441460519916095,0.6287915029389264,0.0,0.0,22838.6283203125,21911.62734375,1,23787.625
23787.625,24080.266966997817,22993.309748145395,23244.145451571418,53651640.0,2025-09-03,0.0,72.75425673354916,1262.6921812345827,1362.775359891636,-100.0831786570534,19251.760212132,22171.869921875,25091.979631618,26.34067149078832,0.7766599954676365,0.044931183195236146,0.045955878090511826,22859.5314453125,22171.869921875,0,23787.625
23787.625,24080.266966997817,22993.309748145395,23244.145451571418,53651640.0,2025-09-04,0.0,72.75425673354914,1261.4284651861708,1342.5059809505433,-81.07751576437249,19772.95633966239,22403.956640625,25034.956941587614,23.486925485222827,0.7629548082660331,0.0,0.0,22913.879296875,22403.956640625,0,23620.400390625
23620.400390625,23913.042363135,23494.983475552013,23787.625448062015,32262330.0,2025-09-05,0.0,70.44824380321889,1232.7232662216193,1320.5494380047585,-87.82617178313922,20404.01579444333,22622.989453125,24841.963111806668,19.616980004162567,0.7247460066949556,-0.00705472550475574,-0.007029899343671375,22918.0599609375,22622.989453125,-1,22324.4140625
22324.4140625,22784.281099759617,22324.4140625,22742.474834735578,72299350.0,2025-09-08,0.0,55.71065304948479,1092.8017848323325,1274.9999073702734,-182.1981225379409,20923.437184624545,22744.37470703125,24565.312229437954,16.0122012221666,0.38468559756619386,-0.05642988134698784,-0.05486724639263019,22959.8658203125,22744.37470703125,0,22324.4140625
22324.4140625,22784.281099759617,22324.4140625,22742.474834735578,72299350.0,2025-09-09,0.0,55.71065304948479,970.7231109822424,1214.1445480926673,-243.4214371104249,21425.068027179273,22846.989453125,24268.910879070725,12.44734172844148,0.3162432251566108,0.0,0.0,23001.6716796875,22846.989453125,0,22282.607421875
22282.607421875,22575.251272110396,21989.96544964438,22324.41368619434,37766805.0,2025-09-10,0.0,55.27801671321857,860.6800520357901,1143.451648881292,-282.7715968455018,21562.933453298487,22882.52451171875,24202.115570139016,11.533614289319056,0.27268825595031837,-0.0018744426986859782,-0.0018726870281099428,22926.4208984375,22882.52451171875,1,22533.4453125
22533.4453125,23035.116735106414,22408.026517845996,22575.251577384668,33233045.0,2025-09-11,0.0,57.41487265732266,784.6655207511249,1071.6944232552587,-287.02890250413384,21749.239106075955,22930.60146484375,24111.963823611542,10.30380612195463,0.3319075644334912,0.011194225939328069,0.011257115734972345,22888.7955078125,22930.60146484375,0,22324.4140625
22324.4140625,22533.44538762019,21780.936373197117,22408.026592548078,35841130.0,2025-09-12,0.0,55.05413934178285,699.4930615309349,997.2541509103941,-297.7610893794591,21683.63341137496,22892.97607421875,24102.31873706254,10.565185224700485,0.2649293168977569,-0.009319783240642058,-0.009276488663899296,22846.989453125,22892.97607421875,0,22324.4140625
22324.4140625,22324.4140625,22324.4140625,22324.4140625,0.0,2025-09-15,0.0,55.05413934178285,624.7910714121972,922.7615350107548,-297.97046359855756,21624.001939341422,22846.989453125,24069.976966908576,10.705896427122457,0.2863529329877216,0.0,0.0,22805.1833984375,22846.989453125,0,22449.83203125
22449.83203125,22449.83203125,22198.99632834321,22366.219504279492,24705795.0,2025-09-16,0.0,56.304337243973514,569.1485972147566,852.0389474515553,-282.89035023679867,21587.00445756284,22807.27373046875,24027.54300337466,10.700702655887572,0.35353982635015024,0.005602251638578315,0.005617973596031556,22775.919140625,22807.27373046875,1,22993.310546875
22993.310546875,23285.95252403846,22617.05603966346,22658.8623046875,59071820.0,2025-09-17,0.0,61.32464841298149,562.422453751351,794.1156487115145,-231.6931949601635,21608.613097945316,22778.0095703125,23947.406042679686,10.267766977245516,0.5920564503357317,0.023920195581225163,0.024208578258780866,22696.4876953125,22778.0095703125,-1,22575.251953125
22575.251953125,23035.117118500697,22575.251953125,22909.700199764065,18191965.0,2025-09-18,0.0,55.99519662631364,517.3939070492379,738.7713003790592,-221.3773933298213,21593.178991875746,22744.56484375,23895.95069562425,10.124492244929831,0.4264743047044624,-0.018349067882212643,-0.01818174868284972,22575.250390625,22744.56484375,0,22408.025390625
22408.025390625,22658.86108931008,22240.80221750318,22533.444178969894,20373630.0,2025-09-19,0.0,53.974554837614455,462.8788935983066,683.5928190229088,-220.71392542460217,21595.776425177086,22686.03642578125,23776.296426385416,9.611727497405875,0.3725024145606591,-0.007435088892524887,-0.0074075169945932995,22454.012890625,22686.03642578125,-1,21864.548828125
21864.548828125,22240.803334043838,21822.742563244596,22198.997069163433,30328605.0,2025-09-22,0.0,47.92206188213936,371.53847187921565,621.1819495941701,-249.64347771495443,21587.250606009577,22683.94609375,23780.641581490425,9.669353676013111,0.12642443833098768,-0.02455262084342217,-0.024253657028047604,22408.0263671875,22683.94609375,0,21864.548828125
21864.548828125,22240.803334043838,21822.742563244596,22198.997069163433,30328605.0,2025-09-23,0.0,47.92206188213936,295.7414067502541,556.093841025387,-260.35243427513285,21578.779009604652,22681.85576171875,23784.93251383285,9.726512360384673,0.12953306194363026,0.0,0.0,22362.03984375,22681.85576171875,0,22031.771484375
22031.771484375,22198.99653990975,21864.54830684501,22115.384012142375,11615460.0,2025-09-24,0.0,49.92580864072198,246.32566839564606,494.1402064994388,-247.81453810379276,21505.242892242466,22631.68857421875,23758.134256195037,9.954588039528733,0.23371237537560144,0.0076190197260655075,0.007648118310810803,22336.95625,22631.68857421875,1,22408.025390625
22408.025390625,22408.025390625,21655.516416565046,22031.770903595025,26164915.0,2025-09-25,0.0,54.196141237447755,234.81706057200427,442.27557731395194,-207.45851674194768,21483.88910837271,22606.6048828125,23729.320657252287,9.93263499990106,0.411562883185379,0.016933601117356596,0.017077787254503818,22324.4142578125,22606.6048828125,0,22198.99609375
22198.99609375,22575.250583136392,22073.57730461963,22575.250583136392,17813155.0,2025-09-26,0.0,51.56517613222375,206.44966539739107,395.11039493063976,-188.66072953324868,21444.32170925739,22579.43095703125,23714.54020480511,10.054365408357526,0.33242367903030157,-0.009372104209048446,-0.009328322921414278,22311.8724609375,22579.43095703125,-1,21864.548828125
21864.548828125,22031.772009641816,21822.742563244596,21948.16135788581,18690950.0,2025-09-29,0.0,47.58483357417293,155.19224154522817,347.12676425355744,-191.93452270832927,21359.799080740675,22535.53466796875,23711.270255196825,10.434503592224292,0.214652747125877,-0.015180516634373677,-0.015065873439166988,22265.8859375,22535.53466796875,0,21864.548828125
21864.548828125,22031.772009641816,21822.742563244596,21948.16135788581,18690950.0,2025-09-30,0.0,47.58483357417293,113.26471868048247,300.3543551389425,-187.08963645846,21283.330080267497,22491.63837890625,23699.946677545002,10.744511167065204,0.2405092924182879,0.0,0.0,22207.3576171875,22491.63837890625,0,21906.35546875
21906.35546875,22240.803715524995,21780.936671957566,21906.35546875,22723770.0,2025-10-01,0.0,48.1648962281087,82.45975650091714,256.7754354113374,-174.31567891042027,21329.269949127705,22397.57490234375,23465.879855559793,9.539469856660716,0.2700940016635823,0.0019102485548081174,0.0019120742418989867,22098.662109375,22397.57490234375,0,22073.578125
22073.578125,22240.803183388867,21864.548680018706,21948.16120921314,13276290.0,2025-10-02,0.0,50.52348158268546,70.72480137161983,219.56530860339393,-148.8405072317741,21460.01449031768,22311.87255859375,23163.73062686982,7.635917299536238,0.36013254879654216,0.00760453454309651,0.007633522449160823,22048.4947265625,22311.87255859375,1,22408.025390625
22408.025390625,22867.89240321824,22115.383429158286,22157.18969193992,50699015.0,2025-10-03,0.0,54.9395923382791,87.40432151822097,193.13311118635934,-105.72878966813838,21658.241352313908,22251.25380859375,22844.26626487359,5.330148686280422,0.6321823684908158,0.015037837745517604,0.015151474932204811,22048.4947265625,22251.25380859375,1,22867.892578125
22867.892578125,22993.309489424446,22282.606772710264,22533.4443513186,44829760.0,2025-10-06,0.0,60.199935301587246,136.16082295480737,181.73865354004897,-45.5778305852416,21624.608923536536,22278.427734375,22932.246545213464,5.869523815898726,0.9507860847518782,0.02031468485243173,0.020522432453704553,22148.8291015625,22278.427734375,0,22867.892578125
22867.892578125,22993.309489424446,22282.606772710264,22533.4443513186,44829760.0,2025-10-07,0.0,60.19993530158724,172.8086708272931,179.95265699749783,-7.143986170204727,21600.565484529703,22305.60166015625,23010.6378357828,6.321606441003838,0.8987674231531839,0.0,0.0,22249.1634765625,22305.60166015625,-1,22449.83203125
22449.83203125,23035.115964034085,22449.83203125,22993.30970054883,25516545.0,2025-10-08,0.0,53.602432672990695,166.2024832749412,177.20262225298652,-11.000138978045328,21606.114184826532,22313.962890625,23021.811596423468,6.344446383352762,0.5959732916879016,-0.01845072365891932,-0.018281551106939742,22290.96953125,22313.962890625,0,22449.83203125
22449.83203125,22826.08652461255,22449.83203125,22742.473997642042,36998950.0,2025-10-09,0.0,53.6024326729907,159.13264991312826,173.58862778501486,-14.455977871886603,21606.4181545187,22309.7822265625,23013.1462986063,6.305431984059094,0.5995571214496,0.0,0.0,22295.1501953125,22309.7822265625,1,22867.892578125
22867.892578125,22909.69884122639,22449.831825115823,22575.25061441999,44467855.0,2025-10-10,0.0,58.83463879512244,185.12968848392484,175.89683992479686,9.232848559127973,21590.535999205676,22336.95615234375,23083.376305481826,6.683275447624096,0.8556552054155445,0.01845072365891933,0.01862198996825737,22362.03984375,22336.95615234375,0,22867.892578125
22867.892578125,22909.69884122639,22575.25061441999,22700.66752571944,53417385.0,2025-10-13,0.0,58.83463879512244,203.3879986065258,181.39507166114268,21.992926945383118,21580.9654851996,22364.130078125,23147.2946710504,7.003756374064707,0.821619813095908,0.0,0.0,22462.37421875,22364.130078125,0,22867.892578125
22867.892578125,22909.69884122639,22575.25061441999,22700.66752571944,53417385.0,2025-10-14,0.0,58.83463879512244,215.3751304848447,188.19108342588308,27.184047058961625,21570.54711272936,22385.03310546875,23199.519098208137,7.277058639153017,0.7964197524332088,0.0,0.0,22562.70859375,22385.03310546875,-1,22617.0546875
22617.0546875,23160.5342223157,22617.0546875,22993.309172217116,56811495.0,2025-10-15,0.0,54.25007536697007,202.30248036261764,191.01336281323,11.28911754938764,21594.640327360823,22366.2203125,23137.80029763918,6.899511623856794,0.6625459316150825,-0.011029602038161251,-0.010968998991404466,22633.778515625,22366.2203125,0,22784.28125
22784.28125,23118.729494392865,22658.86245410087,22700.66871940058,36209245.0,2025-10-16,0.0,56.673953398384285,203.09494487810662,193.42967922620534,9.66526565190128,21587.703029072887,22376.67177734375,23165.64052561461,7.0517077438628535,0.7583178823936856,0.007366625465480779,0.007393825801395026,22704.848828125,22376.67177734375,0,22742.474609375
22742.474609375,23035.116583638603,22700.668344765232,22826.087138594543,30455220.0,2025-10-17,0.0,55.87691817118691,198.06634665801175,194.35701271256664,3.7093339454451097,21587.628651869814,22393.39423828125,23199.159824692684,7.196457828925175,0.7166140978100208,-0.0018365750683097583,-0.0018348895963088419,22738.29375,22393.39423828125,-1,21112.0390625
21112.0390625,22658.861417822984,21112.0390625,22533.444505664476,85709730.0,2025-10-20,0.0,35.12814952845868,61.80616087551607,167.84684234515655,-106.04068146964048,21391.364769627326,22355.76875,23320.172730372673,8.627786332533734,-0.14481779047582632,-0.07439085482361785,-0.07169121104362564,22562.7083984375,22355.76875,0,21112.0390625
21112.0390625,22658.861417822984,21112.0390625,22533.444505664476,85709730.0,2025-10-21,0.0,35.12814952845868,-45.65473865066815,125.14652614599161,-170.80126479665978,21223.16819312417,22318.14326171875,23413.11833031333,9.812420825102766,-0.0507450506461327,0.0,0.0,22387.123046875,22318.14326171875,0,21153.845703125
21153.845703125,21739.129644981385,20735.78493979697,21195.65196725828,59418660.0,2025-10-22,0.0,35.83667867798468,-125.9924665070721,74.91872761537888,-200.91119412245098,21066.364812995504,22274.24697265625,23482.129132316993,10.845548773375233,0.03621251023115821,0.001978269447862753,0.0019802275138480763,22257.5244140625,22274.24697265625,0,21279.263671875
21279.263671875,21446.486843930696,20735.784137183422,21404.6805814156,34035745.0,2025-10-23,0.0,38.02356983309012,-177.49446698993052,24.436088694317007,-201.9305556842475,20933.200268618693,22217.80888671875,23502.417504818808,11.563774129571925,0.13469604608761546,0.005911343090995125,0.005928849558143101,22140.467578125,22217.80888671875,0,21070.232421875
21070.232421875,21488.293170262863,21070.232421875,21321.06811970584,22890520.0,2025-10-24,0.0,35.83156148239836,-232.49716575011917,-26.950562194570225,-205.54660355554893,20777.903347970434,22161.370703125,23544.83805827957,12.48539518324544,0.10565087525028939,-0.0098718032954158,-0.00982323698898846,21960.7015625,22161.370703125,-1,19899.666015625
19899.666015625,20610.3687757555,19899.666015625,20526.756244444892,60174900.0,2025-10-27,0.0,26.587918282945566,-366.31942464200256,-94.8243346840567,-271.4950899579459,20350.905427136226,22063.1265625,23775.347697863777,15.521110577990193,-0.1317701908332524,-0.057158310238609324,-0.05555545770984116,21663.87890625,22063.1265625,0,19899.666015625
19899.666015625,20610.3687757555,19899.666015625,20526.756244444892,60174900.0,2025-10-28,0.0,26.58791828294558,-466.99134343602054,-169.25773643444947,-297.73360700157104,19998.123347137935,21964.882421875,23931.64149661207,17.908214002350913,-0.025030348856048174,0.0,0.0,21367.05625,21964.882421875,0,20066.888671875
20066.888671875,20066.888671875,19356.187808462273,19899.66549166165,56947770.0,2025-10-29,0.0,29.59702027270363,-527.2038161414675,-240.8469523758531,-286.35686376561443,19730.434175625618,21872.90908203125,24015.38398843688,19.590214528580372,0.07852005529760021,0.008368178512755706,0.008403289588815088,21112.0396484375,21872.90908203125,1,20359.53125
20359.53125,20568.562578976485,20108.695533233054,20234.114330618948,27723510.0,2025-10-30,0.0,34.64562224281869,-545.0261025857144,-301.68278241782536,-243.34332016788903,19543.779355437735,21787.20673828125,24030.634121124764,20.59398811231452,0.18180929340541221,0.014478041364865349,0.014583355841065515,20869.5646484375,21787.20673828125,-1,20025.083984375
20025.083984375,20401.336603701664,19941.471456522515,20401.336603701664,28173390.0,2025-10-31,0.0,31.835848558059155,-579.4578626977527,-357.23779847381087,-222.22006422394185,19313.117236293667,21668.05966796875,24023.002099643836,21.736532645387957,0.1511643636177779,-0.016563481410899507,-0.016427061189092984,20597.8255859375,21668.05966796875,-1,19314.380859375
19314.380859375,20066.887960672197,19314.380859375,19816.052260239798,34455380.0,2025-11-03,0.0,26.85219324082,-656.5250709029351,-417.09525295963573,-239.42981794329938,18985.182610424934,21490.38408203125,23995.585553637568,23.31462724950542,0.0657029489805837,-0.03613574622941836,-0.035490643912132414,20418.059765625,21490.38408203125,1,20066.888671875
20066.888671875,20359.530645751955,19397.992195012022,19648.829782339228,43960475.0,2025-11-04,0.0,37.9314502537209,-649.3944817941447,-463.5550987265375,-185.83938306760717,18856.22749278917,21350.33388671875,23844.440280648327,23.363628945222906,0.2427043974612442,0.03822118627545259,0.0389610113820833,20313.5447265625,21350.33388671875,0,20066.888671875
20066.888671875,20359.530645751955,19397.992195012022,19648.829782339228,43960475.0,2025-11-05,0.0,37.9314502537209,-636.4073309904597,-498.125545179322,-138.28178581113775,18730.5717904986,21231.18671875,23731.801647001397,23.556054226992575,0.267197653320986,0.0,0.0,20204.8490234375,21231.18671875,-1,19816.052734375
19816.052734375,20150.500968955388,19732.44020622871,20066.8884408091,12325585.0,2025-11-06,0.0,35.833265040485685,-638.9894120589051,-526.2983185552387,-112.69109350366648,18591.708857017915,21099.49775390625,23607.286650794584,23.771076697065507,0.24410824190111288,-0.012578773582617862,-0.012499991483560735,20058.5279296875,21099.49775390625,-1,19481.603515625
19481.603515625,19857.85799527095,19356.18660774613,19857.85799527095,24525705.0,2025-11-07,0.0,33.19655427441367,-660.4101891830833,-553.1206926808076,-107.28949650227571,18468.271835438118,20930.18330078125,23392.09476612438,23.524987143817675,0.205801811814067,-0.017021742561534197,-0.01687769119476701,19899.6650390625,20930.18330078125,0,19314.380859375
19314.380859375,19732.439734094092,19272.574596302147,19481.604033661693,19578980.0,2025-11-10,0.0,31.931399442507654,-683.0065063552065,-579.0978554156874,-103.90865093951913,18367.70864752597,20752.50771484375,23137.306782161526,22.98323749675795,0.19848049775400295,-0.008620670131300408,-0.008583618700374496,19841.1365234375,20752.50771484375,0,19397.9921875
19397.9921875,19523.410981115034,19230.769007351406,19356.18780096644,17492765.0,2025-11-11,0.0,33.30016824293671,-686.2567741882922,-600.5296391702084,-85.7271350180838,18341.892127425384,20579.0126953125,22816.133263199616,21.74176770294416,0.23604004076366483,0.004319624531074629,0.004328967557063468,19790.969140625,20579.0126953125,1,19816.052734375
19816.052734375,19899.66526252129,19397.99197164832,19523.410763867756,20157545.0,2025-11-12,0.0,39.81672034346443,-647.6331310112182,-609.9503375384104,-37.682793472807816,18396.849285139255,20438.96259765625,22481.075910173244,19.982553446730854,0.3474840109353468,0.021322788161760056,0.0215517432337351,19765.885546875,20438.96259765625,0,19648.830078125
19648.830078125,19899.665791223404,19648.830078125,19857.859526039534,22575995.0,2025-11-13,0.0,38.208684107172886,-623.3317064450057,-612.6266113197295,-10.705095125276216,18538.58129943294,20282.1900390625,22025.798778692064,17.19349573464658,0.31837669583141065,-0.008474554851417234,-0.00843874703461589,19694.8154296875,20282.1900390625,0,19648.830078125
19648.830078125,19774.246995671794,19481.605017389524,19607.02381294113,19044920.0,2025-11-14,0.0,38.208684107172886,-597.1886335632735,-609.5390157684383,12.350382205164806,18804.7971050392,20127.5078125,21450.2185199608,13.143313318098352,0.3190542604384314,0.0,0.0,19657.1900390625,20127.5078125,1,19899.666015625
19899.666015625,20025.084812590914,19732.440953003785,19732.440953003785,19369910.0,2025-11-17,0.0,42.26501531374566,-549.8908961651869,-597.6093918477881,47.7184956826012,18825.536344946657,20066.88916015625,21308.241975365843,12.372150015901394,0.43264479587013477,0.012685149921279526,0.012765947718142101,19715.7185546875,20066.88916015625,0,19816.052734375
19816.052734375,20025.08405474072,19816.052734375,19899.66526252129,22416835.0,2025-11-18,0.0,41.291950968507976,-513.2377067232046,-580.7350548228713,67.49734809966674,18859.042538730646,20002.08984375,21145.137148769354,11.429278779852286,0.4186223052370304,-0.004210595069862191,-0.004201742943039766,19690.6349609375,20002.08984375,0,19648.830078125
19648.830078125,19899.665791223404,19565.21754775726,19857.859526039534,19068955.0,2025-11-19,0.0,39.341153631704856,-492.0116567276564,-562.9903752038284,70.97871847617205,18912.090587259667,19926.8390625,20941.58753774033,10.184741012436554,0.3630158156635043,-0.008474554851417234,-0.00843874703461589,19648.8291015625,19926.8390625,0,19523.41015625
19523.41015625,19816.052117649488,19481.60389347797,19816.052117649488,15665645.0,2025-11-20,0.0,37.89509519046022,-479.7795981430754,-546.3482197916778,66.5686216486024,19035.01768823242,19839.04638671875,20643.07508520508,8.105517602142283,0.3037158181897184,-0.006403532179776416,-0.006383073260663452,19619.56484375,19839.04638671875,0,19397.9921875
19397.9921875,19439.798452038343,19230.769007351406,19439.798452038343,30669350.0,2025-11-21,0.0,36.452181997969504,-474.73335489996316,-532.0252468133349,57.29189191337173,19173.31744220666,19755.434375,20337.551307793343,5.893233443958047,0.19298076781173396,-0.006444701130566327,-0.0064239785850039866,19611.2037109375,19755.434375,0,19356.1875
19356.1875,19565.21694143677,19272.57497222339,19439.798149771854,12110650.0,2025-11-24,0.0,35.9606691571439,-468.70452566505264,-519.3611025836785,50.65657691862589,19124.1669669871,19728.26044921875,20332.353931450398,6.124143421429444,0.1920402552232202,-0.0021574294206249157,-0.0021551038424966196,19615.384375,19728.26044921875,-1,19105.349609375
19105.349609375,19481.60410031322,19063.54522416384,19397.991573881456,21278105.0,2025-11-25,0.0,33.07855786105803,-478.6495820617456,-511.218798479292,32.569216417546386,19029.917098819617,19688.54462890625,20347.172158992882,6.690464353770991,0.05726492373121835,-0.013043755706157796,-0.012959054598174369,19586.1201171875,19688.54462890625,1,19439.798828125
19439.798828125,19607.02388951355,19105.35058335272,19147.156848699855,24880595.0,2025-11-26,0.0,39.985144683908736,-454.30688706414367,-499.83641619626235,45.52952913211868,19014.89626463661,19657.19013671875,20299.48400880089,6.5349510038300345,0.3307695915819449,0.017354070534487846,0.01750552727838528,19548.4947265625,19657.19013671875,1,19648.830078125
19648.830078125,19774.246995671794,19481.605017389524,19523.411282573394,26326145.0,2025-11-27,0.0,43.883273853303336,-413.38283101686466,-482.54569916038287,69.16286814351821,19070.846336950588,19621.655078125,20172.463819299413,5.614294400562327,0.5246682722772861,0.010695347902637717,0.010752747590040856,19548.4947265625,19621.655078125,-1,19439.798828125
19439.798828125,19648.83015486069,19439.798828125,19648.83015486069,13523310.0,2025-11-28,0.0,41.01435643558419,-393.2837662388847,-464.69331257608326,71.40954633719855,19070.392099404227,19592.3908203125,20114.38954122077,5.328586242441504,0.35383872979421205,-0.010695347902637735,-0.010638356032846685,19527.5916015625,19592.3908203125,0,19397.9921875
19397.9921875,19565.217245653377,19397.9921875,19481.60471657669,8965745.0,2025-12-01,0.0,40.44484695206979,-376.38977210384473,-447.0326044816356,70.64283237779085,19082.671047344782,19596.57138671875,20110.47172609272,5.244798482680055,0.3067921112285511,-0.0021528854077050848,-0.0021505696120946993,19477.42421875,19596.57138671875,1,19690.634765625
19690.634765625,19732.439149454538,19230.767763453434,19397.990932785582,22041360.0,2025-12-02,0.0,46.088065869209885,-335.5196875937254,-424.73002110405355,89.21033351032816,19110.963204850388,19577.75869140625,20044.55417796211,4.7686305047856425,0.6209052759395562,0.014973564877619711,0.015086230332311379,19464.882421875,19577.75869140625,1,20526.755859375
20526.755859375,20568.562124246044,19690.636195968535,19690.636195968535,65176135.0,2025-12-03,0.0,58.25819371687672,-232.97626133828817,-386.37926915090054,153.40300781261237,19005.014697793205,19600.75205078125,20196.489403769297,6.078719341427524,1.2771913276456324,0.04158606892913417,0.04246288165426049,19552.675,19600.75205078125,1,21488.29296875
21488.29296875,21739.128664228552,20735.784004309662,20735.784004309662,93042130.0,2025-12-04,0.0,67.3782749086798,-73.27715499043188,-323.75884631880683,250.48169132837495,18652.000786692926,19684.3640625,20716.727338307075,10.48917071975715,1.3736890145766447,0.04577907472081908,0.0468431113012846,19749.16328125,19684.3640625,-1,21028.42578125
21028.42578125,21571.905307786594,20986.62139736688,21571.905307786594,33861175.0,2025-12-05,0.0,60.56296440034527,15.993732803362946,-255.8083304943729,271.80206329773586,18573.32429662498,19761.70517578125,20950.08605493752,12.027108678988666,1.0329606979069281,-0.021633142699043453,-0.02140082454054293,19912.206640625,19761.70517578125,0,21153.845703125
21153.845703125,21362.875145786635,20777.59120393025,20903.00999633009,26009320.0,2025-12-08,0.0,61.70078659414335,95.75805481071438,-185.49505343335545,281.25310824406984,18533.633925138864,19853.67841796875,21173.722910798635,13.29773218886398,0.9924710084464567,0.0059465878461227245,0.005964303898907675,20091.9724609375,19853.67841796875,-1,20652.173828125
20652.173828125,21070.232704108006,20359.529985730278,20944.815792514994,39535735.0,2025-12-09,0.0,54.880171950533175,117.14080077304607,-124.96788259207516,242.10868336512124,18568.620977231196,19916.3875,21264.154022768806,13.534246838376736,0.7729650557774003,-0.02400113490456674,-0.023715398232572404,20246.6548828125,19916.3875,1,21028.42578125
21028.42578125,21279.263352576738,20568.560656493653,20652.17318026923,29745095.0,2025-12-10,0.0,58.57847572918091,162.57312733729123,-67.45968060620189,230.0328079434931,18542.005767011666,19977.00615234375,21412.006537675836,14.366520933005042,0.8663482043814684,0.01805454705844409,0.01821851569991173,20405.517578125,19977.00615234375,-1,20777.591796875
20777.591796875,21153.846306807194,20652.174878900816,21112.040041480857,17469190.0,2025-12-11,0.0,55.32286759004065,176.3060211644115,-18.706540252079215,195.0125614164907,18564.40540530992,20033.44423828125,21502.483071252576,14.66586389737407,0.7532770209649984,-0.012000042526326268,-0.011928329157128603,20518.39375,20033.44423828125,-1,20066.888671875
20066.888671875,20861.203942401582,20066.888671875,20819.397677847046,25126580.0,2025-12-12,0.0,47.30138811907074,128.36195910685274,10.707159619707177,117.65479948714557,18596.496658034448,20054.34716796875,21512.197677903052,14.538997432564779,0.5043013682887195,-0.03480396155782516,-0.03420526940503721,20581.102734375,20054.34716796875,-1,19857.859375
19857.859375,20234.11388078821,19774.24684526822,20066.888821324646,18426565.0,2025-12-15,0.0,45.22443560671664,72.66143142949295,23.098013981664334,49.56341744782861,18593.35297031315,20052.2568359375,21511.16070156185,14.551019145233706,0.43337550694119725,-0.010471259910468649,-0.010416627126056066,20627.089453125,20052.2568359375,1,20443.142578125
20443.142578125,20693.978280125517,19648.829208789237,19941.471174123963,24635300.0,2025-12-16,0.0,51.62889236346299,74.88262473577925,33.45493613248732,41.42768860329193,18619.13804212914,20083.611328125,21548.08461412086,14.58376446416306,0.6227510441597145,0.02904763294386168,0.02947363016689719,20702.340234375,20083.611328125,0,20401.3359375
20401.3359375,20652.1735128664,20359.529674938934,20526.7547251832,10953290.0,2025-12-17,0.0,51.16867447322417,72.43450998588014,41.25085090316588,31.183659082714257,18665.15388311346,20121.23662109375,21577.31935907404,14.47309392956327,0.596182486441248,-0.0020471141629998853,-0.002045020253869101,20689.7982421875,20121.23662109375,0,20401.3359375
20401.3359375,20652.1735128664,20359.529674938934,20526.7547251832,10953290.0,2025-12-18,0.0,51.16867447322417,69.6910068629004,46.93888209511279,22.752124767787606,18732.185125793414,20165.13291015625,21598.08069451909,14.212133297084566,0.5824185744663322,0.0,0.0,20581.1025390625,20165.13291015625,1,20652.173828125
20652.173828125,20652.173828125,20484.948775328015,20610.367564925753,11895140.0,2025-12-19,0.0,54.020680656358934,86.75719931654749,54.902545539399725,31.85465377714776,18826.833534839843,20227.8419921875,21628.850449535155,13.852278042203025,0.6514379994325059,0.012220198155314365,0.01229516985522161,20543.47734375,20227.8419921875,1,21112.0390625
21112.0390625,21237.45785266324,20610.3676578565,20777.590833402755,30663715.0,2025-12-22,0.0,58.774473788084784,135.8238679489914,71.08681002131806,64.73705792767333,18924.588808204004,20315.6345703125,21706.680332420998,13.694337307496662,0.7862610684282371,0.02202286545670384,0.022267158808664256,20539.2966796875,20315.6345703125,0,20986.623046875
20986.623046875,21446.488207775863,20819.397986180276,21195.65249473859,25295630.0,2025-12-23,0.0,57.04233711642805,162.71386784820788,89.41222158669603,73.30164626151185,19111.94586575833,20409.6982421875,21707.45061861667,12.717016792993768,0.722278462041787,-0.005958212464064174,-0.005940497516782717,20572.7416015625,20409.6982421875,0,21153.845703125
21153.845703125,21362.875145786635,20861.20373219681,20986.62252459665,28513905.0,2025-12-24,0.0,58.7863946850227,195.2669415686978,110.58316558309639,84.68377598560141,19241.69713903,20495.4005859375,21749.104032845,12.233997980675758,0.7626000266696569,0.007936481911926991,0.00796805926691957,20585.28359375,20495.4005859375,0,21153.845703125
21153.845703125,21362.875145786635,20861.20373219681,20986.62252459665,28513905.0,2025-12-25,0.0,58.7863946850227,218.5462222150236,132.17577690948184,86.37044530554175,19350.683004628165,20570.6513671875,21790.619729746835,11.861251652004775,0.7390202704576838,0.0,0.0,20622.908984375,20570.6513671875,-1,20777.591796875
20777.591796875,20903.010592854007,20234.114103642292,20652.174878900816,28024925.0,2025-12-26,0.0,53.15495787236481,204.2798629953104,146.59659412664757,57.68326886866282,19537.871620159134,20637.541015625,21737.210411090866,10.656980835393997,0.5636785845943583,-0.017946630372449028,-0.017786548674429303,20693.979296875,20637.541015625,0,20777.591796875
20777.591796875,20903.010592854007,20652.174878900816,20777.591796875,13165430.0,2025-12-29,0.0,53.15495787236481,190.77454038162614,155.4321833776433,35.34235700398284,19773.837953897357,20706.52099609375,21639.204038290143,9.008592436868968,0.5381001892207046,0.0,0.0,20785.9525390625,20706.52099609375,0,20903.009765625
20903.009765625,21070.23294230772,20777.5909746094,20819.397238281268,13865435.0,2025-12-30,0.0,54.82782520844864,188.02423053749226,161.95059280961308,26.073637727879174,19963.84335090729,20767.13974609375,21570.436141280214,7.736225643086553,0.5845702908325079,0.0060180680014935125,0.00603621295365242,20831.9392578125,20767.13974609375,1,21153.845703125
21153.845703125,21153.845703125,20861.20373219681,20903.00999633009,27398520.0,2025-12-31,0.0,58.05410488995942,203.73640751958374,170.30775575160723,33.428651767976504,19985.805495044777,20798.49423828125,21611.182981517726,7.814880576697305,0.7186270375965753,0.01192856237095544,0.011999991403749855,20907.190234375,20798.49423828125,0,21153.845703125
21153.845703125,21153.845703125,21153.845703125,21153.845703125,0.0,2026-01-01,0.0,58.05410488995942,213.7247352688646,178.99115165505873,34.73358361380588,20016.463702478803,20781.771875,21547.080047521195,7.3651869255849585,0.7430875832014563,0.0,0.0,20982.4412109375,20781.771875,0,21153.845703125
21153.845703125,21153.845703125,21153.845703125,21153.845703125,0.0,2026-01-02,0.0,58.05410488995942,219.1147386591074,187.01586905586845,32.09886960323894,20012.24133364344,20788.04287109375,21563.844408544057,7.463920892034317,0.7357579963256272,0.0,0.0,21032.6083984375,20788.04287109375,0,21195.65234375
21195.65234375,21530.10058475217,20066.88882611587,21195.65234375,42387275.0,2026-01-05,0.0,58.66860315221097,224.17564440036222,194.44782412476724,29.72782027559498,20009.96864535654,20790.133203125,21570.297760893456,7.50514246489955,0.7598933369806797,0.0019743636233564817,0.0019763139625634807,21040.9697265625,20790.133203125,1,22282.607421875
22282.607421875,22366.219950513685,20903.010089360592,21279.264590229894,82965715.0,2026-01-06,0.0,70.69084574514312,312.29470049365045,218.0171993985439,94.27750109510654,19849.10386017691,20871.6548828125,21894.205905448092,9.798466181784622,1.1899179150130894,0.050010355397205074,0.05128198276216356,21170.5681640625,20871.6548828125,0,22324.4140625
22324.4140625,22449.832857572117,22115.384615384617,22366.22032752404,38982585.0,2026-01-07,0.0,71.03976572094882,381.10993571068684,250.63574666097253,130.4741890497143,19725.22585049204,20936.454296875,22147.68274325796,11.57052124689279,1.072955403156938,0.0018744426986860197,0.0018762005645693858,21287.625,20936.454296875,0,22240.802734375
22240.802734375,22700.667879650708,22157.1902068686,22366.219647629852,54665135.0,2026-01-08,0.0,69.26380471747817,424.0120233298949,285.311001994757,138.70102133513785,19668.944045472952,21009.61484375,22350.28564202705,12.762450032975032,0.9591686088065945,-0.0037523177149232988,-0.003745286567921502,21396.320703125,21009.61484375,1,22826.0859375
22826.0859375,23160.534158774914,22324.412666585282,22366.218928995233,75975095.0,2026-01-09,0.0,74.13778005729952,499.48198255913667,328.14519810763295,171.33678445150372,19655.997123172274,21147.57470703125,22639.152290890226,14.106370158494336,1.0626630651441353,0.025975439117075533,0.026315740943126942,21601.1701171875,21147.57470703125,1,23578.59375
23578.59375,23578.59375,23035.116078012037,23035.116078012037,65513545.0,2026-01-12,0.0,78.7938956249105,612.9478788776651,385.1057342616394,227.84214461602568,19609.35034796027,21333.61142578125,23057.872503602233,16.164736887794312,1.1509983763757583,0.03243525390664814,0.032967010400313024,21881.2703125,21333.61142578125,-1,23035.115234375
23035.115234375,23662.205410780665,22951.502710052995,23620.399148619665,52634350.0,2026-01-13,0.0,69.11577201515979,651.5060883779079,438.38580508489315,213.12028329301472,19634.297434523607,21463.21005859375,23292.122682663896,17.042302796993386,0.929737636203489,-0.023319454973297186,-0.023049657727149175,22094.480859375,21463.21005859375,-1,22700.66796875
22700.66796875,23369.564435417105,22449.832263251024,23076.92246600084,51895245.0,2026-01-14,0.0,63.91318885583896,647.6113870148147,480.23092147087743,167.38046554393725,19741.25958460432,21578.17666015625,23415.09373570818,17.025693175862884,0.8055367396637875,-0.014625450962420824,-0.014519018560233188,22249.1630859375,21578.17666015625,0,22784.28125
22784.28125,23035.116963793444,22408.026740307425,22617.056188801158,39786320.0,2026-01-15,0.0,64.63000724623484,643.8498014082361,512.9546974583492,130.8951039498869,19872.721970419087,21697.32392578125,23521.925881143412,16.818681986806027,0.7978614927558274,0.0036765293517349814,0.0036832960759174416,22412.206640625,21697.32392578125,0,22617.0546875
22617.0546875,23160.5342223157,22617.0546875,22909.69852517252,23413425.0,2026-01-16,0.0,61.97836209120716,620.2253598200841,534.4088299306962,85.81652988938788,19996.498237704884,21795.56796875,23594.63769979512,16.50858315437876,0.7283087488423196,-0.007366625465480831,-0.007339558385235478,22558.5275390625,21795.56796875,1,22993.310546875
22993.310546875,23076.923076923078,22700.66856971154,22742.474834735578,31301390.0,2026-01-19,0.0,65.41642471612158,624.6627990977904,552.4596237641151,72.20317533367529,20044.894339639348,21889.63154296875,23734.36874629815,16.85489497352418,0.799142610100322,0.016499073960467125,0.016635935340552965,22738.293359375,21889.63154296875,0,22909.69921875
22909.69921875,23411.370628224162,22658.861636008165,23202.341187277387,32325350.0,2026-01-20,0.0,64.03082248010256,614.3509113983018,564.8378812909525,49.51303010734932,20138.755557803117,21985.7853515625,23832.81514532188,16.802036081263903,0.7501080032139053,-0.003642960277339594,-0.0036363327479331797,22801.0025390625,21985.7853515625,-1,22575.251953125
22575.251953125,22993.31085292021,22491.639421964024,22826.087668603093,31126705.0,2026-01-21,0.0,58.67696705239216,572.5910931633953,566.3885236654411,6.202569497954187,20235.402049081575,22056.8556640625,23878.309279043424,16.515986165232434,0.6423029070844414,-0.014706107604873096,-0.014598500941962578,22826.086328125,22056.8556640625,0,22533.4453125
22533.4453125,22951.504205337078,22491.639047615332,22700.66849403387,20132705.0,2026-01-22,0.0,58.023856866165325,530.0130295601084,559.1134248443745,-29.100395284266142,20344.3171326349,22125.83564453125,23907.3541564276,16.103513923883636,0.6143995039195153,-0.0018535960969487547,-0.0018518792486483804,22855.3505859375,22125.83564453125,0,22533.4453125
22533.4453125,22658.862229149203,22282.60772319199,22533.4453125,26492320.0,2026-01-23,0.0,58.023856866165325,490.6141132947414,545.4135625344479,-54.79944923970652,20542.207740821006,22213.6283203125,23885.04889980399,15.048604895969367,0.595672207256417,0.0,0.0,22826.0865234375,22213.6283203125,-1,21822.7421875
21822.7421875,22449.832393899207,21739.129659178834,22366.21986557804,36464200.0,2026-01-26,0.0,47.58207734236555,397.4607060977214,515.8229912471027,-118.36228514938125,20723.106653503055,22265.88583984375,23808.665026184448,13.857784032827169,0.35638137451321217,-0.03204801822839624,-0.03153992277451467,22650.5013671875,22265.88583984375,1,22157.189453125
22157.189453125,22240.80197778707,21822.74123248141,21864.547494812443,22081150.0,2026-01-27,0.0,51.96302149062988,346.6273546274315,481.9838639231684,-135.35650929573694,20923.226802670128,22328.59482421875,23733.962845767375,12.588056101266961,0.4390176208418084,0.015209378473176528,0.015325629691788745,22562.7087890625,22328.59482421875,0,22198.99609375
22198.99609375,22366.21926791911,21906.35413045052,22198.99609375,20648135.0,2026-01-28,0.0,52.497471322241644,306.18548814498354,446.8241887675315,-140.63870062254796,21086.030679342777,22380.85234375,23675.674008157224,11.570798506865723,0.42977556099076564,0.0018850427505950787,0.0018868205605879762,22512.5416015625,22380.85234375,0,22324.4140625
22324.4140625,22533.44538762019,21989.9658203125,22491.639122596156,22204545.0,2026-01-29,0.0,54.14567449664195,281.01582401320775,413.66251581666677,-132.64669180345902,21279.27156570668,22439.38076171875,23599.489957730817,10.33993948702183,0.45045005262696297,0.005633813763982657,0.005649713537510426,22466.5548828125,22439.38076171875,1,22742.474609375
22742.474609375,22742.474609375,22240.803190067338,22366.220105891858,32274290.0,2026-01-30,0.0,59.224438914120846,291.44310144970586,389.21863294327466,-97.77553149356879,21523.46706189811,22518.81220703125,23514.157352164388,8.840121192736381,0.6123541936369385,0.018553423656507226,0.0187266078162045,22479.096875,22518.81220703125,0,22826.0859375
22826.0859375,23076.92163395501,22533.443978635034,22742.473412680098,29874240.0,2026-02-02,0.0,60.17449591216818,302.96118144040884,371.9671426427015,-69.00596120229267,21816.734736149414,22600.33388671875,23383.933037288083,6.934403310119435,0.6440481722174075,0.003669697745644847,0.003676439330420722,22462.3744140625,22600.33388671875,1,23160.53515625
23160.53515625,23494.98339192889,22993.31009940817,22993.31009940817,58384580.0,2026-02-03,0.0,63.80713632115148,335.21247886684796,364.6162098875308,-29.403731020682812,21837.551737417936,22644.2302734375,23450.908809457065,7.12480421086185,0.8200189789108119,0.014545757337475141,0.014652061666014626,22487.4580078125,22644.2302734375,0,23244.146484375
23244.146484375,23494.984076951194,23035.117035232997,23285.952749804364,29593755.0,2026-02-04,0.0,64.67463223849686,363.3303536939238,364.35903864880936,-1.0286849548855344,21855.914109379813,22690.21689453125,23524.51967968269,7.353854650481723,0.8319715573904037,0.0036035768654664652,0.003610077554811575,22554.3474609375,22690.21689453125,-1,22617.0546875
22617.0546875,23327.75739440959,22617.0546875,23285.951131884944,29078785.0,2026-02-05,0.0,54.18471691851363,331.19509400780225,357.72624972060794,-26.531155712805685,21900.835697448878,22709.0294921875,23517.22328692612,7.117818883600122,0.44309854561723966,-0.02734908234575733,-0.026978482401861403,22562.7083984375,22709.0294921875,1,22867.892578125
22867.892578125,23494.982768636404,22115.383598309425,22575.25061441999,57451470.0,2026-02-06,0.0,57.17673680829788,322.253453403202,350.63169045712675,-28.37823705392475,21901.436373957127,22711.11982421875,23520.80327448037,7.130282051510199,0.5968111388812473,0.011029602038161338,0.011090652345799645,22596.153125,22711.11982421875,0,23076.921875
23076.921875,23494.982625461576,22909.698701618192,23244.145048381804,29225870.0,2026-02-09,0.0,59.547551545306135,328.25019224257994,346.1553908142174,-17.90519857163747,21963.066329272726,22686.03623046875,23409.006131664777,6.373699608440475,0.7703332765891067,0.009099209196368136,0.009140732848944344,22721.57109375,22686.03623046875,0,23285.951171875
23285.951171875,23829.430707624044,22993.309211704607,23244.14490927856,59016275.0,2026-02-10,0.0,61.823679197305026,345.8824507165373,346.1008027946814,-0.2183520781441075,21942.18048869579,22698.57802734375,23454.975565991706,6.664712985428133,0.8882701321193923,0.009017159613681202,0.00905793666968413,22834.447265625,22698.57802734375,1,24247.490234375
24247.490234375,24665.550993658802,23453.176857541002,23494.98312126986,120263895.0,2026-02-11,0.0,70.14531568772063,432.4591886865419,363.37247997305354,69.08670871348835,21750.23389348954,22775.919140625,23801.604387760457,9.006751743388142,1.2173599785410858,0.04046289181276273,0.04129266850225788,23039.2966796875,22775.919140625,-1,23704.01171875
23704.01171875,24498.3269453347,23662.205456508207,24498.3269453347,32181485.0,2026-02-12,0.0,61.928469655070884,452.00724495293616,381.0994329690301,70.90781198390607,21715.357282229783,22821.9056640625,23928.454045895214,9.697247882109949,0.8985844944377929,-0.022668811888045926,-0.022413804908127166,23177.2564453125,22821.9056640625,0,23662.20703125
23662.20703125,23913.042743389422,23662.20703125,23913.042743389422,24577685.0,2026-02-13,0.0,61.333314507447135,458.8367470710218,396.64689578942847,62.18985128159335,21711.076682639938,22874.16328125,24037.24987986006,10.169435133511058,0.8387726034079263,-0.0017651693319794823,-0.0017636123368489631,23269.2296875,22874.16328125,0,23662.20703125
23662.20703125,23662.20703125,23662.20703125,23662.20703125,0.0,2026-02-16,0.0,61.333314507447135,458.95858779520495,409.1092341905838,49.84935360462117,21692.77822125211,22907.60810546875,24122.43798968539,10.606344220867156,0.8105780223162025,0.0,0.0,23352.841796875,22907.60810546875,0,23662.20703125
23662.20703125,23662.20703125,23662.20703125,23662.20703125,0.0,2026-02-17,0.0,61.333314507447135,453.8237497552327,418.0521373035136,35.771612451719136,21684.38941026333,22945.23349609375,24206.07758192417,10.99003055292568,0.7843228370635666,0.0,0.0,23403.008984375,22945.23349609375,0,23662.20703125
23662.20703125,23662.20703125,23662.20703125,23662.20703125,0.0,2026-02-18,0.0,61.333314507447135,444.62894787485493,423.3674994177819,21.261448457073016,21712.454851875453,22999.58125,24286.707648124546,11.192607240399619,0.757405093320867,0.0,0.0,23444.8150390625,22999.58125,0,23662.20703125
23662.20703125,23662.20703125,23662.20703125,23662.20703125,0.0,2026-02-19,0.0,61.333314507447135,432.35804671074584,425.16560887637473,7.1924378343711055,21756.028785735383,23056.0193359375,24356.009886139618,11.276799618014003,0.7331508083725115,0.0,0.0,23549.3302734375,23056.0193359375,0,23662.20703125
23662.20703125,23662.20703125,23662.20703125,23662.20703125,0.0,2026-02-20,0.0,61.333314507447135,417.8169355797654,423.6958742170529,-5.87893863728749,21809.985435590854,23112.457421875,24414.929408159143,11.270735625467573,0.711040857371296,0.0,0.0,23628.76171875,23112.457421875,0,23704.01171875
23704.01171875,24122.072463163244,23662.205456508207,24080.26620092145,21891400.0,2026-02-23,0.0,61.904428032065,404.99772745059454,419.95624486376124,-14.958517413166703,22030.652090464995,23206.5208984375,24382.389706410002,10.133951686413063,0.711541805063399,0.0017651693319794834,0.0017667281604285545,23691.470703125,23206.5208984375,0,23620.400390625
23620.400390625,23829.43171242127,23536.78973991127,23829.43171242127,31265165.0,2026-02-24,0.0,59.995757944783975,383.66898006363044,412.6987919037351,-29.029811840104685,22200.615490158078,23279.6814453125,24358.747400466924,9.270452928570458,0.6578767932047952,-0.0035335426852761854,-0.0035273070700881926,23724.915625,23279.6814453125,1,24038.4609375
24038.4609375,24498.32796326294,23662.206439694826,23829.43149561035,32301660.0,2026-02-25,0.0,65.69171725548387,395.9356862198438,409.3461707669569,-13.410484547113128,22369.603655383627,23371.6546875,24373.70571961637,8.574925870801128,0.8327207041500074,0.017544324750467532,0.017699130411054753,23704.0126953125,23371.6546875,0,24080.267578125
24080.267578125,24331.10328791692,23787.625603700293,24163.88010739057,18465205.0,2026-02-26,0.0,66.20985080185153,404.36926851494354,408.35079031655425,-3.981521801610711,22539.404685692323,23459.44736328125,24379.49004087018,7.8436858579113835,0.837386639753862,0.0017376457123432702,0.0017391562934789828,23741.63828125,23459.44736328125,-1,23829.431640625
23829.431640625,24122.07361225329,23829.431640625,24038.461083786704,17075775.0,2026-02-27,0.0,60.323348202105734,386.35887480295423,403.95240721383425,-17.593532410880016,22645.09531911001,23513.79521484375,24382.495110577493,7.388853120446931,0.6816717299791137,-0.010471292183290553,-0.010416659062703504,23758.3607421875,23513.79521484375,-1,23118.728515625
23118.728515625,23578.59365844306,23076.922252095224,23411.370482328693,58851710.0,2026-03-02,0.0,47.45087243870566,311.1509509567768,385.3921159624228,-74.241165005646,22699.555017883813,23528.42734375,24357.29966961619,7.045709547488024,0.2528576987433753,-0.0302783929509942,-0.029824594044801978,23704.012890625,23528.42734375,0,23118.728515625
23118.728515625,23578.59365844306,23076.922252095224,23411.370482328693,58851710.0,2026-03-03,0.0,47.45087243870566,248.68148411482252,358.04998959290276,-109.36850547808024,22693.357526513493,23526.33701171875,24359.31649692401,7.081250980892956,0.2553310115474748,0.0,0.0,23649.6650390625,23526.33701171875,-1,22533.4453125
22533.4453125,22909.69981845721,22031.772011888785,22658.862229149203,48420980.0,2026-03-04,0.0,39.417269190416654,150.21493424161235,316.4829785226447,-166.26804428103236,22553.082655765633,23490.801953125,24428.521250484366,7.983714640569101,-0.0104708004415244,-0.025642383434871775,-0.02531640971212712,23536.7888671875,23490.801953125,0,22617.0546875
22617.0546875,23035.11543474176,22575.25030298005,22951.50290969247,19905005.0,2026-03-05,0.0,40.95514697523272,78.02661956326483,268.79170673076874,-190.7650871675039,22553.082655765633,23490.801953125,24428.521250484366,7.983714640569101,0.03411043790743857,0.0037035900186943587,0.0037104567828170065,23432.2736328125,23490.801953125,-1,22324.4140625
22324.4140625,22700.66856971154,22282.60779747596,22658.8623046875,25491590.0,2026-03-06,0.0,37.3786270774896,-2.764920364938007,214.48038131162738,-217.2453016765654,22423.9485007965,23463.62802734375,24503.307553891,8.862052580578258,-0.04786784569426539,-0.01302337325933625,-0.012938936083562447,23298.4943359375,23463.62802734375,-1,20777.591796875
20777.591796875,21446.488286086715,20777.591796875,20819.398062201337,84015895.0,2026-03-09,0.0,24.967376390529395,-189.4248555110753,133.69933394708687,-323.12418945816216,21763.510874588246,23348.6615234375,24933.81217228675,13.578085812397173,-0.31098592377607104,-0.07180579209169671,-0.06928837018048839,23005.85234375,23348.6615234375,1,22198.99609375
22198.99609375,22198.99609375,21404.680851933757,21822.741604363608,43521175.0,2026-03-10,0.0,43.524613162693775,-220.12132967245634,62.93520122317824,-283.0565308956346,21627.67127651333,23294.31376953125,24960.95626254917,14.309436281380163,0.17139993118803984,0.06617197832771403,0.06841044480856451,22863.7119140625,23294.31376953125,0,22408.025390625
22408.025390625,22575.250441751527,22115.383429158286,22198.99595472155,25544490.0,2026-03-11,0.0,45.65329433656406,-224.98806688952027,5.350547600638535,-230.33861449015882,21554.257630242137,23202.34052734375,24850.423424445362,14.206177994494665,0.2590184516459503,0.009372104209048516,0.009416159901656673,22700.668359375,23202.34052734375,-1,21948.16015625
21948.16015625,22408.025288747776,21739.128843292197,22157.189591203107,21936940.0,2026-03-12,0.0,41.91060771201881,-262.92147723036396,-48.30385736556197,-214.617619864802,21393.533220810696,23114.54794921875,24835.562677626807,14.89118223024755,0.16113369812713227,-0.020735854815241695,-0.020522345291852262,22487.4576171875,23114.54794921875,0,21864.548828125
21864.548828125,22157.19080428303,21571.90685196697,21906.355093005404,19911905.0,2026-03-13,0.0,41.24848486873781,-296.3149790033276,-97.9060816931151,-198.40889731021252,21237.578369295556,23024.6650390625,24811.751708829444,15.523237074112151,0.1754169144217298,-0.0038167660281803626,-0.003809491434806689,22290.9693359375,23024.6650390625,0,21822.7421875
21822.7421875,22157.190422779895,21822.7421875,21864.548451660583,14315430.0,2026-03-16,0.0,40.90054154802597,-322.4361727613068,-142.81209990675347,-179.62407285455333,21095.133271421633,22932.691796875,24770.250322328364,16.02566800033275,0.19798251484230955,-0.0019139045893979375,-0.0019120742418989867,22161.370703125,22932.691796875,0,22031.771484375
22031.771484375,22366.219717439744,21948.160834612383,22073.57774825869,10941675.0,2026-03-17,0.0,43.46821490321928,-322.5523074618759,-178.76014141777796,-143.79216604409794,21005.235638113278,22851.17001953125,24697.104400949225,16.15614762692873,0.27805317908244875,0.00953292431546349,0.009578507369927713,22052.675,22851.17001953125,0,21989.96484375
21989.96484375,22491.638123754616,21530.099704917557,22324.413071084833,17168925.0,2026-03-18,0.0,43.06521431427692,-322.3024890866873,-207.46861095155984,-114.83387813512743,20924.815452147035,22767.55791015625,24610.300368165466,16.187440614236426,0.2890120067981953,-0.0018993641178438928,-0.001897561467295028,21998.326953125,22767.55791015625,0,22073.578125
22073.578125,22157.190654194434,21655.517357032622,21780.936150824273,22682830.0,2026-03-19,0.0,44.1798666338408,-311.76379425897903,-228.3276476130437,-83.43614664593534,20870.9801947207,22688.12646484375,24505.2727349668,16.018477972950272,0.33090289704577946,0.003795127489682995,0.003802338104863523,21943.979296875,22688.12646484375,-1,21697.322265625
21697.322265625,22031.77048349613,21697.322265625,21989.964221511655,15301785.0,2026-03-20,0.0,40.35149530345368,-329.9688307485703,-248.65588424014902,-81.3129465084213,20782.038550415044,22589.8822265625,24397.725902709954,16.005782217152838,0.25314238373763637,-0.01719247828221056,-0.01704553096214434,21881.2701171875,22589.8822265625,-1,20903.009765625
20903.009765625,21446.48743734978,20777.5909746094,21404.681173677913,24922915.0,2026-03-23,0.0,33.710314963958055,-403.8356675338764,-279.6918408988945,-124.1438266349819,20572.746331880935,22449.83212890625,24326.917925931568,16.72249294557881,0.08797238630952431,-0.03729569850754084,-0.03660878011930657,21893.8119140625,22449.83212890625,1,21404.681640625
21404.681640625,21739.129879291242,21237.458460294274,21530.100434376636,14997265.0,2026-03-24,0.0,40.383942066056605,-417.0870206558793,-307.1708768502915,-109.91614380558781,20491.542516687092,22339.04619140625,24186.54986612541,16.54057795385988,0.2471278234606801,0.023716509827764836,0.02399998280749971,21814.38046875,22339.04619140625,1,21739.12890625
21739.12890625,21948.160219813173,21613.711996116803,21697.322643537365,15899325.0,2026-03-25,0.0,44.402444680414995,-396.0364525317418,-324.9439919865816,-71.09246054516024,20543.19163128884,22224.07958984375,23904.96754839866,15.126727311785416,0.355745684557503,0.015504145825513922,0.015624958653448706,21747.4908203125,22224.07958984375,0,21571.90625
21571.90625,22031.771394842246,21488.29372257241,22031.771394842246,15736140.0,2026-03-26,0.0,42.84727991488087,-388.3703053258614,-337.62925465443755,-50.741050671423864,20641.49210053043,22098.6615234375,23555.830946344566,13.187852317314475,0.31925393672253405,-0.007721980626369045,-0.007692242728360776,21709.8654296875,22098.6615234375,1,21864.548828125
21864.548828125,21906.355093005404,21404.681792445353,21530.100587086567,14796705.0,2026-03-27,0.0,46.38621865485088,-354.5934851252314,-341.02210074859636,-13.571384376635024,20790.625466322002,22000.4173828125,23210.209299302995,10.997899680172688,0.4438463123965807,0.013474718664937088,0.013565911826869836,21709.8654296875,22000.4173828125,-1,21530.099609375
21530.099609375,21822.741572243754,21446.487083411153,21571.905872356925,12896675.0,2026-03-30,0.0,43.10144586625577,-350.7689228156196,-342.971465162001,-7.797457653618608,20816.30925568642,21920.9859375,23025.66261931358,10.078713475417375,0.3230765912958026,-0.015414612314987315,-0.015296415278406639,21680.601171875,21920.9859375,1,22115.384765625
22115.384765625,22324.41421416042,21697.323990549336,21697.323990549336,24110555.0,2026-03-31,0.0,49.80083036806364,-297.08569004808305,-333.79431013921743,36.70862009113438,20913.922022275434,21870.81875,22827.715477724563,8.750442666665736,0.6277912279032257,0.026821571665226585,0.027184507590255036,21688.9625,21870.81875,0,22157.189453125
22157.189453125,22658.860845088042,22157.189453125,22575.250198430662,21789855.0,2026-04-01,0.0,50.251394627706354,-248.30573842054582,-316.6965957954831,68.3908573749373,20936.04230624023,21852.00595703125,22767.969607822273,8.383337004320147,0.6665914885542639,0.0018885145335395144,0.00189029890020187,21705.6849609375,21852.00595703125,0,21989.96484375
21989.96484375,22198.996159587223,21655.516616415167,22157.18989641978,26900455.0,2026-04-02,0.0,48.380744180468206,-220.5979874554323,-297.47687412747297,76.87888667204066,20974.69878403625,21820.65146484375,22666.604145651254,7.7536885841420045,0.6000726061560742,-0.007575818275556919,-0.007547194093762366,21697.3236328125,21820.65146484375,-1,21697.322265625
21697.322265625,22115.38300746508,21697.322265625,21989.964221511655,12620905.0,2026-04-03,0.0,45.20904586411088,-219.720405467604,-281.9255803954992,62.2051749278952,20976.11057061551,21789.296875,22602.48317938449,7.464089447672824,0.44344800885166363,-0.013397350792527544,-0.013308005729175787,21697.3236328125,21789.296875,-1,21446.48828125
21446.48828125,21739.130260463524,21404.682015933093,21739.130260463524,13403365.0,2026-04-06,0.0,42.6293887777764,-236.53845359859042,-272.8481550361175,36.30970143752705,21140.232200030983,21822.74169921875,22505.251198406517,6.255029808763219,0.22436030676751206,-0.011627939555624725,-0.011560596340148166,21751.671484375,21822.74169921875,0,21404.681640625
21404.681640625,21571.906698960516,21279.264724878154,21530.100434376636,17612480.0,2026-04-07,0.0,42.19720949198466,-250.35439479268462,-268.34940298743095,17.995008194746333,21100.260493367397,21783.0259765625,22465.791459757605,6.268784547470376,0.22293243782112265,-0.0019512491241512094,-0.0019493466751641098,21751.671484375,21783.0259765625,1,22240.802734375
22240.802734375,22282.607120123448,21822.741974847744,22115.383943115397,38416095.0,2026-04-08,0.0,52.55669856214945,-191.62669001834,-253.00486039361277,61.37817037527276,21120.63467053179,21774.66484375,22428.695016968213,6.007258232550378,0.8563580930305762,0.038318896547514886,0.039062533504963914,21801.8388671875,21774.66484375,0,22157.189453125
22157.189453125,22324.412624444452,22031.770666131895,22157.189453125,17223665.0,2026-04-09,0.0,51.56150875659479,-150.10118090717515,-232.42412449632525,82.3229435891501,21112.982509022382,21785.11630859375,22457.25010816512,6.170578022631233,0.7767850276005505,-0.0037665387996544115,-0.003759454289874564,21860.3671875,21785.11630859375,0,22324.4140625
22324.4140625,22658.8623046875,22282.60779747596,22408.026592548078,34876395.0,2026-04-10,0.0,53.45960199354148,-102.51654047498596,-206.44260769205738,103.92606721707142,21094.35935570923,21808.1095703125,22521.859784915767,6.545732103023727,0.8616842990894823,0.007518856514577694,0.007547194093762366,21906.3537109375,21808.1095703125,0,22115.384765625
22115.384765625,22282.607948852372,21948.161582397624,22031.772235008902,17283925.0,2026-04-13,0.0,50.78093175406781,-80.74154911244477,-181.30239597613487,100.5608468636901,21095.85085093532,21822.74169921875,22549.63254750218,6.661773834856442,0.7012978063331884,-0.009407371048117152,-0.009363260163953058,21964.8822265625,21822.74169921875,0,22324.4140625
22324.4140625,22408.026592548078,22157.190880408656,22324.4140625,18693365.0,2026-04-14,0.0,53.30085407126214,-46.08653733567189,-154.2592242480423,108.17268691237041,21081.560056111844,21837.373828125,22593.187600138157,6.922203905670391,0.8221959247168372,0.009407371048117136,0.009451759446659214,21985.78515625,21837.373828125,0,22240.802734375
22240.802734375,22449.832175136253,22240.802734375,22324.41338387665,13286985.0,2026-04-15,0.0,52.150698622263256,-25.079821664854535,-128.42334373140474,103.34352206655021,21075.348467268814,21849.91572265625,22624.482978043685,7.089887807523983,0.7523260627143543,-0.0037523177149232988,-0.003745286567921502,21994.146484375,21849.91572265625,-1,21989.96484375
21989.96484375,22240.80242275467,21906.354195419834,22157.18989641978,14768070.0,2026-04-16,0.0,48.75189131520468,-28.345618933704827,-108.40779877186476,80.06217983815993,21075.359499549653,21845.73505859375,22616.110617637845,7.052869193715165,0.5936100473743061,-0.011342357075211336,-0.011278275052424624,21994.146484375,21845.73505859375,0,22115.384765625
22115.384765625,22240.803561549143,21989.965969700854,21989.965969700854,9894715.0,2026-04-17,0.0,50.48938333060873,-20.576256998374447,-90.84149041716671,70.26523341879226,21090.552366437278,21866.63818359375,22642.724000750222,7.098355134798538,0.6602571368606124,0.005687303742017547,0.0057035071572952845,22035.952734375,21866.63818359375,0,22031.771484375
22031.771484375,22240.80280379344,22031.771484375,22115.384012142375,15267745.0,2026-04-20,0.0,49.28962462436133,-20.924668151623337,-76.85812596405803,55.933457812434696,21291.294693804262,21923.07626953125,22554.85784525824,5.7636215644155815,0.5860227798813801,-0.0037879396241736352,-0.0037807744308371305,22094.4810546875,21923.07626953125,0,21989.96484375
21989.96484375,22240.80242275467,21989.96484375,22073.57737008489,14997955.0,2026-04-21,0.0,48.66691957190715,-24.29418476711362,-66.34533772466915,42.05115295755553,21369.32357952522,21952.3404296875,22535.357279849784,5.31166006676749,0.5322670039914161,-0.0018993641178438928,-0.001897561467295028,22153.009375,21952.3404296875,0,21906.35546875
21906.35546875,22073.57865313508,21822.742937555042,22031.772387537603,9688405.0,2026-04-22,0.0,47.377791457657025,-33.32695636310018,-59.74166145235536,26.41470508925518,21385.819929641097,21960.7017578125,22535.583585983906,5.23555061683665,0.45273264312826933,-0.0038094070534134806,-0.0038021604670169795,22119.5646484375,21960.7017578125,0,22073.578125
22073.578125,22575.25142216181,21864.548680018706,21906.354944615923,17582810.0,2026-04-23,0.0,50.21805665493499,-26.684420717640023,-53.13021330541229,26.445792587772267,21439.252028731178,21985.7853515625,22532.31867439382,4.971697067828234,0.5803178596528108,0.00760453454309651,0.007633522449160823,22111.203515625,21985.7853515625,0,21906.35546875
21906.35546875,22073.57865313508,21906.35546875,22073.57865313508,10435790.0,2026-04-24,0.0,47.45940542355515,-34.51575801002764,-49.40732224633536,14.891564236307723,21442.97740849195,21987.87568359375,22532.773958695547,4.956352154641053,0.4251968499730342,-0.007604534543096464,-0.007575693224860847,22069.39765625,21987.87568359375,0,21906.35546875
21906.35546875,21906.35546875,21906.35546875,21906.35546875,0.0,2026-04-27,0.0,47.45940542355515,-40.25807915921905,-47.5774736289121,7.3193944696930515,21503.990428403707,22006.6884765625,22509.386524721293,4.568593304659849,0.4002054929594567,0.0,0.0,22048.4947265625,22006.6884765625,0,21739.12890625
21739.12890625,21948.160219813173,21739.12890625,21906.35395710054,14458720.0,2026-04-28,0.0,44.61681079972737,-57.63827787543414,-49.58963447821651,-8.048643397217631,21474.26204157296,21987.87568359375,22501.489325614537,4.671789575416059,0.25784640730621244,-0.007662986593375942,-0.007633700764992701,21989.9662109375,21987.87568359375,0,21780.935546875
21780.935546875,21864.548073750997,21613.71237112774,21739.129283437,15283500.0,2026-04-29,0.0,45.495727818686646,-67.26339353913136,-53.124386290399485,-14.139007248731872,21454.000633228206,21969.06298828125,22484.125343334294,4.688978818330016,0.3173741105706748,0.0019212588037352066,0.0019231056039683558,21943.9794921875,21969.06298828125,0,21780.935546875
21780.935546875,21780.935546875,21780.935546875,21780.935546875,0.0,2026-04-30,0.0,45.495727818686646,-74.03790417548589,-57.30708986741677,-16.73081430806912,21436.894878249168,21958.6115234375,22480.32816862583,4.751818161466882,0.3297198506112824,0.0,0.0,21923.0765625,21958.6115234375,0,21780.935546875
21780.935546875,21780.935546875,21780.935546875,21780.935546875,0.0,2026-05-01,0.0,45.495727818686646,-78.50183240424667,-61.54603837478275,-16.955794029463917,21448.605790368758,21962.7921875,22476.97858463124,4.682340867605055,0.32316078212140836,0.0,0.0,21889.631640625,21962.7921875,0,21822.7421875
21822.7421875,22073.57789445873,21780.935923339417,21864.548451660583,11703665.0,2026-05-04,0.0,46.55505615276404,-77.76960162302566,-64.79075102443134,-12.97885059859432,21522.35898582647,21981.6048828125,22440.850779798526,4.178456481538465,0.32703961390281944,0.0019175746454346888,0.0019194143674419184,21868.7287109375,21981.6048828125,0,21697.322265625
21697.322265625,21822.741051578425,21530.09909569177,21739.128527609475,14161675.0,2026-05-05,0.0,43.804475007120935,-86.31466128448665,-69.09553307644241,-17.21912820804424,21600.070674817922,21996.2369140625,22392.40315330708,3.6021274074503626,0.12274088649315512,-0.005763790594908039,-0.005747211821383269,21839.464453125,21996.2369140625,0,21780.935546875
21780.935546875,21864.548073750997,21613.71237112774,21739.129283437,18589175.0,2026-05-06,0.0,46.09118362132049,-85.35586039207556,-72.34759853956905,-13.008261852506507,21583.51493924568,21973.2435546875,22362.972170129317,3.547301648678792,0.25327958970309694,0.00384621594947329,0.0038536221302509777,21826.9224609375,21973.2435546875,0,21822.7421875
21822.7421875,21989.965366137563,21739.129659178834,21864.548451660583,19304130.0,2026-05-07,0.0,47.24705755837597,-80.2969440830093,-73.9374676482571,-6.359476434752196,21571.35091071783,21956.52119140625,22341.69147209467,3.508481852208678,0.3263378424898929,0.0019175746454346888,0.0019194143674419184,21801.8388671875,21956.52119140625,0,21864.548828125
21864.548828125,22198.997069163433,21780.93629836419,21822.742563244596,25534600.0,2026-05-08,0.0,48.43766323555478,-72.08333810345357,-73.5666417392964,1.4833036358428302,21587.960010043626,21933.5279296875,22279.095849331377,3.1510472984707794,0.40019458167067756,0.0019139045893978319,0.001915737273794349,21797.658203125,21933.5279296875,0,21739.12890625
21739.12890625,22031.770867233736,21697.322643537365,21906.35395710054,19111620.0,2026-05-11,0.0,45.14578044355237,-74.83172219379048,-73.81965783019523,-1.0120643635952575,21569.86664622998,21914.71513671875,22259.56362720752,3.1471866126241927,0.24541539935424384,-0.005752738038567852,-0.005736222725696849,21780.935546875,21914.71513671875,0,21655.517578125
21655.517578125,21822.742638221156,21655.517578125,21739.130108173078,12953830.0,2026-05-12,0.0,43.04552338722509,-82.80208095039052,-75.61614245423429,-7.185938496156226,21576.28322878106,21881.2703125,22186.25739621894,2.7876542756725837,0.1298978769490419,-0.0038535367086040286,-0.003846121364180388,21772.5744140625,21881.2703125,0,21571.90625
21571.90625,21739.129426850428,21530.099986286205,21655.51689942284,14550145.0,2026-05-13,0.0,40.991822466193895,-94.77290010071738,-79.44749398353092,-15.32540611718646,21562.794460860365,21847.82548828125,22132.856515702137,2.6092393274907018,0.015983854849213417,-0.003868443917765029,-0.0038609711277212133,21751.671484375,21847.82548828125,0,21613.712890625
21613.712890625,21822.74233483439,21571.906626182168,21613.712890625,15046945.0,2026-05-14,0.0,42.46980693093033,-99.73671129284412,-83.50533744539356,-16.231373847450556,21533.991179840796,21829.012890625,22124.034601409203,2.7030238358685277,0.13511160004511927,0.0019361377475526037,0.0019380132724708954,21734.94921875,21829.012890625,0,21446.48828125
21446.48828125,21780.93652578043,21404.682015933093,21780.93652578043,25964125.0,2026-05-15,0.0,38.333818183844784,-115.82899133604587,-89.97006822352404,-25.858923112521836,21485.941909018868,21795.56806640625,22105.19422379363,2.8411845604943133,-0.06371171625449282,-0.007767053822546472,-0.007736968202605055,21701.5044921875,21795.56806640625,0,21321.068359375
21321.068359375,21446.487148702596,21237.457711161325,21446.487148702596,21612525.0,2026-05-18,0.0,35.53839304030818,-137.12192255837,-99.40043909049322,-37.721483467876766,21404.778318548837,21760.03291015625,22115.28750176366,3.2652027051080537,-0.11781685747547477,-0.005865206772161711,-0.005848040025492218,21651.337109375,21760.03291015625,-1,20944.81640625
20944.81640625,21404.68155890744,20944.81640625,21362.87529448317,34871335.0,2026-05-19,0.0,28.762212108677247,-182.25617635724848,-115.97158654384427,-66.28458981340421,21214.329995229782,21707.77548828125,22201.22098133272,4.546255725906613,-0.2730935764689112,-0.017804519863264028,-0.017646955902168027,21576.0865234375,21707.77548828125,-1,20568.5625
20568.5625,21153.846462877184,20484.94996873045,20986.62327834292,44781690.0,2026-05-20,0.0,23.862317254557254,-245.55533437509075,-141.88833611009358,-103.66699826499718,20941.192992633773,21640.88583984375,22340.57868705373,6.466397469938603,-0.2662814791659186,-0.018127370946069515,-0.01796405845494664,21454.84921875,21640.88583984375,0,20735.78515625
20735.78515625,20819.39768538936,20568.561975976067,20652.17450511543,21427030.0,2026-05-21,0.0,29.602436173817637,-279.0106413335161,-169.31279715477808,-109.69784417873802,20796.962965195136,21573.99619140625,22351.029417617367,7.203424153014703,-0.03936627603651193,0.008097141312354538,0.008130011820223215,21346.153515625,21573.99619140625,0,20610.3671875
20610.3671875,20819.39662166367,20484.948400198984,20777.59035923,17242295.0,2026-05-22,0.0,27.903307575392432,-312.0473079239164,-197.85969930860577,-114.18760861531061,20638.37177211838,21509.19677734375,22380.02178256912,8.097234073776631,-0.016079341113505796,-0.006066748478986463,-0.00604838291894616,21220.7353515625,21509.19677734375,0,20735.78515625
20735.78515625,20903.01021452872,20693.97889168032,20735.78515625,11710450.0,2026-05-25,0.0,32.10041968224145,-324.3697892790915,-223.16171730270293,-101.20807197638857,20535.990789905176,21450.66826171875,22365.345733532326,8.528195584898628,0.10921574680782409,0.006066748478986546,0.00608518846894035,21120.4009765625,21450.66826171875,1,21321.068359375
21321.068359375,21362.8746224842,20735.78443185566,20735.78443185566,21474525.0,2026-05-26,0.0,47.46922249726861,-283.6383748291082,-235.257048807984,-48.38132602112421,20523.777721035112,21429.765234375,22335.75274771489,8.455412398887272,0.44001193537464195,0.027834749496979058,0.028225755558071608,21086.9560546875,21429.765234375,0,21237.458984375
21237.458984375,21446.488434447863,21153.84645314392,21362.875903216784,14489195.0,2026-05-27,0.0,45.87189762315318,-255.16364556112603,-239.23836815861242,-15.925277402513615,20508.428310946212,21402.59140625,22296.75450155379,8.355652624781456,0.4076609050729732,-0.003929152993937296,-0.003921443972259353,21053.511328125,21402.59140625,-1,20903.009765625
20903.009765625,21404.681173677913,20903.009765625,21237.457996995192,11056790.0,2026-05-28,0.0,40.06427583724617,-256.6262466838052,-242.71594386365098,-13.910302820154243,20456.574091603827,21358.6951171875,22260.816142771175,8.447342130538027,0.2474366860767537,-0.015873399185817115,-0.01574808073772216,20982.441015625,21358.6951171875,0,20903.009765625
20903.009765625,21070.23294230772,20777.5909746094,20903.009765625,9397455.0,2026-05-29,0.0,40.06427583724617,-254.84764361258567,-245.14228381343793,-9.705359799147743,20413.749076230604,21314.798828125,22215.848580019396,8.454686897682144,0.27149482498927413,0.0,0.0,20928.0931640625,21314.798828125,0,20986.623046875
20986.623046875,21028.427434043868,20819.397986180276,20986.623046875,5948030.0,2026-06-01,0.0,42.1865192050463,-243.8798991851363,-244.88980688777764,1.0099077026413283,20393.85229323286,21272.99287109375,22152.13344895464,8.265321040515055,0.33713081193707406,0.003992080459028543,0.004000059426250813,20894.6486328125,21272.99287109375,-1,20610.3671875
20610.3671875,21028.426055827338,20610.3671875,20986.621671398356,14765310.0,2026-06-02,0.0,36.007797022320304,-262.52239134527554,-248.41632377927723,-14.106067565998302,20315.88181152983,21218.6451171875,22121.408422845172,8.509151274003026,0.16310220748041707,-0.018091026255239607,-0.017928366013655883,20861.2037109375,21218.6451171875,1,21070.232421875
21070.232421875,21070.232421875,20610.36728885258,20610.36728885258,16648320.0,2026-06-03,0.0,46.350272206089166,-237.4522181719367,-246.22350265780912,8.771284485872428,20318.390549443753,21183.1099609375,22047.82937243125,8.164234742569201,0.4347316958760573,0.02206704796274581,0.022312326131380233,20911.370703125,21183.1099609375,0,20903.009765625
20903.009765625,21070.23294230772,20819.397238281268,20944.816029296868,9841700.0,2026-06-04,0.0,43.59130511156887,-228.44403549285926,-242.66760922481916,14.223573731959902,20319.064696252728,21137.12333984375,21955.181983434773,7.740491744673425,0.35690905165975323,-0.007968102166534801,-0.00793644098944013,20928.0931640625,21137.12333984375,0,20903.009765625
20903.009765625,21028.426678635857,20903.009765625,20944.816029296868,9595025.0,2026-06-05,0.0,43.59130511156887,-218.78299167884688,-237.89068571562473,19.107694036777843,20340.96418016401,21089.04638671875,21837.12859327349,7.094509565172751,0.37565763530820123,0.0,0.0,20957.357421875,21089.04638671875,-1,20568.5625
20568.5625,20819.398215803816,20526.756234365224,20819.398215803816,13903270.0,2026-06-08,0.0,38.30286714406789,-235.4000982940379,-237.39256823130737,1.992469937269476,20314.09227409969,21030.51806640625,21746.94385871281,6.813201558272258,0.17759705794582945,-0.016129338629579167,-0.015999957392499486,20940.63515625,21030.51806640625,0,20610.3671875
20610.3671875,20777.59035923,20526.754662632655,20610.3671875,11223425.0,2026-06-09,0.0,39.29424546847812,-242.4017298495928,-238.39440055496448,-4.0073292946283345,20302.468846658707,20978.260546875,21654.052247091295,6.442781075259001,0.22780565427390367,0.002030392833368161,0.0020324554766528724,20869.5650390625,20978.260546875,0,20652.173828125
20652.173828125,20777.590739718013,20610.367564925753,20610.367564925753,10782285.0,2026-06-10,0.0,40.326906906611924,-241.78992307147564,-239.07350505826673,-2.7164180132089086,20303.001924380154,20932.27392578125,21561.545927182346,6.012457161914477,0.2774411565804632,0.002026373262599751,0.002028427744380723,20811.0365234375,20932.27392578125,0,20693.978515625
20693.978515625,20693.978515625,20526.755338389885,20610.36786600982,5232155.0,2026-06-11,0.0,41.400370602250916,-235.22029969179493,-238.3028639849724,3.0825642931774553,20337.40307210671,20886.28720703125,21435.171341955793,5.2559282507593075,0.32481850069077933,0.002022180995132742,0.0020242269820074377,20790.1333984375,20886.28720703125,0,20777.591796875
20777.591796875,21070.233776154524,20777.591796875,20903.010592854007,23486680.0,2026-06-12,0.0,43.5862623720145,-220.72258030951343,-234.7868072498806,14.064226940367178,20370.1593457529,20852.8423828125,21335.5254198721,4.629422005869481,0.4220496887606496,0.004032323536984964,0.004040464291913182,20777.5916015625,20852.8423828125,1,21070.232421875
21070.232421875,21195.65120979277,20944.815511961933,20944.815511961933,18012450.0,2026-06-15,0.0,50.54019133120499,-183.50405993525783,-224.53025778695607,41.02619785169824,20397.451966598954,20840.3005859375,21283.149205276048,4.249925451050066,0.7596054564660638,0.013986170168028483,0.014084434224182596,20785.9525390625,20840.3005859375,0,20986.623046875
20986.623046875,21153.84622956491,20986.623046875,21112.039964391228,13397845.0,2026-06-16,0.0,48.69338896782408,-158.92272989918274,-211.40875220940143,52.48602231021869,20397.07728763687,20842.39091796875,21287.704548300633,4.273153037811668,0.6619444354294256,-0.0039760217075063345,-0.003968127798780086,20823.578125,20842.39091796875,0,21070.232421875
21070.232421875,21153.844947153513,20986.62177460119,21028.426159235743,13358860.0,2026-06-17,0.0,50.63596865309276,-131.1830741170852,-195.3636165909382,64.180542473853,20430.66994079974,20867.4744140625,21304.27888732526,4.186462286671355,0.7320924123074741,0.003976021707506342,0.003983936568225044,20823.578125,20867.4744140625,0,21112.0390625
21112.0390625,21153.845325887745,21028.426535724506,21070.23279911225,8011705.0,2026-06-18,0.0,51.62230639349041,-104.6197590913107,-177.2148450910127,72.59508599970201,20441.035516655866,20886.287109375,21331.538702094134,4.263578206959332,0.7535105509071192,0.001982190756557765,0.001984156595330022,20844.4810546875,20886.287109375,0,20903.009765625
20903.009765625,21112.03920597959,20903.009765625,21112.03920597959,8166150.0,2026-06-19,0.0,46.60788321306785,-99.29049881794344,-161.62997583639884,62.3394770184554,20475.03353112551,20900.91923828125,21326.80494543699,4.075282070615392,0.5024543290707156,-0.009950292923092572,-0.00990095254447898,20844.4810546875,20900.91923828125,0,20735.78515625
20735.78515625,20986.62274366808,20735.78515625,20944.816479098397,8887430.0,2026-06-22,0.0,43.008595587241544,-107.32349167279608,-150.7686790036783,43.44518733088222,20475.03353112551,20900.91923828125,21326.80494543699,4.075282070615392,0.3061286405523068,-0.0080321973172246,-0.008000025415000334,20861.2033203125,20900.91923828125,0,20735.78515625
20735.78515625,21153.84592394201,20693.97889168032,20861.20394995904,21351935.0,2026-06-23,0.0,43.00859558724155,-112.39408730924333,-143.09376066479132,30.699673355547986,20489.09729339938,20871.655078125,21254.21286285062,3.6658116789843755,0.32241908634476,0.0,0.0,20873.7451171875,20871.655078125,0,20735.78515625
20735.78515625,20861.20394995904,20610.368240545748,20777.59142081968,14501040.0,2026-06-24,0.0,43.00859558724155,-115.08593189837848,-137.49219491150876,22.406263013130285,20501.004275418574,20846.57138671875,21192.13849801893,3.315337614897539,0.3397037408277594,0.0,0.0,20882.10625,20846.57138671875,0,20652.173828125
20652.173828125,20819.397002917256,20652.173828125,20735.784476518766,8718840.0,2026-06-25,0.0,41.029910303232455,-122.55325589244603,-134.5044071076962,11.951151215250178,20479.009005783657,20834.02958984375,21189.050173903845,3.4080837077543613,0.24387997501580322,-0.004040375216386702,-0.004032223882286856,20877.92578125,20834.02958984375,0,20693.978515625
20693.978515625,20735.78477943497,20610.36786600982,20652.174129819785,7941900.0,2026-06-26,0.0,42.455420813608356,-123.672258242299,-132.33797733461677,8.665719092317772,20464.820080116035,20823.57802734375,21182.335974571462,3.4456897537649245,0.3193775040800866,0.002022180995132742,0.0020242269820074377,20869.564453125,20823.57802734375,1,20986.623046875
20986.623046875,21112.039964391228,20735.785455832913,20777.591721006596,18183225.0,2026-06-29,0.0,51.325720307466824,-99.79473612902802,-125.82932909349903,26.034592964471003,20464.820080116035,20823.57802734375,21182.335974571462,3.4456897537649245,0.7272354114956541,0.0140424719975069,0.014141530640376265,20861.203515625,20823.57802734375,0,21070.232421875
21070.232421875,21112.038684514257,20944.815511961933,20986.62177460119,15561570.0,2026-06-30,0.0,53.52970484594366,-73.28032010149036,-115.3195272950973,42.03920719360694,20486.406053957755,20846.5712890625,21206.736524167245,3.455390626214986,0.8104979479036251,0.003976021707506342,0.003983936568225044,20869.564453125,20846.5712890625,0,21070.232421875
21070.232421875,21112.038684514257,20944.815511961933,20986.62177460119,15561570.0,2026-07-01,0.0,53.52970484594366,-51.67181386793163,-102.58998460966419,50.91817074173255,20486.406053957755,20846.5712890625,21206.736524167245,3.455390626214986,0.8104979479036251,0.0,0.0,20869.564453125,20846.5712890625,1,21446.48828125
21446.48828125,21655.517729829713,21404.682015933093,21571.907077200718,11489535.0,2026-07-02,0.0,62.41250770818234,-4.1385075083853735,-82.89968918940842,78.76118168102305,20424.626338357564,20873.74521484375,21322.86409132994,4.303194006285077,1.1376296971608846,0.017699656785381247,0.017857223966090352,20903.009375,20873.74521484375,0,21404.681640625
21404.681640625,21571.906698960516,21237.458460294274,21571.906698960516,15584800.0,2026-07-03,0.0,61.01687469233945,29.81484674064268,-60.356782003398195,90.17162874404087,20390.671098810526,20898.82880859375,21406.986518376973,4.8630257172523,0.9977321236029698,-0.0019512491241512094,-0.0019493466751641098,20953.1765625,20898.82880859375,-1,21153.845703125
21153.845703125,21571.906466453034,21112.03943899172,21488.293938186474,14815220.0,2026-07-06,0.0,53.31373332628744,36.06700281335361,-41.07202504004784,77.13902785340144,20432.768474138793,20928.09296875,21423.417463361206,4.733584616150443,0.7278836770955576,-0.011787947456809477,-0.011718741801976962,20994.9826171875,20928.09296875,1,21530.099609375
21530.099609375,21530.099609375,21153.8451205424,21237.457646506246,14224120.0,2026-07-07,0.0,61.22196902268913,70.56895233968316,-18.743829564101645,89.31278190378481,20434.184449349937,20974.07958984375,21513.974730337563,5.148212947139241,1.0149333433735752,0.017630219005903974,0.017786548674429303,21074.4140625,20974.07958984375,0,21739.12890625
21739.12890625,21864.547694387904,21488.2932079789,21530.099470691533,23234600.0,2026-07-08,0.0,64.79028864754176,113.4708914362127,7.699114635961223,105.77177680025147,20411.61624190188,21028.42734375,21645.238445598123,5.86645013214883,1.0761095742039644,0.00966187427641953,0.009708700873078291,21174.7484375,21028.42734375,-1,21391.3046875
21391.3046875,21739.130859375,21391.3046875,21695.65234375,12899435.0,2026-07-09,0.0,55.618852229579474,118.04374488578833,29.768040685926646,88.27570419986168,20447.24914755219,21063.29365234375,21679.33815713531,5.849460345182166,0.7662234892162815,-0.0161292957383162,-0.015999915187493996,21248.6615234375,21063.29365234375,0,21434.783203125
21434.783203125,21739.130859375,21347.826171875,21391.3046875,12083740.0,2026-07-10,0.0,56.44875571046029,123.74960857977567,48.564354264696455,75.18525431507922,20474.193609760758,21096.15322265625,21718.11283555174,5.896426768720435,0.7722282712958504,0.0020304694033145554,0.0020325322022272108,21322.7419921875,21096.15322265625,0,21260.869140625
21260.869140625,21434.783203125,20869.564453125,21391.3046875,18590210.0,2026-07-13,0.0,52.24068889807597,112.93627619096878,61.43873864995092,51.49753754101786,20479.56876064607,21105.68505859375,21731.80135654143,5.933153045821076,0.6239259244168547,-0.008146732270419095,-0.008113637579252209,21350.1666015625,21105.68505859375,0,21347.826171875
21347.826171875,21347.826171875,20869.564453125,20869.564453125,14109005.0,2026-07-14,0.0,54.08378924809972,110.11401226878297,71.17379337371733,38.94021889506564,20491.283714559988,21123.74521484375,21756.206715127515,5.988156871342398,0.6771498794240528,0.004081662268103235,0.004090003596505909,21377.9259765625,21123.74521484375,-1,20826.087890625
20826.087890625,21260.869140625,20826.087890625,21086.95703125,14633865.0,2026-07-15,0.0,43.28925871530325,65.02782850047879,69.94460039906963,-4.916771898590838,20465.449873806145,21111.53798828125,21757.626102756352,6.120711004889736,0.27909352357599515,-0.024743489508900256,-0.02443987865787345,21353.5115234375,21111.53798828125,0,21000.0
21000.0,21086.95703125,20434.783203125,20826.087890625,16832550.0,2026-07-16,0.0,47.08076685241515,42.836168136414926,64.5229139465387,-21.686745810123767,20457.926186369554,21105.93603515625,21753.945883942946,6.140545936529926,0.41826047447072007,0.008316011389101041,0.008350685461828267,21308.8626953125,21105.93603515625,-1,20652.173828125
20652.173828125,20956.521484375,20652.173828125,20913.04296875,11959540.0,2026-07-17,0.0,41.154501046086374,-2.785438943825284,51.061243368465895,-53.84668231229118,20419.649047359468,21093.39423828125,21767.13942920303,6.388210292860674,0.1725613658536134,-0.016701853729773536,-0.016563151041666613,21233.6119140625,21093.39423828125,-1,19826.087890625
19826.087890625,20608.6953125,19826.087890625,20521.73828125,23771535.0,2026-07-20,0.0,31.131717784252018,-104.39571370533668,19.969851953705383,-124.36556565904206,20178.18668073318,21047.909375,21917.63206926682,8.264219298662011,-0.2024201463461866,-0.04082194329355663,-0.03999995082236818,21100.8361328125,21047.909375,0,19739.130859375
19739.130859375,20043.478515625,19652.173828125,19739.130859375,12984880.0,2026-07-21,0.0,30.295324071798092,-189.75195182383686,-21.974508801803065,-167.7774430220338,19955.933411184724,20998.07666015625,22040.219909127776,9.926082905954791,-0.1040176348230834,-0.0043956370777075,-0.004385990404648599,20921.7392578125,20998.07666015625,-1,19434.783203125
19434.783203125,20173.912109375,19434.783203125,19826.087890625,24327100.0,2026-07-22,0.0,27.509577902383,-278.74252746569255,-73.32811253458097,-205.4144149311116,19680.722881933314,20933.0265625,22185.330243066684,11.964860187108314,-0.0981949037700755,-0.015538594352116476,-0.01541849326691358,20691.3046875,20933.0265625,-1,19173.912109375
19173.912109375,19739.130859375,18782.609375,19391.3046875,24129760.0,2026-07-23,0.0,25.35724846131872,-366.09816511995814,-131.8821230516564,-234.21604206830173,19382.588471513176,20859.1134765625,22335.638481611822,14.157121362884006,-0.0706646895327063,-0.013513798469977259,-0.013422897030724412,20469.5654296875,20859.1134765625,0,19043.478515625
19043.478515625,19217.390625,18869.564453125,19173.912109375,11885710.0,2026-07-24,0.0,24.332177388456245,-440.77209195598334,-193.6601168325218,-247.11197512346155,19091.442712222288,20776.5884765625,22461.734240902715,16.221582924850058,-0.014231468165030597,-0.006825902975426609,-0.00680265941587499,20230.4349609375,20776.5884765625,-1,18826.087890625
18826.087890625,19304.34765625,18826.087890625,19086.95703125,15841480.0,2026-07-27,0.0,22.68610890827391,-511.5959637852793,-257.24728622307333,-254.34867756220598,18775.88360612495,20668.56171875,22561.23983137505,18.314560426408963,0.013262763532046062,-0.011481146134031705,-0.011415489287927794,19986.9568359375,20668.56171875,1,19260.869140625
19260.869140625,19260.869140625,18565.216796875,18695.65234375,19946750.0,2026-07-28,0.0,32.51864202082983,-526.5711942636699,-311.1120678311927,-215.4591264324772,18595.42316792281,20578.0935546875,22560.76394145219,19.269718854136087,0.16781558274748337,0.022831970380852315,0.02309461490491138,19778.2611328125,20578.0935546875,0,19217.390625
19217.390625,19304.34765625,19086.95703125,19304.34765625,10151855.0,2026-07-29,0.0,32.07928142631722,-535.7714849816257,-356.0439512612793,-179.7275337203464,18427.868595287637,20485.45146484375,22543.034334399865,20.08823552741563,0.19185667838561668,-0.0022599012738164547,-0.0022573496194570053,19617.39140625,20485.45146484375,1,19565.216796875
19565.216796875,19652.173828125,19173.912109375,19173.912109375,12882415.0,2026-07-30,0.0,39.16106334409212,-509.12721488194074,-386.6606039854116,-122.46661089652912,18346.826145232655,20391.387890625,22435.949636017343,20.053188692784737,0.2979588790576095,0.01793770565540177,0.018099552569978528,19473.9130859375,20391.387890625,0,19565.216796875
19565.216796875,20130.435546875,19565.216796875,19869.564453125,13857730.0,2026-07-31,0.0,39.16106334409212,-482.4500549476397,-405.81849417785725,-76.63156076978248,18281.457454289335,20299.4146484375,22317.371842585668,19.881924962831317,0.31808388857514247,0.0,0.0,19365.2173828125,20299.4146484375,1,20869.564453125
20869.564453125,20913.04296875,19782.609375,19782.609375,26145365.0,2026-08-03,0.0,58.14204758236521,-352.00061455811374,-395.05491825390857,43.05430369579483,18288.693322116167,20285.2005859375,22281.70784975883,19.684372903912905,0.6463465417273324,0.06453851489842173,0.06666666001157395,19469.5650390625,20285.2005859375,1,21217.390625
21217.390625,21260.869140625,20869.564453125,20956.521484375,19535050.0,2026-08-04,0.0,61.58398525185127,-218.03841690041372,-359.65161798320963,141.6132010827959,18309.54304748983,20269.56513671875,22229.587225947667,19.339557370950168,0.7417894914271425,0.01652930655386187,0.01666667134602884,19617.391015625,20269.56513671875,0,21130.435546875
21130.435546875,21304.34765625,20913.04296875,21304.34765625,16145655.0,2026-08-05,0.0,60.250154991813496,-117.53409827942232,-311.22811404245215,193.69401576302982,18357.86739283327,20239.13046875,22120.393544666735,18.59035474692429,0.736890068575515,-0.0041067137652294385,-0.004098292747768073,19786.95625,20239.13046875,-1,20782.609375
20782.609375,21173.912109375,20695.65234375,21130.435546875,10961110.0,2026-08-06,0.0,55.108495396593895,-65.19879571135607,-262.02225037623293,196.82345466487686,18387.16918853981,20208.695703125,22030.222217710187,18.027155649669304,0.6575364583714823,-0.016597894889734593,-0.016460908773195615,19947.8259765625,20208.695703125,1,21000.0
21000.0,21173.912109375,20739.130859375,20782.609375,10893490.0,2026-08-07,0.0,57.54696387002958,-6.110645030261367,-210.83992930703863,204.72928427677726,18417.40562659651,20186.95654296875,21956.50745934099,17.531626549110378,0.7297315803430148,0.010405888472832706,0.010460218015813982,20143.478125,20186.95654296875,0,21086.95703125
21086.95703125,21260.869140625,20826.087890625,21000.0,32717730.0,2026-08-10,0.0,58.51761961542726,47.18987033276062,-159.2339693790788,206.4238397118394,18429.34097260298,20178.2609375,21927.18090239702,17.334694702522807,0.7597877867451488,0.004132261447281366,0.004140811011904777,20369.5650390625,20178.2609375,-1,20350.0
20350.0,20550.0,20350.0,20500.0,18715600.0,2026-08-11,0.0,48.414527402686495,29.623161980907753,-121.46254310708149,151.08570508798925,18465.09742142588,20128.36962890625,21791.64183638662,16.526646103435567,0.5666248044357963,-0.035573787282100394,-0.03494847692618053,20478.478125,20128.36962890625,0,20450.0
20450.0,20500.0,20350.0,20400.0,8937200.0,2026-08-12,0.0,49.68397992733082,23.49969347754086,-92.47009579015703,115.96978926769789,18471.18883718434,20109.565234375,21747.94163156566,16.29449844484994,0.6038939422616031,0.004901970600206688,0.004914004914004844,20601.7390625,20109.565234375,-1,20150.0
20150.0,20550.0,20150.0,20500.0,11662400.0,2026-08-13,0.0,46.024775545842544,-5.497322512019309,-75.07554113452949,69.57821862251018,18482.737205602854,20067.065234375,21651.393263147147,15.790331174667067,0.5261734830536557,-0.01477859409611872,-0.014669926650366705,20660.2173828125,20067.065234375,0,20000.0
20000.0,20250.0,20000.0,20150.0,11904400.0,2026-08-14,0.0,44.269172283370565,-40.11894674871655,-68.0842222573669,27.96527550865035,18474.17102036962,20034.45654296875,21594.74206556788,15.576020435121055,0.4889582571684213,-0.007472014838700954,-0.007444168734491274,20703.695703125,20034.45654296875,0,19900.0
19900.0,20200.0,19900.0,20000.0,7655700.0,2026-08-17,0.0,43.08913454747312,-74.76416292563226,-69.42021039101998,-5.343952534612285,18479.595478152554,20038.1521484375,21596.708818722447,15.555892167496859,0.45567945937691096,-0.005012541823544286,-0.0050000000000000044,20606.7392578125,20038.1521484375,0,19950.0
19950.0,20050.0,19850.0,19900.0,7081200.0,2026-08-18,0.0,43.89442984224359,-97.06723357221199,-74.94961502725839,-22.1176185449536,18495.813495254315,20048.69560546875,21601.577715683186,15.491103668518472,0.46822179712820505,0.002509411605425707,0.002512562814070307,20480.0001953125,20048.69560546875,0,19950.0
19950.0,20000.0,19850.0,19950.0,5046400.0,2026-08-19,0.0,43.89442984224358,-113.43497002098957,-82.64668602600463,-30.788283994984937,18547.579102397267,20074.4564453125,21601.33378822773,15.21214133069856,0.45924477958560944,0.0,0.0,20361.956640625,20074.4564453125,1,20300.0
20300.0,20350.0,20000.0,20000.0,10904100.0,2026-08-20,0.0,49.675483368170156,-97.04576102762803,-85.52650102632933,-11.519260001298704,18661.75332715015,20130.76083984375,21599.768352537354,14.59465466189508,0.5576032316696353,0.01739174271186924,0.01754385964912286,20313.695703125,20130.76083984375,1,20850.0
20850.0,20850.0,20100.0,20300.0,15698000.0,2026-08-21,0.0,57.14777356449022,-39.22463419775522,-76.26612766061452,37.04149346285929,18812.66370337379,20221.0869140625,21629.51012475121,13.930242391760258,0.7232685038007736,0.02673306219706872,0.027093596059113212,20298.695703125,20221.0869140625,0,20750.0
20750.0,21200.0,20750.0,21050.0,11070400.0,2026-08-24,0.0,55.53323260822924,-1.4533851521555334,-61.30357915892272,59.85019400676719,19054.785361324048,20317.28251953125,21579.779677738454,12.427815156810947,0.6713736453408043,-0.00480770156810312,-0.004796163069544335,20265.0,20317.28251953125,0,20650.0
20650.0,20950.0,20650.0,20750.0,10212100.0,2026-08-25,0.0,53.89350809778076,20.17882860325335,-45.007097606487505,65.18592620974086,19219.716032804372,20386.7390625,21553.76209219563,11.448844527002233,0.6127916634038749,-0.00483092726966558,-0.004819277108433773,20295.0,20386.7390625,1,21050.0
21050.0,21200.0,20500.0,20650.0,18747100.0,2026-08-26,0.0,59.09618040860543,68.80601797170311,-22.244474490849385,91.0504924625525,19414.726880722304,20478.36953125,21542.012181777693,10.3879622731153,0.7687135893179934,0.019185240721348643,0.01937046004842613,20355.0,20478.36953125,0,21050.0
21050.0,21200.0,20850.0,21050.0,7612900.0,2026-08-27,0.0,59.09618040860543,106.12012909545228,3.428446226410948,102.69168286904133,19551.921670921132,20552.60869140625,21553.29571189137,9.737810275184579,0.7485249125908624,0.0,0.0,20445.0,20552.60869140625,0,21050.0
21050.0,21050.0,20850.0,21050.0,8679400.0,2026-08-28,0.0,59.09618040860543,134.14548534231653,29.57185404959207,104.57363129272446,19718.552138174025,20626.8478515625,21535.143564950973,8.806926971342058,0.7329374355730999,0.0,0.0,20550.0,20626.8478515625,0,21050.0
21050.0,21050.0,21050.0,21050.0,0.0,2026-08-31,0.0,59.09618040860542,154.57394980533354,54.57227320074037,100.00167660459317,19713.941011760442,20635.86962890625,21557.798246052058,8.935204900251858,0.7246000196717254,0.0,0.0,20665.0,20635.86962890625,0,21050.0
21050.0,21050.0,21050.0,21050.0,0.0,2026-09-01,0.0,59.09618040860543,168.81763051219605,77.4213446630315,91.39628584916454,19724.9644770055,20627.50009765625,21530.035718307005,8.750799819443962,0.7340627298671683,0.0,0.0,20775.0,20627.50009765625,0,21050.0
21050.0,21050.0,21050.0,21050.0,0.0,2026-09-02,0.0,59.09618040860543,178.0533617724177,97.54774808490875,80.50561368750895,19729.704687883434,20623.4783203125,21517.251952741568,8.667535306580856,0.7386072178747953,0.0,0.0,20885.0,20623.4783203125,-1,20600.0
20600.0,21000.0,20600.0,21000.0,11654500.0,2026-09-03,0.0,49.32790891626755,147.36279952019686,107.51075837196638,39.852041148230484,19723.693457796733,20614.3478515625,21505.002245328265,8.64111152270342,0.49194533162193516,-0.02160948433285499,-0.02137767220902609,20915.0,20614.3478515625,0,20550.0
20550.0,20850.0,20550.0,20600.0,8857700.0,2026-09-04,0.0,48.37118374720915,117.64953508304097,109.53851371418129,8.111021368859682,19719.66993637196,20591.8478515625,21464.02576675304,8.471099062868793,0.4760095670655929,-0.002430134853291782,-0.0024271844660194164,20885.0,20591.8478515625,-1,20200.0
20200.0,20650.0,20100.0,20550.0,14138400.0,2026-09-07,0.0,42.20097692069002,65.1089485857483,100.6526006884947,-35.54365210274641,19691.268968708828,20547.5,21403.731031291172,8.334162611423992,0.2970757965429145,-0.017178336535084517,-0.01703163017031628,20830.0,20547.5,0,20150.0
20150.0,20250.0,20100.0,20200.0,7453700.0,2026-09-08,0.0,41.388741598966256,19.214085106836137,84.36489757216299,-65.15081246532685,19667.004073591772,20537.5,21407.995926408228,8.477136227955965,0.2774257246677351,-0.00247831601446709,-0.0024752475247524774,20780.0,20537.5,0,20150.0
20150.0,20150.0,20150.0,20150.0,0.0,2026-09-09,0.0,41.388741598966256,-16.962392947658373,64.09943946819871,-81.06183241585708,19635.47362526683,20522.5,21409.52637473317,8.644428064155635,0.29002879135806237,0.0,0.0,20690.0,20522.5,0,20100.0
20100.0,20250.0,20050.0,20200.0,6900700.0,2026-09-10,0.0,40.48504355009947,-49.10108780007067,41.45933401454484,-90.56042181461551,19628.283736418678,20520.0,21411.716263581322,8.691191652839397,0.2644990805072957,-0.002484473327661945,-0.002481389578163795,20595.0,20520.0,-1,19750.0
19750.0,20050.0,19750.0,20000.0,18351700.0,2026-09-11,0.0,34.7631138626121,-101.64164829355286,12.839137552925301,-114.48078584647817,19578.84789245881,20507.5,21436.15210754119,9.05670713193896,0.092150820609428,-0.01756632371789917,-0.01741293532338306,20465.0,20507.5,0,19700.0
19700.0,19950.0,19600.0,19750.0,16345400.0,2026-09-14,0.0,34.02331914113819,-145.63619969678257,-18.855929897016274,-126.7802697997663,19537.524671370382,20497.5,21457.475328629618,9.366755249465722,0.08462474179495559,-0.0025348556031880663,-0.0025316455696202667,20330.0,20497.5,0,19700.0
